{
  "code": 200,
  "result": [
    -0.4292942219442268,
    1.80312123,
    0,
    -0.0040689,
    1.7990523299999999,
    0,
    103700.44068700209,
    "BTC-SWAP",
    0.42,
    -44518,
    0.77150903,
    57399.7,
    -0.0040689,
    -259252,
    155550,
    1.80312122
  ],
  "time": 1616397232211
}