{
  "code": 200,
  "result": [
    -0.4286766824617127,
    1.80312123,
    0,
    -0.00515572,
    1.7979655099999998,
    0,
    103849.82860357965,
    "BTC-SWAP",
    0.42,
    -44518,
    0.77042221,
    57399.7,
    -0.00515572,
    -259625,
    155774,
    1.80312122
  ],
  "time": 1616398325067
}