{
  "code": 200,
  "result": [
    -0.1452176354059504,
    1.30079994,
    0,
    -0.00120256,
    1.29959738,
    null,
    75059.75406863955,
    "BTCUSD_PERP",
    "2",
    -10900,
    null,
    "57421.99999999",
    "-0.00120256",
    -187650,
    112589
  ],
  "time": 1616398322652
}