{
  "code": 200,
  "result": [
    -0.14554456901061172,
    1.30079994,
    0,
    -0.00088372,
    1.29991622,
    null,
    74891.14897310443,
    "BTCUSD_PERP",
    "2",
    -10900,
    null,
    "57421.99999999",
    "-0.00088372",
    -187228,
    112336
  ],
  "time": 1616397230010
}