{
  "code": 200,
  "result": [
    -0.14424926924956488,
    2.14139496,
    0,
    -0.00192825,
    2.14139496,
    2.13830397,
    123674.8032957804,
    "BTC-PERPETUAL",
    null,
    -17840,
    -0.308622487,
    57446.33,
    -0.00192825,
    -309188,
    185512
  ],
  "time": 1616398323646
}