{
  "code": 200,
  "result": [
    -0.14456801277342116,
    2.14194102,
    0,
    -0.00137558,
    2.14194102,
    2.13884449,
    123402.12511574264,
    "BTC-PERPETUAL",
    null,
    -17840,
    -0.309175154,
    57446.33,
    -0.001375583,
    -308506,
    185103
  ],
  "time": 1616397230842
}