{
  "code": 200,
  "result": [
    0.8561375930755288,
    0,
    137081.22496806,
    null,
    null,
    0,
    137081.22496806,
    "BTC-PERP",
    null,
    2.03,
    117362.42,
    46698.24289725408,
    86836.5673,
    -4,
    5,
    57813
  ],
  "time": 1616398320325
}