{
  "code": 200,
  "result": [
    0.8558838196633145,
    0,
    136891.80389704,
    null,
    null,
    0,
    136891.80389704,
    "BTC-PERP",
    null,
    2.03,
    117165.51,
    46698.24289725408,
    86639.6573,
    -4,
    5,
    57716
  ],
  "time": 1616397228715
}