{
  "code": 200,
  "result": [
    -0.1443265623192243,
    1.1599289151,
    0,
    -0.001170967302119613,
    1.1587812158762028,
    1.1554381916142709,
    66924.61765032576,
    "pi_xbtusd",
    null,
    -9659,
    null,
    57384,
    -0.001170967302119613,
    -167312,
    100386
  ],
  "time": 1616398324574
}