{
  "code": 200,
  "result": [
    -0.14464798062436485,
    1.1599289151,
    0,
    -0.0008935421106184794,
    1.159056642726114,
    1.155708069960352,
    66775.90629545931,
    "pi_xbtusd",
    null,
    -9659,
    null,
    57384,
    -0.0008935421106184794,
    -166940,
    100163
  ],
  "time": 1616397231748
}