{
  "code": 200,
  "result": [
    -0.14718313136649772,
    1.3008778,
    0,
    0.00181485,
    1.30269265,
    null,
    74057.3997767321,
    "BTCUSD_PERP",
    "2",
    -10900,
    null,
    "57421.99999999",
    "0.00181485",
    -185144,
    111086
  ],
  "time": 1616420948241
}