{
  "code": 200,
  "result": [
    -0.1524718818069661,
    1.30089786,
    0,
    0.00999103,
    1.31088889,
    null,
    71488.59101640603,
    "BTCUSD_PERP",
    "2",
    -10900,
    null,
    "57421.99999999",
    "0.00999103",
    -178722,
    107232
  ],
  "time": 1616450347602
}