{
  "code": 200,
  "result": [
    -0.1524822738196832,
    1.30089786,
    0,
    0.01003947,
    1.31093733,
    null,
    71483.7189068266,
    "BTCUSD_PERP",
    "2",
    -10900,
    null,
    "57421.99999999",
    "0.01003879",
    -178710,
    107225
  ],
  "time": 1616455868830
}