{
  "code": 200,
  "result": [
    -0.1495825907457881,
    1.30089786,
    0,
    0.00567966,
    1.30657752,
    null,
    72869.44253107822,
    "BTCUSD_PERP",
    "2",
    -10900,
    null,
    "57421.99999999",
    "0.00567966",
    -182174,
    109304
  ],
  "time": 1616441227497
}