{
  "code": 200,
  "result": [
    -0.14811817304314404,
    1.30089786,
    0,
    0.00327775,
    1.30417561,
    null,
    73589.88958650628,
    "BTCUSD_PERP",
    "2",
    -10900,
    null,
    "57421.99999999",
    "0.00327775",
    -183975,
    110384
  ],
  "time": 1616431329349
}