{
  "code": 200,
  "result": [
    -0.14527367152252627,
    1.3008778,
    0,
    -0.00105361,
    1.29982419,
    null,
    75030.80142302204,
    "BTCUSD_PERP",
    "2",
    -10900,
    null,
    "57421.99999999",
    "-0.00105361",
    -187578,
    112546
  ],
  "time": 1616413869378
}