{
  "code": 200,
  "result": [
    -0.146402181258426,
    1.3008778,
    0,
    0.00075463,
    1.30163243,
    null,
    74452.44262282918,
    "BTCUSD_PERP",
    "2",
    -10900,
    null,
    "57421.99999999",
    "0.00075463",
    -186132,
    111678
  ],
  "time": 1616427670554
}