{
  "code": 200,
  "result": [
    -0.14820888121525994,
    1.30089786,
    0,
    0.00346514,
    1.304363,
    null,
    73544.85042072978,
    "BTCUSD_PERP",
    "2",
    -10900,
    null,
    "57421.99999999",
    "0.00346514",
    -183863,
    110317
  ],
  "time": 1616431388416
}