{
  "code": 200,
  "result": [
    -0.19998050533166,
    1.30089289,
    0,
    0.00940107,
    1.31029396,
    null,
    71506.97002332301,
    "BTCUSD_PERP",
    "2",
    -14300,
    null,
    "56604.63779568",
    "0.00940107",
    -178768,
    107260
  ],
  "time": 1616459468591
}