{
  "code": 200,
  "result": [
    -0.14436402352729175,
    1.3008778,
    0,
    -0.00260182,
    1.29827598,
    null,
    75503.57584720112,
    "BTCUSD_PERP",
    "2",
    -10900,
    null,
    "57421.99999999",
    "-0.00260182",
    -188759,
    113255
  ],
  "time": 1616409069580
}