{
  "code": 200,
  "result": [
    -0.1466390318275739,
    1.30089786,
    0,
    0.00094136,
    1.30183922,
    null,
    74332.18744117739,
    "BTCUSD_PERP",
    "2",
    -10900,
    null,
    "57421.99999999",
    "0.00094141",
    -185831,
    111498
  ],
  "time": 1616434508647
}