{
  "code": 200,
  "result": [
    -0.14551835480113867,
    1.3008778,
    0,
    -0.00086596,
    1.30001184,
    null,
    74904.64013900951,
    "BTCUSD_PERP",
    "2",
    -10900,
    null,
    "57421.99999999",
    "-0.00087616",
    -187262,
    112356
  ],
  "time": 1616400969976
}