{
  "code": 200,
  "result": [
    -0.1473688626411934,
    1.30089786,
    0,
    0.00217773,
    1.30307559,
    null,
    73964.06408142536,
    "BTCUSD_PERP",
    "2",
    -10900,
    null,
    "57421.99999999",
    "0.00217773",
    -184911,
    110946
  ],
  "time": 1616430609824
}