{
  "code": 200,
  "result": [
    -0.14713163573836135,
    1.30089786,
    0,
    0.00183641,
    1.30273427,
    null,
    74083.31964298323,
    "BTCUSD_PERP",
    "2",
    -10900,
    null,
    "57421.99999999",
    "0.00183641",
    -185209,
    111124
  ],
  "time": 1616430369417
}