{
  "code": 200,
  "result": [
    -0.14456609000271609,
    1.3008778,
    0,
    -0.0022797,
    1.2985981,
    null,
    75398.04112980583,
    "BTCUSD_PERP",
    "2",
    -10900,
    null,
    "57421.99999999",
    "-0.00227737",
    -188496,
    113097
  ],
  "time": 1616408889180
}