{
  "code": 200,
  "result": [
    -0.14467478863507788,
    1.3008778,
    0,
    -0.00214116,
    1.29873664,
    null,
    75341.39225524456,
    "BTCUSD_PERP",
    "2",
    -10900,
    null,
    "57421.99999999",
    "-0.00214116",
    -188354,
    113012
  ],
  "time": 1616409969400
}