{
  "code": 200,
  "result": [
    -0.1491589736137821,
    1.30089786,
    0,
    0.0048769,
    1.30577476,
    null,
    73076.39450659811,
    "BTCUSD_PERP",
    "2",
    -10900,
    null,
    "57421.99999999",
    "0.00487690",
    -182691,
    109614
  ],
  "time": 1616442011904
}