{
  "code": 200,
  "result": [
    -0.14466428115151223,
    1.3008778,
    0,
    -0.00216637,
    1.29871143,
    null,
    75346.86456972768,
    "BTCUSD_PERP",
    "2",
    -10900,
    null,
    "57421.99999999",
    "-0.00218123",
    -188368,
    113020
  ],
  "time": 1616411047991
}