{
  "code": 200,
  "result": [
    -0.1463649224479694,
    1.3008778,
    0,
    0.00043053,
    1.30130833,
    null,
    74471.39531587421,
    "BTCUSD_PERP",
    "2",
    -10900,
    null,
    "57421.99999999",
    "0.00043053",
    -186179,
    111707
  ],
  "time": 1616406309515
}