{
  "code": 200,
  "result": [
    -0.1468655933656516,
    1.3008778,
    0,
    0.00150121,
    1.30237901,
    null,
    74217.51923108529,
    "BTCUSD_PERP",
    "2",
    -10900,
    null,
    "57421.99999999",
    "0.00150121",
    -185544,
    111326
  ],
  "time": 1616425269259
}