{
  "code": 200,
  "result": [
    -0.14662901280905818,
    1.3008778,
    0,
    0.00103305,
    1.30191085,
    null,
    74337.26648759542,
    "BTCUSD_PERP",
    "2",
    -10900,
    null,
    "57421.99999999",
    "0.00103305",
    -185844,
    111505
  ],
  "time": 1616426588263
}