{
  "code": 200,
  "result": [
    -0.14525577967245704,
    1.30079994,
    0,
    -0.00117155,
    1.29962839,
    null,
    75040.04332618529,
    "BTCUSD_PERP",
    "2",
    -10900,
    null,
    "57421.99999999",
    "-0.00117155",
    -187601,
    112560
  ],
  "time": 1616398417177
}