{
  "code": 200,
  "result": [
    -0.14752034111568713,
    1.30089786,
    0,
    0.00235643,
    1.30325429,
    null,
    73888.1154799669,
    "BTCUSD_PERP",
    "2",
    -10900,
    null,
    "57421.99999999",
    "0.00235643",
    -184721,
    110832
  ],
  "time": 1616431869329
}