{
  "code": 200,
  "result": [
    -0.20052635299737753,
    1.30089289,
    0,
    0.01017971,
    1.3110726,
    null,
    71312.3227259163,
    "BTCUSD_PERP",
    "2",
    -14300,
    null,
    "56604.63779568",
    "0.01018916",
    -178281,
    106968
  ],
  "time": 1616474707976
}