{
  "code": 200,
  "result": [
    -0.1463346951401078,
    1.3008778,
    0,
    0.00045031,
    1.30132811,
    null,
    74486.77833758987,
    "BTCUSD_PERP",
    "2",
    -10900,
    null,
    "57421.99999999",
    "0.00045031",
    -186217,
    111730
  ],
  "time": 1616405888481
}