{
  "code": 200,
  "result": [
    -0.14566299205714694,
    1.3008778,
    0,
    -0.00063337,
    1.30024443,
    null,
    74830.2629656521,
    "BTCUSD_PERP",
    "2",
    -10900,
    null,
    "57421.99999999",
    "-0.00062730",
    -187076,
    112245
  ],
  "time": 1616401448835
}