{
  "code": 200,
  "result": [
    -0.20027819830011778,
    1.30089289,
    0,
    0.00996223,
    1.31085512,
    null,
    71400.68225784309,
    "BTCUSD_PERP",
    "2",
    -14300,
    null,
    "56604.63779568",
    "0.00996223",
    -178502,
    107101
  ],
  "time": 1616471287562
}