{
  "code": 200,
  "result": [
    -0.1465148469319603,
    1.30089786,
    0,
    0.00088275,
    1.30178061,
    null,
    74395.19085094378,
    "BTCUSD_PERP",
    "2",
    -10900,
    null,
    "57421.99999999",
    "0.00088275",
    -185988,
    111592
  ],
  "time": 1616435948473
}