{
  "code": 200,
  "result": [
    -0.19999646352389266,
    1.30089289,
    0,
    0.00938665,
    1.31027954,
    null,
    71501.26431256442,
    "BTCUSD_PERP",
    "2",
    -14300,
    null,
    "56604.63779568",
    "0.00937190",
    -178754,
    107251
  ],
  "time": 1616469247682
}