{
  "code": 200,
  "result": [
    -0.20000205143418923,
    1.30089289,
    0,
    0.00943093,
    1.31032382,
    null,
    71499.26661979976,
    "BTCUSD_PERP",
    "2",
    -14300,
    null,
    "56604.63779568",
    "0.00943093",
    -178749,
    107248
  ],
  "time": 1616470087532
}