{
  "code": 200,
  "result": [
    -0.19818579722114324,
    1.30089289,
    0,
    0.00660004,
    1.30749293,
    null,
    72154.51460451283,
    "BTCUSD_PERP",
    "2",
    -14300,
    null,
    "56604.63779568",
    "0.00660004",
    -180387,
    108231
  ],
  "time": 1616464810674
}