{
  "code": 200,
  "result": [
    -0.14633118455131294,
    1.3008778,
    0,
    0.00035853,
    1.30123633,
    null,
    74488.565328177,
    "BTCUSD_PERP",
    "2",
    -10900,
    null,
    "57421.99999999",
    "0.00035853",
    -186222,
    111732
  ],
  "time": 1616405228566
}