{
  "code": 200,
  "result": [
    -0.2004297277795381,
    1.30089289,
    0,
    0.0100711,
    1.31096399,
    null,
    71346.70170150223,
    "BTCUSD_PERP",
    "2",
    -14300,
    null,
    "56604.63779568",
    "0.01007110",
    -178367,
    107020
  ],
  "time": 1616475610682
}