{
  "code": 200,
  "result": [
    -0.14555601790924624,
    1.3008778,
    0,
    -0.00071967,
    1.30015813,
    null,
    74885.25831199998,
    "BTCUSD_PERP",
    "2",
    -10900,
    null,
    "57421.99999999",
    "-0.00071967",
    -187214,
    112327
  ],
  "time": 1616400309188
}