{
  "code": 200,
  "result": [
    -0.14923184385553448,
    1.30089786,
    0,
    0.00545186,
    1.30634972,
    null,
    73040.71114039082,
    "BTCUSD_PERP",
    "2",
    -10900,
    null,
    "57421.99999999",
    "0.00545732",
    -182602,
    109561
  ],
  "time": 1616440688016
}