{
  "code": 200,
  "result": [
    -0.1465491068041039,
    1.3008778,
    0,
    0.00075738,
    1.30163518,
    null,
    74377.79893514002,
    "BTCUSD_PERP",
    "2",
    -10900,
    null,
    "57421.99999999",
    "0.00075753",
    -185945,
    111566
  ],
  "time": 1616416927800
}