{
  "code": 200,
  "result": [
    -0.20101648212476042,
    1.30089289,
    0,
    0.01115273,
    1.31204562,
    null,
    71138.4452103024,
    "BTCUSD_PERP",
    "2",
    -14300,
    null,
    "56604.63779568",
    "0.01115273",
    -177847,
    106707
  ],
  "time": 1616474048294
}