{
  "code": 200,
  "result": [
    -0.15254804467550126,
    1.30089786,
    0,
    0.01012687,
    1.31102473,
    null,
    71452.89881090495,
    "BTCUSD_PERP",
    "2",
    -10900,
    null,
    "57421.99999999",
    "0.00999439",
    -178633,
    107179
  ],
  "time": 1616446147815
}