{
  "code": 200,
  "result": [
    -0.1491110600164771,
    1.30089786,
    0,
    0.00484084,
    1.3057387,
    null,
    73099.87601721514,
    "BTCUSD_PERP",
    "2",
    -10900,
    null,
    "57421.99999999",
    "0.00484084",
    -182750,
    109649
  ],
  "time": 1616442908344
}