{
  "code": 200,
  "result": [
    -0.14731104939521902,
    1.30089786,
    0,
    0.00222644,
    1.3031243,
    null,
    73993.09179283981,
    "BTCUSD_PERP",
    "2",
    -10900,
    null,
    "57421.99999999",
    "0.00222644",
    -184983,
    110989
  ],
  "time": 1616430009577
}