{
  "code": 200,
  "result": [
    -0.14945163052529087,
    1.30089786,
    0,
    0.00538004,
    1.3062779,
    null,
    72933.29595460957,
    "BTCUSD_PERP",
    "2",
    -10900,
    null,
    "57421.99999999",
    "0.00533187",
    -182334,
    109399
  ],
  "time": 1616444587818
}