{
  "code": 200,
  "result": [
    -0.14758720340121298,
    1.30089786,
    0,
    0.00244629,
    1.30334415,
    null,
    73854.64151907913,
    "BTCUSD_PERP",
    "2",
    -10900,
    null,
    "57421.99999999",
    "0.00246237",
    -184637,
    110781
  ],
  "time": 1616432648863
}