{
  "code": 200,
  "result": [
    -0.19989776166556608,
    1.30089289,
    0,
    0.00913388,
    1.31002677,
    null,
    71536.56889827638,
    "BTCUSD_PERP",
    "2",
    -14300,
    null,
    "56604.63779568",
    "0.00916530",
    -178842,
    107304
  ],
  "time": 1616472068935
}