{
  "code": 200,
  "result": [
    -0.1471423026116692,
    1.3008778,
    0,
    0.00175869,
    1.30263649,
    null,
    74077.94907740944,
    "BTCUSD_PERP",
    "2",
    -10900,
    null,
    "57421.99999999",
    "0.00175869",
    -185195,
    111116
  ],
  "time": 1616423469138
}