{
  "code": 200,
  "result": [
    -0.1520023008520327,
    1.30089786,
    0,
    0.00922254,
    1.3101204,
    null,
    71709.44083675847,
    "BTCUSD_PERP",
    "2",
    -10900,
    null,
    "57421.99999999",
    "0.00921371",
    -179274,
    107564
  ],
  "time": 1616448908753
}