{
  "code": 200,
  "result": [
    -0.15158853995398985,
    1.30089786,
    0,
    0.00864475,
    1.30954261,
    null,
    71905.17174522801,
    "BTCUSD_PERP",
    "2",
    -10900,
    null,
    "57421.99999999",
    "0.00864475",
    -179763,
    107857
  ],
  "time": 1616447708437
}