{
  "code": 200,
  "result": [
    -0.14614036479002362,
    1.3008778,
    0,
    0.00017205,
    1.30104985,
    null,
    74585.82723302532,
    "BTCUSD_PERP",
    "2",
    -10900,
    null,
    "57421.99999999",
    "0.00017205",
    -186465,
    111878
  ],
  "time": 1616418069252
}