{
  "code": 200,
  "result": [
    -0.14652351318558582,
    1.3008778,
    0,
    0.00078604,
    1.30166384,
    null,
    74390.79068623016,
    "BTCUSD_PERP",
    "2",
    -10900,
    null,
    "57421.99999999",
    "0.00080971",
    -185977,
    111586
  ],
  "time": 1616416809793
}