{
  "code": 200,
  "result": [
    -0.15234345219216236,
    1.30089786,
    0,
    0.00988103,
    1.31077889,
    null,
    71548.85781537235,
    "BTCUSD_PERP",
    "2",
    -10900,
    null,
    "57421.99999999",
    "0.00988103",
    -178873,
    107323
  ],
  "time": 1616456887567
}