{
  "code": 200,
  "result": [
    -0.14762681795515764,
    1.30089786,
    0,
    0.00248795,
    1.30338581,
    null,
    73834.82317766226,
    "BTCUSD_PERP",
    "2",
    -10900,
    null,
    "57421.99999999",
    "0.00247447",
    -184588,
    110752
  ],
  "time": 1616431747787
}