{
  "code": 200,
  "result": [
    -0.14682626319211306,
    1.3008778,
    0,
    0.00132906,
    1.30220686,
    null,
    74237.39978819746,
    "BTCUSD_PERP",
    "2",
    -10900,
    null,
    "57421.99999999",
    "0.00132906",
    -185594,
    111356
  ],
  "time": 1616423709266
}