{
  "code": 200,
  "result": [
    -0.14722028906412893,
    1.30089786,
    0,
    0.00189473,
    1.30279259,
    null,
    74038.70804282946,
    "BTCUSD_PERP",
    "2",
    -10900,
    null,
    "57421.99999999",
    "0.00189473",
    -185097,
    111058
  ],
  "time": 1616430728075
}