{
  "code": 200,
  "result": [
    -0.15255032144513755,
    1.30089786,
    0,
    0.01013327,
    1.31103113,
    null,
    71451.83239695776,
    "BTCUSD_PERP",
    "2",
    -10900,
    null,
    "57421.99999999",
    "0.01013327",
    -178630,
    107177
  ],
  "time": 1616448609426
}