{
  "code": 200,
  "result": [
    -0.19980276043834277,
    1.30089289,
    0,
    0.00913311,
    1.310026,
    null,
    71570.58275184763,
    "BTCUSD_PERP",
    "2",
    -14300,
    null,
    "56604.63779568",
    "0.00913311",
    -178927,
    107355
  ],
  "time": 1616472427441
}