{
  "code": 200,
  "result": [
    -0.20031220445909156,
    1.30089289,
    0,
    0.01012031,
    1.3110132,
    null,
    71388.56086484932,
    "BTCUSD_PERP",
    "2",
    -14300,
    null,
    "56604.63779568",
    "0.01012031",
    -178472,
    107082
  ],
  "time": 1616459169299
}