{
  "code": 200,
  "result": [
    -0.1985573696854365,
    1.30089289,
    0,
    0.00690336,
    1.30779625,
    null,
    72019.48747938544,
    "BTCUSD_PERP",
    "2",
    -14300,
    null,
    "56604.63779568",
    "0.00690336",
    -180049,
    108029
  ],
  "time": 1616467088530
}