{
  "code": 200,
  "result": [
    -0.14585287305825587,
    1.3008778,
    0,
    -0.00029276,
    1.30058504,
    null,
    74732.84393682375,
    "BTCUSD_PERP",
    "2",
    -10900,
    null,
    "57421.99999999",
    "-0.00029276",
    -186833,
    112099
  ],
  "time": 1616401689025
}