{
  "code": 200,
  "result": [
    -0.19852723624873544,
    1.30089289,
    0,
    0.00714994,
    1.30804283,
    null,
    72030.41895009046,
    "BTCUSD_PERP",
    "2",
    -14300,
    null,
    "56604.63779568",
    "0.00714994",
    -180077,
    108045
  ],
  "time": 1616465108530
}