{
  "code": 200,
  "result": [
    -0.14657830440387046,
    1.30089786,
    0,
    0.00103217,
    1.30193003,
    null,
    74362.98328275778,
    "BTCUSD_PERP",
    "2",
    -10900,
    null,
    "57421.99999999",
    "0.00103217",
    -185908,
    111544
  ],
  "time": 1616435528157
}