{
  "code": 200,
  "result": [
    -0.15236585549363793,
    1.30089786,
    0,
    0.00994119,
    1.31083905,
    null,
    71538.33754082215,
    "BTCUSD_PERP",
    "2",
    -10900,
    null,
    "57421.99999999",
    "0.00997000",
    -178846,
    107307
  ],
  "time": 1616448487665
}