{
  "code": 200,
  "result": [
    -0.14572714443546203,
    1.3008778,
    0,
    -0.00042647,
    1.30045133,
    null,
    74797.32099483543,
    "BTCUSD_PERP",
    "2",
    -10900,
    null,
    "57421.99999999",
    "-0.00042647",
    -186994,
    112195
  ],
  "time": 1616401570101
}