{
  "code": 200,
  "result": [
    -0.1997713075995367,
    1.30089289,
    0,
    0.00903805,
    1.30993094,
    null,
    71581.85112681899,
    "BTCUSD_PERP",
    "2",
    -14300,
    null,
    "56604.63779568",
    "0.00903805",
    -178955,
    107372
  ],
  "time": 1616467987906
}