{
  "code": 200,
  "result": [
    -0.14951543863619693,
    1.30089786,
    0,
    0.00549459,
    1.30639245,
    null,
    72902.17050108139,
    "BTCUSD_PERP",
    "2",
    -10900,
    null,
    "57421.99999999",
    "0.00552855",
    -182256,
    109353
  ],
  "time": 1616441468940
}