{
  "code": 200,
  "result": [
    -0.19893564076432327,
    1.30089289,
    0,
    0.00780948,
    1.30870237,
    null,
    71882.5442492783,
    "BTCUSD_PERP",
    "2",
    -14300,
    null,
    "56604.63779568",
    "0.00780948",
    -179707,
    107823
  ],
  "time": 1616466487717
}