{
  "code": 200,
  "result": [
    -0.14693161838495833,
    1.3008778,
    0,
    0.00142232,
    1.30230012,
    null,
    74184.16893389268,
    "BTCUSD_PERP",
    "2",
    -10900,
    null,
    "57421.99999999",
    "0.00141790",
    -185461,
    111276
  ],
  "time": 1616423769594
}