{
  "code": 200,
  "result": [
    -0.14665276323486096,
    1.3008778,
    0,
    0.00108616,
    1.30196396,
    null,
    74325.22756181489,
    "BTCUSD_PERP",
    "2",
    -10900,
    null,
    "57421.99999999",
    "0.00108616",
    -185814,
    111487
  ],
  "time": 1616425087998
}