{
  "code": 200,
  "result": [
    -0.19895495858445614,
    1.30089289,
    0,
    0.00782323,
    1.30871612,
    null,
    71875.56470943481,
    "BTCUSD_PERP",
    "2",
    -14300,
    null,
    "56604.63779568",
    "0.00782323",
    -179689,
    107813
  ],
  "time": 1616466547994
}