{
  "code": 200,
  "result": [
    -0.14593291086344037,
    1.3008778,
    0,
    -7.627e-05,
    1.30080153,
    null,
    74691.85624755948,
    "BTCUSD_PERP",
    "2",
    -10900,
    null,
    "57421.99999999",
    "-0.00007700",
    -186730,
    112037
  ],
  "time": 1616415968983
}