{
  "code": 200,
  "result": [
    -0.1988513889039155,
    1.30089289,
    0,
    0.00771085,
    1.30860374,
    null,
    71913.00035077817,
    "BTCUSD_PERP",
    "2",
    -14300,
    null,
    "56604.63779568",
    "0.00771085",
    -179783,
    107869
  ],
  "time": 1616467508718
}