{
  "code": 200,
  "result": [
    -0.1464023435354706,
    1.3008778,
    0,
    0.00047257,
    1.30135037,
    null,
    74452.3600973582,
    "BTCUSD_PERP",
    "2",
    -10900,
    null,
    "57421.99999999",
    "0.00047257",
    -186131,
    111678
  ],
  "time": 1616406128915
}