{
  "code": 200,
  "result": [
    -0.14650837370803269,
    1.3008778,
    0,
    0.00074087,
    1.30161867,
    null,
    74398.47787623337,
    "BTCUSD_PERP",
    "2",
    -10900,
    null,
    "57421.99999999",
    "0.00075051",
    -185997,
    111597
  ],
  "time": 1616419449969
}