{
  "code": 200,
  "result": [
    -0.19922071048746254,
    1.30089289,
    0,
    0.00807965,
    1.30897254,
    null,
    71779.68578171462,
    "BTCUSD_PERP",
    "2",
    -14300,
    null,
    "56604.63779568",
    "0.00807965",
    -179450,
    107669
  ],
  "time": 1616462827592
}