{
  "code": 200,
  "result": [
    -0.15255671404814772,
    1.30089786,
    0,
    0.01023207,
    1.31112993,
    null,
    71448.83834191592,
    "BTCUSD_PERP",
    "2",
    -10900,
    null,
    "57421.99999999",
    "0.01023207",
    -178623,
    107173
  ],
  "time": 1616452628037
}