{
  "code": 200,
  "result": [
    -0.19817088470457372,
    1.30089289,
    0,
    0.00658392,
    1.30747681,
    null,
    72159.94428908134,
    "BTCUSD_PERP",
    "2",
    -14300,
    null,
    "56604.63779568",
    "0.00658392",
    -180400,
    108239
  ],
  "time": 1616464747592
}