{
  "code": 200,
  "result": [
    -0.14780830353452576,
    1.30089786,
    0,
    0.00400172,
    1.30489958,
    null,
    73744.16551269007,
    "BTCUSD_PERP",
    "2",
    -10900,
    null,
    "57421.99999999",
    "0.00400172",
    -184361,
    110616
  ],
  "time": 1616439969544
}