{
  "code": 200,
  "result": [
    -0.15191530712131163,
    1.30089786,
    0,
    0.00916613,
    1.31006399,
    null,
    71750.5049790396,
    "BTCUSD_PERP",
    "2",
    -10900,
    null,
    "57421.99999999",
    "0.00916613",
    -179377,
    107625
  ],
  "time": 1616446508180
}