{
  "code": 200,
  "result": [
    -0.1495927136934097,
    1.30089786,
    0,
    0.00553455,
    1.30643241,
    null,
    72864.51145167105,
    "BTCUSD_PERP",
    "2",
    -10900,
    null,
    "57421.99999999",
    "0.00553455",
    -182162,
    109296
  ],
  "time": 1616445187338
}