{
  "code": 200,
  "result": [
    -0.19991928264401287,
    1.30089289,
    0,
    0.0091281,
    1.31002099,
    null,
    71528.86810555116,
    "BTCUSD_PERP",
    "2",
    -14300,
    null,
    "56604.63779568",
    "0.00912810",
    -178823,
    107293
  ],
  "time": 1616458508371
}