{
  "code": 200,
  "result": [
    -0.14669285355921854,
    1.3008778,
    0,
    0.00091601,
    1.30179381,
    null,
    74304.91489893726,
    "BTCUSD_PERP",
    "2",
    -10900,
    null,
    "57421.99999999",
    "0.00091601",
    -185763,
    111457
  ],
  "time": 1616417228224
}