{
  "code": 200,
  "result": [
    -0.14648594284759117,
    1.3008778,
    0,
    0.00057062,
    1.30144842,
    null,
    74409.87024496078,
    "BTCUSD_PERP",
    "2",
    -10900,
    null,
    "57421.99999999",
    "0.00057062",
    -186025,
    111614
  ],
  "time": 1616404328463
}