{
  "code": 200,
  "result": [
    -0.14644529752180466,
    1.3008778,
    0,
    0.00072092,
    1.30159872,
    null,
    74430.52241658403,
    "BTCUSD_PERP",
    "2",
    -10900,
    null,
    "57421.99999999",
    "0.00072092",
    -186077,
    111645
  ],
  "time": 1616422748482
}