{
  "code": 200,
  "result": [
    -0.20021669984510537,
    1.30089289,
    0,
    0.00974981,
    1.3106427,
    null,
    71422.61365342142,
    "BTCUSD_PERP",
    "2",
    -14300,
    null,
    "56604.63779568",
    "0.00974983",
    -178557,
    107133
  ],
  "time": 1616475308095
}