{
  "code": 200,
  "result": [
    -0.19882098047340835,
    1.30089289,
    0,
    0.00751525,
    1.30840814,
    null,
    71923.9989962356,
    "BTCUSD_PERP",
    "2",
    -14300,
    null,
    "56604.63779568",
    "0.00751525",
    -179810,
    107885
  ],
  "time": 1616466908019
}