{
  "code": 200,
  "result": [
    -0.1988551802492499,
    1.30089289,
    0,
    0.00767369,
    1.30856658,
    null,
    71911.6292674701,
    "BTCUSD_PERP",
    "2",
    -14300,
    null,
    "56604.63779568",
    "0.00767369",
    -179780,
    107867
  ],
  "time": 1616465648448
}