{
  "code": 200,
  "result": [
    -0.1468945050785292,
    1.30089786,
    0,
    0.00151883,
    1.30241669,
    null,
    74202.91177108977,
    "BTCUSD_PERP",
    "2",
    -10900,
    null,
    "57421.99999999",
    "0.00151871",
    -185508,
    111304
  ],
  "time": 1616436909967
}