{
  "code": 200,
  "result": [
    -0.19873592981309332,
    1.30089289,
    0,
    0.00750945,
    1.30840234,
    null,
    71954.77945758891,
    "BTCUSD_PERP",
    "2",
    -14300,
    null,
    "56604.63779568",
    "0.00754697",
    -179887,
    107932
  ],
  "time": 1616466428635
}