{
  "code": 200,
  "result": [
    -0.19921132198727376,
    1.30089289,
    0,
    0.00819496,
    1.30908785,
    null,
    71783.0686396104,
    "BTCUSD_PERP",
    "2",
    -14300,
    null,
    "56604.63779568",
    "0.00819524",
    -179458,
    107674
  ],
  "time": 1616463608931
}