{
  "code": 200,
  "result": [
    -0.14922325785688442,
    1.30089786,
    0,
    0.005006,
    1.30590386,
    null,
    73044.9137523446,
    "BTCUSD_PERP",
    "2",
    -10900,
    null,
    "57421.99999999",
    "0.00500600",
    -182613,
    109567
  ],
  "time": 1616444347534
}