{
  "code": 200,
  "result": [
    -0.15268477875520128,
    1.30089786,
    0,
    0.01026854,
    1.3111664,
    null,
    71388.9104655017,
    "BTCUSD_PERP",
    "2",
    -10900,
    null,
    "57421.99999999",
    "0.01027347",
    -178473,
    107083
  ],
  "time": 1616455747779
}