{
  "code": 200,
  "result": [
    -0.14525711083909595,
    1.3008778,
    0,
    -0.00122558,
    1.29965222,
    null,
    75039.35564348471,
    "BTCUSD_PERP",
    "2",
    -10900,
    null,
    "57421.99999999",
    "-0.00122010",
    -187599,
    112559
  ],
  "time": 1616414108727
}