{
  "code": 200,
  "result": [
    -0.19963130470403534,
    1.30089289,
    0,
    0.00881818,
    1.30971107,
    null,
    71632.05200306914,
    "BTCUSD_PERP",
    "2",
    -14300,
    null,
    "56604.63779568",
    "0.00887489",
    -179081,
    107448
  ],
  "time": 1616462047950
}