{
  "code": 200,
  "result": [
    -0.151961308336289,
    1.30089786,
    0,
    0.00917717,
    1.31007503,
    null,
    71728.78490805303,
    "BTCUSD_PERP",
    "2",
    -10900,
    null,
    "57421.99999999",
    "0.00921132",
    -179322,
    107593
  ],
  "time": 1616450108052
}