{
  "code": 200,
  "result": [
    -0.2000743617290277,
    1.30089289,
    0,
    0.00954129,
    1.31043418,
    null,
    71473.42556247821,
    "BTCUSD_PERP",
    "2",
    -14300,
    null,
    "56604.63779568",
    "0.00954177",
    -178684,
    107210
  ],
  "time": 1616470807997
}