{
  "code": 200,
  "result": [
    -0.1469570831660628,
    1.30089786,
    0,
    0.00197622,
    1.30287408,
    null,
    74171.31427195588,
    "BTCUSD_PERP",
    "2",
    -10900,
    null,
    "57421.99999999",
    "0.00197622",
    -185429,
    111256
  ],
  "time": 1616429948432
}