{
  "code": 200,
  "result": [
    -0.1528894343350377,
    1.30089786,
    0,
    0.01063779,
    1.31153565,
    null,
    71293.35030512337,
    "BTCUSD_PERP",
    "2",
    -10900,
    null,
    "57421.99999999",
    "0.01063779",
    -178234,
    106940
  ],
  "time": 1616453468636
}