{
  "code": 200,
  "result": [
    -0.19785063978085243,
    1.30089289,
    0,
    0.00599759,
    1.30689048,
    null,
    72276.74378935176,
    "BTCUSD_PERP",
    "2",
    -14300,
    null,
    "56604.63779568",
    "0.00599759",
    -180692,
    108415
  ],
  "time": 1616464148721
}