{
  "code": 200,
  "result": [
    -0.1987558044132718,
    1.30089289,
    0,
    0.00742584,
    1.30831873,
    null,
    71947.58433452384,
    "BTCUSD_PERP",
    "2",
    -14300,
    null,
    "56604.63779568",
    "0.00745516",
    -179869,
    107921
  ],
  "time": 1616465528065
}