{
  "code": 200,
  "result": [
    -0.20024953791350117,
    1.30089289,
    0,
    0.00989379,
    1.31078668,
    null,
    71410.90136336275,
    "BTCUSD_PERP",
    "2",
    -14300,
    null,
    "56604.63779568",
    "0.00991915",
    -178528,
    107116
  ],
  "time": 1616470389025
}