{
  "code": 200,
  "result": [
    -0.1463244160461148,
    1.3008778,
    0,
    0.00031854,
    1.30119634,
    null,
    74492.01093387461,
    "BTCUSD_PERP",
    "2",
    -10900,
    null,
    "57421.99999999",
    "0.00031854",
    -186231,
    111738
  ],
  "time": 1616405587912
}