{
  "code": 200,
  "result": [
    -0.14679719996474047,
    1.30089786,
    0,
    0.00134093,
    1.30223879,
    null,
    74252.0974692848,
    "BTCUSD_PERP",
    "2",
    -10900,
    null,
    "57421.99999999",
    "0.00136731",
    -185631,
    111378
  ],
  "time": 1616436668858
}