{
  "code": 200,
  "result": [
    -0.14666901382768993,
    1.3008778,
    0,
    0.00117626,
    1.30205406,
    null,
    74316.99249580805,
    "BTCUSD_PERP",
    "2",
    -10900,
    null,
    "57421.99999999",
    "0.00121355",
    -185793,
    111475
  ],
  "time": 1616425147940
}