{
  "code": 200,
  "result": [
    -0.14454968658784165,
    1.3008778,
    0,
    -0.0021486,
    1.2987292,
    null,
    75406.59725592805,
    "BTCUSD_PERP",
    "2",
    -10900,
    null,
    "57421.99999999",
    "-0.00213438",
    -188517,
    113109
  ],
  "time": 1616411528027
}