{
  "code": 200,
  "result": [
    -0.1474934196364074,
    1.3008778,
    0,
    0.00224709,
    1.30312489,
    null,
    73901.60202990801,
    "BTCUSD_PERP",
    "2",
    -10900,
    null,
    "57421.99999999",
    "0.00224709",
    -184755,
    110852
  ],
  "time": 1616420468637
}