{
  "code": 200,
  "result": [
    -0.19956935879623627,
    1.30089289,
    0,
    0.00872209,
    1.30961498,
    null,
    71654.28644083856,
    "BTCUSD_PERP",
    "2",
    -14300,
    null,
    "56604.63779568",
    "0.00872209",
    -179136,
    107481
  ],
  "time": 1616461747502
}