{
  "code": 200,
  "result": [
    -0.146492298119255,
    1.3008778,
    0,
    0.00079104,
    1.30166884,
    null,
    74406.64212344213,
    "BTCUSD_PERP",
    "2",
    -10900,
    null,
    "57421.99999999",
    "0.00081245",
    -186017,
    111609
  ],
  "time": 1616419388721
}