{
  "code": 200,
  "result": [
    -0.1464847822613114,
    1.30089786,
    0,
    0.00082638,
    1.30172424,
    null,
    74410.45978793687,
    "BTCUSD_PERP",
    "2",
    -10900,
    null,
    "57421.99999999",
    "0.00082604",
    -186027,
    111615
  ],
  "time": 1616434748183
}