{
  "code": 200,
  "result": [
    -0.14660268154970152,
    1.30089786,
    0,
    0.00109057,
    1.30198843,
    null,
    74350.61817954989,
    "BTCUSD_PERP",
    "2",
    -10900,
    null,
    "57421.99999999",
    "0.00109057",
    -185877,
    111525
  ],
  "time": 1616436012380
}