{
  "code": 200,
  "result": [
    -0.19985740776484884,
    1.30089289,
    0,
    0.00925019,
    1.31014308,
    null,
    71551.01309442232,
    "BTCUSD_PERP",
    "2",
    -14300,
    null,
    "56604.63779568",
    "0.00925708",
    -178878,
    107326
  ],
  "time": 1616461387589
}