{
  "code": 200,
  "result": [
    -0.19894346621651493,
    1.30089289,
    0,
    0.00777154,
    1.30866443,
    null,
    71879.7167454445,
    "BTCUSD_PERP",
    "2",
    -14300,
    null,
    "56604.63779568",
    "0.00769010",
    -179700,
    107819
  ],
  "time": 1616465408982
}