{
  "code": 200,
  "result": [
    -0.14610119001975527,
    1.3008778,
    0,
    1.561e-05,
    1.30089341,
    null,
    74605.82626689175,
    "BTCUSD_PERP",
    "2",
    -10900,
    null,
    "57421.99999999",
    "-0.00000376",
    -186515,
    111908
  ],
  "time": 1616407388688
}