{
  "code": 200,
  "result": [
    -0.14675996301118882,
    1.3008778,
    0,
    0.00121632,
    1.30209412,
    null,
    74270.93722535891,
    "BTCUSD_PERP",
    "2",
    -10900,
    null,
    "57421.99999999",
    "0.00121632",
    -185678,
    111406
  ],
  "time": 1616426228371
}