{
  "code": 200,
  "result": [
    -0.19991567759929174,
    1.30089289,
    0,
    0.00909586,
    1.30998875,
    null,
    71530.15797321672,
    "BTCUSD_PERP",
    "2",
    -14300,
    null,
    "56604.63779568",
    "0.00909586",
    -178826,
    107295
  ],
  "time": 1616460307893
}