{
  "code": 200,
  "result": [
    -0.1458602192682764,
    1.3008778,
    0,
    -0.00024906,
    1.30062874,
    null,
    74729.08003759375,
    "BTCUSD_PERP",
    "2",
    -10900,
    null,
    "57421.99999999",
    "-0.00024906",
    -186823,
    112093
  ],
  "time": 1616400609874
}