{
  "code": 200,
  "result": [
    -0.147780948132481,
    1.30089786,
    0,
    0.00276501,
    1.30366287,
    null,
    73757.81613086209,
    "BTCUSD_PERP",
    "2",
    -10900,
    null,
    "57421.99999999",
    "0.00276501",
    -184395,
    110636
  ],
  "time": 1616438410283
}