{
  "code": 200,
  "result": [
    -0.14664534120925607,
    1.3008778,
    0,
    0.00091111,
    1.30178891,
    null,
    74328.98931610932,
    "BTCUSD_PERP",
    "2",
    -10900,
    null,
    "57421.99999999",
    "0.00091145",
    -185823,
    111493
  ],
  "time": 1616403969602
}