{
  "code": 200,
  "result": [
    -0.19857305679843584,
    1.30089289,
    0,
    0.00720092,
    1.30809381,
    null,
    72013.79799735571,
    "BTCUSD_PERP",
    "2",
    -14300,
    null,
    "56604.63779568",
    "0.00720092",
    -180035,
    108020
  ],
  "time": 1616465047426
}