{
  "code": 200,
  "result": [
    -0.15117725596615555,
    1.30089786,
    0,
    0.00798445,
    1.30888231,
    null,
    72100.7927438517,
    "BTCUSD_PERP",
    "2",
    -10900,
    null,
    "57421.99999999",
    "0.00798721",
    -180252,
    108151
  ],
  "time": 1616445847835
}