{
  "code": 200,
  "result": [
    -0.1446994371626739,
    1.3008778,
    0,
    -0.00206444,
    1.29881336,
    null,
    75328.55838095631,
    "BTCUSD_PERP",
    "2",
    -10900,
    null,
    "57421.99999999",
    "-0.00206444",
    -188322,
    112992
  ],
  "time": 1616410928278
}