{
  "code": 200,
  "result": [
    -0.14672877697239667,
    1.3008778,
    0,
    0.0013242,
    1.302202,
    null,
    74286.72292450554,
    "BTCUSD_PERP",
    "2",
    -10900,
    null,
    "57421.99999999",
    "0.00132420",
    -185717,
    111430
  ],
  "time": 1616425748338
}