{
  "code": 200,
  "result": [
    -0.20124574580696744,
    1.30089289,
    0,
    0.01141747,
    1.31231036,
    null,
    71057.40269270781,
    "BTCUSD_PERP",
    "2",
    -14300,
    null,
    "56604.63779568",
    "0.01141747",
    -177644,
    106586
  ],
  "time": 1616474108253
}