{
  "code": 200,
  "result": [
    -0.2000140565947089,
    1.30089289,
    0,
    0.00951122,
    1.31040411,
    null,
    71494.97512055504,
    "BTCUSD_PERP",
    "2",
    -14300,
    null,
    "56604.63779568",
    "0.00951122",
    -178738,
    107242
  ],
  "time": 1616460069109
}