{
  "code": 200,
  "result": [
    -0.15236966025244228,
    1.30089786,
    0,
    0.00986401,
    1.31076187,
    null,
    71536.5511870352,
    "BTCUSD_PERP",
    "2",
    -10900,
    null,
    "57421.99999999",
    "0.00986401",
    -178842,
    107304
  ],
  "time": 1616450410721
}