{
  "code": 200,
  "result": [
    -0.14451841974687313,
    1.3008778,
    0,
    -0.00234744,
    1.29853036,
    null,
    75422.91161978913,
    "BTCUSD_PERP",
    "2",
    -10900,
    null,
    "57421.99999999",
    "-0.00234744",
    -188558,
    113134
  ],
  "time": 1616410568878
}