{
  "code": 200,
  "result": [
    -0.15199147035847674,
    1.30089786,
    0,
    0.00916373,
    1.31006159,
    null,
    71714.55065400711,
    "BTCUSD_PERP",
    "2",
    -10900,
    null,
    "57421.99999999",
    "0.00916373",
    -179287,
    107571
  ],
  "time": 1616449747902
}