{
  "code": 200,
  "result": [
    -0.19982306578144474,
    1.30089289,
    0,
    0.0091574,
    1.31005029,
    null,
    71563.309991653,
    "BTCUSD_PERP",
    "2",
    -14300,
    null,
    "56604.63779568",
    "0.00915740",
    -178909,
    107344
  ],
  "time": 1616461687325
}