{
  "code": 200,
  "result": [
    -0.14946986592274492,
    1.30089786,
    0,
    0.00540843,
    1.30630629,
    null,
    72924.39805648706,
    "BTCUSD_PERP",
    "2",
    -10900,
    null,
    "57421.99999999",
    "0.00541355",
    -182311,
    109386
  ],
  "time": 1616441587682
}