{
  "code": 200,
  "result": [
    -0.14528832660138985,
    1.3008778,
    0,
    -0.00125562,
    1.29962218,
    null,
    75023.23314594312,
    "BTCUSD_PERP",
    "2",
    -10900,
    null,
    "57421.99999999",
    "-0.00125562",
    -187559,
    112534
  ],
  "time": 1616407688101
}