{
  "code": 200,
  "result": [
    -0.1997737001757512,
    1.30089289,
    0,
    0.00891362,
    1.30980651,
    null,
    71580.99383161825,
    "BTCUSD_PERP",
    "2",
    -14300,
    null,
    "56604.63779568",
    "0.00891362",
    -178953,
    107371
  ],
  "time": 1616468647887
}