{
  "code": 200,
  "result": [
    -0.1996519194250314,
    1.30089289,
    0,
    0.00881942,
    1.30971231,
    null,
    71624.65575678875,
    "BTCUSD_PERP",
    "2",
    -14300,
    null,
    "56604.63779568",
    "0.00881942",
    -179062,
    107436
  ],
  "time": 1616471947602
}