{
  "code": 200,
  "result": [
    -0.15238466771281667,
    1.30089786,
    0,
    0.0101082,
    1.31100606,
    null,
    71529.50597721605,
    "BTCUSD_PERP",
    "2",
    -10900,
    null,
    "57421.99999999",
    "0.01010869",
    -178824,
    107294
  ],
  "time": 1616446810664
}