{
  "code": 200,
  "result": [
    -0.15169167463337843,
    1.30089786,
    0,
    0.0088033,
    1.30970116,
    null,
    71856.28365132143,
    "BTCUSD_PERP",
    "2",
    -10900,
    null,
    "57421.99999999",
    "0.00881054",
    -179641,
    107784
  ],
  "time": 1616449928074
}