{
  "code": 200,
  "result": [
    -0.14623595950471593,
    1.3008778,
    0,
    0.00026558,
    1.30114338,
    null,
    74537.07034109137,
    "BTCUSD_PERP",
    "2",
    -10900,
    null,
    "57421.99999999",
    "0.00027016",
    -186343,
    111805
  ],
  "time": 1616402709002
}