{
  "code": 200,
  "result": [
    -0.15209137641157666,
    1.30089786,
    0,
    0.00947116,
    1.31036902,
    null,
    71667.44267277425,
    "BTCUSD_PERP",
    "2",
    -10900,
    null,
    "57421.99999999",
    "0.00944157",
    -179169,
    107501
  ],
  "time": 1616454187595
}