{
  "code": 200,
  "result": [
    -0.1987778362866219,
    1.30089289,
    0,
    0.00752209,
    1.30841498,
    null,
    71939.60990389559,
    "BTCUSD_PERP",
    "2",
    -14300,
    null,
    "56604.63779568",
    "0.00752143",
    -179850,
    107909
  ],
  "time": 1616465228661
}