{
  "code": 200,
  "result": [
    -0.14434279911679918,
    1.3008778,
    0,
    -0.0026314,
    1.2982464,
    null,
    75514.67802131195,
    "BTCUSD_PERP",
    "2",
    -10900,
    null,
    "57421.99999999",
    "-0.00263140",
    -188787,
    113272
  ],
  "time": 1616409188488
}