{
  "code": 200,
  "result": [
    -0.14678356602572878,
    1.3008778,
    0,
    0.0015187,
    1.3023965,
    null,
    74258.99434879111,
    "BTCUSD_PERP",
    "2",
    -10900,
    null,
    "57421.99999999",
    "0.00151870",
    -185648,
    111388
  ],
  "time": 1616423048358
}