{
  "code": 200,
  "result": [
    -0.14650018827115857,
    1.3008778,
    0,
    0.0007329,
    1.3016107,
    null,
    74402.63475856486,
    "BTCUSD_PERP",
    "2",
    -10900,
    null,
    "57421.99999999",
    "0.00073290",
    -186007,
    111603
  ],
  "time": 1616419987906
}