{
  "code": 200,
  "result": [
    -0.15267718047428366,
    1.30089786,
    0,
    0.01030915,
    1.31120701,
    null,
    71392.46327538746,
    "BTCUSD_PERP",
    "2",
    -10900,
    null,
    "57421.99999999",
    "0.01030915",
    -178482,
    107088
  ],
  "time": 1616451727716
}