{
  "code": 200,
  "result": [
    -0.1464324108357871,
    1.3008778,
    0,
    0.00053886,
    1.30141666,
    null,
    74437.07262474514,
    "BTCUSD_PERP",
    "2",
    -10900,
    null,
    "57421.99999999",
    "0.00053886",
    -186093,
    111655
  ],
  "time": 1616419328478
}