{
  "code": 200,
  "result": [
    -0.1528745329580527,
    1.30089786,
    0,
    0.01072938,
    1.31162724,
    null,
    71300.29959267876,
    "BTCUSD_PERP",
    "2",
    -10900,
    null,
    "57421.99999999",
    "0.01072938",
    -178251,
    106950
  ],
  "time": 1616451848187
}