{
  "code": 200,
  "result": [
    -0.14641595136832944,
    1.3008778,
    0,
    0.0007214,
    1.3015992,
    null,
    74445.44052839949,
    "BTCUSD_PERP",
    "2",
    -10900,
    null,
    "57421.99999999",
    "0.00072140",
    -186114,
    111668
  ],
  "time": 1616403308778
}