{
  "code": 200,
  "result": [
    -0.1525476584400028,
    1.30089786,
    0,
    0.01006688,
    1.31096474,
    null,
    71453.07972253789,
    "BTCUSD_PERP",
    "2",
    -10900,
    null,
    "57421.99999999",
    "0.01006725",
    -178633,
    107179
  ],
  "time": 1616453587700
}