{
  "code": 200,
  "result": [
    -0.1464653967614023,
    1.3008778,
    0,
    0.00059025,
    1.30146805,
    null,
    74420.30842108402,
    "BTCUSD_PERP",
    "2",
    -10900,
    null,
    "57421.99999999",
    "0.00059025",
    -186051,
    111630
  ],
  "time": 1616405048471
}