{
  "code": 200,
  "result": [
    -0.1464173394541551,
    1.3008778,
    0,
    0.00053509,
    1.30141289,
    null,
    74444.73476048178,
    "BTCUSD_PERP",
    "2",
    -10900,
    null,
    "57421.99999999",
    "0.00054172",
    -186112,
    111667
  ],
  "time": 1616419928075
}