{
  "code": 200,
  "result": [
    -0.20005332053689356,
    1.30089289,
    0,
    0.00951376,
    1.31040665,
    null,
    71480.94298871091,
    "BTCUSD_PERP",
    "2",
    -14300,
    null,
    "56604.63779568",
    "0.00951376",
    -178703,
    107221
  ],
  "time": 1616459587347
}