{
  "code": 200,
  "result": [
    -0.14689408271481944,
    1.3008778,
    0,
    0.00127326,
    1.30215106,
    null,
    74203.1251262945,
    "BTCUSD_PERP",
    "2",
    -10900,
    null,
    "57421.99999999",
    "0.00127298",
    -185508,
    111304
  ],
  "time": 1616423528807
}