{
  "code": 200,
  "result": [
    -0.14552814617467924,
    1.3008778,
    0,
    -0.00087298,
    1.30000482,
    null,
    74899.60043135982,
    "BTCUSD_PERP",
    "2",
    -10900,
    null,
    "57421.99999999",
    "-0.00087298",
    -187250,
    112349
  ],
  "time": 1616401269378
}