{
  "code": 200,
  "result": [
    -0.14451882546271577,
    1.3008778,
    0,
    -0.00248426,
    1.29839354,
    null,
    75422.6998807991,
    "BTCUSD_PERP",
    "2",
    -10900,
    null,
    "57421.99999999",
    "-0.00248426",
    -188557,
    113134
  ],
  "time": 1616411108279
}