{
  "code": 200,
  "result": [
    -0.14955745502541168,
    1.30089786,
    0,
    0.00551953,
    1.30641739,
    null,
    72881.68950285998,
    "BTCUSD_PERP",
    "2",
    -10900,
    null,
    "57421.99999999",
    "0.00551953",
    -182205,
    109322
  ],
  "time": 1616441287653
}