{
  "code": 200,
  "result": [
    -0.19791314950587732,
    1.30089289,
    0,
    0.0060882,
    1.30698109,
    null,
    72253.91559733296,
    "BTCUSD_PERP",
    "2",
    -14300,
    null,
    "56604.63779568",
    "0.00609218",
    -180635,
    108380
  ],
  "time": 1616464269084
}