{
  "code": 200,
  "result": [
    -0.14903995075772583,
    1.30089786,
    0,
    0.00464553,
    1.30554339,
    null,
    73134.75309528693,
    "BTCUSD_PERP",
    "2",
    -10900,
    null,
    "57421.99999999",
    "0.00463374",
    -182837,
    109702
  ],
  "time": 1616442608870
}