{
  "code": 200,
  "result": [
    -0.19789270466190242,
    1.30089289,
    0,
    0.00605122,
    1.30694411,
    null,
    72261.38034967685,
    "BTCUSD_PERP",
    "2",
    -14300,
    null,
    "56604.63779568",
    "0.00605122",
    -180654,
    108392
  ],
  "time": 1616464208899
}