{
  "code": 200,
  "result": [
    -0.14716566005746357,
    1.3008778,
    0,
    0.00181726,
    1.30269506,
    null,
    74066.19177153075,
    "BTCUSD_PERP",
    "2",
    -10900,
    null,
    "57421.99999999",
    "0.00181726",
    -185166,
    111099
  ],
  "time": 1616423169756
}