{
  "code": 200,
  "result": [
    -0.15232156713785502,
    1.30089786,
    0,
    0.00984096,
    1.31073882,
    null,
    71559.13771642865,
    "BTCUSD_PERP",
    "2",
    -10900,
    null,
    "57421.99999999",
    "0.00984096",
    -178898,
    107338
  ],
  "time": 1616457007983
}