{
  "code": 200,
  "result": [
    -0.2007502975987379,
    1.30089289,
    0,
    0.01031939,
    1.31121228,
    null,
    71232.77111440708,
    "BTCUSD_PERP",
    "2",
    -14300,
    null,
    "56604.63779568",
    "0.01031940",
    -178082,
    106849
  ],
  "time": 1616457968862
}