{
  "code": 200,
  "result": [
    -0.1470453706485086,
    1.3008778,
    0,
    0.00153561,
    1.30241341,
    null,
    74126.7810875524,
    "BTCUSD_PERP",
    "2",
    -10900,
    null,
    "57421.99999999",
    "0.00153594",
    -185317,
    111190
  ],
  "time": 1616421549034
}