{
  "code": 200,
  "result": [
    -0.14525786425031123,
    1.3008778,
    0,
    -0.0011108,
    1.299767,
    null,
    75038.96643569607,
    "BTCUSD_PERP",
    "2",
    -10900,
    null,
    "57421.99999999",
    "-0.00111080",
    -187598,
    112558
  ],
  "time": 1616413210417
}