{
  "code": 200,
  "result": [
    -0.199701525250572,
    1.30089289,
    0,
    0.00897219,
    1.30986508,
    null,
    71606.86420425345,
    "BTCUSD_PERP",
    "2",
    -14300,
    null,
    "56604.63779568",
    "0.00897288",
    -179018,
    107410
  ],
  "time": 1616460607765
}