{
  "code": 200,
  "result": [
    -0.19867959066311927,
    1.30089289,
    0,
    0.00731202,
    1.30820491,
    null,
    71975.18352172898,
    "BTCUSD_PERP",
    "2",
    -14300,
    null,
    "56604.63779568",
    "0.00731202",
    -179938,
    107962
  ],
  "time": 1616467147501
}