{
  "code": 200,
  "result": [
    -0.14643174294121952,
    1.3008778,
    0,
    0.00056591,
    1.30144371,
    null,
    74437.41214208907,
    "BTCUSD_PERP",
    "2",
    -10900,
    null,
    "57421.99999999",
    "0.00057666",
    -186094,
    111656
  ],
  "time": 1616406849136
}