{
  "code": 200,
  "result": [
    -0.14732500278765645,
    1.30089786,
    0,
    0.00212972,
    1.30302758,
    null,
    73986.08378586266,
    "BTCUSD_PERP",
    "2",
    -10900,
    null,
    "57421.99999999",
    "0.00214459",
    -184966,
    110979
  ],
  "time": 1616433668694
}