{
  "code": 200,
  "result": [
    -0.1527571951432616,
    1.30089786,
    0,
    0.01047481,
    1.31137267,
    null,
    71355.06769273656,
    "BTCUSD_PERP",
    "2",
    -10900,
    null,
    "57421.99999999",
    "0.01046132",
    -178388,
    107032
  ],
  "time": 1616455507927
}