{
  "code": 200,
  "result": [
    -0.14640343539823483,
    1.3008778,
    0,
    0.00048649,
    1.30136429,
    null,
    74451.80483880517,
    "BTCUSD_PERP",
    "2",
    -10900,
    null,
    "57421.99999999",
    "0.00047689",
    -186130,
    111677
  ],
  "time": 1616404809970
}