{
  "code": 200,
  "result": [
    -0.14940271143234904,
    1.30089786,
    0,
    0.00530408,
    1.30620194,
    null,
    72957.17658334215,
    "BTCUSD_PERP",
    "2",
    -10900,
    null,
    "57421.99999999",
    "0.00530431",
    -182393,
    109435
  ],
  "time": 1616443027972
}