{
  "code": 200,
  "result": [
    -0.15235547620936302,
    1.30089786,
    0,
    0.00981943,
    1.31071729,
    null,
    71543.211121742,
    "BTCUSD_PERP",
    "2",
    -10900,
    null,
    "57421.99999999",
    "0.00981943",
    -178859,
    107314
  ],
  "time": 1616455087722
}