{
  "code": 200,
  "result": [
    -0.19944895379752015,
    1.30089289,
    0,
    0.00846426,
    1.30935715,
    null,
    71697.54329479867,
    "BTCUSD_PERP",
    "2",
    -14300,
    null,
    "56604.63779568",
    "0.00846426",
    -179244,
    107546
  ],
  "time": 1616462587839
}