{
  "code": 200,
  "result": [
    -0.15024689984561387,
    1.30089786,
    0,
    0.00664377,
    1.30754163,
    null,
    72547.25396131494,
    "BTCUSD_PERP",
    "2",
    -10900,
    null,
    "57421.99999999",
    "0.00661131",
    -181369,
    108820
  ],
  "time": 1616445669069
}