{
  "code": 200,
  "result": [
    -0.14679829523294735,
    1.30089786,
    0,
    0.00131466,
    1.30221252,
    null,
    74251.5434712869,
    "BTCUSD_PERP",
    "2",
    -10900,
    null,
    "57421.99999999",
    "0.00131044",
    -185629,
    111377
  ],
  "time": 1616437387748
}