{
  "code": 200,
  "result": [
    -0.14755645881073734,
    1.30089786,
    0,
    0.00234992,
    1.30324778,
    null,
    73870.02973540344,
    "BTCUSD_PERP",
    "2",
    -10900,
    null,
    "57421.99999999",
    "0.00234725",
    -184676,
    110805
  ],
  "time": 1616432347939
}