{
  "code": 200,
  "result": [
    -0.1494240036327428,
    1.30089786,
    0,
    0.00524393,
    1.30614179,
    null,
    72946.78053728389,
    "BTCUSD_PERP",
    "2",
    -10900,
    null,
    "57421.99999999",
    "0.00531610",
    -182367,
    109420
  ],
  "time": 1616441168884
}