{
  "code": 200,
  "result": [
    -0.14654628663869013,
    1.30089786,
    0,
    0.00096171,
    1.30185957,
    null,
    74379.23027605572,
    "BTCUSD_PERP",
    "2",
    -10900,
    null,
    "57421.99999999",
    "0.00096170",
    -185949,
    111568
  ],
  "time": 1616435468707
}