{
  "code": 200,
  "result": [
    -0.19934795599391802,
    1.30089289,
    0,
    0.00836553,
    1.30925842,
    null,
    71733.86819394468,
    "BTCUSD_PERP",
    "2",
    -14300,
    null,
    "56604.63779568",
    "0.00834990",
    -179335,
    107600
  ],
  "time": 1616462708129
}