{
  "code": 200,
  "result": [
    -0.19956326297295637,
    1.30089289,
    0,
    0.00870261,
    1.3095955,
    null,
    71656.47517969202,
    "BTCUSD_PERP",
    "2",
    -14300,
    null,
    "56604.63779568",
    "0.00871306",
    -179142,
    107484
  ],
  "time": 1616471769122
}