{
  "code": 200,
  "result": [
    -0.1523372656595218,
    1.30089786,
    0,
    0.00967916,
    1.31057702,
    null,
    71551.76346910292,
    "BTCUSD_PERP",
    "2",
    -10900,
    null,
    "57421.99999999",
    "0.00967916",
    -178880,
    107327
  ],
  "time": 1616449328606
}