{
  "code": 200,
  "result": [
    -0.2001494590759071,
    1.30089289,
    0,
    0.00967402,
    1.31056691,
    null,
    71446.60827974907,
    "BTCUSD_PERP",
    "2",
    -14300,
    null,
    "56604.63779568",
    "0.00967402",
    -178617,
    107169
  ],
  "time": 1616471047380
}