{
  "code": 200,
  "result": [
    -0.14959762041500174,
    1.30089786,
    0,
    0.00562659,
    1.30652445,
    null,
    72862.1215348352,
    "BTCUSD_PERP",
    "2",
    -10900,
    null,
    "57421.99999999",
    "0.00562659",
    -182156,
    109293
  ],
  "time": 1616443808495
}