{
  "code": 200,
  "result": [
    -0.14815622477405838,
    1.30089786,
    0,
    0.00338136,
    1.30427922,
    null,
    73570.9891138408,
    "BTCUSD_PERP",
    "2",
    -10900,
    null,
    "57421.99999999",
    "0.00338136",
    -183928,
    110356
  ],
  "time": 1616431448486
}