{
  "code": 200,
  "result": [
    -0.14722182075622334,
    1.30089786,
    0,
    0.00198886,
    1.30288672,
    null,
    74037.93774598619,
    "BTCUSD_PERP",
    "2",
    -10900,
    null,
    "57421.99999999",
    "0.00198886",
    -185095,
    111056
  ],
  "time": 1616430128367
}