{
  "code": 200,
  "result": [
    -0.14658287505209391,
    1.3008778,
    0,
    0.00103072,
    1.30190852,
    null,
    74360.66454642988,
    "BTCUSD_PERP",
    "2",
    -10900,
    null,
    "57421.99999999",
    "0.00103072",
    -185902,
    111540
  ],
  "time": 1616425449239
}