{
  "code": 200,
  "result": [
    -0.1991795752005077,
    1.30089289,
    0,
    0.00807675,
    1.30896964,
    null,
    71794.50998228432,
    "BTCUSD_PERP",
    "2",
    -14300,
    null,
    "56604.63779568",
    "0.00807675",
    -179487,
    107691
  ],
  "time": 1616466008677
}