{
  "code": 200,
  "result": [
    -0.1525156891153573,
    1.30089786,
    0,
    0.01013495,
    1.31103281,
    null,
    71468.05724200374,
    "BTCUSD_PERP",
    "2",
    -10900,
    null,
    "57421.99999999",
    "0.01013496",
    -178671,
    107202
  ],
  "time": 1616451309008
}