{
  "code": 200,
  "result": [
    -0.19998414973006431,
    1.30089289,
    0,
    0.00954049,
    1.31043338,
    null,
    71505.66692061312,
    "BTCUSD_PERP",
    "2",
    -14300,
    null,
    "56604.63779568",
    "0.00954072",
    -178765,
    107258
  ],
  "time": 1616459708209
}