{
  "code": 200,
  "result": [
    -0.1464264617515786,
    1.3008778,
    0,
    0.00055238,
    1.30143018,
    null,
    74440.09688967635,
    "BTCUSD_PERP",
    "2",
    -10900,
    null,
    "57421.99999999",
    "0.00055238",
    -186101,
    111660
  ],
  "time": 1616405109233
}