{
  "code": 200,
  "result": [
    -0.19998015007302028,
    1.30089289,
    0,
    0.00941494,
    1.31030783,
    null,
    71507.0970532752,
    "BTCUSD_PERP",
    "2",
    -14300,
    null,
    "56604.63779568",
    "0.00941948",
    -178768,
    107260
  ],
  "time": 1616468287904
}