{
  "code": 200,
  "result": [
    -0.15285821556456114,
    1.30089786,
    0,
    0.01067375,
    1.31157161,
    null,
    71307.91079656611,
    "BTCUSD_PERP",
    "2",
    -10900,
    null,
    "57421.99999999",
    "0.01067375",
    -178270,
    106961
  ],
  "time": 1616455687609
}