{
  "code": 200,
  "result": [
    -0.19992034790848365,
    1.30089289,
    0,
    0.0093028,
    1.31019569,
    null,
    71528.48696794998,
    "BTCUSD_PERP",
    "2",
    -14300,
    null,
    "56604.63779568",
    "0.00929306",
    -178822,
    107292
  ],
  "time": 1616473087817
}