{
  "code": 200,
  "result": [
    -0.1463242532216741,
    1.3008778,
    0,
    0.00056767,
    1.30144547,
    null,
    74492.09382594307,
    "BTCUSD_PERP",
    "2",
    -10900,
    null,
    "57421.99999999",
    "0.00055320",
    -186231,
    111738
  ],
  "time": 1616422088024
}