{
  "code": 200,
  "result": [
    -0.14767764459582122,
    1.30089786,
    0,
    0.00515624,
    1.3060541,
    null,
    73809.4112337192,
    "BTCUSD_PERP",
    "2",
    -10900,
    null,
    "57421.99999999",
    "0.00519978",
    -184524,
    110714
  ],
  "time": 1616440508721
}