{
  "code": 200,
  "result": [
    -0.14773530422414383,
    1.30089786,
    0,
    0.0046465,
    1.30554436,
    null,
    73780.6041503968,
    "BTCUSD_PERP",
    "2",
    -10900,
    null,
    "57421.99999999",
    "0.00464650",
    -184452,
    110670
  ],
  "time": 1616440087956
}