{
  "code": 200,
  "result": [
    -0.14640474168506565,
    1.3008778,
    0,
    0.00065785,
    1.30153565,
    null,
    74451.1405473958,
    "BTCUSD_PERP",
    "2",
    -10900,
    null,
    "57421.99999999",
    "0.00065785",
    -186128,
    111676
  ],
  "time": 1616424488245
}