{
  "code": 200,
  "result": [
    -0.2003114708929708,
    1.30089289,
    0,
    0.00975873,
    1.31065162,
    null,
    71388.82229885222,
    "BTCUSD_PERP",
    "2",
    -14300,
    null,
    "56604.63779568",
    "0.00975873",
    -178473,
    107083
  ],
  "time": 1616458268847
}