{
  "code": 200,
  "result": [
    -0.1999392144380389,
    1.30089289,
    0,
    0.00941686,
    1.31030975,
    null,
    71521.73744501515,
    "BTCUSD_PERP",
    "2",
    -14300,
    null,
    "56604.63779568",
    "0.00941686",
    -178805,
    107282
  ],
  "time": 1616472488072
}