{
  "code": 200,
  "result": [
    -0.1467128276226495,
    1.3008778,
    0,
    0.00120494,
    1.30208274,
    null,
    74294.79873453996,
    "BTCUSD_PERP",
    "2",
    -10900,
    null,
    "57421.99999999",
    "0.00120494",
    -185737,
    111442
  ],
  "time": 1616426409349
}