{
  "code": 200,
  "result": [
    -0.1464393257214849,
    1.3008778,
    0,
    0.00065614,
    1.30153394,
    null,
    74433.55769563476,
    "BTCUSD_PERP",
    "2",
    -10900,
    null,
    "57421.99999999",
    "0.00063720",
    -186084,
    111650
  ],
  "time": 1616417708152
}