{
  "code": 200,
  "result": [
    -0.14580286803390397,
    1.3008778,
    0,
    -0.00036201,
    1.30051579,
    null,
    74758.47455528373,
    "BTCUSD_PERP",
    "2",
    -10900,
    null,
    "57421.99999999",
    "-0.00039746",
    -186897,
    112137
  ],
  "time": 1616415069833
}