{
  "code": 200,
  "result": [
    -0.1469842110833596,
    1.30089786,
    0,
    0.00169241,
    1.30259027,
    null,
    74157.62495618152,
    "BTCUSD_PERP",
    "2",
    -10900,
    null,
    "57421.99999999",
    "0.00169241",
    -185395,
    111236
  ],
  "time": 1616429228209
}