{
  "code": 200,
  "result": [
    -0.14919989755889912,
    1.30089786,
    0,
    0.0049746,
    1.30587246,
    null,
    73056.35042877322,
    "BTCUSD_PERP",
    "2",
    -10900,
    null,
    "57421.99999999",
    "0.00498541",
    -182641,
    109584
  ],
  "time": 1616442308776
}