{
  "code": 200,
  "result": [
    -0.14761361371256598,
    1.30089786,
    0,
    0.00244642,
    1.30334428,
    null,
    73841.42780505691,
    "BTCUSD_PERP",
    "2",
    -10900,
    null,
    "57421.99999999",
    "0.00244642",
    -184604,
    110762
  ],
  "time": 1616432889528
}