{
  "code": 200,
  "result": [
    -0.1990975023374001,
    1.30089289,
    0,
    0.00803317,
    1.30892606,
    null,
    71824.10543637328,
    "BTCUSD_PERP",
    "2",
    -14300,
    null,
    "56604.63779568",
    "0.00803925",
    -179561,
    107736
  ],
  "time": 1616467927882
}