{
  "code": 200,
  "result": [
    -0.200229617541232,
    1.30089289,
    0,
    0.00978077,
    1.31067366,
    null,
    71418.00586546739,
    "BTCUSD_PERP",
    "2",
    -14300,
    null,
    "56604.63779568",
    "0.00973649",
    -178546,
    107127
  ],
  "time": 1616459347655
}