{
  "code": 200,
  "result": [
    -0.1476289314632722,
    1.30089786,
    0,
    0.00248411,
    1.30338197,
    null,
    73833.76613216057,
    "BTCUSD_PERP",
    "2",
    -10900,
    null,
    "57421.99999999",
    "0.00248681",
    -184585,
    110750
  ],
  "time": 1616433068787
}