{
  "code": 200,
  "result": [
    -0.14659878743296162,
    1.3008778,
    0,
    0.00086526,
    1.30174306,
    null,
    74352.59316168954,
    "BTCUSD_PERP",
    "2",
    -10900,
    null,
    "57421.99999999",
    "0.00086526",
    -185882,
    111528
  ],
  "time": 1616426709256
}