{
  "code": 200,
  "result": [
    -0.1460528865047863,
    1.3008778,
    0,
    4.662e-05,
    1.30092442,
    null,
    74630.50036770616,
    "BTCUSD_PERP",
    "2",
    -10900,
    null,
    "57421.99999999",
    "0.00006349",
    -186577,
    111945
  ],
  "time": 1616419148013
}