{
  "code": 200,
  "result": [
    -0.14644389264772967,
    1.3008778,
    0,
    0.00066978,
    1.30154758,
    null,
    74431.23644780405,
    "BTCUSD_PERP",
    "2",
    -10900,
    null,
    "57421.99999999",
    "0.00066978",
    -186079,
    111646
  ],
  "time": 1616418308968
}