{
  "code": 200,
  "result": [
    -0.20013456214164524,
    1.30089289,
    0,
    0.00970718,
    1.31060007,
    null,
    71451.92637880894,
    "BTCUSD_PERP",
    "2",
    -14300,
    null,
    "56604.63779568",
    "0.00970719",
    -178630,
    107177
  ],
  "time": 1616472669761
}