{
  "code": 200,
  "result": [
    -0.14577091129475958,
    1.3008778,
    0,
    -0.00041074,
    1.30046706,
    null,
    74774.86353885374,
    "BTCUSD_PERP",
    "2",
    -10900,
    null,
    "57421.99999999",
    "-0.00041074",
    -186938,
    112162
  ],
  "time": 1616400488276
}