{
  "code": 200,
  "result": [
    -0.19879290502046618,
    1.30089289,
    0,
    0.00762395,
    1.30851684,
    null,
    71934.15679763713,
    "BTCUSD_PERP",
    "2",
    -14300,
    null,
    "56604.63779568",
    "0.00762395",
    -179836,
    107901
  ],
  "time": 1616467209166
}