{
  "code": 200,
  "result": [
    -0.15406266943863417,
    1.30089786,
    0,
    0.01233611,
    1.31323397,
    null,
    70750.42928774942,
    "BTCUSD_PERP",
    "2",
    -10900,
    null,
    "57421.99999999",
    "0.01233045",
    -176877,
    106125
  ],
  "time": 1616450768561
}