{
  "code": 200,
  "result": [
    -0.14658572862931166,
    1.30089786,
    0,
    0.00098693,
    1.30188479,
    null,
    74359.21697100606,
    "BTCUSD_PERP",
    "2",
    -10900,
    null,
    "57421.99999999",
    "0.00098693",
    -185899,
    111538
  ],
  "time": 1616428929054
}