{
  "code": 200,
  "result": [
    -0.15272435361020664,
    1.30089786,
    0,
    0.01042368,
    1.31132154,
    null,
    71370.41174074773,
    "BTCUSD_PERP",
    "2",
    -10900,
    null,
    "57421.99999999",
    "0.01042368",
    -178427,
    107055
  ],
  "time": 1616455449122
}