{
  "code": 200,
  "result": [
    -0.1494785700550071,
    1.30089786,
    0,
    0.00562066,
    1.30651852,
    null,
    72920.15167116513,
    "BTCUSD_PERP",
    "2",
    -10900,
    null,
    "57421.99999999",
    "0.00562066",
    -182301,
    109380
  ],
  "time": 1616440569424
}