{
  "code": 200,
  "result": [
    -0.14631417085082446,
    1.3008778,
    0,
    0.00038893,
    1.30126673,
    null,
    74497.22700553157,
    "BTCUSD_PERP",
    "2",
    -10900,
    null,
    "57421.99999999",
    "0.00038893",
    -186244,
    111745
  ],
  "time": 1616418848386
}