{
  "code": 200,
  "result": [
    -0.1525734688920373,
    1.30089786,
    0,
    0.01010167,
    1.31099953,
    null,
    71440.99219316409,
    "BTCUSD_PERP",
    "2",
    -10900,
    null,
    "57421.99999999",
    "0.01009920",
    -178603,
    107161
  ],
  "time": 1616451608562
}