{
  "code": 200,
  "result": [
    -0.14565989818655764,
    1.3008778,
    0,
    -0.00066386,
    1.30021394,
    null,
    74831.85238835981,
    "BTCUSD_PERP",
    "2",
    -10900,
    null,
    "57421.99999999",
    "-0.00066386",
    -187080,
    112247
  ],
  "time": 1616400909544
}