{
  "code": 200,
  "result": [
    -0.1526759804480782,
    1.30089786,
    0,
    0.0105089,
    1.31140676,
    null,
    71393.02441687515,
    "BTCUSD_PERP",
    "2",
    -10900,
    null,
    "57421.99999999",
    "0.01050890",
    -178483,
    107089
  ],
  "time": 1616456107876
}