{
  "code": 200,
  "result": [
    -0.14665076090399273,
    1.3008778,
    0,
    0.00087566,
    1.30175346,
    null,
    74326.24237889813,
    "BTCUSD_PERP",
    "2",
    -10900,
    null,
    "57421.99999999",
    "0.00087566",
    -185816,
    111489
  ],
  "time": 1616404088311
}