{
  "code": 200,
  "result": [
    -0.14451677875682778,
    1.3008778,
    0,
    -0.00229647,
    1.29858133,
    null,
    75423.76804800614,
    "BTCUSD_PERP",
    "2",
    -10900,
    null,
    "57421.99999999",
    "-0.00229647",
    -188560,
    113135
  ],
  "time": 1616411409253
}