{
  "code": 200,
  "result": [
    -0.1518834299535153,
    1.30089786,
    0,
    0.00911926,
    1.31001712,
    null,
    71765.56391527371,
    "BTCUSD_PERP",
    "2",
    -10900,
    null,
    "57421.99999999",
    "0.00911926",
    -179414,
    107648
  ],
  "time": 1616447227610
}