{
  "code": 200,
  "result": [
    -0.1990574717435232,
    1.30089289,
    0,
    0.00808041,
    1.3089733,
    null,
    71838.54931315978,
    "BTCUSD_PERP",
    "2",
    -14300,
    null,
    "56604.63779568",
    "0.00809248",
    -179597,
    107757
  ],
  "time": 1616465947761
}