{
  "code": 200,
  "result": [
    -0.1475266590473884,
    1.30089786,
    0,
    0.00244189,
    1.30333975,
    null,
    73884.95117007097,
    "BTCUSD_PERP",
    "2",
    -10900,
    null,
    "57421.99999999",
    "0.00244189",
    -184713,
    110827
  ],
  "time": 1616438227925
}