{
  "code": 200,
  "result": [
    -0.14694531953887066,
    1.3008778,
    0,
    0.00144509,
    1.30232289,
    null,
    74177.25201595605,
    "BTCUSD_PERP",
    "2",
    -10900,
    null,
    "57421.99999999",
    "0.00144509",
    -185444,
    111265
  ],
  "time": 1616423228518
}