{
  "code": 200,
  "result": [
    -0.1461283549819477,
    1.3008778,
    0,
    0.00014285,
    1.30102065,
    null,
    74591.95719644251,
    "BTCUSD_PERP",
    "2",
    -10900,
    null,
    "57421.99999999",
    "0.00014258",
    -186480,
    111887
  ],
  "time": 1616417889630
}