{
  "code": 200,
  "result": [
    -0.14641662846001394,
    1.3008778,
    0,
    0.00052471,
    1.30140251,
    null,
    74445.09626156818,
    "BTCUSD_PERP",
    "2",
    -10900,
    null,
    "57421.99999999",
    "0.00052471",
    -186113,
    111667
  ],
  "time": 1616418728265
}