{
  "code": 200,
  "result": [
    -0.15248618032004274,
    1.30089786,
    0,
    0.00997241,
    1.31087027,
    null,
    71481.88758563393,
    "BTCUSD_PERP",
    "2",
    -10900,
    null,
    "57421.99999999",
    "0.00997241",
    -178705,
    107222
  ],
  "time": 1616448788125
}