{
  "code": 200,
  "result": [
    -0.1999609606353271,
    1.30089289,
    0,
    0.00940582,
    1.31029871,
    null,
    71513.95929768113,
    "BTCUSD_PERP",
    "2",
    -14300,
    null,
    "56604.63779568",
    "0.00940582",
    -178785,
    107270
  ],
  "time": 1616472970147
}