{
  "code": 200,
  "result": [
    -0.14725481699476753,
    1.30089786,
    0,
    0.00197198,
    1.30286984,
    null,
    74021.34763705092,
    "BTCUSD_PERP",
    "2",
    -10900,
    null,
    "57421.99999999",
    "0.00197198",
    -185054,
    111032
  ],
  "time": 1616430668704
}