{
  "code": 200,
  "result": [
    -0.14640901381001967,
    1.3008778,
    0,
    0.00058768,
    1.30146548,
    null,
    74448.96810891603,
    "BTCUSD_PERP",
    "2",
    -10900,
    null,
    "57421.99999999",
    "0.00058768",
    -186123,
    111673
  ],
  "time": 1616418488406
}