{
  "code": 200,
  "result": [
    -0.14687351094905982,
    1.30089786,
    0,
    0.00141695,
    1.30231481,
    null,
    74213.51835036102,
    "BTCUSD_PERP",
    "2",
    -10900,
    null,
    "57421.99999999",
    "0.00141695",
    -185534,
    111320
  ],
  "time": 1616437448513
}