{
  "code": 200,
  "result": [
    -0.14666089690483175,
    1.3008778,
    0,
    0.00106204,
    1.30193984,
    null,
    74321.10555735255,
    "BTCUSD_PERP",
    "2",
    -10900,
    null,
    "57421.99999999",
    "0.00106204",
    -185803,
    111481
  ],
  "time": 1616424848374
}