{
  "code": 200,
  "result": [
    -0.14694226010630482,
    1.30089786,
    0,
    0.0015487,
    1.30244656,
    null,
    74178.79643415337,
    "BTCUSD_PERP",
    "2",
    -10900,
    null,
    "57421.99999999",
    "0.00154870",
    -185447,
    111268
  ],
  "time": 1616436787540
}