{
  "code": 200,
  "result": [
    -0.19976126383911766,
    1.30089289,
    0,
    0.00904246,
    1.30993535,
    null,
    71585.45017775235,
    "BTCUSD_PERP",
    "2",
    -14300,
    null,
    "56604.63779568",
    "0.00904246",
    -178964,
    107378
  ],
  "time": 1616459647934
}