{
  "code": 200,
  "result": [
    -0.19872490229276144,
    1.30089289,
    0,
    0.0073535,
    1.30824639,
    null,
    71958.77232805603,
    "BTCUSD_PERP",
    "2",
    -14300,
    null,
    "56604.63779568",
    "0.00735350",
    -179897,
    107938
  ],
  "time": 1616466969074
}