{
  "code": 200,
  "result": [
    -0.1461479926777082,
    1.3008778,
    0,
    3.822e-05,
    1.30091602,
    null,
    74581.93438234316,
    "BTCUSD_PERP",
    "2",
    -10900,
    null,
    "57421.99999999",
    "0.00003822",
    -186455,
    111872
  ],
  "time": 1616407088415
}