{
  "code": 200,
  "result": [
    -0.14760359712227952,
    1.3008778,
    0,
    0.00255251,
    1.30343031,
    null,
    73846.43878949707,
    "BTCUSD_PERP",
    "2",
    -10900,
    null,
    "57421.99999999",
    "0.00255251",
    -184617,
    110769
  ],
  "time": 1616420588212
}