{
  "code": 200,
  "result": [
    -0.1490187162622658,
    1.30089786,
    0,
    0.00463609,
    1.30553395,
    null,
    73145.1744679945,
    "BTCUSD_PERP",
    "2",
    -10900,
    null,
    "57421.99999999",
    "0.00463609",
    -182863,
    109717
  ],
  "time": 1616442547262
}