{
  "code": 200,
  "result": [
    -0.14646167662364265,
    1.3008778,
    0,
    0.00057628,
    1.30145408,
    null,
    74422.19870259537,
    "BTCUSD_PERP",
    "2",
    -10900,
    null,
    "57421.99999999",
    "0.00057628",
    -186056,
    111633
  ],
  "time": 1616404509604
}