{
  "code": 200,
  "result": [
    -0.1531968463042169,
    1.30089786,
    0,
    0.01128822,
    1.31218608,
    null,
    71150.28972825511,
    "BTCUSD_PERP",
    "2",
    -10900,
    null,
    "57421.99999999",
    "0.01128822",
    -177876,
    106725
  ],
  "time": 1616452027520
}