{
  "code": 200,
  "result": [
    -0.1466972499246323,
    1.3008778,
    0,
    0.00120092,
    1.30207872,
    null,
    74302.68805720641,
    "BTCUSD_PERP",
    "2",
    -10900,
    null,
    "57421.99999999",
    "0.00120059",
    -185757,
    111454
  ],
  "time": 1616422869639
}