{
  "code": 200,
  "result": [
    -0.1465847043366158,
    1.3008778,
    0,
    0.00081134,
    1.30168914,
    null,
    74359.73657230524,
    "BTCUSD_PERP",
    "2",
    -10900,
    null,
    "57421.99999999",
    "0.00081134",
    -185900,
    111539
  ],
  "time": 1616417648271
}