{
  "code": 200,
  "result": [
    -0.1999730946382707,
    1.30089289,
    0,
    0.00934463,
    1.31023752,
    null,
    71509.61996096087,
    "BTCUSD_PERP",
    "2",
    -14300,
    null,
    "56604.63779568",
    "0.00933647",
    -178775,
    107264
  ],
  "time": 1616471469018
}