{
  "code": 200,
  "result": [
    -0.14638216375645322,
    1.3008778,
    0,
    0.00042675,
    1.30130455,
    null,
    74462.62386266631,
    "BTCUSD_PERP",
    "2",
    -10900,
    null,
    "57421.99999999",
    "0.00042675",
    -186157,
    111693
  ],
  "time": 1616406248551
}