{
  "code": 200,
  "result": [
    -0.14546558140944263,
    1.3008778,
    0,
    -0.00098197,
    1.29989583,
    null,
    74931.81475911969,
    "BTCUSD_PERP",
    "2",
    -10900,
    null,
    "57421.99999999",
    "-0.00098045",
    -187330,
    112397
  ],
  "time": 1616407627749
}