{
  "code": 200,
  "result": [
    -0.14548133678007188,
    1.3008778,
    0,
    -0.00087658,
    1.30000122,
    null,
    74923.6997765413,
    "BTCUSD_PERP",
    "2",
    -10900,
    null,
    "57421.99999999",
    "-0.00088444",
    -187310,
    112385
  ],
  "time": 1616412547943
}