{
  "code": 200,
  "result": [
    -0.14918845082118087,
    1.30089786,
    0,
    0.00492786,
    1.30582572,
    null,
    73061.95580155782,
    "BTCUSD_PERP",
    "2",
    -10900,
    null,
    "57421.99999999",
    "0.00494197",
    -182655,
    109592
  ],
  "time": 1616441947972
}