{
  "code": 200,
  "result": [
    -0.14657273870113569,
    1.30089786,
    0,
    0.00102086,
    1.30191872,
    null,
    74365.80701562305,
    "BTCUSD_PERP",
    "2",
    -10900,
    null,
    "57421.99999999",
    "0.00102764",
    -185915,
    111548
  ],
  "time": 1616435888172
}