{
  "code": 200,
  "result": [
    -0.20077413846093994,
    1.30089289,
    0,
    0.01071499,
    1.31160788,
    null,
    71224.31260130659,
    "BTCUSD_PERP",
    "2",
    -14300,
    null,
    "56604.63779568",
    "0.01071499",
    -178061,
    106836
  ],
  "time": 1616458027359
}