{
  "code": 200,
  "result": [
    -0.20000671347935667,
    1.30089289,
    0,
    0.00942719,
    1.31032008,
    null,
    71497.60001169135,
    "BTCUSD_PERP",
    "2",
    -14300,
    null,
    "56604.63779568",
    "0.00942719",
    -178745,
    107246
  ],
  "time": 1616471169649
}