{
  "code": 200,
  "result": [
    -0.1462356199534503,
    1.3008778,
    0,
    0.0003693,
    1.3012471,
    null,
    74537.24341217062,
    "BTCUSD_PERP",
    "2",
    -10900,
    null,
    "57421.99999999",
    "0.00036930",
    -186344,
    111805
  ],
  "time": 1616418128608
}