{
  "code": 200,
  "result": [
    -0.1466325761484685,
    1.30089786,
    0,
    0.00103929,
    1.30193715,
    null,
    74335.46000694638,
    "BTCUSD_PERP",
    "2",
    -10900,
    null,
    "57421.99999999",
    "0.00102830",
    -185839,
    111503
  ],
  "time": 1616437627695
}