{
  "code": 200,
  "result": [
    -0.19977513446538422,
    1.30089289,
    0,
    0.00908056,
    1.30997345,
    null,
    71580.47991442005,
    "BTCUSD_PERP",
    "2",
    -14300,
    null,
    "56604.63779568",
    "0.00908052",
    -178952,
    107370
  ],
  "time": 1616468828494
}