{
  "code": 200,
  "result": [
    -0.1523488627826303,
    1.30089786,
    0,
    0.00977954,
    1.3106774,
    null,
    71546.3167949734,
    "BTCUSD_PERP",
    "2",
    -10900,
    null,
    "57421.99999999",
    "0.00976181",
    -178866,
    107319
  ],
  "time": 1616448847938
}