{
  "code": 200,
  "result": [
    -0.14676426018907254,
    1.3008778,
    0,
    0.00130344,
    1.30218124,
    null,
    74268.76261262664,
    "BTCUSD_PERP",
    "2",
    -10900,
    null,
    "57421.99999999",
    "0.00130344",
    -185672,
    111403
  ],
  "time": 1616422928125
}