{
  "code": 200,
  "result": [
    -0.14687942994365438,
    1.3008778,
    0,
    0.00147319,
    1.30235099,
    null,
    74210.52767008585,
    "BTCUSD_PERP",
    "2",
    -10900,
    null,
    "57421.99999999",
    "0.00147319",
    -185527,
    111315
  ],
  "time": 1616422988574
}