{
  "code": 200,
  "result": [
    -0.14646795003173202,
    1.3008778,
    0,
    0.00078609,
    1.30166389,
    null,
    74419.01110542296,
    "BTCUSD_PERP",
    "2",
    -10900,
    null,
    "57421.99999999",
    "0.00078609",
    -186048,
    111628
  ],
  "time": 1616427609924
}