{
  "code": 200,
  "result": [
    -0.14686472674326653,
    1.3008778,
    0,
    0.00131422,
    1.30219202,
    null,
    74217.9571753416,
    "BTCUSD_PERP",
    "2",
    -10900,
    null,
    "57421.99999999",
    "0.00131427",
    -185545,
    111326
  ],
  "time": 1616420410933
}