{
  "code": 200,
  "result": [
    -0.15028917649053042,
    1.30089786,
    0,
    0.0066938,
    1.30759166,
    null,
    72526.84627416798,
    "BTCUSD_PERP",
    "2",
    -10900,
    null,
    "57421.99999999",
    "0.00659758",
    -181318,
    108790
  ],
  "time": 1616443268771
}