{
  "code": 200,
  "result": [
    -0.1446260144719498,
    1.3008778,
    0,
    -0.00221917,
    1.29865863,
    null,
    75366.80063954921,
    "BTCUSD_PERP",
    "2",
    -10900,
    null,
    "57421.99999999",
    "-0.00221917",
    -188418,
    113050
  ],
  "time": 1616409608593
}