{
  "code": 200,
  "result": [
    -0.1990088929240478,
    1.30089289,
    0,
    0.00785834,
    1.30875123,
    null,
    71856.08537331861,
    "BTCUSD_PERP",
    "2",
    -14300,
    null,
    "56604.63779568",
    "0.00785834",
    -179641,
    107784
  ],
  "time": 1616467268451
}