{
  "code": 200,
  "result": [
    -0.14483572787055635,
    1.3008778,
    0,
    -0.00174608,
    1.29913172,
    null,
    75257.67405775479,
    "BTCUSD_PERP",
    "2",
    -10900,
    null,
    "57421.99999999",
    "-0.00174608",
    -188145,
    112886
  ],
  "time": 1616412308178
}