{
  "code": 200,
  "result": [
    -0.19960712080818935,
    1.30089289,
    0,
    0.00890326,
    1.30979615,
    null,
    71640.73076201252,
    "BTCUSD_PERP",
    "2",
    -14300,
    null,
    "56604.63779568",
    "0.00890123",
    -179102,
    107461
  ],
  "time": 1616462227788
}