{
  "code": 200,
  "result": [
    -0.1466668961266085,
    1.30089786,
    0,
    0.00105596,
    1.30195382,
    null,
    74318.06554759774,
    "BTCUSD_PERP",
    "2",
    -10900,
    null,
    "57421.99999999",
    "0.00105596",
    -185796,
    111477
  ],
  "time": 1616437509254
}