{
  "code": 200,
  "result": [
    -0.19818158996759305,
    1.30089289,
    0,
    0.00643938,
    1.30733227,
    null,
    72156.04639330201,
    "BTCUSD_PERP",
    "2",
    -14300,
    null,
    "56604.63779568",
    "0.00644019",
    -180391,
    108234
  ],
  "time": 1616463968764
}