{
  "code": 200,
  "result": [
    -0.14430621817952377,
    1.3008778,
    0,
    -0.00274024,
    1.29813756,
    null,
    75533.82063162298,
    "BTCUSD_PERP",
    "2",
    -10900,
    null,
    "57421.99999999",
    "-0.00274024",
    -188835,
    113300
  ],
  "time": 1616409247999
}