{
  "code": 200,
  "result": [
    -0.14676559031905717,
    1.30089786,
    0,
    0.0012921,
    1.30218996,
    null,
    74268.08951815091,
    "BTCUSD_PERP",
    "2",
    -10900,
    null,
    "57421.99999999",
    "0.00128596",
    -185671,
    111402
  ],
  "time": 1616429468961
}