{
  "code": 200,
  "result": [
    -0.19859577996141922,
    1.30089289,
    0,
    0.00704545,
    1.30793834,
    null,
    72005.55823884088,
    "BTCUSD_PERP",
    "2",
    -14300,
    null,
    "56604.63779568",
    "0.00704545",
    -180014,
    108008
  ],
  "time": 1616467687597
}