{
  "code": 200,
  "result": [
    -0.1528656270084723,
    1.30089786,
    0,
    0.01065301,
    1.31155087,
    null,
    71304.45354727055,
    "BTCUSD_PERP",
    "2",
    -10900,
    null,
    "57421.99999999",
    "0.01065301",
    -178262,
    106956
  ],
  "time": 1616455269286
}