{
  "code": 200,
  "result": [
    -0.1477990757463544,
    1.30089786,
    0,
    0.00274168,
    1.30363954,
    null,
    73748.76970615196,
    "BTCUSD_PERP",
    "2",
    -10900,
    null,
    "57421.99999999",
    "0.00273977",
    -184372,
    110623
  ],
  "time": 1616439127810
}