{
  "code": 200,
  "result": [
    -0.19823214940064723,
    1.30089289,
    0,
    0.00685374,
    1.30774663,
    null,
    72137.64287597091,
    "BTCUSD_PERP",
    "2",
    -14300,
    null,
    "56604.63779568",
    "0.00683432",
    -180345,
    108206
  ],
  "time": 1616464507985
}