{
  "code": 200,
  "result": [
    -0.19988883858916578,
    1.30089289,
    0,
    0.00948818,
    1.31038107,
    null,
    71539.76230454259,
    "BTCUSD_PERP",
    "2",
    -14300,
    null,
    "56604.63779568",
    "0.00948818",
    -178850,
    107309
  ],
  "time": 1616473388195
}