{
  "code": 200,
  "result": [
    -0.14667694648871027,
    1.3008778,
    0,
    0.00094649,
    1.30182429,
    null,
    74312.9732444967,
    "BTCUSD_PERP",
    "2",
    -10900,
    null,
    "57421.99999999",
    "0.00094651",
    -185783,
    111469
  ],
  "time": 1616404148811
}