{
  "code": 200,
  "result": [
    -0.19994431639592045,
    1.30089289,
    0,
    0.00934274,
    1.31023563,
    null,
    71519.91243243846,
    "BTCUSD_PERP",
    "2",
    -14300,
    null,
    "56604.63779568",
    "0.00934274",
    -178800,
    107279
  ],
  "time": 1616469368809
}