{
  "code": 200,
  "result": [
    -0.152685441633783,
    1.30089786,
    0,
    0.01036622,
    1.31126408,
    null,
    71388.60053300772,
    "BTCUSD_PERP",
    "2",
    -10900,
    null,
    "57421.99999999",
    "0.01034654",
    -178472,
    107082
  ],
  "time": 1616453827876
}