{
  "code": 200,
  "result": [
    -0.14664041534490657,
    1.30089786,
    0,
    0.00104281,
    1.30194067,
    null,
    74331.48613472338,
    "BTCUSD_PERP",
    "2",
    -10900,
    null,
    "57421.99999999",
    "0.00104281",
    -185829,
    111497
  ],
  "time": 1616436188344
}