{
  "code": 200,
  "result": [
    -0.19952379300412676,
    1.30089289,
    0,
    0.00856678,
    1.30945967,
    null,
    71670.65032541874,
    "BTCUSD_PERP",
    "2",
    -14300,
    null,
    "56604.63779568",
    "0.00852335",
    -179177,
    107505
  ],
  "time": 1616460547047
}