{
  "code": 200,
  "result": [
    -0.1992106398526872,
    1.30089289,
    0,
    0.00815304,
    1.30904593,
    null,
    71783.31443829808,
    "BTCUSD_PERP",
    "2",
    -14300,
    null,
    "56604.63779568",
    "0.00815315",
    -179459,
    107674
  ],
  "time": 1616463487782
}