{
  "code": 200,
  "result": [
    -0.1985479138016982,
    1.30089289,
    0,
    0.00724011,
    1.308133,
    null,
    72022.91742174776,
    "BTCUSD_PERP",
    "2",
    -14300,
    null,
    "56604.63779568",
    "0.00725093",
    -180058,
    108034
  ],
  "time": 1616465287953
}