{
  "code": 200,
  "result": [
    -0.14938763970644292,
    1.30089786,
    0,
    0.00528786,
    1.30618572,
    null,
    72964.53723627508,
    "BTCUSD_PERP",
    "2",
    -10900,
    null,
    "57421.99999999",
    "0.00528786",
    -182412,
    109446
  ],
  "time": 1616444528121
}