{
  "code": 200,
  "result": [
    -0.14628454743652058,
    1.3008778,
    0,
    0.00032418,
    1.30120198,
    null,
    74512.31309807346,
    "BTCUSD_PERP",
    "2",
    -10900,
    null,
    "57421.99999999",
    "0.00032418",
    -186281,
    111768
  ],
  "time": 1616404628551
}