{
  "code": 200,
  "result": [
    -0.14526379681018883,
    1.3008778,
    0,
    -0.00116861,
    1.29970919,
    null,
    75035.90185132399,
    "BTCUSD_PERP",
    "2",
    -10900,
    null,
    "57421.99999999",
    "-0.00116861",
    -187590,
    112553
  ],
  "time": 1616412669359
}