{
  "code": 200,
  "result": [
    -0.14620275222400048,
    1.3008778,
    0,
    0.00020981,
    1.30108761,
    null,
    74554.00007313042,
    "BTCUSD_PERP",
    "2",
    -10900,
    null,
    "57421.99999999",
    "0.00020981",
    -186386,
    111831
  ],
  "time": 1616418909075
}