{
  "code": 200,
  "result": [
    -0.1518302288073424,
    1.30089786,
    0,
    0.00895527,
    1.30985313,
    null,
    71790.71049040588,
    "BTCUSD_PERP",
    "2",
    -10900,
    null,
    "57421.99999999",
    "0.00895527",
    -179477,
    107686
  ],
  "time": 1616447408280
}