{
  "code": 200,
  "result": [
    -0.1468091087094556,
    1.30089786,
    0,
    0.00134079,
    1.30223865,
    null,
    74246.0743465978,
    "BTCUSD_PERP",
    "2",
    -10900,
    null,
    "57421.99999999",
    "0.00134079",
    -185616,
    111369
  ],
  "time": 1616437148256
}