{
  "code": 200,
  "result": [
    -0.15207190933897405,
    1.30089786,
    0,
    0.00929903,
    1.31019689,
    null,
    71676.6169858727,
    "BTCUSD_PERP",
    "2",
    -10900,
    null,
    "57421.99999999",
    "0.00932423",
    -179192,
    107514
  ],
  "time": 1616448369061
}