{
  "code": 200,
  "result": [
    -0.146500425074748,
    1.3008778,
    0,
    0.00081439,
    1.30169219,
    null,
    74402.5144939925,
    "BTCUSD_PERP",
    "2",
    -10900,
    null,
    "57421.99999999",
    "0.00081439",
    -186007,
    111603
  ],
  "time": 1616424609811
}