{
  "code": 200,
  "result": [
    -0.14589925211274765,
    1.3008778,
    0,
    -0.00014336,
    1.30073444,
    null,
    74709.08755294184,
    "BTCUSD_PERP",
    "2",
    -10900,
    null,
    "57421.99999999",
    "-0.00014336",
    -186773,
    112063
  ],
  "time": 1616416088469
}