{
  "code": 200,
  "result": [
    -0.14575225066583702,
    1.3008778,
    0,
    -0.00041999,
    1.30045781,
    null,
    74784.43694835417,
    "BTCUSD_PERP",
    "2",
    -10900,
    null,
    "57421.99999999",
    "-0.00041999",
    -186962,
    112176
  ],
  "time": 1616402169465
}