{
  "code": 200,
  "result": [
    -0.20096038756135862,
    1.30089289,
    0,
    0.011053,
    1.31194589,
    null,
    71158.30225811953,
    "BTCUSD_PERP",
    "2",
    -14300,
    null,
    "56604.63779568",
    "0.01105300",
    -177896,
    106737
  ],
  "time": 1616473928709
}