{
  "code": 200,
  "result": [
    -0.14460786073809564,
    1.3008778,
    0,
    -0.00212242,
    1.29875538,
    null,
    75376.26201207258,
    "BTCUSD_PERP",
    "2",
    -10900,
    null,
    "57421.99999999",
    "-0.00212242",
    -188441,
    113064
  ],
  "time": 1616411948184
}