{
  "code": 200,
  "result": [
    -0.20072577093602811,
    1.30089289,
    0,
    0.01057958,
    1.31147247,
    null,
    71241.4750398814,
    "BTCUSD_PERP",
    "2",
    -14300,
    null,
    "56604.63779568",
    "0.01059587",
    -178104,
    106862
  ],
  "time": 1616473628015
}