{
  "code": 200,
  "result": [
    -0.14623429619220496,
    1.3008778,
    0,
    0.00014953,
    1.30102733,
    null,
    74537.91814796608,
    "BTCUSD_PERP",
    "2",
    -10900,
    null,
    "57421.99999999",
    "0.00014953",
    -186345,
    111806
  ],
  "time": 1616405648110
}