{
  "code": 200,
  "result": [
    -0.19912077283281743,
    1.30089289,
    0,
    0.00805066,
    1.30894355,
    null,
    71815.71162344943,
    "BTCUSD_PERP",
    "2",
    -14300,
    null,
    "56604.63779568",
    "0.00805066",
    -179540,
    107723
  ],
  "time": 1616463068519
}