{
  "code": 200,
  "result": [
    -0.19974808208316955,
    1.30089289,
    0,
    0.00899585,
    1.30988874,
    null,
    71590.17423779758,
    "BTCUSD_PERP",
    "2",
    -14300,
    null,
    "56604.63779568",
    "0.00898557",
    -178976,
    107385
  ],
  "time": 1616461447814
}