{
  "code": 200,
  "result": [
    -0.1466625102315266,
    1.3008778,
    0,
    0.00106945,
    1.30194725,
    null,
    74320.2880053865,
    "BTCUSD_PERP",
    "2",
    -10900,
    null,
    "57421.99999999",
    "0.00106945",
    -185801,
    111480
  ],
  "time": 1616421909587
}