{
  "code": 200,
  "result": [
    -0.15225461169506735,
    1.30089786,
    0,
    0.00960534,
    1.3105032,
    null,
    71590.60654156285,
    "BTCUSD_PERP",
    "2",
    -10900,
    null,
    "57421.99999999",
    "0.00960761",
    -178977,
    107385
  ],
  "time": 1616451368937
}