{
  "code": 200,
  "result": [
    -0.20024166937095544,
    1.30089289,
    0,
    0.00982851,
    1.3107214,
    null,
    71413.7074711892,
    "BTCUSD_PERP",
    "2",
    -14300,
    null,
    "56604.63779568",
    "0.00982851",
    -178535,
    107120
  ],
  "time": 1616469068529
}