{
  "code": 200,
  "result": [
    -0.15221405842542593,
    1.30089786,
    0,
    0.00950168,
    1.31039954,
    null,
    71609.6798991811,
    "BTCUSD_PERP",
    "2",
    -10900,
    null,
    "57421.99999999",
    "0.00950168",
    -179025,
    107414
  ],
  "time": 1616454127164
}