{
  "code": 200,
  "result": [
    -0.1490886913975069,
    1.30089786,
    0,
    0.00479488,
    1.30569274,
    null,
    73110.84360475023,
    "BTCUSD_PERP",
    "2",
    -10900,
    null,
    "57421.99999999",
    "0.00479488",
    -182778,
    109666
  ],
  "time": 1616444228459
}