{
  "code": 200,
  "result": [
    -0.1999337603876365,
    1.30089289,
    0,
    0.00947992,
    1.31037281,
    null,
    71523.68850700757,
    "BTCUSD_PERP",
    "2",
    -14300,
    null,
    "56604.63779568",
    "0.00947992",
    -178810,
    107285
  ],
  "time": 1616461627154
}