{
  "code": 200,
  "result": [
    -0.1999386343058095,
    1.30089289,
    0,
    0.00939324,
    1.31028613,
    null,
    71521.9449690144,
    "BTCUSD_PERP",
    "2",
    -14300,
    null,
    "56604.63779568",
    "0.00939096",
    -178805,
    107282
  ],
  "time": 1616460787797
}