{
  "code": 200,
  "result": [
    -0.1467467724182777,
    1.3008778,
    0,
    0.00122739,
    1.30210519,
    null,
    74277.61319977336,
    "BTCUSD_PERP",
    "2",
    -10900,
    null,
    "57421.99999999",
    "0.00121398",
    -185695,
    111416
  ],
  "time": 1616421789759
}