{
  "code": 200,
  "result": [
    -0.14745796958254154,
    1.30089786,
    0,
    0.00221697,
    1.30311483,
    null,
    73919.36855538067,
    "BTCUSD_PERP",
    "2",
    -10900,
    null,
    "57421.99999999",
    "0.00221697",
    -184799,
    110879
  ],
  "time": 1616433609173
}