{
  "code": 200,
  "result": [
    -0.1477272046806622,
    1.30089786,
    0,
    0.00471808,
    1.30561594,
    null,
    73784.64937153741,
    "BTCUSD_PERP",
    "2",
    -10900,
    null,
    "57421.99999999",
    "0.00472356",
    -184462,
    110676
  ],
  "time": 1616440387754
}