{
  "code": 200,
  "result": [
    -0.14646784294637383,
    1.3008778,
    0,
    0.00072584,
    1.30160364,
    null,
    74419.06551454308,
    "BTCUSD_PERP",
    "2",
    -10900,
    null,
    "57421.99999999",
    "0.00072584",
    -186048,
    111628
  ],
  "time": 1616428689015
}