{
  "code": 200,
  "result": [
    -0.1492520795618234,
    1.30089786,
    0,
    0.0050714,
    1.30596926,
    null,
    73030.80822726485,
    "BTCUSD_PERP",
    "2",
    -10900,
    null,
    "57421.99999999",
    "0.00507140",
    -182578,
    109546
  ],
  "time": 1616442068599
}