{
  "code": 200,
  "result": [
    -0.14648477928935436,
    1.3008778,
    0,
    0.0006443,
    1.3015221,
    null,
    74410.46129761379,
    "BTCUSD_PERP",
    "2",
    -10900,
    null,
    "57421.99999999",
    "0.00060703",
    -186027,
    111615
  ],
  "time": 1616418787894
}