{
  "code": 200,
  "result": [
    -0.14944376714825305,
    1.30089786,
    0,
    0.00530539,
    1.30620325,
    null,
    72937.13353188458,
    "BTCUSD_PERP",
    "2",
    -10900,
    null,
    "57421.99999999",
    "0.00531589",
    -182343,
    109405
  ],
  "time": 1616441409013
}