{
  "code": 200,
  "result": [
    -0.14435046366102414,
    1.3008778,
    0,
    -0.00261372,
    1.29826408,
    null,
    75510.66843537333,
    "BTCUSD_PERP",
    "2",
    -10900,
    null,
    "57421.99999999",
    "-0.00261372",
    -188777,
    113266
  ],
  "time": 1616409308184
}