{
  "code": 200,
  "result": [
    -0.14727219757605436,
    1.30089786,
    0,
    0.00200169,
    1.30289955,
    null,
    74012.61188060304,
    "BTCUSD_PERP",
    "2",
    -10900,
    null,
    "57421.99999999",
    "0.00200169",
    -185032,
    111018
  ],
  "time": 1616430488283
}