{
  "code": 200,
  "result": [
    -0.14984876260865407,
    1.30089786,
    0,
    0.00601545,
    1.30691331,
    null,
    72740.00672575792,
    "BTCUSD_PERP",
    "2",
    -10900,
    null,
    "57421.99999999",
    "0.00601545",
    -181851,
    109110
  ],
  "time": 1616445427353
}