{
  "code": 200,
  "result": [
    -0.14675158665425414,
    1.3008778,
    0,
    0.00128767,
    1.30216547,
    null,
    74275.17649727587,
    "BTCUSD_PERP",
    "2",
    -10900,
    null,
    "57421.99999999",
    "0.00128767",
    -185688,
    111412
  ],
  "time": 1616426470201
}