{
  "code": 200,
  "result": [
    -0.1450854144992714,
    1.3008778,
    0,
    -0.00116212,
    1.29971568,
    null,
    75128.15838600192,
    "BTCUSD_PERP",
    "2",
    -10900,
    null,
    "57421.99999999",
    "-0.00116212",
    -187821,
    112692
  ],
  "time": 1616412369200
}