{
  "code": 200,
  "result": [
    -0.19981662852570814,
    1.30089289,
    0,
    0.00906471,
    1.3099576,
    null,
    71565.61546207943,
    "BTCUSD_PERP",
    "2",
    -14300,
    null,
    "56604.63779568",
    "0.00906259",
    -178915,
    107348
  ],
  "time": 1616469427867
}