{
  "code": 200,
  "result": [
    -0.14832805128189322,
    1.30089786,
    0,
    0.00365272,
    1.30455058,
    null,
    73485.76284660317,
    "BTCUSD_PERP",
    "2",
    -10900,
    null,
    "57421.99999999",
    "0.00363793",
    -183715,
    110228
  ],
  "time": 1616431148909
}