{
  "code": 200,
  "result": [
    -0.1461939636481531,
    1.3008778,
    0,
    0.0002055,
    1.3010833,
    null,
    74558.48195095915,
    "BTCUSD_PERP",
    "2",
    -10900,
    null,
    "57421.99999999",
    "0.00020550",
    -186397,
    111837
  ],
  "time": 1616417947692
}