{
  "code": 200,
  "result": [
    -0.15233187889149957,
    1.30089786,
    0,
    0.00981836,
    1.31071622,
    null,
    71554.29368637718,
    "BTCUSD_PERP",
    "2",
    -10900,
    null,
    "57421.99999999",
    "0.00979495",
    -178886,
    107331
  ],
  "time": 1616448068809
}