{
  "code": 200,
  "result": [
    -0.146178293530915,
    1.3008778,
    0,
    0.00019048,
    1.30106828,
    null,
    74566.47452034168,
    "BTCUSD_PERP",
    "2",
    -10900,
    null,
    "57421.99999999",
    "0.00019048",
    -186417,
    111849
  ],
  "time": 1616402648052
}