{
  "code": 200,
  "result": [
    -0.14547562494825161,
    1.3008778,
    0,
    -0.00079315,
    1.30008465,
    null,
    74926.64151728053,
    "BTCUSD_PERP",
    "2",
    -10900,
    null,
    "57421.99999999",
    "-0.00079315",
    -187317,
    112389
  ],
  "time": 1616414827667
}