{
  "code": 200,
  "result": [
    -0.19927621586765965,
    1.30089289,
    0,
    0.00818901,
    1.3090819,
    null,
    71759.69263435183,
    "BTCUSD_PERP",
    "2",
    -14300,
    null,
    "56604.63779568",
    "0.00823187",
    -179400,
    107639
  ],
  "time": 1616462769708
}