{
  "code": 200,
  "result": [
    -0.19967971271818521,
    1.30089289,
    0,
    0.0088906,
    1.30978349,
    null,
    71614.6863661712,
    "BTCUSD_PERP",
    "2",
    -14300,
    null,
    "56604.63779568",
    "0.00889060",
    -179037,
    107422
  ],
  "time": 1616471887408
}