{
  "code": 200,
  "result": [
    -0.15222014721467428,
    1.30089786,
    0,
    0.00968972,
    1.31058758,
    null,
    71606.81551981327,
    "BTCUSD_PERP",
    "2",
    -10900,
    null,
    "57421.99999999",
    "0.00970245",
    -179018,
    107410
  ],
  "time": 1616456527735
}