{
  "code": 200,
  "result": [
    -0.14640347451042127,
    1.3008778,
    0,
    0.00064529,
    1.30152309,
    null,
    74451.78494875215,
    "BTCUSD_PERP",
    "2",
    -10900,
    null,
    "57421.99999999",
    "0.00064827",
    -186130,
    111677
  ],
  "time": 1616427849537
}