{
  "code": 200,
  "result": [
    -0.14636720905066028,
    1.3008778,
    0,
    0.00039563,
    1.30127343,
    null,
    74470.2318961846,
    "BTCUSD_PERP",
    "2",
    -10900,
    null,
    "57421.99999999",
    "0.00040113",
    -186176,
    111705
  ],
  "time": 1616405169088
}