{
  "code": 200,
  "result": [
    -0.14655433943167054,
    1.3008778,
    0,
    0.00070374,
    1.30158154,
    null,
    74375.1433241048,
    "BTCUSD_PERP",
    "2",
    -10900,
    null,
    "57421.99999999",
    "0.00072872",
    -185938,
    111562
  ],
  "time": 1616404388877
}