{
  "code": 200,
  "result": [
    -0.1456990692926898,
    1.3008778,
    0,
    -0.00046562,
    1.30041218,
    null,
    74811.73389037488,
    "BTCUSD_PERP",
    "2",
    -10900,
    null,
    "57421.99999999",
    "-0.00046562",
    -187030,
    112217
  ],
  "time": 1616415427540
}