{
  "code": 200,
  "result": [
    -0.20203439040510476,
    1.30089289,
    0,
    0.01278992,
    1.31368281,
    null,
    70780.02894124447,
    "BTCUSD_PERP",
    "2",
    -14300,
    null,
    "56604.63779568",
    "0.01278992",
    -176951,
    106170
  ],
  "time": 1616457847930
}