{
  "code": 200,
  "result": [
    -0.15310031054536385,
    1.30089786,
    0,
    0.01120727,
    1.31210513,
    null,
    71195.15278037476,
    "BTCUSD_PERP",
    "2",
    -10900,
    null,
    "57421.99999999",
    "0.01120853",
    -177988,
    106792
  ],
  "time": 1616457428540
}