{
  "code": 200,
  "result": [
    -0.14454789734261633,
    1.3008778,
    0,
    -0.00237775,
    1.29850005,
    null,
    75407.53065514435,
    "BTCUSD_PERP",
    "2",
    -10900,
    null,
    "57421.99999999",
    "-0.00237880",
    -188519,
    113111
  ],
  "time": 1616410088142
}