{
  "code": 200,
  "result": [
    -0.146879572997217,
    1.3008778,
    0,
    0.00135403,
    1.30223183,
    null,
    74210.45539264013,
    "BTCUSD_PERP",
    "2",
    -10900,
    null,
    "57421.99999999",
    "0.00135403",
    -185527,
    111315
  ],
  "time": 1616421428522
}