{
  "code": 200,
  "result": [
    -0.14557055947802658,
    1.30079994,
    0,
    -0.00076351,
    1.30003643,
    null,
    74877.77775316802,
    "BTCUSD_PERP",
    "2",
    -10900,
    null,
    "57421.99999999",
    "-0.00076351",
    -187195,
    112316
  ],
  "time": 1616399948631
}