{
  "code": 200,
  "result": [
    -0.14718905948888,
    1.30089786,
    0,
    0.00189992,
    1.30279778,
    null,
    74054.41707318937,
    "BTCUSD_PERP",
    "2",
    -10900,
    null,
    "57421.99999999",
    "0.00189992",
    -185137,
    111081
  ],
  "time": 1616433908533
}