{
  "code": 200,
  "result": [
    -0.1458110101399064,
    1.3008778,
    0,
    -0.00034824,
    1.30052956,
    null,
    74754.3000322225,
    "BTCUSD_PERP",
    "2",
    -10900,
    null,
    "57421.99999999",
    "-0.00034824",
    -186886,
    112131
  ],
  "time": 1616415368545
}