{
  "code": 200,
  "result": [
    -0.20103329448726856,
    1.30089289,
    0,
    0.01116135,
    1.31205424,
    null,
    71132.49592049848,
    "BTCUSD_PERP",
    "2",
    -14300,
    null,
    "56604.63779568",
    "0.01116135",
    -177832,
    106698
  ],
  "time": 1616474408491
}