{
  "code": 200,
  "result": [
    -0.20086478552607087,
    1.30089289,
    0,
    0.01078042,
    1.31167331,
    null,
    71192.170208172,
    "BTCUSD_PERP",
    "2",
    -14300,
    null,
    "56604.63779568",
    "0.01078042",
    -177981,
    106788
  ],
  "time": 1616473748396
}