{
  "code": 200,
  "result": [
    -0.1465668907136063,
    1.3008778,
    0,
    0.00081204,
    1.30168984,
    null,
    74368.77419538598,
    "BTCUSD_PERP",
    "2",
    -10900,
    null,
    "57421.99999999",
    "0.00081204",
    -185922,
    111553
  ],
  "time": 1616420288213
}