{
  "code": 200,
  "result": [
    -0.2002337478941339,
    1.30089289,
    0,
    0.00984783,
    1.31074072,
    null,
    71416.53267939923,
    "BTCUSD_PERP",
    "2",
    -14300,
    null,
    "56604.63779568",
    "0.00984783",
    -178542,
    107124
  ],
  "time": 1616458387069
}