{
  "code": 200,
  "result": [
    -0.15188481335653814,
    1.30089786,
    0,
    0.00905257,
    1.30995043,
    null,
    71764.9102574401,
    "BTCUSD_PERP",
    "2",
    -10900,
    null,
    "57421.99999999",
    "0.00905257",
    -179413,
    107647
  ],
  "time": 1616447047683
}