{
  "code": 200,
  "result": [
    -0.15139173152922364,
    1.30089786,
    0,
    0.00844129,
    1.30933915,
    null,
    71998.64807607367,
    "BTCUSD_PERP",
    "2",
    -10900,
    null,
    "57421.99999999",
    "0.00844129",
    -179997,
    107997
  ],
  "time": 1616445908415
}