{
  "code": 200,
  "result": [
    -0.19799459090157165,
    1.30089289,
    0,
    0.00628392,
    1.30717681,
    null,
    72224.19529182445,
    "BTCUSD_PERP",
    "2",
    -14300,
    null,
    "56604.63779568",
    "0.00628392",
    -180561,
    108336
  ],
  "time": 1616464387505
}