{
  "code": 200,
  "result": [
    -0.19963497682763812,
    1.30089289,
    0,
    0.008796,
    1.30968889,
    null,
    71630.73438952738,
    "BTCUSD_PERP",
    "2",
    -14300,
    null,
    "56604.63779568",
    "0.00879600",
    -179077,
    107446
  ],
  "time": 1616458627709
}