{
  "code": 200,
  "result": [
    -0.14669648173226926,
    1.3008778,
    0,
    0.00093542,
    1.30181322,
    null,
    74303.07715145628,
    "BTCUSD_PERP",
    "2",
    -10900,
    null,
    "57421.99999999",
    "0.00093542",
    -185758,
    111454
  ],
  "time": 1616403788281
}