{
  "code": 200,
  "result": [
    -0.2002510634495803,
    1.30089289,
    0,
    0.00986376,
    1.31075665,
    null,
    71410.35734674383,
    "BTCUSD_PERP",
    "2",
    -14300,
    null,
    "56604.63779568",
    "0.00986376",
    -178526,
    107115
  ],
  "time": 1616473448934
}