{
  "code": 200,
  "result": [
    -0.14660072995278556,
    1.3008778,
    0,
    0.00079668,
    1.30167448,
    null,
    74351.60795932237,
    "BTCUSD_PERP",
    "2",
    -10900,
    null,
    "57421.99999999",
    "0.00079668",
    -185880,
    111527
  ],
  "time": 1616420109439
}