{
  "code": 200,
  "result": [
    -0.20068305519716303,
    1.30089289,
    0,
    0.01057085,
    1.31146374,
    null,
    71256.63891229294,
    "BTCUSD_PERP",
    "2",
    -14300,
    null,
    "56604.63779568",
    "0.01057085",
    -178142,
    106884
  ],
  "time": 1616474588448
}