{
  "code": 200,
  "result": [
    -0.19980406115239338,
    1.30089289,
    0,
    0.00922453,
    1.31011742,
    null,
    71570.11683107476,
    "BTCUSD_PERP",
    "2",
    -14300,
    null,
    "56604.63779568",
    "0.00924510",
    -178926,
    107355
  ],
  "time": 1616461088839
}