{
  "code": 200,
  "result": [
    -0.15183683313463073,
    1.30089786,
    0,
    0.00901847,
    1.30991633,
    null,
    71787.58786634587,
    "BTCUSD_PERP",
    "2",
    -10900,
    null,
    "57421.99999999",
    "0.00901847",
    -179469,
    107681
  ],
  "time": 1616454728265
}