{
  "code": 200,
  "result": [
    -0.1988280725395878,
    1.30089289,
    0,
    0.00761273,
    1.30850562,
    null,
    71921.43351464008,
    "BTCUSD_PERP",
    "2",
    -14300,
    null,
    "56604.63779568",
    "0.00758390",
    -179804,
    107882
  ],
  "time": 1616466187788
}