{
  "code": 200,
  "result": [
    -0.1527634745543667,
    1.30089786,
    0,
    0.01043854,
    1.3113364,
    null,
    71352.13461069073,
    "BTCUSD_PERP",
    "2",
    -10900,
    null,
    "57421.99999999",
    "0.01043854",
    -178381,
    107028
  ],
  "time": 1616453408336
}