{
  "code": 200,
  "result": [
    -0.15272423763223786,
    1.30089786,
    0,
    0.01035177,
    1.31124963,
    null,
    71370.46593905648,
    "BTCUSD_PERP",
    "2",
    -10900,
    null,
    "57421.99999999",
    "0.01035177",
    -178427,
    107055
  ],
  "time": 1616457127641
}