{
  "code": 200,
  "result": [
    -0.14581939581902656,
    1.3008778,
    0,
    -0.00028782,
    1.30058998,
    null,
    74750.00111458263,
    "BTCUSD_PERP",
    "2",
    -10900,
    null,
    "57421.99999999",
    "-0.00028782",
    -186876,
    112125
  ],
  "time": 1616415847928
}