{
  "code": 200,
  "result": [
    -0.1479052155423761,
    1.30089786,
    0,
    0.00314671,
    1.30404457,
    null,
    73695.84608648947,
    "BTCUSD_PERP",
    "2",
    -10900,
    null,
    "57421.99999999",
    "0.00317821",
    -184240,
    110543
  ],
  "time": 1616439612772
}