{
  "code": 200,
  "result": [
    -0.14429794425024922,
    1.3008778,
    0,
    -0.00272908,
    1.29814872,
    null,
    75538.15168077957,
    "BTCUSD_PERP",
    "2",
    -10900,
    null,
    "57421.99999999",
    "-0.00272908",
    -188846,
    113307
  ],
  "time": 1616408469577
}