{
  "code": 200,
  "result": [
    -0.14635615184988196,
    1.3008778,
    0,
    0.00040017,
    1.30127797,
    null,
    74475.85811890005,
    "BTCUSD_PERP",
    "2",
    -10900,
    null,
    "57421.99999999",
    "0.00040017",
    -186190,
    111713
  ],
  "time": 1616406428232
}