{
  "code": 200,
  "result": [
    -0.14626589801541073,
    1.3008778,
    0,
    0.00026582,
    1.30114362,
    null,
    74521.81368244541,
    "BTCUSD_PERP",
    "2",
    -10900,
    null,
    "57421.99999999",
    "0.00026582",
    -186305,
    111782
  ],
  "time": 1616406669595
}