{
  "code": 200,
  "result": [
    -0.15320088915284935,
    1.30089786,
    0,
    0.01124423,
    1.31214209,
    null,
    71148.41212915553,
    "BTCUSD_PERP",
    "2",
    -10900,
    null,
    "57421.99999999",
    "0.01124423",
    -177872,
    106722
  ],
  "time": 1616457547799
}