{
  "code": 200,
  "result": [
    -0.1476956326435644,
    1.30089786,
    0,
    0.00253927,
    1.30343713,
    null,
    73800.42188725443,
    "BTCUSD_PERP",
    "2",
    -10900,
    null,
    "57421.99999999",
    "0.00252912",
    -184502,
    110700
  ],
  "time": 1616433487964
}