{
  "code": 200,
  "result": [
    -0.15281225909050494,
    1.30089786,
    0,
    0.0103445,
    1.31124236,
    null,
    71329.3558047875,
    "BTCUSD_PERP",
    "2",
    -10900,
    null,
    "57421.99999999",
    "0.01034450",
    -178324,
    106994
  ],
  "time": 1616452569295
}