{
  "code": 200,
  "result": [
    -0.19992517570037802,
    1.30089289,
    0,
    0.00939115,
    1.31028404,
    null,
    71526.75969849335,
    "BTCUSD_PERP",
    "2",
    -14300,
    null,
    "56604.63779568",
    "0.00939115",
    -178817,
    107290
  ],
  "time": 1616461027603
}