{
  "code": 200,
  "result": [
    -0.1466803150474744,
    1.3008778,
    0,
    0.00095251,
    1.30183031,
    null,
    74311.26662410097,
    "BTCUSD_PERP",
    "2",
    -10900,
    null,
    "57421.99999999",
    "0.00095251",
    -185779,
    111466
  ],
  "time": 1616404028204
}