{
  "code": 200,
  "result": [
    -0.1479356813654141,
    1.30089786,
    0,
    0.0030756,
    1.30397346,
    null,
    73680.66918944352,
    "BTCUSD_PERP",
    "2",
    -10900,
    null,
    "57421.99999999",
    "0.00305917",
    -184202,
    110521
  ],
  "time": 1616438769870
}