{
  "code": 200,
  "result": [
    -0.14690881377087764,
    1.30089786,
    0,
    0.00157257,
    1.30247043,
    null,
    74195.68452169174,
    "BTCUSD_PERP",
    "2",
    -10900,
    null,
    "57421.99999999",
    "0.00157257",
    -185490,
    111293
  ],
  "time": 1616436847965
}