{
  "code": 200,
  "result": [
    -0.20030851573808858,
    1.30089289,
    0,
    0.00983936,
    1.31073225,
    null,
    71389.87549934135,
    "BTCUSD_PERP",
    "2",
    -14300,
    null,
    "56604.63779568",
    "0.00984327",
    -178475,
    107084
  ],
  "time": 1616475369213
}