{
  "code": 200,
  "result": [
    -0.1999355550645724,
    1.30089289,
    0,
    0.00934164,
    1.31023453,
    null,
    71523.04649056336,
    "BTCUSD_PERP",
    "2",
    -14300,
    null,
    "56604.63779568",
    "0.00937188",
    -178808,
    107284
  ],
  "time": 1616470027934
}