{
  "code": 200,
  "result": [
    -0.19968091990981646,
    1.30089289,
    0,
    0.00892544,
    1.30981833,
    null,
    71614.25341218594,
    "BTCUSD_PERP",
    "2",
    -14300,
    null,
    "56604.63779568",
    "0.00892544",
    -179036,
    107421
  ],
  "time": 1616458808235
}