{
  "code": 200,
  "result": [
    -0.14594414751342147,
    1.3008778,
    0,
    -0.00010737,
    1.30077043,
    null,
    74686.10551168284,
    "BTCUSD_PERP",
    "2",
    -10900,
    null,
    "57421.99999999",
    "-0.00010143",
    -186716,
    112029
  ],
  "time": 1616401928083
}