{
  "code": 200,
  "result": [
    -0.1461844783972456,
    1.3008778,
    0,
    0.00015798,
    1.30103578,
    null,
    74563.31971428628,
    "BTCUSD_PERP",
    "2",
    -10900,
    null,
    "57421.99999999",
    "0.00015798",
    -186409,
    111844
  ],
  "time": 1616419027701
}