{
  "code": 200,
  "result": [
    -0.20033172909946506,
    1.30089289,
    0,
    0.01003303,
    1.31092592,
    null,
    71381.60322521863,
    "BTCUSD_PERP",
    "2",
    -14300,
    null,
    "56604.63779568",
    "0.01005857",
    -178455,
    107072
  ],
  "time": 1616470447840
}