{
  "code": 200,
  "result": [
    -0.1527202605047031,
    1.30089786,
    0,
    0.01056343,
    1.31146129,
    null,
    71372.32456242653,
    "BTCUSD_PERP",
    "2",
    -10900,
    null,
    "57421.99999999",
    "0.01056343",
    -178431,
    107058
  ],
  "time": 1616451188088
}