{
  "code": 200,
  "result": [
    -0.14674547036479152,
    1.30089786,
    0,
    0.00116242,
    1.30206028,
    null,
    74278.27225538148,
    "BTCUSD_PERP",
    "2",
    -10900,
    null,
    "57421.99999999",
    "0.00116242",
    -185696,
    111417
  ],
  "time": 1616429528096
}