{
  "code": 200,
  "result": [
    -0.14750791445510988,
    1.30089786,
    0,
    0.00231214,
    1.30321,
    null,
    73894.34011228682,
    "BTCUSD_PERP",
    "2",
    -10900,
    null,
    "57421.99999999",
    "0.00231141",
    -184736,
    110841
  ],
  "time": 1616433308955
}