{
  "code": 200,
  "result": [
    -0.20052433213846024,
    1.30089289,
    0,
    0.0103158,
    1.31120869,
    null,
    71313.0414025066,
    "BTCUSD_PERP",
    "2",
    -14300,
    null,
    "56604.63779568",
    "0.01031580",
    -178283,
    106969
  ],
  "time": 1616475787680
}