{
  "code": 200,
  "result": [
    -0.14678487832087178,
    1.3008778,
    0,
    0.00130844,
    1.30218624,
    null,
    74258.33045398994,
    "BTCUSD_PERP",
    "2",
    -10900,
    null,
    "57421.99999999",
    "0.00130844",
    -185646,
    111387
  ],
  "time": 1616425809369
}