{
  "code": 200,
  "result": [
    -0.15263877538898885,
    1.30089786,
    0,
    0.0102478,
    1.31114566,
    null,
    71410.42616610452,
    "BTCUSD_PERP",
    "2",
    -10900,
    null,
    "57421.99999999",
    "0.01022134",
    -178527,
    107115
  ],
  "time": 1616451668839
}