{
  "code": 200,
  "result": [
    -0.15185520202329064,
    1.30089786,
    0,
    0.00908914,
    1.309987,
    null,
    71778.9042111855,
    "BTCUSD_PERP",
    "2",
    -10900,
    null,
    "57421.99999999",
    "0.00908914",
    -179448,
    107668
  ],
  "time": 1616446268811
}