{
  "code": 200,
  "result": [
    -0.15216878529201244,
    1.30089786,
    0,
    0.009674,
    1.31057186,
    null,
    71630.98515298562,
    "BTCUSD_PERP",
    "2",
    -10900,
    null,
    "57421.99999999",
    "0.00967400",
    -179078,
    107446
  ],
  "time": 1616446208175
}