{
  "code": 200,
  "result": [
    -0.19990694681219376,
    1.30089289,
    0,
    0.0093404,
    1.31023329,
    null,
    71533.28199962154,
    "BTCUSD_PERP",
    "2",
    -14300,
    null,
    "56604.63779568",
    "0.00934040",
    -178834,
    107299
  ],
  "time": 1616471528232
}