{
  "code": 200,
  "result": [
    -0.15182529612786755,
    1.30089786,
    0,
    0.00892682,
    1.30982468,
    null,
    71793.0429117688,
    "BTCUSD_PERP",
    "2",
    -10900,
    null,
    "57421.99999999",
    "0.00892824",
    -179483,
    107689
  ],
  "time": 1616454369371
}