{
  "code": 200,
  "result": [
    -0.15270746725896597,
    1.30089786,
    0,
    0.01043015,
    1.31132801,
    null,
    71378.30386195489,
    "BTCUSD_PERP",
    "2",
    -10900,
    null,
    "57421.99999999",
    "0.01055091",
    -178446,
    107067
  ],
  "time": 1616451787709
}