{
  "code": 200,
  "result": [
    -0.14639583146040253,
    1.3008778,
    0,
    0.00067284,
    1.30155064,
    null,
    74455.67193590656,
    "BTCUSD_PERP",
    "2",
    -10900,
    null,
    "57421.99999999",
    "0.00067284",
    -186140,
    111683
  ],
  "time": 1616422209455
}