{
  "code": 200,
  "result": [
    -0.15300392187788037,
    1.30089786,
    0,
    0.01084553,
    1.31174339,
    null,
    71240.00395689075,
    "BTCUSD_PERP",
    "2",
    -10900,
    null,
    "57421.99999999",
    "0.01088251",
    -178101,
    106860
  ],
  "time": 1616452987666
}