{
  "code": 200,
  "result": [
    -0.1529094607673024,
    1.30089786,
    0,
    0.0107484,
    1.31164626,
    null,
    71284.01307089571,
    "BTCUSD_PERP",
    "2",
    -10900,
    null,
    "57421.99999999",
    "0.01073648",
    -178211,
    106926
  ],
  "time": 1616452447888
}