{
  "code": 200,
  "result": [
    -0.19989202828152616,
    1.30089289,
    0,
    0.00918265,
    1.31007554,
    null,
    71538.62073909224,
    "BTCUSD_PERP",
    "2",
    -14300,
    null,
    "56604.63779568",
    "0.00926089",
    -178847,
    107307
  ],
  "time": 1616469727818
}