{
  "code": 200,
  "result": [
    -0.14521952135180444,
    1.3008778,
    0,
    -0.00127336,
    1.29960444,
    null,
    75058.77927798693,
    "BTCUSD_PERP",
    "2",
    -10900,
    null,
    "57421.99999999",
    "-0.00127369",
    -187647,
    112588
  ],
  "time": 1616413148237
}