{
  "code": 200,
  "result": [
    -0.14657229676427863,
    1.30089786,
    0,
    0.00096219,
    1.30186005,
    null,
    74366.03123937985,
    "BTCUSD_PERP",
    "2",
    -10900,
    null,
    "57421.99999999",
    "0.00096219",
    -185916,
    111549
  ],
  "time": 1616435708085
}