{
  "code": 200,
  "result": [
    -0.19998036825721424,
    1.30089289,
    0,
    0.0094467,
    1.31033959,
    null,
    71507.01903702556,
    "BTCUSD_PERP",
    "2",
    -14300,
    null,
    "56604.63779568",
    "0.00944048",
    -178768,
    107260
  ],
  "time": 1616472909770
}