{
  "code": 200,
  "result": [
    -0.19989519125996572,
    1.30089289,
    0,
    0.00918165,
    1.31007454,
    null,
    71537.48877031617,
    "BTCUSD_PERP",
    "2",
    -14300,
    null,
    "56604.63779568",
    "0.00918019",
    -178844,
    107306
  ],
  "time": 1616468468736
}