{
  "code": 200,
  "result": [
    -0.15312074048772054,
    1.30089786,
    0,
    0.01130332,
    1.31220118,
    null,
    71185.65365659345,
    "BTCUSD_PERP",
    "2",
    -10900,
    null,
    "57421.99999999",
    "0.01130332",
    -177965,
    106778
  ],
  "time": 1616451969275
}