{
  "code": 200,
  "result": [
    -0.14752702882038404,
    1.30089786,
    0,
    0.00229531,
    1.30319317,
    null,
    73884.7659791948,
    "BTCUSD_PERP",
    "2",
    -10900,
    null,
    "57421.99999999",
    "0.00229531",
    -184712,
    110827
  ],
  "time": 1616433129540
}