{
  "code": 200,
  "result": [
    -0.14738151181727663,
    1.30089786,
    0,
    0.00208815,
    1.30298601,
    null,
    73957.71603641713,
    "BTCUSD_PERP",
    "2",
    -10900,
    null,
    "57421.99999999",
    "0.00208815",
    -184895,
    110936
  ],
  "time": 1616433248213
}