{
  "code": 200,
  "result": [
    -0.14435327154141897,
    1.3008778,
    0,
    -0.00266108,
    1.29821672,
    null,
    75509.19964340737,
    "BTCUSD_PERP",
    "2",
    -10900,
    null,
    "57421.99999999",
    "-0.00267120",
    -188773,
    113263
  ],
  "time": 1616409128017
}