{
  "code": 200,
  "result": [
    -0.1491408957122145,
    1.30089786,
    0,
    0.00488419,
    1.30578205,
    null,
    73085.25235782997,
    "BTCUSD_PERP",
    "2",
    -10900,
    null,
    "57421.99999999",
    "0.00488376",
    -182714,
    109627
  ],
  "time": 1616444289195
}