{
  "code": 200,
  "result": [
    -0.1467275444240226,
    1.3008778,
    0,
    0.00103602,
    1.30191382,
    null,
    74287.3469517113,
    "BTCUSD_PERP",
    "2",
    -10900,
    null,
    "57421.99999999",
    "0.00104504",
    -185719,
    111431
  ],
  "time": 1616417468911
}