{
  "code": 200,
  "result": [
    -0.19798319704975262,
    1.30089289,
    0,
    0.00615712,
    1.30705001,
    null,
    72228.35176465228,
    "BTCUSD_PERP",
    "2",
    -14300,
    null,
    "56604.63779568",
    "0.00624876",
    -180571,
    108342
  ],
  "time": 1616464027830
}