{
  "code": 200,
  "result": [
    -0.1451764726519121,
    1.3008778,
    0,
    -0.00125477,
    1.29962303,
    null,
    75081.03620987403,
    "BTCUSD_PERP",
    "2",
    -10900,
    null,
    "57421.99999999",
    "-0.00125477",
    -187703,
    112621
  ],
  "time": 1616413088230
}