{
  "code": 200,
  "result": [
    -0.14459757250353056,
    1.3008778,
    0,
    -0.00224419,
    1.29863361,
    null,
    75381.62509425158,
    "BTCUSD_PERP",
    "2",
    -10900,
    null,
    "57421.99999999",
    "-0.00224419",
    -188455,
    113072
  ],
  "time": 1616410387579
}