{
  "code": 200,
  "result": [
    -0.15295110406870008,
    1.30089786,
    0,
    0.01090834,
    1.3118062,
    null,
    71264.60489689643,
    "BTCUSD_PERP",
    "2",
    -10900,
    null,
    "57421.99999999",
    "0.01090997",
    -178162,
    106896
  ],
  "time": 1616457369001
}