{
  "code": 200,
  "result": [
    -0.1532141784588336,
    1.30089786,
    0,
    0.01118862,
    1.31208648,
    null,
    71142.24094429139,
    "BTCUSD_PERP",
    "2",
    -10900,
    null,
    "57421.99999999",
    "0.01114556",
    -177856,
    106713
  ],
  "time": 1616451908043
}