{
  "code": 200,
  "result": [
    -0.14937906296578438,
    1.30089786,
    0,
    0.00522746,
    1.30612532,
    null,
    72968.72656442269,
    "BTCUSD_PERP",
    "2",
    -10900,
    null,
    "57421.99999999",
    "0.00522746",
    -182422,
    109453
  ],
  "time": 1616444047582
}