{
  "code": 200,
  "result": [
    -0.15275305677996429,
    1.30089786,
    0,
    0.01042987,
    1.31132773,
    null,
    71357.00083371221,
    "BTCUSD_PERP",
    "2",
    -10900,
    null,
    "57421.99999999",
    "0.01044490",
    -178393,
    107035
  ],
  "time": 1616452809963
}