{
  "code": 200,
  "result": [
    -0.1528396969832966,
    1.30089786,
    0,
    0.01062039,
    1.31151825,
    null,
    71316.55070731544,
    "BTCUSD_PERP",
    "2",
    -10900,
    null,
    "57421.99999999",
    "0.01062039",
    -178292,
    106974
  ],
  "time": 1616452868919
}