{
  "code": 200,
  "result": [
    -0.20026539623709916,
    1.30089289,
    0,
    0.0097583,
    1.31065119,
    null,
    71405.24658124101,
    "BTCUSD_PERP",
    "2",
    -14300,
    null,
    "56604.63779568",
    "0.00975830",
    -178514,
    107107
  ],
  "time": 1616475428696
}