{
  "code": 200,
  "result": [
    -0.1465394999452421,
    1.30089786,
    0,
    0.00084999,
    1.30174785,
    null,
    74382.67500621361,
    "BTCUSD_PERP",
    "2",
    -10900,
    null,
    "57421.99999999",
    "0.00084999",
    -185957,
    111574
  ],
  "time": 1616436069162
}