{
  "code": 200,
  "result": [
    -0.15196793992239943,
    1.30089786,
    0,
    0.00930953,
    1.31020739,
    null,
    71725.65480301932,
    "BTCUSD_PERP",
    "2",
    -10900,
    null,
    "57421.99999999",
    "0.00930953",
    -179315,
    107588
  ],
  "time": 1616454969108
}