{
  "code": 200,
  "result": [
    -0.1455564238336742,
    1.3008778,
    0,
    -0.00075501,
    1.30012279,
    null,
    74885.04947370317,
    "BTCUSD_PERP",
    "2",
    -10900,
    null,
    "57421.99999999",
    "-0.00075501",
    -187213,
    112327
  ],
  "time": 1616400249617
}