{
  "code": 200,
  "result": [
    -0.14763966552802812,
    1.30089786,
    0,
    0.00250703,
    1.30340489,
    null,
    73828.39808676435,
    "BTCUSD_PERP",
    "2",
    -10900,
    null,
    "57421.99999999",
    "0.00250703",
    -184571,
    110742
  ],
  "time": 1616432469279
}