{
  "code": 200,
  "result": [
    -0.14640083719745295,
    1.3008778,
    0,
    0.00064482,
    1.30152262,
    null,
    74453.12614776246,
    "BTCUSD_PERP",
    "2",
    -10900,
    null,
    "57421.99999999",
    "0.00064482",
    -186133,
    111679
  ],
  "time": 1616427128246
}