{
  "code": 200,
  "result": [
    -0.19974778823332417,
    1.30089289,
    0,
    0.00900188,
    1.30989477,
    null,
    71590.27955441618,
    "BTCUSD_PERP",
    "2",
    -14300,
    null,
    "56604.63779568",
    "0.00902252",
    -178976,
    107385
  ],
  "time": 1616459947947
}