{
  "code": 200,
  "result": [
    -0.1987598250062898,
    1.30089289,
    0,
    0.00752725,
    1.30842014,
    null,
    71946.12895009076,
    "BTCUSD_PERP",
    "2",
    -14300,
    null,
    "56604.63779568",
    "0.00752725",
    -179866,
    107919
  ],
  "time": 1616465469184
}