{
  "code": 200,
  "result": [
    -0.14664371496251866,
    1.3008778,
    0,
    0.00098473,
    1.30186253,
    null,
    74329.81360834988,
    "BTCUSD_PERP",
    "2",
    -10900,
    null,
    "57421.99999999",
    "0.00098381",
    -185825,
    111494
  ],
  "time": 1616417287889
}