{
  "code": 200,
  "result": [
    -0.14640866265148542,
    1.3008778,
    0,
    0.00050204,
    1.30137984,
    null,
    74449.146673422,
    "BTCUSD_PERP",
    "2",
    -10900,
    null,
    "57421.99999999",
    "0.00051344",
    -186123,
    111673
  ],
  "time": 1616419688026
}