{
  "code": 200,
  "result": [
    -0.14593535614264153,
    1.3008778,
    0,
    -5.452e-05,
    1.30082328,
    null,
    74690.60471779038,
    "BTCUSD_PERP",
    "2",
    -10900,
    null,
    "57421.99999999",
    "-0.00005452",
    -186727,
    112035
  ],
  "time": 1616415308848
}