{
  "code": 200,
  "result": [
    -0.14672281305440307,
    1.30089786,
    0,
    0.00125051,
    1.30214837,
    null,
    74289.74249531605,
    "BTCUSD_PERP",
    "2",
    -10900,
    null,
    "57421.99999999",
    "0.00124796",
    -185725,
    111434
  ],
  "time": 1616428988916
}