{
  "code": 200,
  "result": [
    -0.14652960471665794,
    1.3008778,
    0,
    0.00075384,
    1.30163164,
    null,
    74387.69811108932,
    "BTCUSD_PERP",
    "2",
    -10900,
    null,
    "57421.99999999",
    "0.00077540",
    -185970,
    111581
  ],
  "time": 1616418427647
}