{
  "code": 200,
  "result": [
    -0.1999385808274473,
    1.30089289,
    0,
    0.00941519,
    1.31030808,
    null,
    71521.9640992716,
    "BTCUSD_PERP",
    "2",
    -14300,
    null,
    "56604.63779568",
    "0.00944328",
    -178805,
    107282
  ],
  "time": 1616472790181
}