{
  "code": 200,
  "result": [
    -0.14599265074015844,
    1.3008778,
    0,
    3.273e-05,
    1.30091053,
    null,
    74661.29250163495,
    "BTCUSD_PERP",
    "2",
    -10900,
    null,
    "57421.99999999",
    "0.00003273",
    -186654,
    111991
  ],
  "time": 1616416329377
}