{
  "code": 200,
  "result": [
    -0.1457576889898036,
    1.3008778,
    0,
    -0.00051979,
    1.30035801,
    null,
    74781.64668734906,
    "BTCUSD_PERP",
    "2",
    -10900,
    null,
    "57421.99999999",
    "-0.00051979",
    -186955,
    112172
  ],
  "time": 1616401388527
}