{
  "code": 200,
  "result": [
    -0.15273443156130917,
    1.30089786,
    0,
    0.0104161,
    1.31131396,
    null,
    71365.70247177454,
    "BTCUSD_PERP",
    "2",
    -10900,
    null,
    "57421.99999999",
    "0.01041610",
    -178415,
    107048
  ],
  "time": 1616453647623
}