{
  "code": 200,
  "result": [
    -0.1469771583332239,
    1.3008778,
    0,
    0.00137143,
    1.30224923,
    null,
    74161.18343564462,
    "BTCUSD_PERP",
    "2",
    -10900,
    null,
    "57421.99999999",
    "0.00136778",
    -185403,
    111241
  ],
  "time": 1616421669662
}