{
  "code": 200,
  "result": [
    -0.14648650457912926,
    1.3008778,
    0,
    0.00078585,
    1.30166365,
    null,
    74409.58490556394,
    "BTCUSD_PERP",
    "2",
    -10900,
    null,
    "57421.99999999",
    "0.00078585",
    -186024,
    111614
  ],
  "time": 1616428628872
}