{
  "code": 200,
  "result": [
    -0.14610665834317907,
    1.3008778,
    0,
    0.00010551,
    1.30098331,
    null,
    74603.03399998239,
    "BTCUSD_PERP",
    "2",
    -10900,
    null,
    "57421.99999999",
    "0.00010551",
    -186508,
    111904
  ],
  "time": 1616403189369
}