{
  "code": 200,
  "result": [
    -0.14530345761312993,
    1.3008778,
    0,
    -0.00114446,
    1.29973334,
    null,
    75015.42068614239,
    "BTCUSD_PERP",
    "2",
    -10900,
    null,
    "57421.99999999",
    "-0.00114446",
    -187539,
    112523
  ],
  "time": 1616413268540
}