{
  "code": 200,
  "result": [
    -0.15232576124837574,
    1.30089786,
    0,
    0.00983129,
    1.31072915,
    null,
    71557.1674198098,
    "BTCUSD_PERP",
    "2",
    -10900,
    null,
    "57421.99999999",
    "0.00982217",
    -178893,
    107335
  ],
  "time": 1616456827823
}