{
  "code": 200,
  "result": [
    -0.14815144487982046,
    1.30089786,
    0,
    0.00324833,
    1.30414619,
    null,
    73573.3627764617,
    "BTCUSD_PERP",
    "2",
    -10900,
    null,
    "57421.99999999",
    "0.00324833",
    -183934,
    110360
  ],
  "time": 1616431269555
}