{
  "code": 200,
  "result": [
    -0.1503771168152797,
    1.30089786,
    0,
    0.006984,
    1.30788186,
    null,
    72484.43267727592,
    "BTCUSD_PERP",
    "2",
    -10900,
    null,
    "57421.99999999",
    "0.00699873",
    -181212,
    108726
  ],
  "time": 1616445727638
}