{
  "code": 200,
  "result": [
    -0.14660316141331453,
    1.30089786,
    0,
    0.00101282,
    1.30191068,
    null,
    74350.37481401858,
    "BTCUSD_PERP",
    "2",
    -10900,
    null,
    "57421.99999999",
    "0.00101282",
    -185876,
    111525
  ],
  "time": 1616437028016
}