{
  "code": 200,
  "result": [
    -0.14538155426862748,
    1.3008778,
    0,
    -0.00083071,
    1.30004709,
    null,
    74975.12359690158,
    "BTCUSD_PERP",
    "2",
    -10900,
    null,
    "57421.99999999",
    "-0.00083629",
    -187438,
    112462
  ],
  "time": 1616412488066
}