{
  "code": 200,
  "result": [
    -0.15238378570911695,
    1.30089786,
    0,
    0.00985118,
    1.31074904,
    null,
    71529.91999297643,
    "BTCUSD_PERP",
    "2",
    -10900,
    null,
    "57421.99999999",
    "0.00985118",
    -178825,
    107294
  ],
  "time": 1616449448074
}