{
  "code": 200,
  "result": [
    -0.1463968092190425,
    1.3008778,
    0,
    0.00042823,
    1.30130603,
    null,
    74455.17465951838,
    "BTCUSD_PERP",
    "2",
    -10900,
    null,
    "57421.99999999",
    "0.00042823",
    -186138,
    111682
  ],
  "time": 1616405288914
}