{
  "code": 200,
  "result": [
    -0.19998392504756,
    1.30089289,
    0,
    0.00949033,
    1.31038322,
    null,
    71505.74725743175,
    "BTCUSD_PERP",
    "2",
    -14300,
    null,
    "56604.63779568",
    "0.00949033",
    -178765,
    107258
  ],
  "time": 1616469308890
}