{
  "code": 200,
  "result": [
    -0.1465234978850678,
    1.30089786,
    0,
    0.00083992,
    1.30173778,
    null,
    74390.79845438783,
    "BTCUSD_PERP",
    "2",
    -10900,
    null,
    "57421.99999999",
    "0.00083992",
    -185977,
    111586
  ],
  "time": 1616429649164
}