{
  "code": 200,
  "result": [
    -0.14469825890759738,
    1.3008778,
    0,
    -0.0021166,
    1.2987612,
    null,
    75329.17176951391,
    "BTCUSD_PERP",
    "2",
    -10900,
    null,
    "57421.99999999",
    "-0.00211660",
    -188323,
    112993
  ],
  "time": 1616410988118
}