{
  "code": 200,
  "result": [
    -0.15195541521008638,
    1.30089786,
    0,
    0.00906315,
    1.30996101,
    null,
    71731.56668967786,
    "BTCUSD_PERP",
    "2",
    -10900,
    null,
    "57421.99999999",
    "0.00907731",
    -179329,
    107597
  ],
  "time": 1616449988016
}