{
  "code": 200,
  "result": [
    -0.20008901392492004,
    1.30089289,
    0,
    0.00955719,
    1.31045008,
    null,
    71468.19167875868,
    "BTCUSD_PERP",
    "2",
    -14300,
    null,
    "56604.63779568",
    "0.00955719",
    -178671,
    107202
  ],
  "time": 1616471408700
}