{
  "code": 200,
  "result": [
    -0.1524745859562057,
    1.30089786,
    0,
    0.01012247,
    1.31102033,
    null,
    71487.32316040351,
    "BTCUSD_PERP",
    "2",
    -10900,
    null,
    "57421.99999999",
    "0.01016350",
    -178719,
    107230
  ],
  "time": 1616456047678
}