{
  "code": 200,
  "result": [
    -0.14634153118510404,
    1.3008778,
    0,
    0.00036909,
    1.30124689,
    null,
    74483.29884025089,
    "BTCUSD_PERP",
    "2",
    -10900,
    null,
    "57421.99999999",
    "0.00036909",
    -186209,
    111724
  ],
  "time": 1616403548619
}