{
  "code": 200,
  "result": [
    -0.14686201849311264,
    1.3008778,
    0,
    0.00143622,
    1.30231402,
    null,
    74219.32581235205,
    "BTCUSD_PERP",
    "2",
    -10900,
    null,
    "57421.99999999",
    "0.00143622",
    -185549,
    111328
  ],
  "time": 1616426169358
}