{
  "code": 200,
  "result": [
    -0.14619105810762195,
    1.3008778,
    0,
    0.00023168,
    1.30110948,
    null,
    74559.96379734602,
    "BTCUSD_PERP",
    "2",
    -10900,
    null,
    "57421.99999999",
    "0.00020846",
    -186400,
    111839
  ],
  "time": 1616403008684
}