{
  "code": 200,
  "result": [
    -0.1989961218921897,
    1.30089289,
    0,
    0.00780615,
    1.30869904,
    null,
    71860.69690216034,
    "BTCUSD_PERP",
    "2",
    -14300,
    null,
    "56604.63779568",
    "0.00780615",
    -179652,
    107791
  ],
  "time": 1616463727538
}