{
  "code": 200,
  "result": [
    -0.1465095402826845,
    1.30089786,
    0,
    0.00088225,
    1.30178011,
    null,
    74397.88548219365,
    "BTCUSD_PERP",
    "2",
    -10900,
    null,
    "57421.99999999",
    "0.00087315",
    -185995,
    111596
  ],
  "time": 1616435408826
}