{
  "code": 200,
  "result": [
    -0.14664576200037258,
    1.3008778,
    0,
    0.00101163,
    1.30188943,
    null,
    74328.77603358429,
    "BTCUSD_PERP",
    "2",
    -10900,
    null,
    "57421.99999999",
    "0.00101163",
    -185822,
    111493
  ],
  "time": 1616425389063
}