{
  "code": 200,
  "result": [
    -0.14655389165135807,
    1.3008778,
    0,
    0.00092413,
    1.30180193,
    null,
    74375.37056969032,
    "BTCUSD_PERP",
    "2",
    -10900,
    null,
    "57421.99999999",
    "0.00092413",
    -185939,
    111563
  ],
  "time": 1616428570322
}