{
  "code": 200,
  "result": [
    -0.19979779127062594,
    1.30089289,
    0,
    0.00908738,
    1.30998027,
    null,
    71572.36278268293,
    "BTCUSD_PERP",
    "2",
    -14300,
    null,
    "56604.63779568",
    "0.00911143",
    -178931,
    107358
  ],
  "time": 1616472368887
}