{
  "code": 200,
  "result": [
    -0.14788201677688295,
    1.30089786,
    0,
    0.00335128,
    1.30424914,
    null,
    73707.40700977441,
    "BTCUSD_PERP",
    "2",
    -10900,
    null,
    "57421.99999999",
    "0.00332052",
    -184269,
    110561
  ],
  "time": 1616439847795
}