{
  "code": 200,
  "result": [
    -0.14726069796635052,
    1.3008778,
    0,
    0.00199436,
    1.30287216,
    null,
    74018.39153642122,
    "BTCUSD_PERP",
    "2",
    -10900,
    null,
    "57421.99999999",
    "0.00199156",
    -185046,
    111027
  ],
  "time": 1616421010536
}