{
  "code": 200,
  "result": [
    -0.15286931648480365,
    1.30089786,
    0,
    0.01070491,
    1.31160277,
    null,
    71302.7326257689,
    "BTCUSD_PERP",
    "2",
    -10900,
    null,
    "57421.99999999",
    "0.01073032",
    -178257,
    106954
  ],
  "time": 1616452387856
}