{
  "code": 200,
  "result": [
    -0.20073469152139817,
    1.30089289,
    0,
    0.01057041,
    1.3114633,
    null,
    71238.30909155845,
    "BTCUSD_PERP",
    "2",
    -14300,
    null,
    "56604.63779568",
    "0.01057041",
    -178096,
    106857
  ],
  "time": 1616474528179
}