{
  "code": 200,
  "result": [
    -0.1451416317180724,
    1.3008778,
    0,
    -0.00132052,
    1.29955728,
    null,
    75099.0592497437,
    "BTCUSD_PERP",
    "2",
    -10900,
    null,
    "57421.99999999",
    "-0.00132052",
    -187748,
    112648
  ],
  "time": 1616413508990
}