{
  "code": 200,
  "result": [
    -0.14967362220686953,
    1.30089786,
    0,
    0.00567789,
    1.30657575,
    null,
    72825.12335363076,
    "BTCUSD_PERP",
    "2",
    -10900,
    null,
    "57421.99999999",
    "0.00567789",
    -182063,
    109237
  ],
  "time": 1616444827364
}