{
  "code": 200,
  "result": [
    -0.14642943517309606,
    1.3008778,
    0,
    0.00064049,
    1.30151829,
    null,
    74438.58529615289,
    "BTCUSD_PERP",
    "2",
    -10900,
    null,
    "57421.99999999",
    "0.00064118",
    -186097,
    111657
  ],
  "time": 1616417047810
}