{
  "code": 200,
  "result": [
    -0.19830827719265012,
    1.30089289,
    0,
    0.00678346,
    1.30767635,
    null,
    72109.95023726624,
    "BTCUSD_PERP",
    "2",
    -14300,
    null,
    "56604.63779568",
    "0.00678346",
    -180275,
    108164
  ],
  "time": 1616463787696
}