{
  "code": 200,
  "result": [
    -0.19801775281299608,
    1.30089289,
    0,
    0.00635325,
    1.30724614,
    null,
    72215.7473098113,
    "BTCUSD_PERP",
    "2",
    -14300,
    null,
    "56604.63779568",
    "0.00635325",
    -180540,
    108323
  ],
  "time": 1616464327495
}