{
  "code": 200,
  "result": [
    -0.14660765765710917,
    1.30089786,
    0,
    0.00107312,
    1.30197098,
    null,
    74348.09459607683,
    "BTCUSD_PERP",
    "2",
    -10900,
    null,
    "57421.99999999",
    "0.00107246",
    -185871,
    111522
  ],
  "time": 1616428811676
}