{
  "code": 200,
  "result": [
    -0.14420670891140452,
    1.3008778,
    0,
    -0.00283885,
    1.29803895,
    null,
    75585.94244527536,
    "BTCUSD_PERP",
    "2",
    -10900,
    null,
    "57421.99999999",
    "-0.00283885",
    -188965,
    113378
  ],
  "time": 1616408348289
}