{
  "code": 200,
  "result": [
    -0.14569365596127803,
    1.3008778,
    0,
    -0.00054338,
    1.30033442,
    null,
    74814.51356328765,
    "BTCUSD_PERP",
    "2",
    -10900,
    null,
    "57421.99999999",
    "-0.00054338",
    -187037,
    112221
  ],
  "time": 1616415669246
}