{
  "code": 200,
  "result": [
    -0.14912142772746917,
    1.30089786,
    0,
    0.00480601,
    1.30570387,
    null,
    73094.79372689876,
    "BTCUSD_PERP",
    "2",
    -10900,
    null,
    "57421.99999999",
    "0.00480601",
    -182737,
    109642
  ],
  "time": 1616442847855
}