{
  "code": 200,
  "result": [
    -0.14889123706419866,
    1.30089786,
    0,
    0.00447537,
    1.30537323,
    null,
    73207.80063973917,
    "BTCUSD_PERP",
    "2",
    -10900,
    null,
    "57421.99999999",
    "0.00447537",
    -183020,
    109811
  ],
  "time": 1616442727450
}