{
  "code": 200,
  "result": [
    -0.14641697663453246,
    1.3008778,
    0,
    0.00051764,
    1.30139544,
    null,
    74444.91923369789,
    "BTCUSD_PERP",
    "2",
    -10900,
    null,
    "57421.99999999",
    "0.00051764",
    -186113,
    111667
  ],
  "time": 1616406908684
}