{
  "code": 200,
  "result": [
    -0.1461390576013091,
    1.3008778,
    0,
    0.0001156,
    1.3009934,
    null,
    74586.49439041106,
    "BTCUSD_PERP",
    "2",
    -10900,
    null,
    "57421.99999999",
    "0.00011560",
    -186467,
    111879
  ],
  "time": 1616419088255
}