{
  "code": 200,
  "result": [
    -0.15179521991002912,
    1.30089786,
    0,
    0.00890429,
    1.30980215,
    null,
    71807.26775494356,
    "BTCUSD_PERP",
    "2",
    -10900,
    null,
    "57421.99999999",
    "0.00890429",
    -179519,
    107710
  ],
  "time": 1616454487180
}