{
  "code": 200,
  "result": [
    -0.14796411374716079,
    1.30089786,
    0,
    0.00304687,
    1.30394473,
    null,
    73666.510912408,
    "BTCUSD_PERP",
    "2",
    -10900,
    null,
    "57421.99999999",
    "0.00304076",
    -184167,
    110499
  ],
  "time": 1616439487860
}