{
  "code": 200,
  "result": [
    -0.14551364675177972,
    1.30079994,
    0,
    -0.00090146,
    1.29989848,
    null,
    74907.06365564086,
    "BTCUSD_PERP",
    "2",
    -10900,
    null,
    "57421.99999999",
    "-0.00090144",
    -187268,
    112360
  ],
  "time": 1616399829924
}