{
  "code": 200,
  "result": [
    -0.19974528560240112,
    1.30089289,
    0,
    0.00909046,
    1.30998335,
    null,
    71591.1765169996,
    "BTCUSD_PERP",
    "2",
    -14300,
    null,
    "56604.63779568",
    "0.00909046",
    -178978,
    107386
  ],
  "time": 1616461987365
}