{
  "code": 200,
  "result": [
    -0.14668695423299993,
    1.3008778,
    0,
    0.00119824,
    1.30207604,
    null,
    74307.90322830116,
    "BTCUSD_PERP",
    "2",
    -10900,
    null,
    "57421.99999999",
    "0.00119791",
    -185770,
    111461
  ],
  "time": 1616428387934
}