{
  "code": 200,
  "result": [
    -0.1527905197813624,
    1.30089786,
    0,
    0.01058545,
    1.31148331,
    null,
    71339.50467344112,
    "BTCUSD_PERP",
    "2",
    -10900,
    null,
    "57421.99999999",
    "0.01058545",
    -178349,
    107009
  ],
  "time": 1616455569323
}