{
  "code": 200,
  "result": [
    -0.1477865811991764,
    1.30089786,
    0,
    0.00419352,
    1.30509138,
    null,
    73755.00476128982,
    "BTCUSD_PERP",
    "2",
    -10900,
    null,
    "57421.99999999",
    "0.00419352",
    -184388,
    110632
  ],
  "time": 1616440209129
}