{
  "code": 200,
  "result": [
    -0.19809250440854867,
    1.30089289,
    0,
    0.00639463,
    1.30728752,
    null,
    72188.49619119099,
    "BTCUSD_PERP",
    "2",
    -14300,
    null,
    "56604.63779568",
    "0.00639488",
    -180472,
    108282
  ],
  "time": 1616464447879
}