{
  "code": 200,
  "result": [
    -0.14475620900915023,
    1.3008778,
    0,
    -0.00212662,
    1.29875118,
    null,
    75299.0153210699,
    "BTCUSD_PERP",
    "2",
    -10900,
    null,
    "57421.99999999",
    "-0.00212662",
    -188248,
    112948
  ],
  "time": 1616410868719
}