{
  "code": 200,
  "result": [
    -0.14699788519745724,
    1.3008778,
    0,
    0.00138522,
    1.30226302,
    null,
    74150.72662683822,
    "BTCUSD_PERP",
    "2",
    -10900,
    null,
    "57421.99999999",
    "0.00138489",
    -185377,
    111226
  ],
  "time": 1616420887699
}