{
  "code": 200,
  "result": [
    -0.1998666207764346,
    1.30089289,
    0,
    0.00917742,
    1.31007031,
    null,
    71547.71489330173,
    "BTCUSD_PERP",
    "2",
    -14300,
    null,
    "56604.63779568",
    "0.00917737",
    -178870,
    107321
  ],
  "time": 1616469847689
}