{
  "code": 200,
  "result": [
    -0.2000401692740138,
    1.30089289,
    0,
    0.00956362,
    1.31045651,
    null,
    71485.6423682183,
    "BTCUSD_PERP",
    "2",
    -14300,
    null,
    "56604.63779568",
    "0.00949819",
    -178715,
    107228
  ],
  "time": 1616459770215
}