{
  "code": 200,
  "result": [
    -0.15237671992106247,
    1.30089786,
    0,
    0.00989715,
    1.31079501,
    null,
    71533.23687271033,
    "BTCUSD_PERP",
    "2",
    -10900,
    null,
    "57421.99999999",
    "0.00989732",
    -178834,
    107299
  ],
  "time": 1616456468710
}