{
  "code": 200,
  "result": [
    -0.14773480405896067,
    1.30089786,
    0,
    0.00465092,
    1.30554878,
    null,
    73780.85393912887,
    "BTCUSD_PERP",
    "2",
    -10900,
    null,
    "57421.99999999",
    "0.00465092",
    -184453,
    110671
  ],
  "time": 1616440448005
}