{
  "code": 200,
  "result": [
    -0.1518910793742165,
    1.30089786,
    0,
    0.00898126,
    1.30987912,
    null,
    71761.94971362008,
    "BTCUSD_PERP",
    "2",
    -10900,
    null,
    "57421.99999999",
    "0.00898126",
    -179405,
    107642
  ],
  "time": 1616446387502
}