{
  "code": 200,
  "result": [
    -0.14469142836006305,
    1.3008778,
    0,
    -0.00186413,
    1.29901367,
    null,
    75332.72788541052,
    "BTCUSD_PERP",
    "2",
    -10900,
    null,
    "57421.99999999",
    "-0.00186381",
    -188332,
    112999
  ],
  "time": 1616411588871
}