{
  "code": 200,
  "result": [
    -0.1466784423670921,
    1.30089786,
    0,
    0.00116557,
    1.30206343,
    null,
    74312.21537463953,
    "BTCUSD_PERP",
    "2",
    -10900,
    null,
    "57421.99999999",
    "0.00116557",
    -185781,
    111468
  ],
  "time": 1616436248372
}