{
  "code": 200,
  "result": [
    -0.14530414206664755,
    1.3008778,
    0,
    -0.00111543,
    1.29976237,
    null,
    75015.06732685177,
    "BTCUSD_PERP",
    "2",
    -10900,
    null,
    "57421.99999999",
    "-0.00109772",
    -187538,
    112522
  ],
  "time": 1616414047774
}