{
  "code": 200,
  "result": [
    -0.1461217810639556,
    1.3008778,
    0,
    7.422e-05,
    1.30095202,
    null,
    74595.31303707017,
    "BTCUSD_PERP",
    "2",
    -10900,
    null,
    "57421.99999999",
    "0.00007422",
    -186489,
    111892
  ],
  "time": 1616407269522
}