{
  "code": 200,
  "result": [
    -0.14913864729215204,
    1.30089786,
    0,
    0.00492297,
    1.30582083,
    null,
    73086.3541939446,
    "BTCUSD_PERP",
    "2",
    -10900,
    null,
    "57421.99999999",
    "0.00492297",
    -182716,
    109629
  ],
  "time": 1616444169301
}