{
  "code": 200,
  "result": [
    -0.2007517544847728,
    1.30089289,
    0,
    0.01070899,
    1.31160188,
    null,
    71232.25416734611,
    "BTCUSD_PERP",
    "2",
    -14300,
    null,
    "56604.63779568",
    "0.01074704",
    -178081,
    106848
  ],
  "time": 1616473570578
}