{
  "code": 200,
  "result": [
    -0.14794213096476017,
    1.30089786,
    0,
    0.00314055,
    1.30403841,
    null,
    73677.45704971887,
    "BTCUSD_PERP",
    "2",
    -10900,
    null,
    "57421.99999999",
    "0.00314055",
    -184194,
    110516
  ],
  "time": 1616430908526
}