{
  "code": 200,
  "result": [
    -0.20007849870501063,
    1.30089289,
    0,
    0.00960267,
    1.31049556,
    null,
    71471.94772329567,
    "BTCUSD_PERP",
    "2",
    -14300,
    null,
    "56604.63779568",
    "0.00960548",
    -178680,
    107207
  ],
  "time": 1616470328113
}