{
  "code": 200,
  "result": [
    -0.14664449231930285,
    1.3008778,
    0,
    0.00085892,
    1.30173672,
    null,
    74329.41958888169,
    "BTCUSD_PERP",
    "2",
    -10900,
    null,
    "57421.99999999",
    "0.00085060",
    -185824,
    111494
  ],
  "time": 1616403910382
}