{
  "code": 200,
  "result": [
    -0.15276044985046897,
    1.30089786,
    0,
    0.01049758,
    1.31139544,
    null,
    71353.54740490468,
    "BTCUSD_PERP",
    "2",
    -10900,
    null,
    "57421.99999999",
    "0.01049977",
    -178384,
    107030
  ],
  "time": 1616452747696
}