{
  "code": 200,
  "result": [
    -0.15194495093233493,
    1.30089786,
    0,
    0.00919461,
    1.31009247,
    null,
    71736.50676193944,
    "BTCUSD_PERP",
    "2",
    -10900,
    null,
    "57421.99999999",
    "0.00919461",
    -179342,
    107604
  ],
  "time": 1616454308984
}