{
  "code": 200,
  "result": [
    -0.19956654808968247,
    1.30089289,
    0,
    0.00888981,
    1.3097827,
    null,
    71655.29562386265,
    "BTCUSD_PERP",
    "2",
    -14300,
    null,
    "56604.63779568",
    "0.00889244",
    -179139,
    107482
  ],
  "time": 1616461929367
}