{
  "code": 200,
  "result": [
    -0.14728976789944165,
    1.30089786,
    0,
    0.0020536,
    1.30295146,
    null,
    74003.78285232752,
    "BTCUSD_PERP",
    "2",
    -10900,
    null,
    "57421.99999999",
    "0.00205360",
    -185010,
    111005
  ],
  "time": 1616434028605
}