{
  "code": 200,
  "result": [
    -0.15220947660303824,
    1.30089786,
    0,
    0.00969903,
    1.31059689,
    null,
    71611.83549975118,
    "BTCUSD_PERP",
    "2",
    -10900,
    null,
    "57421.99999999",
    "0.00969903",
    -179030,
    107417
  ],
  "time": 1616446687859
}