{
  "code": 200,
  "result": [
    -0.20035320442978008,
    1.30089289,
    0,
    0.00987929,
    1.31077218,
    null,
    71373.95201987834,
    "BTCUSD_PERP",
    "2",
    -14300,
    null,
    "56604.63779568",
    "0.00987929",
    -178435,
    107060
  ],
  "time": 1616475188006
}