{
  "code": 200,
  "result": [
    -0.1445328473133379,
    1.3008778,
    0,
    -0.0023977,
    1.2984801,
    null,
    75415.3827494279,
    "BTCUSD_PERP",
    "2",
    -10900,
    null,
    "57421.99999999",
    "-0.00239770",
    -188539,
    113123
  ],
  "time": 1616410448273
}