{
  "code": 200,
  "result": [
    -0.1462088054212254,
    1.3008778,
    0,
    0.0004005,
    1.3012783,
    null,
    74550.91345967338,
    "BTCUSD_PERP",
    "2",
    -10900,
    null,
    "57421.99999999",
    "0.00040084",
    -186378,
    111826
  ],
  "time": 1616403247974
}