{
  "code": 200,
  "result": [
    -0.14602435412536904,
    1.3008778,
    0,
    1.884e-05,
    1.30089664,
    null,
    74645.08276915108,
    "BTCUSD_PERP",
    "2",
    -10900,
    null,
    "57421.99999999",
    "0.00001884",
    -186613,
    111967
  ],
  "time": 1616402410694
}