{
  "code": 200,
  "result": [
    -0.15236199596343378,
    1.30089786,
    0,
    0.00983783,
    1.31073569,
    null,
    71540.14970121521,
    "BTCUSD_PERP",
    "2",
    -10900,
    null,
    "57421.99999999",
    "0.00983783",
    -178851,
    107310
  ],
  "time": 1616453947856
}