{
  "code": 200,
  "result": [
    -0.14628257159592117,
    1.3008778,
    0,
    0.00024868,
    1.30112648,
    null,
    74513.31953685675,
    "BTCUSD_PERP",
    "2",
    -10900,
    null,
    "57421.99999999",
    "0.00024868",
    -186284,
    111769
  ],
  "time": 1616406609604
}