{
  "code": 200,
  "result": [
    -0.1526057359975724,
    1.30089786,
    0,
    0.01016664,
    1.3110645,
    null,
    71425.88664015481,
    "BTCUSD_PERP",
    "2",
    -10900,
    null,
    "57421.99999999",
    "0.01016664",
    -178565,
    107138
  ],
  "time": 1616451247938
}