{
  "code": 200,
  "result": [
    -0.1472480753219318,
    1.30089786,
    0,
    0.00195916,
    1.30285702,
    null,
    74024.73666408939,
    "BTCUSD_PERP",
    "2",
    -10900,
    null,
    "57421.99999999",
    "0.00195950",
    -185062,
    111037
  ],
  "time": 1616433788010
}