{
  "code": 200,
  "result": [
    -0.14653860742842215,
    1.30089786,
    0,
    0.00087001,
    1.30176787,
    null,
    74383.12804578946,
    "BTCUSD_PERP",
    "2",
    -10900,
    null,
    "57421.99999999",
    "0.00088161",
    -185958,
    111574
  ],
  "time": 1616434810526
}