{
  "code": 200,
  "result": [
    -0.14604554920684207,
    1.3008778,
    0,
    -8.375e-05,
    1.30079405,
    null,
    74634.2497884855,
    "BTCUSD_PERP",
    "2",
    -10900,
    null,
    "57421.99999999",
    "-0.00008375",
    -186586,
    111951
  ],
  "time": 1616407148220
}