{
  "code": 200,
  "result": [
    -0.14651312409271544,
    1.3008778,
    0,
    0.00088642,
    1.30176422,
    null,
    74396.06565963563,
    "BTCUSD_PERP",
    "2",
    -10900,
    null,
    "57421.99999999",
    "0.00088752",
    -185991,
    111594
  ],
  "time": 1616422810891
}