{
  "code": 200,
  "result": [
    -0.15295843814371987,
    1.30089786,
    0,
    0.01072974,
    1.3116276,
    null,
    71261.18789051933,
    "BTCUSD_PERP",
    "2",
    -10900,
    null,
    "57421.99999999",
    "0.01068593",
    -178153,
    106891
  ],
  "time": 1616452268618
}