{
  "code": 200,
  "result": [
    -0.14792119933363415,
    1.30089786,
    0,
    0.0030058,
    1.30390366,
    null,
    73687.88279910579,
    "BTCUSD_PERP",
    "2",
    -10900,
    null,
    "57421.99999999",
    "0.00300580",
    -184220,
    110531
  ],
  "time": 1616439788363
}