{
  "code": 200,
  "result": [
    -0.1458901557897787,
    1.3008778,
    0,
    -0.0002111,
    1.3006667,
    null,
    74713.74570129612,
    "BTCUSD_PERP",
    "2",
    -10900,
    null,
    "57421.99999999",
    "-0.00021110",
    -186785,
    112070
  ],
  "time": 1616402288463
}