{
  "code": 200,
  "result": [
    -0.19958618298784697,
    1.30089289,
    0,
    0.00876905,
    1.30966194,
    null,
    71648.24631608263,
    "BTCUSD_PERP",
    "2",
    -14300,
    null,
    "56604.63779568",
    "0.00875026",
    -179121,
    107472
  ],
  "time": 1616462168590
}