{
  "code": 200,
  "result": [
    -0.14514571331072282,
    1.3008778,
    0,
    -0.00134672,
    1.29953108,
    null,
    75096.94741494476,
    "BTCUSD_PERP",
    "2",
    -10900,
    null,
    "57421.99999999",
    "-0.00134574",
    -187743,
    112645
  ],
  "time": 1616413687813
}