{
  "code": 200,
  "result": [
    -0.1523507091777167,
    1.30089786,
    0,
    0.00977808,
    1.31067594,
    null,
    71545.44969846631,
    "BTCUSD_PERP",
    "2",
    -10900,
    null,
    "57421.99999999",
    "0.00977771",
    -178864,
    107318
  ],
  "time": 1616450287695
}