{
  "code": 200,
  "result": [
    -0.14508023095774217,
    1.3008778,
    0,
    -0.00147374,
    1.29940406,
    null,
    75130.84262441563,
    "BTCUSD_PERP",
    "2",
    -10900,
    null,
    "57421.99999999",
    "-0.00147374",
    -187828,
    112696
  ],
  "time": 1616413627640
}