{
  "code": 200,
  "result": [
    -0.1443840789981193,
    1.3008778,
    0,
    -0.00261474,
    1.29826306,
    null,
    75493.08812741036,
    "BTCUSD_PERP",
    "2",
    -10900,
    null,
    "57421.99999999",
    "-0.00261474",
    -188733,
    113239
  ],
  "time": 1616408649039
}