{
  "code": 200,
  "result": [
    -0.14792485008009776,
    1.30089786,
    0,
    0.00297362,
    1.30387148,
    null,
    73686.06420150443,
    "BTCUSD_PERP",
    "2",
    -10900,
    null,
    "57421.99999999",
    "0.00301544",
    -184216,
    110529
  ],
  "time": 1616439728558
}