{
  "code": 200,
  "result": [
    -0.1457146184618715,
    1.3008778,
    0,
    -0.00039191,
    1.30048589,
    null,
    74803.75074963502,
    "BTCUSD_PERP",
    "2",
    -10900,
    null,
    "57421.99999999",
    "-0.00039191",
    -187010,
    112205
  ],
  "time": 1616415608658
}