{
  "code": 200,
  "result": [
    -0.1447124196764098,
    1.3008778,
    0,
    -0.00205035,
    1.29882745,
    null,
    75321.80046725358,
    "BTCUSD_PERP",
    "2",
    -10900,
    null,
    "57421.99999999",
    "-0.00205035",
    -188305,
    112982
  ],
  "time": 1616409669251
}