{
  "code": 200,
  "result": [
    -0.14605641268581998,
    1.3008778,
    0,
    -7.91e-06,
    1.30086989,
    null,
    74628.69859365125,
    "BTCUSD_PERP",
    "2",
    -10900,
    null,
    "57421.99999999",
    "-0.00000791",
    -186572,
    111943
  ],
  "time": 1616403069054
}