{
  "code": 200,
  "result": [
    -0.14581038842300015,
    1.3008778,
    0,
    -0.0003211,
    1.3005567,
    null,
    74754.61877502709,
    "BTCUSD_PERP",
    "2",
    -10900,
    null,
    "57421.99999999",
    "-0.00032110",
    -186887,
    112131
  ],
  "time": 1616415787912
}