{
  "code": 200,
  "result": [
    -0.153434922632294,
    1.30089786,
    0,
    0.01142412,
    1.31232198,
    null,
    71039.88983082942,
    "BTCUSD_PERP",
    "2",
    -10900,
    null,
    "57421.99999999",
    "0.01142412",
    -177600,
    106559
  ],
  "time": 1616452147634
}