{
  "code": 200,
  "result": [
    -0.1986385190195773,
    1.30089289,
    0,
    0.0070853,
    1.30797819,
    null,
    71990.06552495807,
    "BTCUSD_PERP",
    "2",
    -14300,
    null,
    "56604.63779568",
    "0.00708530",
    -179976,
    107985
  ],
  "time": 1616467028009
}