{
  "code": 200,
  "result": [
    -0.14665102233256963,
    1.30089786,
    0,
    0.00113995,
    1.30203781,
    null,
    74326.10988064845,
    "BTCUSD_PERP",
    "2",
    -10900,
    null,
    "57421.99999999",
    "0.00113995",
    -185816,
    111489
  ],
  "time": 1616435108575
}