{
  "code": 200,
  "result": [
    -0.14682926417795195,
    1.30089786,
    0,
    0.00152661,
    1.30242447,
    null,
    74235.88247905119,
    "BTCUSD_PERP",
    "2",
    -10900,
    null,
    "57421.99999999",
    "0.00150558",
    -185590,
    111353
  ],
  "time": 1616437810726
}