{
  "code": 200,
  "result": [
    -0.145135087651583,
    1.3008778,
    0,
    -0.00140077,
    1.29947703,
    null,
    75102.44542771744,
    "BTCUSD_PERP",
    "2",
    -10900,
    null,
    "57421.99999999",
    "-0.00140211",
    -187757,
    112653
  ],
  "time": 1616412427694
}