{
  "code": 200,
  "result": [
    -0.1468528199453858,
    1.30089786,
    0,
    0.00145624,
    1.3023541,
    null,
    74223.97475277413,
    "BTCUSD_PERP",
    "2",
    -10900,
    null,
    "57421.99999999",
    "0.00145624",
    -185560,
    111335
  ],
  "time": 1616436428547
}