{
  "code": 200,
  "result": [
    -0.14924612081062535,
    1.30089786,
    0,
    0.00496376,
    1.30586162,
    null,
    73033.72403113067,
    "BTCUSD_PERP",
    "2",
    -10900,
    null,
    "57421.99999999",
    "0.00496384",
    -182585,
    109550
  ],
  "time": 1616443627789
}