{
  "code": 200,
  "result": [
    -0.1495483965395518,
    1.30089786,
    0,
    0.00552446,
    1.30642232,
    null,
    72886.10411223784,
    "BTCUSD_PERP",
    "2",
    -10900,
    null,
    "57421.99999999",
    "0.00552446",
    -182216,
    109329
  ],
  "time": 1616441647255
}