{
  "code": 200,
  "result": [
    -0.1463953214636377,
    1.3008778,
    0,
    0.00051577,
    1.30139357,
    null,
    74455.93131681731,
    "BTCUSD_PERP",
    "2",
    -10900,
    null,
    "57421.99999999",
    "0.00051543",
    -186140,
    111683
  ],
  "time": 1616416988071
}