{
  "code": 200,
  "result": [
    -0.14933491192375672,
    1.30089786,
    0,
    0.00531645,
    1.30621431,
    null,
    72990.29985409587,
    "BTCUSD_PERP",
    "2",
    -10900,
    null,
    "57421.99999999",
    "0.00534162",
    -182476,
    109485
  ],
  "time": 1616443568699
}