{
  "code": 200,
  "result": [
    -0.14650934448429864,
    1.3008778,
    0,
    0.00084572,
    1.30172352,
    null,
    74397.9849092025,
    "BTCUSD_PERP",
    "2",
    -10900,
    null,
    "57421.99999999",
    "0.00084572",
    -185995,
    111596
  ],
  "time": 1616426769530
}