{
  "code": 200,
  "result": [
    -0.1525045807863293,
    1.30089786,
    0,
    0.0100533,
    1.31095116,
    null,
    71473.26292625755,
    "BTCUSD_PERP",
    "2",
    -10900,
    null,
    "57421.99999999",
    "0.01005330",
    -178684,
    107209
  ],
  "time": 1616456768637
}