{
  "code": 200,
  "result": [
    -0.1526930751322103,
    1.30089786,
    0,
    0.01034943,
    1.31124729,
    null,
    71385.03164313223,
    "BTCUSD_PERP",
    "2",
    -10900,
    null,
    "57421.99999999",
    "0.01034943",
    -178463,
    107077
  ],
  "time": 1616453707646
}