{
  "code": 200,
  "result": [
    -0.15220870709318685,
    1.30089786,
    0,
    0.00962521,
    1.31052307,
    null,
    71612.19754219898,
    "BTCUSD_PERP",
    "2",
    -10900,
    null,
    "57421.99999999",
    "0.00962034",
    -179031,
    107418
  ],
  "time": 1616448247964
}