{
  "code": 200,
  "result": [
    -0.20003045239972897,
    1.30089289,
    0,
    0.00952798,
    1.31042087,
    null,
    71489.11492448025,
    "BTCUSD_PERP",
    "2",
    -14300,
    null,
    "56604.63779568",
    "0.00952798",
    -178723,
    107233
  ],
  "time": 1616470747414
}