{
  "code": 200,
  "result": [
    -0.14533256157800162,
    1.3008778,
    0,
    -0.00099409,
    1.29988371,
    null,
    75000.39827034803,
    "BTCUSD_PERP",
    "2",
    -10900,
    null,
    "57421.99999999",
    "-0.00099409",
    -187501,
    112500
  ],
  "time": 1616414528605
}