{
  "code": 200,
  "result": [
    -0.14949600648150313,
    1.30089786,
    0,
    0.00552094,
    1.3064188,
    null,
    72911.64664889318,
    "BTCUSD_PERP",
    "2",
    -10900,
    null,
    "57421.99999999",
    "0.00552094",
    -182280,
    109367
  ],
  "time": 1616444707921
}