{
  "code": 200,
  "result": [
    -0.15301233049328672,
    1.30089786,
    0,
    0.01100158,
    1.31189944,
    null,
    71236.08904498209,
    "BTCUSD_PERP",
    "2",
    -10900,
    null,
    "57421.99999999",
    "0.01100158",
    -178091,
    106854
  ],
  "time": 1616457307603
}