{
  "code": 200,
  "result": [
    -0.20005515152961925,
    1.30089289,
    0,
    0.0096358,
    1.31052869,
    null,
    71480.28876368528,
    "BTCUSD_PERP",
    "2",
    -14300,
    null,
    "56604.63779568",
    "0.00963580",
    -178701,
    107220
  ],
  "time": 1616472548049
}