{
  "code": 200,
  "result": [
    -0.1446219013943307,
    1.3008778,
    0,
    -0.00214407,
    1.29873373,
    null,
    75368.94408738073,
    "BTCUSD_PERP",
    "2",
    -10900,
    null,
    "57421.99999999",
    "-0.00214407",
    -188423,
    113053
  ],
  "time": 1616411888021
}