{
  "code": 200,
  "result": [
    -0.20047563499048116,
    1.30089289,
    0,
    0.01026973,
    1.31116262,
    null,
    71330.3639151909,
    "BTCUSD_PERP",
    "2",
    -14300,
    null,
    "56604.63779568",
    "0.01026973",
    -178326,
    106995
  ],
  "time": 1616459227549
}