{
  "code": 200,
  "result": [
    -0.14778548710965778,
    1.30089786,
    0,
    0.00270047,
    1.30359833,
    null,
    73755.55078633757,
    "BTCUSD_PERP",
    "2",
    -10900,
    null,
    "57421.99999999",
    "0.00268211",
    -184389,
    110633
  ],
  "time": 1616438887957
}