{
  "code": 200,
  "result": [
    -0.1999152161756014,
    1.30089289,
    0,
    0.00941158,
    1.31030447,
    null,
    71530.32307175246,
    "BTCUSD_PERP",
    "2",
    -14300,
    null,
    "56604.63779568",
    "0.00941158",
    -178826,
    107295
  ],
  "time": 1616459047919
}