{
  "code": 200,
  "result": [
    -0.14800784602560296,
    1.30089786,
    0,
    0.00308577,
    1.30398363,
    null,
    73644.7444692525,
    "BTCUSD_PERP",
    "2",
    -10900,
    null,
    "57421.99999999",
    "0.00308577",
    -184112,
    110467
  ],
  "time": 1616431209265
}