{
  "code": 200,
  "result": [
    -0.14641399383479572,
    1.3008778,
    0,
    0.0006142,
    1.301492,
    null,
    74446.43585297502,
    "BTCUSD_PERP",
    "2",
    -10900,
    null,
    "57421.99999999",
    "0.00060821",
    -186117,
    111669
  ],
  "time": 1616403610834
}