{
  "code": 200,
  "result": [
    -0.20004694091749725,
    1.30089289,
    0,
    0.00954406,
    1.31043695,
    null,
    71483.22255973693,
    "BTCUSD_PERP",
    "2",
    -14300,
    null,
    "56604.63779568",
    "0.00953308",
    -178709,
    107224
  ],
  "time": 1616470927761
}