{
  "code": 200,
  "result": [
    -0.14518013148337408,
    1.3008778,
    0,
    -0.00133687,
    1.29954093,
    null,
    75079.14401667462,
    "BTCUSD_PERP",
    "2",
    -10900,
    null,
    "57421.99999999",
    "-0.00134022",
    -187698,
    112618
  ],
  "time": 1616413447956
}