{
  "code": 200,
  "result": [
    -0.1465642992104311,
    1.3008778,
    0,
    0.00095485,
    1.30183265,
    null,
    74370.08916032287,
    "BTCUSD_PERP",
    "2",
    -10900,
    null,
    "57421.99999999",
    "0.00095485",
    -185926,
    111555
  ],
  "time": 1616422688285
}