{
  "code": 200,
  "result": [
    -0.14703688405482804,
    1.3008778,
    0,
    0.0016277,
    1.3025055,
    null,
    74131.05949617064,
    "BTCUSD_PERP",
    "2",
    -10900,
    null,
    "57421.99999999",
    "0.00162770",
    -185328,
    111196
  ],
  "time": 1616423410754
}