{
  "code": 200,
  "result": [
    -0.2001190666085946,
    1.30089289,
    0,
    0.00968137,
    1.31057426,
    null,
    71457.45901348238,
    "BTCUSD_PERP",
    "2",
    -14300,
    null,
    "56604.63779568",
    "0.00966965",
    -178644,
    107186
  ],
  "time": 1616468947603
}