{
  "code": 200,
  "result": [
    -0.14574612954371957,
    1.3008778,
    0,
    -0.00046614,
    1.30041166,
    null,
    74787.57778422047,
    "BTCUSD_PERP",
    "2",
    -10900,
    null,
    "57421.99999999",
    "-0.00046561",
    -186969,
    112181
  ],
  "time": 1616400548891
}