{
  "code": 200,
  "result": [
    -0.14946622596572515,
    1.30089786,
    0,
    0.00548951,
    1.30638737,
    null,
    72926.1739872895,
    "BTCUSD_PERP",
    "2",
    -10900,
    null,
    "57421.99999999",
    "0.00548951",
    -182316,
    109389
  ],
  "time": 1616444769253
}