{
  "code": 200,
  "result": [
    -0.1461614649059746,
    1.3008778,
    0,
    0.00022406,
    1.30110186,
    null,
    74575.05989702519,
    "BTCUSD_PERP",
    "2",
    -10900,
    null,
    "57421.99999999",
    "0.00022406",
    -186438,
    111862
  ],
  "time": 1616402828373
}