{
  "code": 200,
  "result": [
    -0.14693595892501177,
    1.30089786,
    0,
    0.00158858,
    1.30248644,
    null,
    74181.97750737636,
    "BTCUSD_PERP",
    "2",
    -10900,
    null,
    "57421.99999999",
    "0.00158858",
    -185455,
    111272
  ],
  "time": 1616429169478
}