{
  "code": 200,
  "result": [
    -0.15302164375117103,
    1.30089786,
    0,
    0.01073594,
    1.3116338,
    null,
    71231.75344871164,
    "BTCUSD_PERP",
    "2",
    -10900,
    null,
    "57421.99999999",
    "0.01073594",
    -178080,
    106847
  ],
  "time": 1616446088516
}