{
  "code": 200,
  "result": [
    -0.20057520258090927,
    1.30089289,
    0,
    0.01032201,
    1.3112149,
    null,
    71294.95478999492,
    "BTCUSD_PERP",
    "2",
    -14300,
    null,
    "56604.63779568",
    "0.01032134",
    -178238,
    106942
  ],
  "time": 1616475728026
}