{
  "code": 200,
  "result": [
    -0.1476188446493577,
    1.30089786,
    0,
    0.0025089,
    1.30340676,
    null,
    73838.8112025332,
    "BTCUSD_PERP",
    "2",
    -10900,
    null,
    "57421.99999999",
    "0.00250890",
    -184598,
    110758
  ],
  "time": 1616432228324
}