{
  "code": 200,
  "result": [
    -0.19821942489938757,
    1.30089289,
    0,
    0.00651597,
    1.30740886,
    null,
    72142.27368109059,
    "BTCUSD_PERP",
    "2",
    -14300,
    null,
    "56604.63779568",
    "0.00651597",
    -180356,
    108213
  ],
  "time": 1616463907656
}