{
  "code": 200,
  "result": [
    -0.1471987600301654,
    1.30089786,
    0,
    0.0018627,
    1.30276056,
    null,
    74049.53681516247,
    "BTCUSD_PERP",
    "2",
    -10900,
    null,
    "57421.99999999",
    "0.00183814",
    -185124,
    111074
  ],
  "time": 1616434148774
}