{
  "code": 200,
  "result": [
    -0.14644754078226432,
    1.3008778,
    0,
    0.0007176,
    1.3015954,
    null,
    74429.38230151596,
    "BTCUSD_PERP",
    "2",
    -10900,
    null,
    "57421.99999999",
    "0.00071760",
    -186074,
    111644
  ],
  "time": 1616427548752
}