{
  "code": 200,
  "result": [
    -0.14646906586731015,
    1.3008778,
    0,
    0.00069129,
    1.30156909,
    null,
    74418.44416400233,
    "BTCUSD_PERP",
    "2",
    -10900,
    null,
    "57421.99999999",
    "0.00069129",
    -186047,
    111627
  ],
  "time": 1616416748249
}