{
  "code": 200,
  "result": [
    -0.14545823822619847,
    1.3008778,
    0,
    -0.00061682,
    1.30026098,
    null,
    74935.59754965328,
    "BTCUSD_PERP",
    "2",
    -10900,
    null,
    "57421.99999999",
    "-0.00061682",
    -187339,
    112403
  ],
  "time": 1616414648059
}