{
  "code": 200,
  "result": [
    -0.14671903481976326,
    1.30089786,
    0,
    0.00124077,
    1.30213863,
    null,
    74291.65556732353,
    "BTCUSD_PERP",
    "2",
    -10900,
    null,
    "57421.99999999",
    "0.00123447",
    -185730,
    111437
  ],
  "time": 1616435168718
}