{
  "code": 200,
  "result": [
    -0.14659742345433163,
    1.30089786,
    0,
    0.00104672,
    1.30194458,
    null,
    74353.28495657766,
    "BTCUSD_PERP",
    "2",
    -10900,
    null,
    "57421.99999999",
    "0.00104672",
    -185884,
    111529
  ],
  "time": 1616437269540
}