{
  "code": 200,
  "result": [
    -0.19895546333132108,
    1.30089289,
    0,
    0.00781318,
    1.30870607,
    null,
    71875.38236226351,
    "BTCUSD_PERP",
    "2",
    -14300,
    null,
    "56604.63779568",
    "0.00781896",
    -179689,
    107813
  ],
  "time": 1616466128001
}