{
  "code": 200,
  "result": [
    -0.15231311551859122,
    1.30089786,
    0,
    0.00974434,
    1.3106422,
    null,
    71563.10842233119,
    "BTCUSD_PERP",
    "2",
    -10900,
    null,
    "57421.99999999",
    "0.00974434",
    -178908,
    107344
  ],
  "time": 1616449027608
}