{
  "code": 200,
  "result": [
    -0.15273964813927857,
    1.30089786,
    0,
    0.01044392,
    1.31134178,
    null,
    71363.26509054562,
    "BTCUSD_PERP",
    "2",
    -10900,
    null,
    "57421.99999999",
    "0.01046408",
    -178409,
    107044
  ],
  "time": 1616456347023
}