{
  "code": 200,
  "result": [
    -0.14762069408620715,
    1.30089786,
    0,
    0.00247433,
    1.30337219,
    null,
    73837.88612750084,
    "BTCUSD_PERP",
    "2",
    -10900,
    null,
    "57421.99999999",
    "0.00249345",
    -184595,
    110756
  ],
  "time": 1616432170109
}