{
  "code": 200,
  "result": [
    -0.1457751426708261,
    1.3008778,
    0,
    -0.00041997,
    1.30045783,
    null,
    74772.69306889459,
    "BTCUSD_PERP",
    "2",
    -10900,
    null,
    "57421.99999999",
    "-0.00041997",
    -186932,
    112159
  ],
  "time": 1616400669325
}