{
  "code": 200,
  "result": [
    -0.19982094098196243,
    1.30089289,
    0,
    0.00913645,
    1.31002934,
    null,
    71564.07096136556,
    "BTCUSD_PERP",
    "2",
    -14300,
    null,
    "56604.63779568",
    "0.00913993",
    -178911,
    107346
  ],
  "time": 1616472728319
}