{
  "code": 200,
  "result": [
    -0.14931363868310205,
    1.30089786,
    0,
    0.005167,
    1.30606486,
    null,
    73000.69903951489,
    "BTCUSD_PERP",
    "2",
    -10900,
    null,
    "57421.99999999",
    "0.00519215",
    -182502,
    109501
  ],
  "time": 1616442247699
}