{
  "code": 200,
  "result": [
    -0.1464149005176455,
    1.3008778,
    0,
    0.00054136,
    1.30141916,
    null,
    74445.97483905926,
    "BTCUSD_PERP",
    "2",
    -10900,
    null,
    "57421.99999999",
    "0.00054136",
    -186115,
    111668
  ],
  "time": 1616404748245
}