{
  "code": 200,
  "result": [
    -0.14931279024519686,
    1.30089786,
    0,
    0.00515728,
    1.30605514,
    null,
    73001.11385032961,
    "BTCUSD_PERP",
    "2",
    -10900,
    null,
    "57421.99999999",
    "0.00514682",
    -182503,
    109501
  ],
  "time": 1616442187718
}