{
  "code": 200,
  "result": [
    -0.14621917109597285,
    1.3008778,
    0,
    5.204e-05,
    1.30092984,
    null,
    74545.62844461513,
    "BTCUSD_PERP",
    "2",
    -10900,
    null,
    "57421.99999999",
    "0.00005204",
    -186365,
    111818
  ],
  "time": 1616407328298
}