{
  "code": 200,
  "result": [
    -0.14616950658311287,
    1.3008778,
    0,
    0.00034408,
    1.30122188,
    null,
    74570.95706758916,
    "BTCUSD_PERP",
    "2",
    -10900,
    null,
    "57421.99999999",
    "0.00034408",
    -186428,
    111856
  ],
  "time": 1616402588264
}