{
  "code": 200,
  "result": [
    -0.14452398945076245,
    1.3008778,
    0,
    -0.00235476,
    1.29852304,
    null,
    75420.0049515897,
    "BTCUSD_PERP",
    "2",
    -10900,
    null,
    "57421.99999999",
    "-0.00235476",
    -188551,
    113130
  ],
  "time": 1616409488300
}