{
  "code": 200,
  "result": [
    -0.14657632790060232,
    1.30089786,
    0,
    0.00097522,
    1.30187308,
    null,
    74363.98602775481,
    "BTCUSD_PERP",
    "2",
    -10900,
    null,
    "57421.99999999",
    "0.00097522",
    -185910,
    111545
  ],
  "time": 1616435348189
}