{
  "code": 200,
  "result": [
    -0.19991262725783787,
    1.30089289,
    0,
    0.00936367,
    1.31025656,
    null,
    71531.24940705489,
    "BTCUSD_PERP",
    "2",
    -14300,
    null,
    "56604.63779568",
    "0.00936099",
    -178829,
    107296
  ],
  "time": 1616461148557
}