{
  "code": 200,
  "result": [
    -0.1991030416392487,
    1.30089289,
    0,
    0.00812766,
    1.30902055,
    null,
    71822.10719768872,
    "BTCUSD_PERP",
    "2",
    -14300,
    null,
    "56604.63779568",
    "0.00812766",
    -179556,
    107733
  ],
  "time": 1616465887932
}