{
  "code": 200,
  "result": [
    -0.1443671340660361,
    1.3008778,
    0,
    -0.00264683,
    1.29823097,
    null,
    75501.94904481615,
    "BTCUSD_PERP",
    "2",
    -10900,
    null,
    "57421.99999999",
    "-0.00264683",
    -188755,
    113252
  ],
  "time": 1616408708253
}