{
  "code": 200,
  "result": [
    -0.14578875990224346,
    1.3008778,
    0,
    -0.00036506,
    1.30051274,
    null,
    74765.70901150978,
    "BTCUSD_PERP",
    "2",
    -10900,
    null,
    "57421.99999999",
    "-0.00037233",
    -186915,
    112148
  ],
  "time": 1616402049018
}