{
  "code": 200,
  "result": [
    -0.15172882638777294,
    1.30089786,
    0,
    0.00890439,
    1.30980225,
    null,
    71838.68918977136,
    "BTCUSD_PERP",
    "2",
    -10900,
    null,
    "57421.99999999",
    "0.00890439",
    -179597,
    107758
  ],
  "time": 1616454427294
}