{
  "code": 200,
  "result": [
    -0.152749834151448,
    1.30089786,
    0,
    0.01050258,
    1.31140044,
    null,
    71358.5062828474,
    "BTCUSD_PERP",
    "2",
    -10900,
    null,
    "57421.99999999",
    "0.01050258",
    -178397,
    107037
  ],
  "time": 1616457187472
}