{
  "code": 200,
  "result": [
    -0.19899335182990166,
    1.30089289,
    0,
    0.00785716,
    1.30875005,
    null,
    71861.69723008413,
    "BTCUSD_PERP",
    "2",
    -14300,
    null,
    "56604.63779568",
    "0.00783278",
    -179655,
    107792
  ],
  "time": 1616467808826
}