{
  "code": 200,
  "result": [
    -0.14628788628486736,
    1.3008778,
    0,
    0.00031091,
    1.30118871,
    null,
    74510.61244247085,
    "BTCUSD_PERP",
    "2",
    -10900,
    null,
    "57421.99999999",
    "0.00031091",
    -186277,
    111765
  ],
  "time": 1616404688501
}