{
  "code": 200,
  "result": [
    -0.14653218127336934,
    1.3008778,
    0,
    0.0008404,
    1.3017182,
    null,
    74386.39011088657,
    "BTCUSD_PERP",
    "2",
    -10900,
    null,
    "57421.99999999",
    "0.00084040",
    -185966,
    111579
  ],
  "time": 1616424188154
}