{
  "code": 200,
  "result": [
    -0.14784385174638376,
    1.30089786,
    0,
    0.00293915,
    1.30383701,
    null,
    73726.43414822701,
    "BTCUSD_PERP",
    "2",
    -10900,
    null,
    "57421.99999999",
    "0.00293878",
    -184317,
    110589
  ],
  "time": 1616438468815
}