{
  "code": 200,
  "result": [
    -0.2006803555109688,
    1.30089289,
    0,
    0.01052368,
    1.31141657,
    null,
    71257.59750419811,
    "BTCUSD_PERP",
    "2",
    -14300,
    null,
    "56604.63779568",
    "0.01051840",
    -178144,
    106886
  ],
  "time": 1616474647998
}