{
  "code": 200,
  "result": [
    -0.14936089608483313,
    1.30089786,
    0,
    0.00529234,
    1.3061902,
    null,
    72977.60180689517,
    "BTCUSD_PERP",
    "2",
    -10900,
    null,
    "57421.99999999",
    "0.00530594",
    -182445,
    109466
  ],
  "time": 1616443687932
}