{
  "code": 200,
  "result": [
    -0.1495432821871856,
    1.30089786,
    0,
    0.00545688,
    1.30635474,
    null,
    72888.59680340775,
    "BTCUSD_PERP",
    "2",
    -10900,
    null,
    "57421.99999999",
    "0.00545688",
    -182222,
    109332
  ],
  "time": 1616445307937
}