{
  "code": 200,
  "result": [
    -0.19999264253569435,
    1.30089289,
    0,
    0.00943197,
    1.31032486,
    null,
    71502.63039025429,
    "BTCUSD_PERP",
    "2",
    -14300,
    null,
    "56604.63779568",
    "0.00943197",
    -178757,
    107253
  ],
  "time": 1616471587495
}