{
  "code": 200,
  "result": [
    -0.2001653308479476,
    1.30089289,
    0,
    0.00950138,
    1.31039427,
    null,
    71440.94304154383,
    "BTCUSD_PERP",
    "2",
    -14300,
    null,
    "56604.63779568",
    "0.00951195",
    -178603,
    107161
  ],
  "time": 1616475069759
}