{
  "code": 200,
  "result": [
    -0.14654655763003926,
    1.3008778,
    0,
    0.00096607,
    1.30184387,
    null,
    74379.09273527491,
    "BTCUSD_PERP",
    "2",
    -10900,
    null,
    "57421.99999999",
    "0.00096607",
    -185948,
    111568
  ],
  "time": 1616426948324
}