{
  "code": 200,
  "result": [
    -0.14940760891755656,
    1.30089786,
    0,
    0.00527179,
    1.30616965,
    null,
    72954.78509407539,
    "BTCUSD_PERP",
    "2",
    -10900,
    null,
    "57421.99999999",
    "0.00526475",
    -182387,
    109432
  ],
  "time": 1616445010053
}