{
  "code": 200,
  "result": [
    -0.1465155900506326,
    1.3008778,
    0,
    0.00082409,
    1.30170189,
    null,
    74394.8135228012,
    "BTCUSD_PERP",
    "2",
    -10900,
    null,
    "57421.99999999",
    "0.00082023",
    -185988,
    111592
  ],
  "time": 1616424727930
}