{
  "code": 200,
  "result": [
    -0.14656677698372547,
    1.3008778,
    0,
    0.00091679,
    1.30179459,
    null,
    74368.83190254171,
    "BTCUSD_PERP",
    "2",
    -10900,
    null,
    "57421.99999999",
    "0.00091679",
    -185923,
    111553
  ],
  "time": 1616425028851
}