{
  "code": 200,
  "result": [
    -0.14519505788738438,
    1.3008778,
    0,
    -0.00125086,
    1.29962694,
    null,
    75071.42569862271,
    "BTCUSD_PERP",
    "2",
    -10900,
    null,
    "57421.99999999",
    "-0.00125086",
    -187679,
    112607
  ],
  "time": 1616412728401
}