{
  "code": 200,
  "result": [
    -0.14665774300902054,
    1.30089786,
    0,
    0.00109164,
    1.3019895,
    null,
    74322.70384339386,
    "BTCUSD_PERP",
    "2",
    -10900,
    null,
    "57421.99999999",
    "0.00109164",
    -185807,
    111484
  ],
  "time": 1616436969214
}