{
  "code": 200,
  "result": [
    -0.19966612077222334,
    1.30089289,
    0,
    0.00876049,
    1.30965338,
    null,
    71619.5614193019,
    "BTCUSD_PERP",
    "2",
    -14300,
    null,
    "56604.63779568",
    "0.00876013",
    -179049,
    107429
  ],
  "time": 1616469668807
}