{
  "code": 200,
  "result": [
    -0.15271157457549558,
    1.30089786,
    0,
    0.01028575,
    1.31118361,
    null,
    71376.38407762862,
    "BTCUSD_PERP",
    "2",
    -10900,
    null,
    "57421.99999999",
    "0.01028575",
    -178441,
    107064
  ],
  "time": 1616453288475
}