{
  "code": 200,
  "result": [
    -0.15314080601366062,
    1.30089786,
    0,
    0.01098332,
    1.31188118,
    null,
    71176.32643926196,
    "BTCUSD_PERP",
    "2",
    -10900,
    null,
    "57421.99999999",
    "0.01098332",
    -177941,
    106764
  ],
  "time": 1616452209405
}