{
  "code": 200,
  "result": [
    -0.1526709172245381,
    1.30089786,
    0,
    0.01041516,
    1.31131302,
    null,
    71395.39211629295,
    "BTCUSD_PERP",
    "2",
    -10900,
    null,
    "57421.99999999",
    "0.01040077",
    -178489,
    107093
  ],
  "time": 1616453768744
}