{
  "code": 200,
  "result": [
    -0.15212069840572337,
    1.30089786,
    0,
    0.00940762,
    1.31030548,
    null,
    71653.62842950174,
    "BTCUSD_PERP",
    "2",
    -10900,
    null,
    "57421.99999999",
    "0.00940762",
    -179135,
    107480
  ],
  "time": 1616448308356
}