{
  "code": 200,
  "result": [
    -0.1476199363061615,
    1.30089786,
    0,
    0.00249549,
    1.30339335,
    null,
    73838.26516083551,
    "BTCUSD_PERP",
    "2",
    -10900,
    null,
    "57421.99999999",
    "0.00249515",
    -184596,
    110757
  ],
  "time": 1616432048716
}