{
  "code": 200,
  "result": [
    -0.2008061778148523,
    1.30089289,
    0,
    0.01075635,
    1.31164924,
    null,
    71212.94850392957,
    "BTCUSD_PERP",
    "2",
    -14300,
    null,
    "56604.63779568",
    "0.01073505",
    -178033,
    106819
  ],
  "time": 1616473868978
}