{
  "code": 200,
  "result": [
    -0.14753441067962716,
    1.30089786,
    0,
    0.00236824,
    1.3032661,
    null,
    73881.06916744655,
    "BTCUSD_PERP",
    "2",
    -10900,
    null,
    "57421.99999999",
    "0.00236824",
    -184703,
    110821
  ],
  "time": 1616433369225
}