{
  "code": 200,
  "result": [
    -0.14686377946603668,
    1.3008778,
    0,
    0.00130476,
    1.30218256,
    null,
    74218.43588412284,
    "BTCUSD_PERP",
    "2",
    -10900,
    null,
    "57421.99999999",
    "0.00130509",
    -185547,
    111327
  ],
  "time": 1616421369753
}