{
  "code": 200,
  "result": [
    -0.14633287496978226,
    1.3008778,
    0,
    0.00046592,
    1.30134372,
    null,
    74487.7048458923,
    "BTCUSD_PERP",
    "2",
    -10900,
    null,
    "57421.99999999",
    "0.00046592",
    -186220,
    111731
  ],
  "time": 1616405948354
}