{
  "code": 200,
  "result": [
    -0.14656445542993665,
    1.30089786,
    0,
    0.00098354,
    1.3018814,
    null,
    74370.00989104492,
    "BTCUSD_PERP",
    "2",
    -10900,
    null,
    "57421.99999999",
    "0.00098353",
    -185926,
    111555
  ],
  "time": 1616434868969
}