{
  "code": 200,
  "result": [
    -0.1462291643907082,
    1.3008778,
    0,
    0.00023004,
    1.30110784,
    null,
    74540.533999609,
    "BTCUSD_PERP",
    "2",
    -10900,
    null,
    "57421.99999999",
    "0.00023004",
    -186352,
    111810
  ],
  "time": 1616419628539
}