{
  "code": 200,
  "result": [
    -0.20054812033871253,
    1.30089289,
    0,
    0.01025921,
    1.3111521,
    null,
    71304.58254033119,
    "BTCUSD_PERP",
    "2",
    -14300,
    null,
    "56604.63779568",
    "0.01025424",
    -178262,
    106956
  ],
  "time": 1616475547852
}