{
  "code": 200,
  "result": [
    -0.1445902110260127,
    1.3008778,
    0,
    -0.00224871,
    1.29862909,
    null,
    75385.46297604492,
    "BTCUSD_PERP",
    "2",
    -10900,
    null,
    "57421.99999999",
    "-0.00222805",
    -188464,
    113078
  ],
  "time": 1616411707751
}