{
  "code": 200,
  "result": [
    -0.199997835064396,
    1.30089289,
    0,
    0.00951323,
    1.31040612,
    null,
    71500.77397285643,
    "BTCUSD_PERP",
    "2",
    -14300,
    null,
    "56604.63779568",
    "0.00952034",
    -178752,
    107251
  ],
  "time": 1616460247835
}