{
  "code": 200,
  "result": [
    -0.14719092316560664,
    1.30089786,
    0,
    0.00184686,
    1.30274472,
    null,
    74053.47942370232,
    "BTCUSD_PERP",
    "2",
    -10900,
    null,
    "57421.99999999",
    "0.00184686",
    -185134,
    111080
  ],
  "time": 1616430308646
}