{
  "code": 200,
  "result": [
    -0.14962920844750643,
    1.30089786,
    0,
    0.00574223,
    1.30664009,
    null,
    72846.73970472807,
    "BTCUSD_PERP",
    "2",
    -10900,
    null,
    "57421.99999999",
    "0.00571436",
    -182117,
    109270
  ],
  "time": 1616443987870
}