{
  "code": 200,
  "result": [
    -0.14727307105322365,
    1.3008778,
    0,
    0.00198042,
    1.30285822,
    null,
    74012.17291150805,
    "BTCUSD_PERP",
    "2",
    -10900,
    null,
    "57421.99999999",
    "0.00202667",
    -185031,
    111018
  ],
  "time": 1616420769701
}