{
  "code": 200,
  "result": [
    -0.14903004144507584,
    1.30089786,
    0,
    0.00469127,
    1.30558913,
    null,
    73139.61597479078,
    "BTCUSD_PERP",
    "2",
    -10900,
    null,
    "57421.99999999",
    "0.00469127",
    -182850,
    109709
  ],
  "time": 1616442787566
}