{
  "code": 200,
  "result": [
    -0.15155788017276173,
    1.30089786,
    0,
    0.00856687,
    1.30946473,
    null,
    71919.71798216645,
    "BTCUSD_PERP",
    "2",
    -10900,
    null,
    "57421.99999999",
    "0.00856687",
    -179800,
    107879
  ],
  "time": 1616447647531
}