{
  "code": 200,
  "result": [
    -0.144501903125342,
    1.3008778,
    0,
    -0.00242651,
    1.29845129,
    null,
    75431.53248677465,
    "BTCUSD_PERP",
    "2",
    -10900,
    null,
    "57421.99999999",
    "-0.00242651",
    -188579,
    113147
  ],
  "time": 1616408948393
}