{
  "code": 200,
  "result": [
    -0.2016796320014197,
    1.30089289,
    0,
    0.01232517,
    1.31321806,
    null,
    70904.53239174563,
    "BTCUSD_PERP",
    "2",
    -14300,
    null,
    "56604.63779568",
    "0.01232517",
    -177262,
    106356
  ],
  "time": 1616457787351
}