{
  "code": 200,
  "result": [
    -0.14959748244906051,
    1.30089786,
    0,
    0.00566492,
    1.30656278,
    null,
    72862.18873176267,
    "BTCUSD_PERP",
    "2",
    -10900,
    null,
    "57421.99999999",
    "0.00566492",
    -182156,
    109293
  ],
  "time": 1616445068495
}