{
  "code": 200,
  "result": [
    -0.1463862624370121,
    1.3008778,
    0,
    0.00048088,
    1.30135868,
    null,
    74460.53897776174,
    "BTCUSD_PERP",
    "2",
    -10900,
    null,
    "57421.99999999",
    "0.00048088",
    -186152,
    111690
  ],
  "time": 1616419810451
}