{
  "code": 200,
  "result": [
    -0.15198322409374476,
    1.30089786,
    0,
    0.00930999,
    1.31020785,
    null,
    71718.441722731,
    "BTCUSD_PERP",
    "2",
    -10900,
    null,
    "57421.99999999",
    "0.00929810",
    -179297,
    107577
  ],
  "time": 1616446448117
}