{
  "code": 200,
  "result": [
    -0.20040381236184665,
    1.30089289,
    0,
    0.01000186,
    1.31089475,
    null,
    71355.92797097142,
    "BTCUSD_PERP",
    "2",
    -14300,
    null,
    "56604.63779568",
    "0.01000186",
    -178390,
    107033
  ],
  "time": 1616474828348
}