{
  "code": 200,
  "result": [
    -0.14554653379095783,
    1.3008778,
    0,
    -0.00066082,
    1.30021698,
    null,
    74890.1379929473,
    "BTCUSD_PERP",
    "2",
    -10900,
    null,
    "57421.99999999",
    "-0.00066082",
    -187226,
    112335
  ],
  "time": 1616415009730
}