{
  "code": 200,
  "result": [
    -0.199980036324991,
    1.30089289,
    0,
    0.00942983,
    1.31032272,
    null,
    71507.13772629196,
    "BTCUSD_PERP",
    "2",
    -14300,
    null,
    "56604.63779568",
    "0.00942983",
    -178768,
    107260
  ],
  "time": 1616470987979
}