{
  "code": 200,
  "result": [
    -0.1986060471383395,
    1.30089289,
    0,
    0.00734547,
    1.30823836,
    null,
    72001.83582546862,
    "BTCUSD_PERP",
    "2",
    -14300,
    null,
    "56604.63779568",
    "0.00734547",
    -180005,
    108002
  ],
  "time": 1616465169316
}