{
  "code": 200,
  "result": [
    -0.19985749416395235,
    1.30089289,
    0,
    0.00917854,
    1.31007143,
    null,
    71550.9821626656,
    "BTCUSD_PERP",
    "2",
    -14300,
    null,
    "56604.63779568",
    "0.00917855",
    -178878,
    107326
  ],
  "time": 1616473208614
}