{
  "code": 200,
  "result": [
    -0.15406623512794476,
    1.30089786,
    0,
    0.01234361,
    1.31324147,
    null,
    70748.79184883088,
    "BTCUSD_PERP",
    "2",
    -10900,
    null,
    "57421.99999999",
    "0.01234361",
    -176872,
    106123
  ],
  "time": 1616450708163
}