{
  "code": 200,
  "result": [
    -0.14646988378461406,
    1.3008778,
    0,
    0.00071807,
    1.30159587,
    null,
    74418.02859643554,
    "BTCUSD_PERP",
    "2",
    -10900,
    null,
    "57421.99999999",
    "0.00071807",
    -186046,
    111627
  ],
  "time": 1616417169530
}