{
  "code": 200,
  "result": [
    -0.14530658428940796,
    1.3008778,
    0,
    -0.00110218,
    1.29977562,
    null,
    75013.80652022215,
    "BTCUSD_PERP",
    "2",
    -10900,
    null,
    "57421.99999999",
    "-0.00110158",
    -187535,
    112520
  ],
  "time": 1616414170686
}