{
  "code": 200,
  "result": [
    -0.14654835795739926,
    1.3008778,
    0,
    0.00075438,
    1.30163218,
    null,
    74378.1789978743,
    "BTCUSD_PERP",
    "2",
    -10900,
    null,
    "57421.99999999",
    "0.00075438",
    -185946,
    111567
  ],
  "time": 1616403728519
}