{
  "code": 200,
  "result": [
    -0.14521007157156246,
    1.3008778,
    0,
    -0.00115979,
    1.29971801,
    null,
    75063.66384943388,
    "BTCUSD_PERP",
    "2",
    -10900,
    null,
    "57421.99999999",
    "-0.00115979",
    -187660,
    112595
  ],
  "time": 1616413748050
}