{
  "code": 200,
  "result": [
    -0.15324427287838974,
    1.30089786,
    0,
    0.01128184,
    1.3121797,
    null,
    71128.26988744909,
    "BTCUSD_PERP",
    "2",
    -10900,
    null,
    "57421.99999999",
    "0.01128184",
    -177821,
    106692
  ],
  "time": 1616453108441
}