{
  "code": 200,
  "result": [
    -0.14642705310229398,
    1.3008778,
    0,
    0.00069769,
    1.30157549,
    null,
    74439.79626077195,
    "BTCUSD_PERP",
    "2",
    -10900,
    null,
    "57421.99999999",
    "0.00069078",
    -186100,
    111659
  ],
  "time": 1616427729468
}