{
  "code": 200,
  "result": [
    -0.2003473836933956,
    1.30089289,
    0,
    0.01000167,
    1.31089456,
    null,
    71376.02566292656,
    "BTCUSD_PERP",
    "2",
    -14300,
    null,
    "56604.63779568",
    "0.01000402",
    -178441,
    107064
  ],
  "time": 1616470507639
}