{
  "code": 200,
  "result": [
    -0.14464166341640525,
    1.3008778,
    0,
    -0.00221529,
    1.29866251,
    null,
    75358.64662051255,
    "BTCUSD_PERP",
    "2",
    -10900,
    null,
    "57421.99999999",
    "-0.00221529",
    -188397,
    113037
  ],
  "time": 1616409788295
}