{
  "code": 200,
  "result": [
    -0.14648627590740937,
    1.3008778,
    0,
    0.00072182,
    1.30159962,
    null,
    74409.70106230048,
    "BTCUSD_PERP",
    "2",
    -10900,
    null,
    "57421.99999999",
    "0.00072182",
    -186025,
    111614
  ],
  "time": 1616427010126
}