{
  "code": 200,
  "result": [
    -0.14619102199464032,
    1.3008778,
    0,
    0.00026265,
    1.30114045,
    null,
    74559.98221559473,
    "BTCUSD_PERP",
    "2",
    -10900,
    null,
    "57421.99999999",
    "0.00026265",
    -186400,
    111839
  ],
  "time": 1616402947850
}