{
  "code": 200,
  "result": [
    -0.14550355433581488,
    1.3008778,
    0,
    -0.0008923,
    1.2999855,
    null,
    74912.25935858136,
    "BTCUSD_PERP",
    "2",
    -10900,
    null,
    "57421.99999999",
    "-0.00089230",
    -187281,
    112368
  ],
  "time": 1616401210148
}