{
  "code": 200,
  "result": [
    -0.14583367205382303,
    1.3008778,
    0,
    -0.00030924,
    1.30056856,
    null,
    74742.68354140547,
    "BTCUSD_PERP",
    "2",
    -10900,
    null,
    "57421.99999999",
    "-0.00030924",
    -186857,
    112114
  ],
  "time": 1616401628547
}