{
  "code": 200,
  "result": [
    -0.15079431830307663,
    1.30089786,
    0,
    0.00742343,
    1.30832129,
    null,
    72283.89055144931,
    "BTCUSD_PERP",
    "2",
    -10900,
    null,
    "57421.99999999",
    "0.00746254",
    -180710,
    108425
  ],
  "time": 1616445788760
}