{
  "code": 200,
  "result": [
    -0.14655461376568207,
    1.3008778,
    0,
    0.00098986,
    1.30186766,
    null,
    74375.00410207076,
    "BTCUSD_PERP",
    "2",
    -10900,
    null,
    "57421.99999999",
    "0.00098987",
    -185938,
    111562
  ],
  "time": 1616428148055
}