{
  "code": 200,
  "result": [
    -0.1468330776015418,
    1.3008778,
    0,
    0.00120127,
    1.30207907,
    null,
    74233.95448796032,
    "BTCUSD_PERP",
    "2",
    -10900,
    null,
    "57421.99999999",
    "0.00120127",
    -185585,
    111350
  ],
  "time": 1616424128811
}