{
  "code": 200,
  "result": [
    -0.19997741359159318,
    1.30089289,
    0,
    0.0095385,
    1.31043139,
    null,
    71508.07555299412,
    "BTCUSD_PERP",
    "2",
    -14300,
    null,
    "56604.63779568",
    "0.00948048",
    -178771,
    107262
  ],
  "time": 1616460969049
}