{
  "code": 200,
  "result": [
    -0.14687480917338439,
    1.3008778,
    0,
    0.00132118,
    1.30219898,
    null,
    74212.86237814034,
    "BTCUSD_PERP",
    "2",
    -10900,
    null,
    "57421.99999999",
    "0.00132118",
    -185533,
    111319
  ],
  "time": 1616421309607
}