{
  "code": 200,
  "result": [
    -0.14789599456913763,
    1.30089786,
    0,
    0.00297615,
    1.30387401,
    null,
    73700.44085206464,
    "BTCUSD_PERP",
    "2",
    -10900,
    null,
    "57421.99999999",
    "0.00297615",
    -184252,
    110550
  ],
  "time": 1616438587464
}