{
  "code": 200,
  "result": [
    -0.19890505802256803,
    1.30089289,
    0,
    0.00776348,
    1.30865637,
    null,
    71893.59658404214,
    "BTCUSD_PERP",
    "2",
    -14300,
    null,
    "56604.63779568",
    "0.00776348",
    -179734,
    107840
  ],
  "time": 1616466247708
}