{
  "code": 200,
  "result": [
    -0.15258912445208261,
    1.30089786,
    0,
    0.01024521,
    1.31114307,
    null,
    71433.66238675099,
    "BTCUSD_PERP",
    "2",
    -10900,
    null,
    "57421.99999999",
    "0.01024521",
    -178585,
    107150
  ],
  "time": 1616451427315
}