{
  "code": 200,
  "result": [
    -0.14674440250346169,
    1.3008778,
    0,
    0.00111902,
    1.30199682,
    null,
    74278.81277953938,
    "BTCUSD_PERP",
    "2",
    -10900,
    null,
    "57421.99999999",
    "0.00111902",
    -185698,
    111418
  ],
  "time": 1616424069291
}