{
  "code": 200,
  "result": [
    -0.1998913132678987,
    1.30089289,
    0,
    0.00927753,
    1.31017042,
    null,
    71538.87663359752,
    "BTCUSD_PERP",
    "2",
    -14300,
    null,
    "56604.63779568",
    "0.00930001",
    -178848,
    107308
  ],
  "time": 1616459828014
}