{
  "code": 200,
  "result": [
    -0.1997460917862683,
    1.30089289,
    0,
    0.00901331,
    1.3099062,
    null,
    71590.88757191427,
    "BTCUSD_PERP",
    "2",
    -14300,
    null,
    "56604.63779568",
    "0.00898108",
    -178978,
    107386
  ],
  "time": 1616468227911
}