{
  "code": 200,
  "result": [
    -0.14688589956356612,
    1.3008778,
    0,
    0.00155308,
    1.30243088,
    null,
    74207.25905200269,
    "BTCUSD_PERP",
    "2",
    -10900,
    null,
    "57421.99999999",
    "0.00155308",
    -185519,
    111310
  ],
  "time": 1616425869195
}