{
  "code": 200,
  "result": [
    -0.14599967771784184,
    1.3008778,
    0,
    -1.299e-05,
    1.30086481,
    null,
    74657.69904687926,
    "BTCUSD_PERP",
    "2",
    -10900,
    null,
    "57421.99999999",
    "-0.00001299",
    -186645,
    111986
  ],
  "time": 1616402348409
}