{
  "code": 200,
  "result": [
    -0.19993578499750847,
    1.30089289,
    0,
    0.00942902,
    1.31032191,
    null,
    71522.96423663328,
    "BTCUSD_PERP",
    "2",
    -14300,
    null,
    "56604.63779568",
    "0.00942925",
    -178808,
    107284
  ],
  "time": 1616461327669
}