{
  "code": 200,
  "result": [
    -0.19926730871855577,
    1.30089289,
    0,
    0.00819828,
    1.30909117,
    null,
    71762.90025674635,
    "BTCUSD_PERP",
    "2",
    -14300,
    null,
    "56604.63779568",
    "0.00819828",
    -179408,
    107644
  ],
  "time": 1616462947334
}