{
  "code": 200,
  "result": [
    -0.14772157045087786,
    1.30089786,
    0,
    0.00274624,
    1.3036441,
    null,
    73787.46358254158,
    "BTCUSD_PERP",
    "2",
    -10900,
    null,
    "57421.99999999",
    "0.00274624",
    -184469,
    110681
  ],
  "time": 1616432289386
}