{
  "code": 200,
  "result": [
    -0.14669176962108946,
    1.3008778,
    0,
    0.00096264,
    1.30184044,
    null,
    74305.46395448854,
    "BTCUSD_PERP",
    "2",
    -10900,
    null,
    "57421.99999999",
    "0.00096264",
    -185764,
    111458
  ],
  "time": 1616404209147
}