{
  "code": 200,
  "result": [
    -0.20013126855894273,
    1.30089289,
    0,
    0.00954221,
    1.3104351,
    null,
    71453.10227116439,
    "BTCUSD_PERP",
    "2",
    -14300,
    null,
    "56604.63779568",
    "0.00953701",
    -178633,
    107179
  ],
  "time": 1616475248579
}