{
  "code": 200,
  "result": [
    -0.19983351469451385,
    1.30089289,
    0,
    0.00915877,
    1.31005166,
    null,
    71559.56808276358,
    "BTCUSD_PERP",
    "2",
    -14300,
    null,
    "56604.63779568",
    "0.00915829",
    -178899,
    107339
  ],
  "time": 1616458927720
}