{
  "code": 200,
  "result": [
    -0.19911685113227995,
    1.30089289,
    0,
    0.00807157,
    1.30896446,
    null,
    71817.12606784864,
    "BTCUSD_PERP",
    "2",
    -14300,
    null,
    "56604.63779568",
    "0.00807157",
    -179543,
    107725
  ],
  "time": 1616467868465
}