{
  "code": 200,
  "result": [
    -0.14774727298757304,
    1.30089786,
    0,
    0.00454074,
    1.3054386,
    null,
    73774.62730507922,
    "BTCUSD_PERP",
    "2",
    -10900,
    null,
    "57421.99999999",
    "0.00451577",
    -184437,
    110661
  ],
  "time": 1616440268636
}