{
  "code": 200,
  "result": [
    -0.1465853648774237,
    1.3008778,
    0,
    0.0010942,
    1.301972,
    null,
    74359.40149355769,
    "BTCUSD_PERP",
    "2",
    -10900,
    null,
    "57421.99999999",
    "0.00108126",
    -185899,
    111539
  ],
  "time": 1616426828014
}