{
  "code": 200,
  "result": [
    -0.1528195323984094,
    1.30089786,
    0,
    0.0105674,
    1.31146526,
    null,
    71325.96094838889,
    "BTCUSD_PERP",
    "2",
    -10900,
    null,
    "57421.99999999",
    "0.01056740",
    -178315,
    106988
  ],
  "time": 1616453527828
}