{
  "code": 200,
  "result": [
    -0.14710345436793873,
    1.30089786,
    0,
    0.00171793,
    1.30261579,
    null,
    74097.5121681144,
    "BTCUSD_PERP",
    "2",
    -10900,
    null,
    "57421.99999999",
    "0.00171793",
    -185244,
    111146
  ],
  "time": 1616434269394
}