{
  "code": 200,
  "result": [
    -0.20133929857734711,
    1.30089289,
    0,
    0.01178213,
    1.31267502,
    null,
    71024.38570633277,
    "BTCUSD_PERP",
    "2",
    -14300,
    null,
    "56604.63779568",
    "0.01178213",
    -177561,
    106536
  ],
  "time": 1616474169198
}