{
  "code": 200,
  "result": [
    -0.14670078453263685,
    1.30089786,
    0,
    0.00114458,
    1.30204244,
    null,
    74300.89780859387,
    "BTCUSD_PERP",
    "2",
    -10900,
    null,
    "57421.99999999",
    "0.00114458",
    -185753,
    111451
  ],
  "time": 1616429828174
}