{
  "code": 200,
  "result": [
    -0.14636713602844253,
    1.3008778,
    0,
    0.00041246,
    1.30129026,
    null,
    74470.26904920704,
    "BTCUSD_PERP",
    "2",
    -10900,
    null,
    "57421.99999999",
    "0.00041246",
    -186176,
    111705
  ],
  "time": 1616406369502
}