{
  "code": 200,
  "result": [
    -0.14560701135808088,
    1.3008778,
    0,
    -0.00075152,
    1.30012628,
    null,
    74859.03253102566,
    "BTCUSD_PERP",
    "2",
    -10900,
    null,
    "57421.99999999",
    "-0.00075152",
    -187148,
    112288
  ],
  "time": 1616414709126
}