{
  "code": 200,
  "result": [
    -0.14457453692792777,
    1.3008778,
    0,
    -0.00233401,
    1.29854379,
    null,
    75393.63591690968,
    "BTCUSD_PERP",
    "2",
    -10900,
    null,
    "57421.99999999",
    "-0.00233401",
    -188485,
    113090
  ],
  "time": 1616410148210
}