{
  "code": 200,
  "result": [
    -0.14633144341456233,
    1.3008778,
    0,
    0.00032829,
    1.30120609,
    null,
    74488.43355641549,
    "BTCUSD_PERP",
    "2",
    -10900,
    null,
    "57421.99999999",
    "0.00032829",
    -186222,
    111732
  ],
  "time": 1616405348551
}