{
  "code": 200,
  "result": [
    -0.149677638502292,
    1.30089786,
    0,
    0.00573858,
    1.30663644,
    null,
    72823.16923935896,
    "BTCUSD_PERP",
    "2",
    -10900,
    null,
    "57421.99999999",
    "0.00573858",
    -182058,
    109234
  ],
  "time": 1616445247417
}