{
  "code": 200,
  "result": [
    -0.1998895746277072,
    1.30089289,
    0,
    0.00920483,
    1.31009772,
    null,
    71539.49887898676,
    "BTCUSD_PERP",
    "2",
    -14300,
    null,
    "56604.63779568",
    "0.00919895",
    -178849,
    107309
  ],
  "time": 1616471647754
}