{
  "code": 200,
  "result": [
    -0.1445182686127952,
    1.3008778,
    0,
    -0.00239225,
    1.29848555,
    null,
    75422.99049543795,
    "BTCUSD_PERP",
    "2",
    -10900,
    null,
    "57421.99999999",
    "-0.00239225",
    -188558,
    113134
  ],
  "time": 1616410328019
}