{
  "code": 200,
  "result": [
    -0.14623168963519428,
    1.3008778,
    0,
    0.00017368,
    1.30105148,
    null,
    74539.24677470625,
    "BTCUSD_PERP",
    "2",
    -10900,
    null,
    "57421.99999999",
    "0.00017368",
    -186349,
    111808
  ],
  "time": 1616407028167
}