{
  "code": 200,
  "result": [
    -0.15203654577306627,
    1.30089786,
    0,
    0.00936198,
    1.31025984,
    null,
    71693.28890350893,
    "BTCUSD_PERP",
    "2",
    -10900,
    null,
    "57421.99999999",
    "0.00936198",
    -179234,
    107539
  ],
  "time": 1616454787424
}