{
  "code": 200,
  "result": [
    -0.1998033206785744,
    1.30089289,
    0,
    0.00904859,
    1.30994148,
    null,
    71570.38207089937,
    "BTCUSD_PERP",
    "2",
    -14300,
    null,
    "56604.63779568",
    "0.00911158",
    -178926,
    107355
  ],
  "time": 1616458987700
}