{
  "code": 200,
  "result": [
    -0.14571865189728628,
    1.3008778,
    0,
    -0.00046334,
    1.30041446,
    null,
    74801.68021100799,
    "BTCUSD_PERP",
    "2",
    -10900,
    null,
    "57421.99999999",
    "-0.00046519",
    -187005,
    112202
  ],
  "time": 1616400428934
}