{
  "code": 200,
  "result": [
    -0.14669657550319612,
    1.3008778,
    0,
    0.0011658,
    1.3020436,
    null,
    74303.02965567536,
    "BTCUSD_PERP",
    "2",
    -10900,
    null,
    "57421.99999999",
    "0.00116580",
    -185758,
    111454
  ],
  "time": 1616426888343
}