{
  "code": 200,
  "result": [
    -0.14771459388169036,
    1.30089786,
    0,
    0.00262826,
    1.30352612,
    null,
    73790.9485689016,
    "BTCUSD_PERP",
    "2",
    -10900,
    null,
    "57421.99999999",
    "0.00262826",
    -184478,
    110686
  ],
  "time": 1616439068974
}