{
  "code": 200,
  "result": [
    -0.14559552429686215,
    1.30079994,
    0,
    -0.00069824,
    1.3001017,
    null,
    74864.93868984209,
    "BTCUSD_PERP",
    "2",
    -10900,
    null,
    "57421.99999999",
    "-0.00069824",
    -187163,
    112297
  ],
  "time": 1616399770451
}