{
  "code": 200,
  "result": [
    -0.1456190024291756,
    1.3008778,
    0,
    -0.0006574,
    1.3002204,
    null,
    74852.86822577575,
    "BTCUSD_PERP",
    "2",
    -10900,
    null,
    "57421.99999999",
    "-0.00065740",
    -187133,
    112279
  ],
  "time": 1616400012412
}