{
  "code": 200,
  "result": [
    -0.15255497035925936,
    1.30089786,
    0,
    0.00998334,
    1.3108812,
    null,
    71449.65499538326,
    "BTCUSD_PERP",
    "2",
    -10900,
    null,
    "57421.99999999",
    "0.00998334",
    -178625,
    107174
  ],
  "time": 1616453887398
}