{
  "code": 200,
  "result": [
    -0.1991633910904898,
    1.30089289,
    0,
    0.0080965,
    1.30898939,
    null,
    71800.34403763893,
    "BTCUSD_PERP",
    "2",
    -14300,
    null,
    "56604.63779568",
    "0.00807189",
    -179501,
    107700
  ],
  "time": 1616463429263
}