{
  "code": 200,
  "result": [
    -0.20019853742773747,
    1.30089289,
    0,
    0.00964761,
    1.3105405,
    null,
    71429.09325779488,
    "BTCUSD_PERP",
    "2",
    -14300,
    null,
    "56604.63779568",
    "0.00964761",
    -178573,
    107143
  ],
  "time": 1616474948456
}