{
  "code": 200,
  "result": [
    -0.199601617282756,
    1.30089289,
    0,
    0.00875339,
    1.30964628,
    null,
    71642.70607959351,
    "BTCUSD_PERP",
    "2",
    -14300,
    null,
    "56604.63779568",
    "0.00873081",
    -179107,
    107464
  ],
  "time": 1616462527714
}