{
  "code": 200,
  "result": [
    -0.14690920641691657,
    1.3008778,
    0,
    0.00129135,
    1.30216915,
    null,
    74195.48621797515,
    "BTCUSD_PERP",
    "2",
    -10900,
    null,
    "57421.99999999",
    "0.00129135",
    -185489,
    111293
  ],
  "time": 1616421188222
}