{
  "code": 200,
  "result": [
    -0.1996819304874948,
    1.30089289,
    0,
    0.00895747,
    1.30985036,
    null,
    71613.89097695821,
    "BTCUSD_PERP",
    "2",
    -14300,
    null,
    "56604.63779568",
    "0.00895747",
    -179035,
    107420
  ],
  "time": 1616462108438
}