{
  "code": 200,
  "result": [
    -0.1497422634689372,
    1.30089786,
    0,
    0.00580253,
    1.30670039,
    null,
    72791.74060475662,
    "BTCUSD_PERP",
    "2",
    -10900,
    null,
    "57421.99999999",
    "0.00577942",
    -181980,
    109187
  ],
  "time": 1616443868731
}