{
  "code": 200,
  "result": [
    -0.1523522093720959,
    1.30089786,
    0,
    0.00986819,
    1.31076605,
    null,
    71544.74519879455,
    "BTCUSD_PERP",
    "2",
    -10900,
    null,
    "57421.99999999",
    "0.00986819",
    -178862,
    107317
  ],
  "time": 1616455027401
}