{
  "code": 200,
  "result": [
    -0.14788294037440727,
    1.30089786,
    0,
    0.00293269,
    1.30383055,
    null,
    73706.94667284531,
    "BTCUSD_PERP",
    "2",
    -10900,
    null,
    "57421.99999999",
    "0.00293269",
    -184268,
    110560
  ],
  "time": 1616439547488
}