{
  "code": 200,
  "result": [
    -0.14764990352357477,
    1.30089786,
    0,
    0.0025206,
    1.30341846,
    null,
    73823.278850024,
    "BTCUSD_PERP",
    "2",
    -10900,
    null,
    "57421.99999999",
    "0.00252557",
    -184559,
    110734
  ],
  "time": 1616432109069
}