{
  "code": 200,
  "result": [
    -0.14794294193921861,
    1.30089786,
    0,
    0.0030495,
    1.30394736,
    null,
    73677.05317417707,
    "BTCUSD_PERP",
    "2",
    -10900,
    null,
    "57421.99999999",
    "0.00304950",
    -184193,
    110515
  ],
  "time": 1616431509556
}