{
  "code": 200,
  "result": [
    -0.14654785288222866,
    1.3008778,
    0,
    0.00082948,
    1.30170728,
    null,
    74378.43534125094,
    "BTCUSD_PERP",
    "2",
    -10900,
    null,
    "57421.99999999",
    "0.00082893",
    -185947,
    111567
  ],
  "time": 1616424547967
}