{
  "code": 200,
  "result": [
    -0.1525871525713093,
    1.30089786,
    0,
    0.01019463,
    1.31109249,
    null,
    71434.58552256586,
    "BTCUSD_PERP",
    "2",
    -10900,
    null,
    "57421.99999999",
    "0.01019483",
    -178587,
    107151
  ],
  "time": 1616455808947
}