{
  "code": 200,
  "result": [
    -0.14999395616148845,
    1.30089786,
    0,
    0.0060426,
    1.30694046,
    null,
    72669.59468863333,
    "BTCUSD_PERP",
    "2",
    -10900,
    null,
    "57421.99999999",
    "0.00605557",
    -181674,
    109004
  ],
  "time": 1616445547804
}