{
  "code": 200,
  "result": [
    -0.20016440708211292,
    1.30089289,
    0,
    0.00977655,
    1.31066944,
    null,
    71441.27274402861,
    "BTCUSD_PERP",
    "2",
    -14300,
    null,
    "56604.63779568",
    "0.00977655",
    -178604,
    107161
  ],
  "time": 1616470868227
}