{
  "code": 200,
  "result": [
    -0.14405436683640663,
    1.3008778,
    0,
    -0.00320529,
    1.29767251,
    null,
    75665.87698364213,
    "BTCUSD_PERP",
    "2",
    -10900,
    null,
    "57421.99999999",
    "-0.00323095",
    -189165,
    113498
  ],
  "time": 1616408288847
}