{
  "code": 200,
  "result": [
    -0.14963043909058324,
    1.30089786,
    0,
    0.00569324,
    1.3065911,
    null,
    72846.14057305119,
    "BTCUSD_PERP",
    "2",
    -10900,
    null,
    "57421.99999999",
    "0.00566494",
    -182116,
    109269
  ],
  "time": 1616441047949
}