{
  "code": 200,
  "result": [
    -0.14923114061502477,
    1.30089786,
    0,
    0.0050091,
    1.30590696,
    null,
    73041.05533924047,
    "BTCUSD_PERP",
    "2",
    -10900,
    null,
    "57421.99999999",
    "0.00499652",
    -182603,
    109561
  ],
  "time": 1616440928017
}