{
  "code": 200,
  "result": [
    -0.19888854215323204,
    1.30089289,
    0,
    0.00760244,
    1.30849533,
    null,
    71899.56668787225,
    "BTCUSD_PERP",
    "2",
    -14300,
    null,
    "56604.63779568",
    "0.00760244",
    -179749,
    107849
  ],
  "time": 1616466727607
}