{
  "code": 200,
  "result": [
    -0.2000455998549938,
    1.30089289,
    0,
    0.00958215,
    1.31047504,
    null,
    71483.70176782484,
    "BTCUSD_PERP",
    "2",
    -14300,
    null,
    "56604.63779568",
    "0.00958264",
    -178710,
    107225
  ],
  "time": 1616468887798
}