{
  "code": 200,
  "result": [
    -0.19873665689074038,
    1.30089289,
    0,
    0.00751986,
    1.30841275,
    null,
    71954.5162111775,
    "BTCUSD_PERP",
    "2",
    -14300,
    null,
    "56604.63779568",
    "0.00753340",
    -179887,
    107931
  ],
  "time": 1616466368933
}