{
  "code": 200,
  "result": [
    -0.14674602123705738,
    1.30089786,
    0,
    0.00108758,
    1.30198544,
    null,
    74277.99342097224,
    "BTCUSD_PERP",
    "2",
    -10900,
    null,
    "57421.99999999",
    "0.00108758",
    -185695,
    111416
  ],
  "time": 1616434448190
}