{
  "code": 200,
  "result": [
    -0.15267920769713564,
    1.30089786,
    0,
    0.01034653,
    1.31124439,
    null,
    71391.51535041985,
    "BTCUSD_PERP",
    "2",
    -10900,
    null,
    "57421.99999999",
    "0.01034193",
    -178479,
    107087
  ],
  "time": 1616456227821
}