{
  "code": 200,
  "result": [
    -0.20008778374741568,
    1.30089289,
    0,
    0.00952332,
    1.31041621,
    null,
    71468.63107870621,
    "BTCUSD_PERP",
    "2",
    -14300,
    null,
    "56604.63779568",
    "0.00952332",
    -178672,
    107202
  ],
  "time": 1616469128159
}