{
  "code": 200,
  "result": [
    -0.19947872090913538,
    1.30089289,
    0,
    0.00854008,
    1.30943297,
    null,
    71686.84426502713,
    "BTCUSD_PERP",
    "2",
    -14300,
    null,
    "56604.63779568",
    "0.00855777",
    -179218,
    107530
  ],
  "time": 1616472187732
}