{
  "code": 200,
  "result": [
    -0.14655888036621875,
    1.3008778,
    0,
    0.00085771,
    1.30173551,
    null,
    74372.83890790699,
    "BTCUSD_PERP",
    "2",
    -10900,
    null,
    "57421.99999999",
    "0.00085771",
    -185933,
    111559
  ],
  "time": 1616418548509
}