{
  "code": 200,
  "result": [
    -0.14741181191800828,
    1.30089786,
    0,
    0.00227891,
    1.30317677,
    null,
    73942.5142271684,
    "BTCUSD_PERP",
    "2",
    -10900,
    null,
    "57421.99999999",
    "0.00227891",
    -184857,
    110913
  ],
  "time": 1616433728619
}