{
  "code": 200,
  "result": [
    -0.14626790036920032,
    1.3008778,
    0,
    0.00026118,
    1.30113898,
    null,
    74520.79350620949,
    "BTCUSD_PERP",
    "2",
    -10900,
    null,
    "57421.99999999",
    "0.00026118",
    -186302,
    111781
  ],
  "time": 1616405528885
}