{
  "code": 200,
  "result": [
    -0.1446586202830941,
    1.3008778,
    0,
    -0.00208718,
    1.29879062,
    null,
    75349.81308869747,
    "BTCUSD_PERP",
    "2",
    -10900,
    null,
    "57421.99999999",
    "-0.00208718",
    -188375,
    113024
  ],
  "time": 1616411648390
}