{
  "code": 200,
  "result": [
    -0.14524440063063276,
    1.3008778,
    0,
    -0.00117808,
    1.29969972,
    null,
    75045.92227083167,
    "BTCUSD_PERP",
    "2",
    -10900,
    null,
    "57421.99999999",
    "-0.00117808",
    -187615,
    112568
  ],
  "time": 1616413987813
}