{
  "code": 200,
  "result": [
    -0.1522075539002675,
    1.30089786,
    0,
    0.0095809,
    1.31047876,
    null,
    71612.74010843193,
    "BTCUSD_PERP",
    "2",
    -10900,
    null,
    "57421.99999999",
    "0.00958090",
    -179032,
    107419
  ],
  "time": 1616450228302
}