{
  "code": 200,
  "result": [
    -0.19981502610739332,
    1.30089289,
    0,
    0.00920287,
    1.31009576,
    null,
    71566.18938314613,
    "BTCUSD_PERP",
    "2",
    -14300,
    null,
    "56604.63779568",
    "0.00920287",
    -178916,
    107349
  ],
  "time": 1616470210243
}