{
  "code": 200,
  "result": [
    -0.14633985445619352,
    1.3008778,
    0,
    0.0005006,
    1.3013784,
    null,
    74484.15225302064,
    "BTCUSD_PERP",
    "2",
    -10900,
    null,
    "57421.99999999",
    "0.00050060",
    -186211,
    111726
  ],
  "time": 1616418188170
}