{
  "code": 200,
  "result": [
    -0.20021755566861862,
    1.30089289,
    0,
    0.00986808,
    1.31076097,
    null,
    71422.30835975254,
    "BTCUSD_PERP",
    "2",
    -14300,
    null,
    "56604.63779568",
    "0.00986808",
    -178556,
    107133
  ],
  "time": 1616471107974
}