{
  "code": 200,
  "result": [
    -0.1443725402421854,
    1.3008778,
    0,
    -0.0026137,
    1.2982641,
    null,
    75499.12179778243,
    "BTCUSD_PERP",
    "2",
    -10900,
    null,
    "57421.99999999",
    "-0.00261370",
    -188748,
    113248
  ],
  "time": 1616408588540
}