{
  "code": 200,
  "result": [
    -0.15004092991604692,
    1.30089786,
    0,
    0.00632099,
    1.30721885,
    null,
    72646.8438052132,
    "BTCUSD_PERP",
    "2",
    -10900,
    null,
    "57421.99999999",
    "0.00632099",
    -181618,
    108970
  ],
  "time": 1616445487553
}