{
  "code": 200,
  "result": [
    -0.14639900151694932,
    1.3008778,
    0,
    0.00048519,
    1.30136299,
    null,
    74454.05970708109,
    "BTCUSD_PERP",
    "2",
    -10900,
    null,
    "57421.99999999",
    "0.00048519",
    -186136,
    111681
  ],
  "time": 1616406188210
}