{
  "code": 200,
  "result": [
    -0.14514770836847904,
    1.3008778,
    0,
    -0.00130599,
    1.29957181,
    null,
    75095.91520610666,
    "BTCUSD_PERP",
    "2",
    -10900,
    null,
    "57421.99999999",
    "-0.00130599",
    -187740,
    112643
  ],
  "time": 1616413387867
}