{
  "code": 200,
  "result": [
    -0.14677441112517767,
    1.3008778,
    0,
    0.00116554,
    1.30204334,
    null,
    74263.62617598141,
    "BTCUSD_PERP",
    "2",
    -10900,
    null,
    "57421.99999999",
    "0.00116554",
    -185660,
    111395
  ],
  "time": 1616423948338
}