{
  "code": 200,
  "result": [
    -0.1477620521515639,
    1.30089786,
    0,
    0.00441017,
    1.30530803,
    null,
    73767.24836509138,
    "BTCUSD_PERP",
    "2",
    -10900,
    null,
    "57421.99999999",
    "0.00436518",
    -184419,
    110650
  ],
  "time": 1616440028032
}