{
  "code": 200,
  "result": [
    -0.15252268460958984,
    1.30089786,
    0,
    0.0101403,
    1.31103816,
    null,
    71464.77934020487,
    "BTCUSD_PERP",
    "2",
    -10900,
    null,
    "57421.99999999",
    "0.01014030",
    -178662,
    107197
  ],
  "time": 1616456288162
}