{
  "code": 200,
  "result": [
    -0.14623701827891022,
    1.3008778,
    0,
    0.00040349,
    1.30128129,
    null,
    74536.53068343474,
    "BTCUSD_PERP",
    "2",
    -10900,
    null,
    "57421.99999999",
    "0.00040349",
    -186342,
    111804
  ],
  "time": 1616416628278
}