{
  "code": 200,
  "result": [
    -0.14667228974595142,
    1.30089786,
    0,
    0.00107686,
    1.30197472,
    null,
    74315.33262949467,
    "BTCUSD_PERP",
    "2",
    -10900,
    null,
    "57421.99999999",
    "0.00107686",
    -185789,
    111472
  ],
  "time": 1616429769122
}