{
  "code": 200,
  "result": [
    -0.20012429431167766,
    1.30089289,
    0,
    0.00961685,
    1.31050974,
    null,
    71455.59238164702,
    "BTCUSD_PERP",
    "2",
    -14300,
    null,
    "56604.63779568",
    "0.00960801",
    -178639,
    107183
  ],
  "time": 1616471347826
}