{
  "code": 200,
  "result": [
    -0.20030966716417184,
    1.30089289,
    0,
    0.00983652,
    1.31072941,
    null,
    71389.4651339012,
    "BTCUSD_PERP",
    "2",
    -14300,
    null,
    "56604.63779568",
    "0.00983652",
    -178474,
    107084
  ],
  "time": 1616475128375
}