{
  "code": 200,
  "result": [
    -0.14922575720548964,
    1.30089786,
    0,
    0.00505906,
    1.30595692,
    null,
    73043.69033953219,
    "BTCUSD_PERP",
    "2",
    -10900,
    null,
    "57421.99999999",
    "0.00508208",
    -182610,
    109565
  ],
  "time": 1616444109028
}