{
  "code": 200,
  "result": [
    -0.1522980344231949,
    1.30089786,
    0,
    0.00957188,
    1.31046974,
    null,
    71570.1948569596,
    "BTCUSD_PERP",
    "2",
    -10900,
    null,
    "57421.99999999",
    "0.00954858",
    -178926,
    107355
  ],
  "time": 1616449147729
}