{
  "code": 200,
  "result": [
    -0.14671870692117042,
    1.3008778,
    0,
    0.00124512,
    1.30212292,
    null,
    74291.82160020257,
    "BTCUSD_PERP",
    "2",
    -10900,
    null,
    "57421.99999999",
    "0.00124512",
    -185730,
    111437
  ],
  "time": 1616425628505
}