{
  "code": 200,
  "result": [
    -0.1490921781980627,
    1.30089786,
    0,
    0.00476002,
    1.30565788,
    null,
    73109.13377038337,
    "BTCUSD_PERP",
    "2",
    -10900,
    null,
    "57421.99999999",
    "0.00476002",
    -182773,
    109663
  ],
  "time": 1616442427616
}