{
  "code": 200,
  "result": [
    -0.14705417236975354,
    1.3008778,
    0,
    0.00167903,
    1.30255683,
    null,
    74122.3443330326,
    "BTCUSD_PERP",
    "2",
    -10900,
    null,
    "57421.99999999",
    "0.00165605",
    -185306,
    111183
  ],
  "time": 1616423349012
}