{
  "code": 200,
  "result": [
    -0.14646439783940077,
    1.3008778,
    0,
    0.00079704,
    1.30167484,
    null,
    74420.81598527395,
    "BTCUSD_PERP",
    "2",
    -10900,
    null,
    "57421.99999999",
    "0.00079670",
    -186053,
    111631
  ],
  "time": 1616428029535
}