{
  "code": 200,
  "result": [
    -0.19895254019660388,
    1.30089289,
    0,
    0.0078206,
    1.30871349,
    null,
    71876.43840017731,
    "BTCUSD_PERP",
    "2",
    -14300,
    null,
    "56604.63779568",
    "0.00782060",
    -179692,
    107814
  ],
  "time": 1616466787463
}