{
  "code": 200,
  "result": [
    -0.14663234902612285,
    1.3008778,
    0,
    0.00107379,
    1.30195159,
    null,
    74335.57514691484,
    "BTCUSD_PERP",
    "2",
    -10900,
    null,
    "57421.99999999",
    "0.00106376",
    -185839,
    111503
  ],
  "time": 1616417587876
}