{
  "code": 200,
  "result": [
    -0.1519929216803043,
    1.30089786,
    0,
    0.00929245,
    1.31019031,
    null,
    71713.86587940335,
    "BTCUSD_PERP",
    "2",
    -10900,
    null,
    "57421.99999999",
    "0.00929245",
    -179285,
    107570
  ],
  "time": 1616447827288
}