{
  "code": 200,
  "result": [
    -0.1467879912680244,
    1.30089786,
    0,
    0.00134046,
    1.30223832,
    null,
    74256.75565038137,
    "BTCUSD_PERP",
    "2",
    -10900,
    null,
    "57421.99999999",
    "0.00134046",
    -185642,
    111385
  ],
  "time": 1616436609068
}