{
  "code": 200,
  "result": [
    -0.14627824007367518,
    1.3008778,
    0,
    0.000206,
    1.3010838,
    null,
    74515.52599012713,
    "BTCUSD_PERP",
    "2",
    -10900,
    null,
    "57421.99999999",
    "0.00019231",
    -186289,
    111773
  ],
  "time": 1616405410702
}