{
  "code": 200,
  "result": [
    -0.19966302635313046,
    1.30089289,
    0,
    0.00906366,
    1.30995655,
    null,
    71620.67139415466,
    "BTCUSD_PERP",
    "2",
    -14300,
    null,
    "56604.63779568",
    "0.00906366",
    -179052,
    107431
  ],
  "time": 1616462469220
}