{
  "code": 200,
  "result": [
    -0.15177273767235508,
    1.30089786,
    0,
    0.00892903,
    1.30982689,
    null,
    71817.90463271982,
    "BTCUSD_PERP",
    "2",
    -10900,
    null,
    "57421.99999999",
    "0.00892903",
    -179545,
    107726
  ],
  "time": 1616447769374
}