{
  "code": 200,
  "result": [
    -0.14541756009464155,
    1.3008778,
    0,
    -0.00088215,
    1.29999565,
    null,
    74956.5595304033,
    "BTCUSD_PERP",
    "2",
    -10900,
    null,
    "57421.99999999",
    "-0.00088215",
    -187392,
    112434
  ],
  "time": 1616414588286
}