{
  "code": 200,
  "result": [
    -0.1465788395739916,
    1.3008778,
    0,
    0.00089846,
    1.30177626,
    null,
    74362.71177803795,
    "BTCUSD_PERP",
    "2",
    -10900,
    null,
    "57421.99999999",
    "0.00089846",
    -185907,
    111544
  ],
  "time": 1616422028226
}