{
  "code": 200,
  "result": [
    -0.1467478276756664,
    1.3008778,
    0,
    0.00110825,
    1.30198605,
    null,
    74277.07907261532,
    "BTCUSD_PERP",
    "2",
    -10900,
    null,
    "57421.99999999",
    "0.00111559",
    -185693,
    111415
  ],
  "time": 1616421728806
}