{
  "code": 200,
  "result": [
    -0.14483895704771987,
    1.3008778,
    0,
    -0.00192343,
    1.29895437,
    null,
    75255.99619174829,
    "BTCUSD_PERP",
    "2",
    -10900,
    null,
    "57421.99999999",
    "-0.00192343",
    -188140,
    112883
  ],
  "time": 1616410810698
}