{
  "code": 200,
  "result": [
    -0.1521287040168139,
    1.30089786,
    0,
    0.00928685,
    1.31018471,
    null,
    71649.8577335891,
    "BTCUSD_PERP",
    "2",
    -10900,
    null,
    "57421.99999999",
    "0.00928685",
    -179125,
    107474
  ],
  "time": 1616449568929
}