{
  "code": 200,
  "result": [
    -0.14743448896056605,
    1.30089786,
    0,
    0.00225081,
    1.30314867,
    null,
    73931.14105693002,
    "BTCUSD_PERP",
    "2",
    -10900,
    null,
    "57421.99999999",
    "0.00225081",
    -184828,
    110896
  ],
  "time": 1616432530183
}