{
  "code": 200,
  "result": [
    -0.14678439575872318,
    1.30089786,
    0,
    0.00134589,
    1.30224375,
    null,
    74258.57458252492,
    "BTCUSD_PERP",
    "2",
    -10900,
    null,
    "57421.99999999",
    "0.00134589",
    -185647,
    111387
  ],
  "time": 1616437088136
}