{
  "code": 200,
  "result": [
    -0.1465395544813009,
    1.3008778,
    0,
    0.00095151,
    1.30182931,
    null,
    74382.64732400894,
    "BTCUSD_PERP",
    "2",
    -10900,
    null,
    "57421.99999999",
    "0.00095151",
    -185957,
    111573
  ],
  "time": 1616428089656
}