{
  "code": 200,
  "result": [
    -0.19991470762351557,
    1.30089289,
    0,
    0.0092872,
    1.31018009,
    null,
    71530.50503382733,
    "BTCUSD_PERP",
    "2",
    -14300,
    null,
    "56604.63779568",
    "0.00926405",
    -178827,
    107295
  ],
  "time": 1616468768818
}