{
  "code": 200,
  "result": [
    -0.20054234113484404,
    1.30089289,
    0,
    0.01043735,
    1.31133024,
    null,
    71306.63738678869,
    "BTCUSD_PERP",
    "2",
    -14300,
    null,
    "56604.63779568",
    "0.01054265",
    -178267,
    106959
  ],
  "time": 1616473510265
}