{
  "code": 200,
  "result": [
    -0.14999845333038453,
    1.30089786,
    0,
    0.00640798,
    1.30730584,
    null,
    72667.41594989524,
    "BTCUSD_PERP",
    "2",
    -10900,
    null,
    "57421.99999999",
    "0.00640798",
    -181669,
    109001
  ],
  "time": 1616443211506
}