{
  "code": 200,
  "result": [
    -0.1464806571254685,
    1.3008778,
    0,
    0.00079987,
    1.30167767,
    null,
    74412.5553086751,
    "BTCUSD_PERP",
    "2",
    -10900,
    null,
    "57421.99999999",
    "0.00081504",
    -186032,
    111618
  ],
  "time": 1616427188432
}