{
  "code": 200,
  "result": [
    -0.14500957045460214,
    1.3008778,
    0,
    -0.00163275,
    1.29924505,
    null,
    75167.45250557405,
    "BTCUSD_PERP",
    "2",
    -10900,
    null,
    "57421.99999999",
    "-0.00163470",
    -187919,
    112751
  ],
  "time": 1616407929677
}