{
  "code": 200,
  "result": [
    -0.14775161824884492,
    1.30089786,
    0,
    0.0026379,
    1.30353576,
    null,
    73772.45765012264,
    "BTCUSD_PERP",
    "2",
    -10900,
    null,
    "57421.99999999",
    "0.00263790",
    -184432,
    110658
  ],
  "time": 1616431569436
}