{
  "code": 200,
  "result": [
    -0.14468078570370363,
    1.3008778,
    0,
    -0.0020833,
    1.2987945,
    null,
    75338.26932846809,
    "BTCUSD_PERP",
    "2",
    -10900,
    null,
    "57421.99999999",
    "-0.00208362",
    -188346,
    113007
  ],
  "time": 1616410748058
}