{
  "code": 200,
  "result": [
    -0.2005738232985302,
    1.30089289,
    0,
    0.0103086,
    1.31120149,
    null,
    71295.44506271965,
    "BTCUSD_PERP",
    "2",
    -14300,
    null,
    "56604.63779568",
    "0.01030860",
    -178239,
    106943
  ],
  "time": 1616475671009
}