{
  "code": 200,
  "result": [
    -0.1473842364125039,
    1.3008778,
    0,
    0.00202498,
    1.30290278,
    null,
    73956.34882887149,
    "BTCUSD_PERP",
    "2",
    -10900,
    null,
    "57421.99999999",
    "0.00202498",
    -184891,
    110934
  ],
  "time": 1616420709575
}