{
  "code": 200,
  "result": [
    -0.1475734286990645,
    1.30089786,
    0,
    0.00244219,
    1.30334005,
    null,
    73861.53521056665,
    "BTCUSD_PERP",
    "2",
    -10900,
    null,
    "57421.99999999",
    "0.00246007",
    -184654,
    110792
  ],
  "time": 1616433547836
}