{
  "code": 200,
  "result": [
    -0.15205828452912576,
    1.30089786,
    0,
    0.00995151,
    1.31084937,
    null,
    71683.03939343849,
    "BTCUSD_PERP",
    "2",
    -10900,
    null,
    "57421.99999999",
    "0.00995151",
    -179208,
    107524
  ],
  "time": 1616445968545
}