{
  "code": 200,
  "result": [
    -0.19903646734325603,
    1.30089289,
    0,
    0.00780948,
    1.30870237,
    null,
    71846.1304648177,
    "BTCUSD_PERP",
    "2",
    -14300,
    null,
    "56604.63779568",
    "0.00780948",
    -179616,
    107769
  ],
  "time": 1616463127919
}