{
  "code": 200,
  "result": [
    -0.14653614707217896,
    1.3008778,
    0,
    0.00088375,
    1.30176155,
    null,
    74384.37694578535,
    "BTCUSD_PERP",
    "2",
    -10900,
    null,
    "57421.99999999",
    "0.00091793",
    -185961,
    111576
  ],
  "time": 1616428747865
}