{
  "code": 200,
  "result": [
    -0.14607968772071628,
    1.3008778,
    0,
    -2.3e-05,
    1.3008548,
    null,
    74616.8079222572,
    "BTCUSD_PERP",
    "2",
    -10900,
    null,
    "57421.99999999",
    "-0.00002146",
    -186543,
    111925
  ],
  "time": 1616407447791
}