{
  "code": 200,
  "result": [
    -0.14629361287743417,
    1.3008778,
    0,
    0.00036001,
    1.30123781,
    null,
    74507.69576066248,
    "BTCUSD_PERP",
    "2",
    -10900,
    null,
    "57421.99999999",
    "0.00036001",
    -186270,
    111761
  ],
  "time": 1616405827877
}