{
  "code": 200,
  "result": [
    -0.1998777724068513,
    1.30089289,
    0,
    0.00923921,
    1.3101321,
    null,
    71543.72308538812,
    "BTCUSD_PERP",
    "2",
    -14300,
    null,
    "56604.63779568",
    "0.00924068",
    -178860,
    107315
  ],
  "time": 1616473029856
}