{
  "code": 200,
  "result": [
    -0.1452215093608493,
    1.3008778,
    0,
    -0.00134972,
    1.29952808,
    null,
    75057.7517612454,
    "BTCUSD_PERP",
    "2",
    -10900,
    null,
    "57421.99999999",
    "-0.00134972",
    -187645,
    112586
  ],
  "time": 1616407748637
}