{
  "code": 200,
  "result": [
    -0.146574258707234,
    1.3008778,
    0,
    0.00075275,
    1.30163055,
    null,
    74365.03582645813,
    "BTCUSD_PERP",
    "2",
    -10900,
    null,
    "57421.99999999",
    "0.00074910",
    -185913,
    111547
  ],
  "time": 1616404269740
}