{
  "code": 200,
  "result": [
    -0.20035562879988986,
    1.30089289,
    0,
    0.00998472,
    1.31087761,
    null,
    71373.0883711906,
    "BTCUSD_PERP",
    "2",
    -14300,
    null,
    "56604.63779568",
    "0.01002555",
    -178433,
    107059
  ],
  "time": 1616458208066
}