{
  "code": 200,
  "result": [
    -0.15197307547135827,
    1.30089786,
    0,
    0.00906209,
    1.30995995,
    null,
    71723.23101439292,
    "BTCUSD_PERP",
    "2",
    -10900,
    null,
    "57421.99999999",
    "0.00906209",
    -179309,
    107584
  ],
  "time": 1616449627836
}