{
  "code": 200,
  "result": [
    -0.14643378307667723,
    1.3008778,
    0,
    0.00073789,
    1.30161569,
    null,
    74436.37506990053,
    "BTCUSD_PERP",
    "2",
    -10900,
    null,
    "57421.99999999",
    "0.00077704",
    -186091,
    111654
  ],
  "time": 1616427248866
}