{
  "code": 200,
  "result": [
    -0.1463389993435313,
    1.3008778,
    0,
    0.00043046,
    1.30130826,
    null,
    74484.5874913509,
    "BTCUSD_PERP",
    "2",
    -10900,
    null,
    "57421.99999999",
    "0.00043119",
    -186212,
    111726
  ],
  "time": 1616419747668
}