{
  "code": 200,
  "result": [
    -0.15363364782600486,
    1.30089786,
    0,
    0.01146042,
    1.31235828,
    null,
    70947.99970085073,
    "BTCUSD_PERP",
    "2",
    -10900,
    null,
    "57421.99999999",
    "0.01146042",
    -177370,
    106421
  ],
  "time": 1616450527628
}