{
  "code": 200,
  "result": [
    -0.14655706420033532,
    1.30089786,
    0,
    0.00096941,
    1.30186727,
    null,
    74373.76055172822,
    "BTCUSD_PERP",
    "2",
    -10900,
    null,
    "57421.99999999",
    "0.00096477",
    -185935,
    111560
  ],
  "time": 1616435589007
}