{
  "code": 200,
  "result": [
    -0.15185625577265374,
    1.30089786,
    0,
    0.00906243,
    1.30996029,
    null,
    71778.40612848081,
    "BTCUSD_PERP",
    "2",
    -10900,
    null,
    "57421.99999999",
    "0.00906243",
    -179447,
    107667
  ],
  "time": 1616454668359
}