{
  "code": 200,
  "result": [
    -0.15426778324973053,
    1.30089786,
    0,
    0.01279307,
    1.31369093,
    null,
    70656.35980751048,
    "BTCUSD_PERP",
    "2",
    -10900,
    null,
    "57421.99999999",
    "0.01268428",
    -176641,
    105984
  ],
  "time": 1616450587591
}