{
  "code": 200,
  "result": [
    -0.14774180890413846,
    1.30089786,
    0,
    0.00268332,
    1.30358118,
    null,
    73777.35578608226,
    "BTCUSD_PERP",
    "2",
    -10900,
    null,
    "57421.99999999",
    "0.00268332",
    -184444,
    110666
  ],
  "time": 1616439009299
}