{
  "code": 200,
  "result": [
    -0.1999698466725317,
    1.30089289,
    0,
    0.00941878,
    1.31031167,
    null,
    71510.78144005137,
    "BTCUSD_PERP",
    "2",
    -14300,
    null,
    "56604.63779568",
    "0.00941878",
    -178777,
    107266
  ],
  "time": 1616472847834
}