{
  "code": 200,
  "result": [
    -0.14443394180351588,
    1.3008778,
    0,
    -0.00257541,
    1.29830239,
    null,
    75467.02571358242,
    "BTCUSD_PERP",
    "2",
    -10900,
    null,
    "57421.99999999",
    "-0.00256936",
    -188668,
    113200
  ],
  "time": 1616409009891
}