{
  "code": 200,
  "result": [
    -0.19975242152715295,
    1.30089289,
    0,
    0.00901286,
    1.30990575,
    null,
    71588.61900483223,
    "BTCUSD_PERP",
    "2",
    -14300,
    null,
    "56604.63779568",
    "0.00901286",
    -178972,
    107382
  ],
  "time": 1616461268395
}