{
  "code": 200,
  "result": [
    -0.14445367468068523,
    1.3008778,
    0,
    -0.00248109,
    1.29839671,
    null,
    75456.71665393382,
    "BTCUSD_PERP",
    "2",
    -10900,
    null,
    "57421.99999999",
    "-0.00248109",
    -188642,
    113185
  ],
  "time": 1616409369175
}