{
  "code": 200,
  "result": [
    -0.15232577491550459,
    1.30089786,
    0,
    0.0097538,
    1.31065166,
    null,
    71557.1609994845,
    "BTCUSD_PERP",
    "2",
    -10900,
    null,
    "57421.99999999",
    "0.00976675",
    -178893,
    107335
  ],
  "time": 1616454008802
}