{
  "code": 200,
  "result": [
    -0.15271610353345244,
    1.30089786,
    0,
    0.01012445,
    1.31102231,
    null,
    71374.26733528699,
    "BTCUSD_PERP",
    "2",
    -10900,
    null,
    "57421.99999999",
    "0.01012445",
    -178436,
    107061
  ],
  "time": 1616446869397
}