{
  "code": 200,
  "result": [
    -0.1462632576717735,
    1.3008778,
    0,
    0.00025256,
    1.30113036,
    null,
    74523.15894987431,
    "BTCUSD_PERP",
    "2",
    -10900,
    null,
    "57421.99999999",
    "0.00027709",
    -186308,
    111784
  ],
  "time": 1616405769771
}