{
  "code": 200,
  "result": [
    -0.19969081609961975,
    1.30089289,
    0,
    0.00899038,
    1.30988327,
    null,
    71610.70438445281,
    "BTCUSD_PERP",
    "2",
    -14300,
    null,
    "56604.63779568",
    "0.00899038",
    -179027,
    107416
  ],
  "time": 1616461869057
}