{
  "code": 200,
  "result": [
    -0.14648955236935735,
    1.3008778,
    0,
    0.00067725,
    1.30155505,
    null,
    74408.03677600737,
    "BTCUSD_PERP",
    "2",
    -10900,
    null,
    "57421.99999999",
    "0.00068680",
    -186021,
    111612
  ],
  "time": 1616424428149
}