{
  "code": 200,
  "result": [
    -0.1464728221187701,
    1.30089786,
    0,
    0.00076174,
    1.3016596,
    null,
    74416.53572538897,
    "BTCUSD_PERP",
    "2",
    -10900,
    null,
    "57421.99999999",
    "0.00077560",
    -186042,
    111624
  ],
  "time": 1616428869553
}