{
  "code": 200,
  "result": [
    -0.14641882088544853,
    1.3008778,
    0,
    0.00057029,
    1.30144809,
    null,
    74443.98154611331,
    "BTCUSD_PERP",
    "2",
    -10900,
    null,
    "57421.99999999",
    "0.00057029",
    -186110,
    111665
  ],
  "time": 1616406788374
}