{
  "code": 200,
  "result": [
    -0.1996692848563469,
    1.30089289,
    0,
    0.00885499,
    1.30974788,
    null,
    71618.42649102594,
    "BTCUSD_PERP",
    "2",
    -14300,
    null,
    "56604.63779568",
    "0.00881255",
    -179047,
    107427
  ],
  "time": 1616460369449
}