{
  "code": 200,
  "result": [
    -0.14953664170561345,
    1.30089786,
    0,
    0.00550308,
    1.30640094,
    null,
    72891.83357118836,
    "BTCUSD_PERP",
    "2",
    -10900,
    null,
    "57421.99999999",
    "0.00549366",
    -182230,
    109337
  ],
  "time": 1616441527801
}