{
  "code": 200,
  "result": [
    -0.14456423990078696,
    1.3008778,
    0,
    -0.00220384,
    1.29867396,
    null,
    75399.0060576569,
    "BTCUSD_PERP",
    "2",
    -10900,
    null,
    "57421.99999999",
    "-0.00220384",
    -188498,
    113098
  ],
  "time": 1616411768596
}