{
  "code": 200,
  "result": [
    -0.14727340222707086,
    1.30089786,
    0,
    0.00196768,
    1.30286554,
    null,
    74012.00648026064,
    "BTCUSD_PERP",
    "2",
    -10900,
    null,
    "57421.99999999",
    "0.00196735",
    -185031,
    111018
  ],
  "time": 1616434088718
}