{
  "code": 200,
  "result": [
    -0.1997318286295711,
    1.30089289,
    0,
    0.00893666,
    1.30982955,
    null,
    71595.99998716894,
    "BTCUSD_PERP",
    "2",
    -14300,
    null,
    "56604.63779568",
    "0.00893666",
    -178990,
    107393
  ],
  "time": 1616468707801
}