{
  "code": 200,
  "result": [
    -0.1517355870008007,
    1.30089786,
    0,
    0.00883983,
    1.30973769,
    null,
    71835.48840090151,
    "BTCUSD_PERP",
    "2",
    -10900,
    null,
    "57421.99999999",
    "0.00884190",
    -179589,
    107753
  ],
  "time": 1616454608735
}