{
  "code": 200,
  "result": [
    -0.14680080085925784,
    1.30089786,
    0,
    0.00120549,
    1.30210335,
    null,
    74250.27613064689,
    "BTCUSD_PERP",
    "2",
    -10900,
    null,
    "57421.99999999",
    "0.00118989",
    -185626,
    111375
  ],
  "time": 1616434328127
}