{
  "code": 200,
  "result": [
    -0.15247786723104811,
    1.30089786,
    0,
    0.01009108,
    1.31098894,
    null,
    71485.78477611668,
    "BTCUSD_PERP",
    "2",
    -10900,
    null,
    "57421.99999999",
    "0.01009914",
    -178715,
    107228
  ],
  "time": 1616456708383
}