{
  "code": 200,
  "result": [
    -0.1991024459041525,
    1.30089289,
    0,
    0.00821408,
    1.30910697,
    null,
    71822.32209685656,
    "BTCUSD_PERP",
    "2",
    -14300,
    null,
    "56604.63779568",
    "0.00821408",
    -179556,
    107733
  ],
  "time": 1616466609378
}