{
  "code": 200,
  "result": [
    -0.14626442596039524,
    1.3008778,
    0,
    0.00036731,
    1.30124511,
    null,
    74522.56369536807,
    "BTCUSD_PERP",
    "2",
    -10900,
    null,
    "57421.99999999",
    "0.00035134",
    -186307,
    111783
  ],
  "time": 1616402469763
}