{
  "code": 200,
  "result": [
    -0.1993715327517186,
    1.30089289,
    0,
    0.00827086,
    1.30916375,
    null,
    71725.38527758664,
    "BTCUSD_PERP",
    "2",
    -14300,
    null,
    "56604.63779568",
    "0.00827086",
    -179314,
    107588
  ],
  "time": 1616462887505
}