{
  "code": 200,
  "result": [
    -0.19808666001372513,
    1.30089289,
    0,
    0.0064419,
    1.30733479,
    null,
    72190.62605734871,
    "BTCUSD_PERP",
    "2",
    -14300,
    null,
    "56604.63779568",
    "0.00644190",
    -180477,
    108285
  ],
  "time": 1616464627587
}