{
  "code": 200,
  "result": [
    -0.14654894352117143,
    1.30089786,
    0,
    0.00087059,
    1.30176845,
    null,
    74377.88180591908,
    "BTCUSD_PERP",
    "2",
    -10900,
    null,
    "57421.99999999",
    "0.00087059",
    -185945,
    111566
  ],
  "time": 1616434687585
}