{
  "code": 200,
  "result": [
    -0.15226929041906254,
    1.30089786,
    0,
    0.0097513,
    1.31064916,
    null,
    71583.70522383043,
    "BTCUSD_PERP",
    "2",
    -10900,
    null,
    "57421.99999999",
    "0.00976915",
    -178960,
    107375
  ],
  "time": 1616446748190
}