{
  "code": 200,
  "result": [
    -0.1992413099672476,
    1.30089289,
    0,
    0.00806016,
    1.30895305,
    null,
    71772.26450855355,
    "BTCUSD_PERP",
    "2",
    -14300,
    null,
    "56604.63779568",
    "0.00806016",
    -179431,
    107658
  ],
  "time": 1616462649015
}