{
  "code": 200,
  "result": [
    -0.1991489834816257,
    1.30089289,
    0,
    0.00798842,
    1.30888131,
    null,
    71805.53849685793,
    "BTCUSD_PERP",
    "2",
    -14300,
    null,
    "56604.63779568",
    "0.00798842",
    -179514,
    107708
  ],
  "time": 1616463009064
}