{
  "code": 200,
  "result": [
    -0.20020994030821912,
    1.30089289,
    0,
    0.00959319,
    1.31048608,
    null,
    71425.02504114152,
    "BTCUSD_PERP",
    "2",
    -14300,
    null,
    "56604.63779568",
    "0.00959319",
    -178563,
    107137
  ],
  "time": 1616469187339
}