{
  "code": 200,
  "result": [
    -0.15302118494286293,
    1.30089786,
    0,
    0.01099381,
    1.31189167,
    null,
    71231.96702515398,
    "BTCUSD_PERP",
    "2",
    -10900,
    null,
    "57421.99999999",
    "0.01099381",
    -178080,
    106847
  ],
  "time": 1616457248291
}