{
  "code": 200,
  "result": [
    -0.14625650002964818,
    1.3008778,
    0,
    0.0003776,
    1.3012554,
    null,
    74526.60222137424,
    "BTCUSD_PERP",
    "2",
    -10900,
    null,
    "57421.99999999",
    "0.00037760",
    -186317,
    111789
  ],
  "time": 1616418011053
}