{
  "code": 200,
  "result": [
    -0.1468248351080653,
    1.3008778,
    0,
    0.00123015,
    1.30210795,
    null,
    74238.12185436772,
    "BTCUSD_PERP",
    "2",
    -10900,
    null,
    "57421.99999999",
    "0.00123015",
    -185596,
    111357
  ],
  "time": 1616425328431
}