{
  "code": 200,
  "result": [
    -0.15327072365242153,
    1.30089786,
    0,
    0.01143589,
    1.31233375,
    null,
    71115.99488965936,
    "BTCUSD_PERP",
    "2",
    -10900,
    null,
    "57421.99999999",
    "0.01142018",
    -177790,
    106673
  ],
  "time": 1616457487679
}