{
  "code": 200,
  "result": [
    -0.14979306252673788,
    1.30089786,
    0,
    0.00600904,
    1.3069069,
    null,
    72767.0548698099,
    "BTCUSD_PERP",
    "2",
    -10900,
    null,
    "57421.99999999",
    "0.00600904",
    -181918,
    109150
  ],
  "time": 1616443927687
}