{
  "code": 200,
  "result": [
    -0.1469316414687489,
    1.3008778,
    0,
    0.00138826,
    1.30226606,
    null,
    74184.15727914084,
    "BTCUSD_PERP",
    "2",
    -10900,
    null,
    "57421.99999999",
    "0.00137682",
    -185461,
    111276
  ],
  "time": 1616423887726
}