{
  "code": 200,
  "result": [
    -0.1516126363564547,
    1.30089786,
    0,
    0.00868965,
    1.30958751,
    null,
    71893.74356879553,
    "BTCUSD_PERP",
    "2",
    -10900,
    null,
    "57421.99999999",
    "0.00868993",
    -179735,
    107840
  ],
  "time": 1616447168940
}