{
  "code": 200,
  "result": [
    -0.144676418284847,
    1.3008778,
    0,
    -0.00217976,
    1.29869804,
    null,
    75340.54360220248,
    "BTCUSD_PERP",
    "2",
    -10900,
    null,
    "57421.99999999",
    "-0.00217976",
    -188352,
    113010
  ],
  "time": 1616408109614
}