{
  "code": 200,
  "result": [
    -0.14656693432771598,
    1.3008778,
    0,
    0.00083278,
    1.30171058,
    null,
    74368.75206537494,
    "BTCUSD_PERP",
    "2",
    -10900,
    null,
    "57421.99999999",
    "0.00084138",
    -185922,
    111553
  ],
  "time": 1616403848774
}