{
  "code": 200,
  "result": [
    -0.15204246753619324,
    1.30089786,
    0,
    0.00927662,
    1.31017448,
    null,
    71690.49658711496,
    "BTCUSD_PERP",
    "2",
    -10900,
    null,
    "57421.99999999",
    "0.00927735",
    -179227,
    107535
  ],
  "time": 1616448970289
}