{
  "code": 200,
  "result": [
    -0.1988123859808112,
    1.30089289,
    0,
    0.00756638,
    1.30845927,
    null,
    71927.10821035162,
    "BTCUSD_PERP",
    "2",
    -14300,
    null,
    "56604.63779568",
    "0.00756638",
    -179818,
    107890
  ],
  "time": 1616466847718
}