{
  "code": 200,
  "result": [
    -0.1990014478099822,
    1.30089289,
    0,
    0.00780094,
    1.30869383,
    null,
    71858.77367914653,
    "BTCUSD_PERP",
    "2",
    -14300,
    null,
    "56604.63779568",
    "0.00780094",
    -179647,
    107788
  ],
  "time": 1616463247590
}