{
  "code": 200,
  "result": [
    -0.1521110812754888,
    1.30089786,
    0,
    0.00935173,
    1.31024959,
    null,
    71658.15868640746,
    "BTCUSD_PERP",
    "2",
    -10900,
    null,
    "57421.99999999",
    "0.00939434",
    -179146,
    107487
  ],
  "time": 1616446328163
}