{
  "code": 200,
  "result": [
    -0.14764306098705096,
    1.30089786,
    0,
    0.00267822,
    1.30357608,
    null,
    73826.7001993137,
    "BTCUSD_PERP",
    "2",
    -10900,
    null,
    "57421.99999999",
    "0.00267822",
    -184567,
    110740
  ],
  "time": 1616438347742
}