{
  "code": 200,
  "result": [
    -0.14441602040735335,
    1.3008778,
    0,
    -0.00256895,
    1.29830885,
    null,
    75476.3908412269,
    "BTCUSD_PERP",
    "2",
    -10900,
    null,
    "57421.99999999",
    "-0.00256895",
    -188691,
    113214
  ],
  "time": 1616411168485
}