{
  "code": 200,
  "result": [
    -0.14954784615036512,
    1.30089786,
    0,
    0.00537583,
    1.30627369,
    null,
    72886.37235898692,
    "BTCUSD_PERP",
    "2",
    -10900,
    null,
    "57421.99999999",
    "0.00537236",
    -182216,
    109329
  ],
  "time": 1616443448616
}