{
  "code": 200,
  "result": [
    -0.14669893046644855,
    1.3008778,
    0,
    0.00121866,
    1.30209646,
    null,
    74301.83686644488,
    "BTCUSD_PERP",
    "2",
    -10900,
    null,
    "57421.99999999",
    "0.00121866",
    -185755,
    111452
  ],
  "time": 1616425689333
}