{
  "code": 200,
  "result": [
    -0.14800360206326993,
    1.30089786,
    0,
    0.00311334,
    1.3040112,
    null,
    73646.8562119209,
    "BTCUSD_PERP",
    "2",
    -10900,
    null,
    "57421.99999999",
    "0.00311334",
    -184118,
    110470
  ],
  "time": 1616438648046
}