{
  "code": 200,
  "result": [
    -0.19989124368335748,
    1.30089289,
    0,
    0.00923208,
    1.31012497,
    null,
    71538.90153713916,
    "BTCUSD_PERP",
    "2",
    -14300,
    null,
    "56604.63779568",
    "0.00923039",
    -178848,
    107308
  ],
  "time": 1616460907798
}