{
  "code": 200,
  "result": [
    -0.14689130107681328,
    1.3008778,
    0,
    0.00138522,
    1.30226302,
    null,
    74204.53028937436,
    "BTCUSD_PERP",
    "2",
    -10900,
    null,
    "57421.99999999",
    "0.00138522",
    -185512,
    111306
  ],
  "time": 1616417409195
}