{
  "code": 200,
  "result": [
    -0.19995107638482515,
    1.30089289,
    0,
    0.00940381,
    1.3102967,
    null,
    71517.49447188906,
    "BTCUSD_PERP",
    "2",
    -14300,
    null,
    "56604.63779568",
    "0.00940381",
    -178794,
    107276
  ],
  "time": 1616459409463
}