{
  "code": 200,
  "result": [
    -0.1496395410848834,
    1.30089786,
    0,
    0.00562953,
    1.30652739,
    null,
    72841.7096241758,
    "BTCUSD_PERP",
    "2",
    -10900,
    null,
    "57421.99999999",
    "0.00562953",
    -182105,
    109262
  ],
  "time": 1616444888254
}