{
  "code": 200,
  "result": [
    -0.14809757332823595,
    1.30089786,
    0,
    0.00323328,
    1.30413114,
    null,
    73600.12561341429,
    "BTCUSD_PERP",
    "2",
    -10900,
    null,
    "57421.99999999",
    "0.00323363",
    -184001,
    110400
  ],
  "time": 1616430969665
}