{
  "code": 200,
  "result": [
    -0.19973458409637335,
    1.30089289,
    0,
    0.00894616,
    1.30983905,
    null,
    71595.01227438984,
    "BTCUSD_PERP",
    "2",
    -14300,
    null,
    "56604.63779568",
    "0.00894616",
    -178988,
    107392
  ],
  "time": 1616471708356
}