{
  "code": 200,
  "result": [
    -0.14460858694870313,
    1.3008778,
    0,
    -0.0022019,
    1.2986759,
    null,
    75375.88347963421,
    "BTCUSD_PERP",
    "2",
    -10900,
    null,
    "57421.99999999",
    "-0.00220190",
    -188440,
    113063
  ],
  "time": 1616410627711
}