{
  "code": 200,
  "result": [
    -0.1465497571829701,
    1.3008778,
    0,
    0.00093782,
    1.30181562,
    null,
    74377.46885101385,
    "BTCUSD_PERP",
    "2",
    -10900,
    null,
    "57421.99999999",
    "0.00093912",
    -185944,
    111566
  ],
  "time": 1616428210374
}