{
  "code": 200,
  "result": [
    -0.19924113181453124,
    1.30089289,
    0,
    0.00809819,
    1.30899108,
    null,
    71772.32868417715,
    "BTCUSD_PERP",
    "2",
    -14300,
    null,
    "56604.63779568",
    "0.00807204",
    -179431,
    107658
  ],
  "time": 1616462287672
}