{
  "code": 200,
  "result": [
    -0.14476074365597974,
    1.3008778,
    0,
    -0.0020341,
    1.2988437,
    null,
    75296.65657081436,
    "BTCUSD_PERP",
    "2",
    -10900,
    null,
    "57421.99999999",
    "-0.00203410",
    -188242,
    112944
  ],
  "time": 1616408048393
}