{
  "code": 200,
  "result": [
    -0.14668743466364412,
    1.3008778,
    0,
    0.00107367,
    1.30195147,
    null,
    74307.6598550777,
    "BTCUSD_PERP",
    "2",
    -10900,
    null,
    "57421.99999999",
    "0.00107367",
    -185770,
    111461
  ],
  "time": 1616425509630
}