{
  "code": 200,
  "result": [
    -0.14665590405156423,
    1.3008778,
    0,
    0.00098423,
    1.30186203,
    null,
    74323.6357955801,
    "BTCUSD_PERP",
    "2",
    -10900,
    null,
    "57421.99999999",
    "0.00098423",
    -185810,
    111485
  ],
  "time": 1616421969985
}