{
  "code": 200,
  "result": [
    -0.19870286000374487,
    1.30089289,
    0,
    0.0075772,
    1.30847009,
    null,
    71966.75478012995,
    "BTCUSD_PERP",
    "2",
    -14300,
    null,
    "56604.63779568",
    "0.00757720",
    -179917,
    107950
  ],
  "time": 1616465347900
}