{
  "code": 200,
  "result": [
    -0.2002343189775672,
    1.30089289,
    0,
    0.00976453,
    1.31065742,
    null,
    71416.32899404257,
    "BTCUSD_PERP",
    "2",
    -14300,
    null,
    "56604.63779568",
    "0.00976453",
    -178541,
    107124
  ],
  "time": 1616474888465
}