{
  "code": 200,
  "result": [
    -0.14646879391566484,
    1.3008778,
    0,
    0.00054601,
    1.30142381,
    null,
    74418.58233826997,
    "BTCUSD_PERP",
    "2",
    -10900,
    null,
    "57421.99999999",
    "0.00054601",
    -186047,
    111627
  ],
  "time": 1616404448551
}