{
  "code": 200,
  "result": [
    -0.1494403039137108,
    1.30089786,
    0,
    0.00529135,
    1.30618921,
    null,
    72938.82382823467,
    "BTCUSD_PERP",
    "2",
    -10900,
    null,
    "57421.99999999",
    "0.00529135",
    -182348,
    109408
  ],
  "time": 1616441109157
}