{
  "code": 200,
  "result": [
    -0.14656547671809714,
    1.30089786,
    0,
    0.00092297,
    1.30182083,
    null,
    74369.49167070887,
    "BTCUSD_PERP",
    "2",
    -10900,
    null,
    "57421.99999999",
    "0.00092297",
    -185924,
    111554
  ],
  "time": 1616429588159
}