{
  "code": 200,
  "result": [
    -0.14776107132138225,
    1.30089786,
    0,
    0.00272004,
    1.3036179,
    null,
    73767.73802818713,
    "BTCUSD_PERP",
    "2",
    -10900,
    null,
    "57421.99999999",
    "0.00272004",
    -184420,
    110651
  ],
  "time": 1616431628186
}