{
  "code": 200,
  "result": [
    -0.2006865836960478,
    1.30089289,
    0,
    0.0106584,
    1.31155129,
    null,
    71255.3860683494,
    "BTCUSD_PERP",
    "2",
    -14300,
    null,
    "56604.63779568",
    "0.01065840",
    -178139,
    106883
  ],
  "time": 1616473689751
}