{
  "code": 200,
  "result": [
    -0.1450999640219417,
    1.3008778,
    0,
    -0.00144965,
    1.29942815,
    null,
    75120.62510471557,
    "BTCUSD_PERP",
    "2",
    -10900,
    null,
    "57421.99999999",
    "-0.00144965",
    -187802,
    112680
  ],
  "time": 1616413569152
}