{
  "code": 200,
  "result": [
    -0.1458494287600825,
    1.3008778,
    0,
    -0.00031253,
    1.30056527,
    null,
    74734.60878568226,
    "BTCUSD_PERP",
    "2",
    -10900,
    null,
    "57421.99999999",
    "-0.00031253",
    -186837,
    112101
  ],
  "time": 1616401988423
}