{
  "code": 200,
  "result": [
    -0.20046515558359843,
    1.30089289,
    0,
    0.01012418,
    1.31101707,
    null,
    71334.09274229995,
    "BTCUSD_PERP",
    "2",
    -14300,
    null,
    "56604.63779568",
    "0.01012418",
    -178336,
    107001
  ],
  "time": 1616458147173
}