{
  "code": 200,
  "result": [
    -0.14654384350093422,
    1.3008778,
    0,
    0.00084072,
    1.30171852,
    null,
    74380.47030567007,
    "BTCUSD_PERP",
    "2",
    -10900,
    null,
    "57421.99999999",
    "0.00084072",
    -185952,
    111570
  ],
  "time": 1616420227623
}