{
  "code": 200,
  "result": [
    -0.14625762231614461,
    1.3008778,
    0,
    0.00026879,
    1.30114659,
    null,
    74526.03035238052,
    "BTCUSD_PERP",
    "2",
    -10900,
    null,
    "57421.99999999",
    "0.00026879",
    -186316,
    111789
  ],
  "time": 1616419569292
}