{
  "code": 200,
  "result": [
    -0.1466084337440631,
    1.30089786,
    0,
    0.0008694,
    1.30176726,
    null,
    74347.70102672484,
    "BTCUSD_PERP",
    "2",
    -10900,
    null,
    "57421.99999999",
    "0.00086940",
    -185870,
    111521
  ],
  "time": 1616434569130
}