{
  "code": 200,
  "result": [
    -0.14716110966814003,
    1.30089786,
    0,
    0.00185023,
    1.30274809,
    null,
    74068.48198264041,
    "BTCUSD_PERP",
    "2",
    -10900,
    null,
    "57421.99999999",
    "0.00185023",
    -185172,
    111102
  ],
  "time": 1616434211423
}