{
  "code": 200,
  "result": [
    -0.14679439090627971,
    1.30089786,
    0,
    0.00142615,
    1.30232401,
    null,
    74253.51835792596,
    "BTCUSD_PERP",
    "2",
    -10900,
    null,
    "57421.99999999",
    "0.00142615",
    -185634,
    111380
  ],
  "time": 1616429409126
}