{
  "code": 200,
  "result": [
    -0.14446376310325293,
    1.3008778,
    0,
    -0.00251371,
    1.29836409,
    null,
    75451.44724085179,
    "BTCUSD_PERP",
    "2",
    -10900,
    null,
    "57421.99999999",
    "-0.00251745",
    -188629,
    113177
  ],
  "time": 1616410268665
}