{
  "code": 200,
  "result": [
    -0.19816580038097714,
    1.30089289,
    0,
    0.00648388,
    1.30737677,
    null,
    72161.79569082054,
    "BTCUSD_PERP",
    "2",
    -14300,
    null,
    "56604.63779568",
    "0.00649233",
    -180405,
    108242
  ],
  "time": 1616464569079
}