{
  "code": 200,
  "result": [
    -0.15258521064515745,
    1.30089786,
    0,
    0.01036079,
    1.31125865,
    null,
    71435.49465844598,
    "BTCUSD_PERP",
    "2",
    -10900,
    null,
    "57421.99999999",
    "0.01036079",
    -178589,
    107153
  ],
  "time": 1616451127893
}