{
  "code": 200,
  "result": [
    -0.14442657660451705,
    1.3008778,
    0,
    -0.00251661,
    1.29836119,
    null,
    75470.87424115468,
    "BTCUSD_PERP",
    "2",
    -10900,
    null,
    "57421.99999999",
    "-0.00251661",
    -188678,
    113206
  ],
  "time": 1616408528903
}