{
  "code": 200,
  "result": [
    -0.14746591547153565,
    1.30089786,
    0,
    0.0022677,
    1.30316556,
    null,
    73915.38556653082,
    "BTCUSD_PERP",
    "2",
    -10900,
    null,
    "57421.99999999",
    "0.00225526",
    -184789,
    110873
  ],
  "time": 1616437988194
}