{
  "code": 200,
  "result": [
    -0.14975717742240688,
    1.30089786,
    0,
    0.00563986,
    1.30653772,
    null,
    72784.49145215478,
    "BTCUSD_PERP",
    "2",
    -10900,
    null,
    "57421.99999999",
    "0.00563986",
    -181962,
    109176
  ],
  "time": 1616443387640
}