{
  "code": 200,
  "result": [
    -0.14696893334151273,
    1.3008778,
    0,
    0.0015178,
    1.3023956,
    null,
    74165.33380338002,
    "BTCUSD_PERP",
    "2",
    -10900,
    null,
    "57421.99999999",
    "0.00151780",
    -185414,
    111248
  ],
  "time": 1616421488621
}