{
  "code": 200,
  "result": [
    -0.20118176926567452,
    1.30089289,
    0,
    0.01154154,
    1.31243443,
    null,
    71079.99920766108,
    "BTCUSD_PERP",
    "2",
    -14300,
    null,
    "56604.63779568",
    "0.01154203",
    -177700,
    106619
  ],
  "time": 1616457727592
}