{
  "code": 200,
  "result": [
    -0.20011016615308735,
    1.30089289,
    0,
    0.00969532,
    1.31058821,
    null,
    71460.6372824671,
    "BTCUSD_PERP",
    "2",
    -14300,
    null,
    "56604.63779568",
    "0.00969532",
    -178652,
    107190
  ],
  "time": 1616470627801
}