{
  "code": 200,
  "result": [
    -0.1477159778914777,
    1.30089786,
    0,
    0.00260615,
    1.30350401,
    null,
    73790.2571921359,
    "BTCUSD_PERP",
    "2",
    -10900,
    null,
    "57421.99999999",
    "0.00260615",
    -184476,
    110685
  ],
  "time": 1616432829344
}