{
  "code": 200,
  "result": [
    -0.14639301253916107,
    1.3008778,
    0,
    0.00050891,
    1.30138671,
    null,
    74457.10564282691,
    "BTCUSD_PERP",
    "2",
    -10900,
    null,
    "57421.99999999",
    "0.00050891",
    -186143,
    111685
  ],
  "time": 1616419508948
}