{
  "code": 200,
  "result": [
    -0.19876184224620452,
    1.30089289,
    0,
    0.00745753,
    1.30835042,
    null,
    71945.39876666426,
    "BTCUSD_PERP",
    "2",
    -14300,
    null,
    "56604.63779568",
    "0.00745753",
    -179864,
    107918
  ],
  "time": 1616465708477
}