{
  "code": 200,
  "result": [
    -0.1988714956822364,
    1.30089289,
    0,
    0.00769664,
    1.30858953,
    null,
    71905.72963180719,
    "BTCUSD_PERP",
    "2",
    -14300,
    null,
    "56604.63779568",
    "0.00769664",
    -179765,
    107858
  ],
  "time": 1616466308313
}