{
  "code": 200,
  "result": [
    -0.14642449053940243,
    1.3008778,
    0,
    0.0005151,
    1.3013929,
    null,
    74441.09902548604,
    "BTCUSD_PERP",
    "2",
    -10900,
    null,
    "57421.99999999",
    "0.00051510",
    -186103,
    111661
  ],
  "time": 1616406548016
}