{
  "code": 200,
  "result": [
    -0.15259822494124312,
    1.30089786,
    0,
    0.0102159,
    1.31111376,
    null,
    71429.40230266092,
    "BTCUSD_PERP",
    "2",
    -10900,
    null,
    "57421.99999999",
    "0.01017728",
    -178574,
    107144
  ],
  "time": 1616455327718
}