{
  "code": 200,
  "result": [
    -0.14530546231321578,
    1.3008778,
    0,
    -0.00096792,
    1.29990988,
    null,
    75014.38573936271,
    "BTCUSD_PERP",
    "2",
    -10900,
    null,
    "57421.99999999",
    "-0.00091948",
    -187536,
    112521
  ],
  "time": 1616412609975
}