{
  "code": 200,
  "result": [
    -0.15396481610704027,
    1.30089786,
    0,
    0.01195026,
    1.31284812,
    null,
    70795.39517925993,
    "BTCUSD_PERP",
    "2",
    -10900,
    null,
    "57421.99999999",
    "0.01195026",
    -176989,
    106193
  ],
  "time": 1616450648373
}