{
  "code": 200,
  "result": [
    -0.15172151533894376,
    1.30089786,
    0,
    0.00873961,
    1.30963747,
    null,
    71842.15090160121,
    "BTCUSD_PERP",
    "2",
    -10900,
    null,
    "57421.99999999",
    "0.00873961",
    -179606,
    107763
  ],
  "time": 1616447587315
}