{
  "code": 200,
  "result": [
    -0.1467237916719448,
    1.30089786,
    0,
    0.00119366,
    1.30209152,
    null,
    74289.24699799862,
    "BTCUSD_PERP",
    "2",
    -10900,
    null,
    "57421.99999999",
    "0.00119366",
    -185724,
    111433
  ],
  "time": 1616437210540
}