{
  "code": 200,
  "result": [
    -0.14561143419404524,
    1.3008778,
    0,
    -0.00080675,
    1.30007105,
    null,
    74856.75874515735,
    "BTCUSD_PERP",
    "2",
    -10900,
    null,
    "57421.99999999",
    "-0.00080675",
    -187142,
    112285
  ],
  "time": 1616407569780
}