{
  "code": 200,
  "result": [
    -0.14648995456062963,
    1.3008778,
    0,
    0.00068676,
    1.30156456,
    null,
    74407.83248716676,
    "BTCUSD_PERP",
    "2",
    -10900,
    null,
    "57421.99999999",
    "0.00068676",
    -186020,
    111611
  ],
  "time": 1616406069196
}