{
  "code": 200,
  "result": [
    -0.20049128496202648,
    1.30089289,
    0,
    0.01017237,
    1.31106526,
    null,
    71324.79600152423,
    "BTCUSD_PERP",
    "2",
    -14300,
    null,
    "56604.63779568",
    "0.01017237",
    -178312,
    106987
  ],
  "time": 1616474770884
}