{
  "code": 200,
  "result": [
    -0.1447752445531101,
    1.3008778,
    0,
    -0.0020021,
    1.2988757,
    null,
    75289.11474918204,
    "BTCUSD_PERP",
    "2",
    -10900,
    null,
    "57421.99999999",
    "-0.00200210",
    -188223,
    112933
  ],
  "time": 1616412188040
}