{
  "code": 200,
  "result": [
    -0.14753008825309508,
    1.3008778,
    0,
    0.00233445,
    1.30321225,
    null,
    73883.23378008504,
    "BTCUSD_PERP",
    "2",
    -10900,
    null,
    "57421.99999999",
    "0.00233445",
    -184709,
    110824
  ],
  "time": 1616420648400
}