{
  "code": 200,
  "result": [
    -0.14644795019914694,
    1.30089786,
    0,
    0.00079556,
    1.30169342,
    null,
    74429.17422318071,
    "BTCUSD_PERP",
    "2",
    -10900,
    null,
    "57421.99999999",
    "0.00079556",
    -186073,
    111643
  ],
  "time": 1616434627988
}