{
  "code": 200,
  "result": [
    -0.14582544758188998,
    1.3008778,
    0,
    -0.00039967,
    1.30047813,
    null,
    74746.89898605645,
    "BTCUSD_PERP",
    "2",
    -10900,
    null,
    "57421.99999999",
    "-0.00039967",
    -186868,
    112120
  ],
  "time": 1616401810478
}