{
  "code": 200,
  "result": [
    -0.14643363721332867,
    1.3008778,
    0,
    0.00073639,
    1.30161419,
    null,
    74436.44921638169,
    "BTCUSD_PERP",
    "2",
    -10900,
    null,
    "57421.99999999",
    "0.00073639",
    -186092,
    111654
  ],
  "time": 1616422448511
}