{
  "code": 200,
  "result": [
    -0.20011123805395276,
    1.30089289,
    0,
    0.00959225,
    1.31048514,
    null,
    71460.25450177127,
    "BTCUSD_PERP",
    "2",
    -14300,
    null,
    "56604.63779568",
    "0.00959225",
    -178651,
    107190
  ],
  "time": 1616470687920
}