{
  "code": 200,
  "result": [
    -0.1453668782140216,
    1.3008778,
    0,
    -0.00096399,
    1.29991381,
    null,
    74982.69298974752,
    "BTCUSD_PERP",
    "2",
    -10900,
    null,
    "57421.99999999",
    "-0.00096399",
    -187457,
    112474
  ],
  "time": 1616414770244
}