{
  "code": 200,
  "result": [
    -0.15292337841005357,
    1.30089786,
    0,
    0.01073258,
    1.31163044,
    null,
    71277.52547273967,
    "BTCUSD_PERP",
    "2",
    -10900,
    null,
    "57421.99999999",
    "0.01079947",
    -178194,
    106916
  ],
  "time": 1616452087671
}