{
  "code": 200,
  "result": [
    -0.152225081016667,
    1.30089786,
    0,
    0.00967991,
    1.31057777,
    null,
    71604.49465490229,
    "BTCUSD_PERP",
    "2",
    -10900,
    null,
    "57421.99999999",
    "0.00967991",
    -179012,
    107406
  ],
  "time": 1616456948612
}