{
  "code": 200,
  "result": [
    -0.19883388977927582,
    1.30089289,
    0,
    0.0075659,
    1.30845879,
    null,
    71919.32932496736,
    "BTCUSD_PERP",
    "2",
    -14300,
    null,
    "56604.63779568",
    "0.00758615",
    -179799,
    107878
  ],
  "time": 1616467447917
}