{
  "code": 200,
  "result": [
    -0.14449721126553725,
    1.3008778,
    0,
    -0.00245111,
    1.29842669,
    null,
    75433.98176709078,
    "BTCUSD_PERP",
    "2",
    -10900,
    null,
    "57421.99999999",
    "-0.00245111",
    -188585,
    113150
  ],
  "time": 1616410209179
}