{
  "code": 200,
  "result": [
    -0.2014613154192519,
    1.30089289,
    0,
    0.01177203,
    1.31266492,
    null,
    70981.36915387912,
    "BTCUSD_PERP",
    "2",
    -14300,
    null,
    "56604.63779568",
    "0.01175791",
    -177454,
    106472
  ],
  "time": 1616457907940
}