{
  "code": 200,
  "result": [
    -0.14628664789819865,
    1.3008778,
    0,
    0.00042341,
    1.30130121,
    null,
    74511.24321055839,
    "BTCUSD_PERP",
    "2",
    -10900,
    null,
    "57421.99999999",
    "0.00042341",
    -186279,
    111766
  ],
  "time": 1616419270030
}