{
  "code": 200,
  "result": [
    -0.15240645753046822,
    1.30089786,
    0,
    0.0098534,
    1.31075126,
    null,
    71519.2792787073,
    "BTCUSD_PERP",
    "2",
    -10900,
    null,
    "57421.99999999",
    "0.00985340",
    -178799,
    107278
  ],
  "time": 1616449269282
}