{
  "code": 200,
  "result": [
    -0.197961963702101,
    1.30089289,
    0,
    0.00612293,
    1.30701582,
    null,
    72236.09895848003,
    "BTCUSD_PERP",
    "2",
    -14300,
    null,
    "56604.63779568",
    "0.00609651",
    -180591,
    108354
  ],
  "time": 1616464087667
}