{
  "code": 200,
  "result": [
    -0.1465905644176402,
    1.3008778,
    0,
    0.00100495,
    1.30188275,
    null,
    74356.76397933516,
    "BTCUSD_PERP",
    "2",
    -10900,
    null,
    "57421.99999999",
    "0.00100495",
    -185892,
    111535
  ],
  "time": 1616428328523
}