{
  "code": 200,
  "result": [
    -0.14669851965380123,
    1.30089786,
    0,
    0.00120402,
    1.30210188,
    null,
    74302.04494035302,
    "BTCUSD_PERP",
    "2",
    -10900,
    null,
    "57421.99999999",
    "0.00120774",
    -185756,
    111453
  ],
  "time": 1616436308977
}