{
  "code": 200,
  "result": [
    -0.14637701730776723,
    1.3008778,
    0,
    0.0004022,
    1.30128,
    null,
    74465.24188344431,
    "BTCUSD_PERP",
    "2",
    -10900,
    null,
    "57421.99999999",
    "0.00041100",
    -186164,
    111697
  ],
  "time": 1616404988712
}