{
  "code": 200,
  "result": [
    -0.14765384863925052,
    1.30089786,
    0,
    0.00242797,
    1.30332583,
    null,
    73821.30638958825,
    "BTCUSD_PERP",
    "2",
    -10900,
    null,
    "57421.99999999",
    "0.00242797",
    -184554,
    110731
  ],
  "time": 1616432710280
}