{
  "code": 200,
  "result": [
    -0.14607386913685455,
    1.3008778,
    0,
    0.00015119,
    1.30102899,
    null,
    74619.7801455368,
    "BTCUSD_PERP",
    "2",
    -10900,
    null,
    "57421.99999999",
    "0.00017139",
    -186550,
    111929
  ],
  "time": 1616402769081
}