{
  "code": 200,
  "result": [
    -0.20070139711198626,
    1.30089289,
    0,
    0.01064574,
    1.31153863,
    null,
    71250.12683404972,
    "BTCUSD_PERP",
    "2",
    -14300,
    null,
    "56604.63779568",
    "0.01064574",
    -178126,
    106875
  ],
  "time": 1616475848501
}