{
  "code": 200,
  "result": [
    -0.15191724042897436,
    1.30089786,
    0,
    0.00888609,
    1.30978395,
    null,
    71749.59187792816,
    "BTCUSD_PERP",
    "2",
    -10900,
    null,
    "57421.99999999",
    "0.00888609",
    -179374,
    107624
  ],
  "time": 1616447288084
}