{
  "code": 200,
  "result": [
    -0.1464185045555038,
    1.3008778,
    0,
    0.00050981,
    1.30138761,
    null,
    74444.14237865726,
    "BTCUSD_PERP",
    "2",
    -10900,
    null,
    "57421.99999999",
    "0.00051491",
    -186111,
    111666
  ],
  "time": 1616404869059
}