{
  "code": 200,
  "result": [
    -0.14644946087220462,
    1.3008778,
    0,
    0.00056499,
    1.30144279,
    null,
    74428.40646242874,
    "BTCUSD_PERP",
    "2",
    -10900,
    null,
    "57421.99999999",
    "0.00056499",
    -186072,
    111642
  ],
  "time": 1616403428520
}