{
  "code": 200,
  "result": [
    -0.14792293174170737,
    1.30089786,
    0,
    0.00299525,
    1.30389311,
    null,
    73687.01979915335,
    "BTCUSD_PERP",
    "2",
    -10900,
    null,
    "57421.99999999",
    "0.00299525",
    -184218,
    110530
  ],
  "time": 1616438528630
}