{
  "code": 200,
  "result": [
    -0.15300509287519926,
    1.30089786,
    0,
    0.01088741,
    1.31178527,
    null,
    71239.45873416604,
    "BTCUSD_PERP",
    "2",
    -10900,
    null,
    "57421.99999999",
    "0.01088741",
    -178099,
    106859
  ],
  "time": 1616452927944
}