{
  "code": 200,
  "result": [
    -0.19818716667994127,
    1.30089289,
    0,
    0.00662306,
    1.30751595,
    null,
    72154.01602210461,
    "BTCUSD_PERP",
    "2",
    -14300,
    null,
    "56604.63779568",
    "0.00663139",
    -180386,
    108231
  ],
  "time": 1616464687835
}