{
  "code": 200,
  "result": [
    -0.15307138530289546,
    1.30089786,
    0,
    0.01081121,
    1.31170907,
    null,
    71208.60622271913,
    "BTCUSD_PERP",
    "2",
    -10900,
    null,
    "57421.99999999",
    "0.01081121",
    -178022,
    106812
  ],
  "time": 1616451068743
}