{
  "code": 200,
  "result": [
    -0.152069394441321,
    1.30089786,
    0,
    0.00941379,
    1.31031165,
    null,
    71677.8023615132,
    "BTCUSD_PERP",
    "2",
    -10900,
    null,
    "57421.99999999",
    "0.00941379",
    -179195,
    107516
  ],
  "time": 1616454907778
}