{
  "code": 200,
  "result": [
    -0.14665358319882382,
    1.3008778,
    0,
    0.00110188,
    1.30197968,
    null,
    74324.8119974161,
    "BTCUSD_PERP",
    "2",
    -10900,
    null,
    "57421.99999999",
    "0.00110188",
    -185813,
    111487
  ],
  "time": 1616424787696
}