{
  "code": 200,
  "result": [
    -0.14684564543124454,
    1.30089786,
    0,
    0.00138087,
    1.30227873,
    null,
    74227.60115214689,
    "BTCUSD_PERP",
    "2",
    -10900,
    null,
    "57421.99999999",
    "0.00137765",
    -185570,
    111341
  ],
  "time": 1616429889136
}