{
  "code": 200,
  "result": [
    -0.1468308973332048,
    1.30089786,
    0,
    0.0014188,
    1.30231666,
    null,
    74235.05677598988,
    "BTCUSD_PERP",
    "2",
    -10900,
    null,
    "57421.99999999",
    "0.00141880",
    -185588,
    111352
  ],
  "time": 1616437327927
}