{
  "code": 200,
  "result": [
    -0.14660107913410222,
    1.3008778,
    0,
    0.00093901,
    1.30181681,
    null,
    74351.43086518011,
    "BTCUSD_PERP",
    "2",
    -10900,
    null,
    "57421.99999999",
    "0.00093901",
    -185879,
    111527
  ],
  "time": 1616427430384
}