{
  "code": 200,
  "result": [
    -0.14845969523250452,
    1.30089786,
    0,
    0.00384316,
    1.30474102,
    null,
    73420.60067501404,
    "BTCUSD_PERP",
    "2",
    -10900,
    null,
    "57421.99999999",
    "0.00384316",
    -183552,
    110130
  ],
  "time": 1616431089603
}