{
  "code": 200,
  "result": [
    -0.14663436893896806,
    1.3008778,
    0,
    0.00099674,
    1.30187454,
    null,
    74334.5511619911,
    "BTCUSD_PERP",
    "2",
    -10900,
    null,
    "57421.99999999",
    "0.00098277",
    -185837,
    111501
  ],
  "time": 1616424910090
}