{
  "code": 200,
  "result": [
    -0.1452571272523278,
    1.3008778,
    0,
    -0.00129347,
    1.29958433,
    null,
    75039.34716446296,
    "BTCUSD_PERP",
    "2",
    -10900,
    null,
    "57421.99999999",
    "-0.00129441",
    -187599,
    112559
  ],
  "time": 1616407809008
}