{
  "code": 200,
  "result": [
    -0.14643618590041108,
    1.3008778,
    0,
    0.00081725,
    1.30169505,
    null,
    74435.15366763866,
    "BTCUSD_PERP",
    "2",
    -10900,
    null,
    "57421.99999999",
    "0.00081725",
    -186088,
    111652
  ],
  "time": 1616422509459
}