{
  "code": 200,
  "result": [
    -0.14714808976252242,
    1.30089786,
    0,
    0.00192677,
    1.30282463,
    null,
    74075.03568405924,
    "BTCUSD_PERP",
    "2",
    -10900,
    null,
    "57421.99999999",
    "0.00192711",
    -185188,
    111112
  ],
  "time": 1616437928008
}