{
  "code": 200,
  "result": [
    -0.14738942835668886,
    1.30089786,
    0,
    0.00208485,
    1.30298271,
    null,
    73953.74364042937,
    "BTCUSD_PERP",
    "2",
    -10900,
    null,
    "57421.99999999",
    "0.00208289",
    -184885,
    110930
  ],
  "time": 1616430547804
}