{
  "code": 200,
  "result": [
    -0.19842411032717436,
    1.30089289,
    0,
    0.0070754,
    1.30796829,
    null,
    72067.85494172682,
    "BTCUSD_PERP",
    "2",
    -14300,
    null,
    "56604.63779568",
    "0.00707540",
    -180170,
    108101
  ],
  "time": 1616464988027
}