{
  "code": 200,
  "result": [
    -0.14462884512104704,
    1.3008778,
    0,
    -0.00223881,
    1.29863899,
    null,
    75365.32557441948,
    "BTCUSD_PERP",
    "2",
    -10900,
    null,
    "57421.99999999",
    "-0.00223881",
    -188414,
    113047
  ],
  "time": 1616409728616
}