{
  "code": 200,
  "result": [
    -0.1468178026480896,
    1.30089786,
    0,
    0.00143232,
    1.30233018,
    null,
    74241.67780338204,
    "BTCUSD_PERP",
    "2",
    -10900,
    null,
    "57421.99999999",
    "0.00143232",
    -185605,
    111362
  ],
  "time": 1616429048331
}