{
  "code": 200,
  "result": [
    -0.15219472691827055,
    1.30089786,
    0,
    0.00943982,
    1.31033768,
    null,
    71618.77563506759,
    "BTCUSD_PERP",
    "2",
    -10900,
    null,
    "57421.99999999",
    "0.00943982",
    -179047,
    107428
  ],
  "time": 1616450168482
}