{
  "code": 200,
  "result": [
    -0.1446238523997832,
    1.3008778,
    0,
    -0.00213211,
    1.29874569,
    null,
    75367.92734485574,
    "BTCUSD_PERP",
    "2",
    -10900,
    null,
    "57421.99999999",
    "-0.00213244",
    -188420,
    113051
  ],
  "time": 1616412008670
}