{
  "code": 200,
  "result": [
    -0.14981455406397065,
    1.30089786,
    0,
    0.00610169,
    1.30699955,
    null,
    72756.61612519778,
    "BTCUSD_PERP",
    "2",
    -10900,
    null,
    "57421.99999999",
    "0.00610169",
    -181892,
    109134
  ],
  "time": 1616445128253
}