{
  "code": 200,
  "result": [
    -0.14513981327432512,
    1.3008778,
    0,
    -0.00138093,
    1.29949687,
    null,
    75100.00015914436,
    "BTCUSD_PERP",
    "2",
    -10900,
    null,
    "57421.99999999",
    "-0.00138093",
    -187751,
    112650
  ],
  "time": 1616412848245
}