{
  "code": 200,
  "result": [
    -0.14650960599395102,
    1.3008778,
    0,
    0.00080007,
    1.30167787,
    null,
    74397.85211387457,
    "BTCUSD_PERP",
    "2",
    -10900,
    null,
    "57421.99999999",
    "0.00080007",
    -185995,
    111596
  ],
  "time": 1616416868809
}