{
  "code": 200,
  "result": [
    -0.14658152086217052,
    1.3008778,
    0,
    0.00101764,
    1.30189544,
    null,
    74361.3515256755,
    "BTCUSD_PERP",
    "2",
    -10900,
    null,
    "57421.99999999",
    "0.00101764",
    -185904,
    111542
  ],
  "time": 1616428508489
}