{
  "code": 200,
  "result": [
    -0.20109076910685925,
    1.30089289,
    0,
    0.01127596,
    1.31216885,
    null,
    71112.16523519788,
    "BTCUSD_PERP",
    "2",
    -14300,
    null,
    "56604.63779568",
    "0.01127929",
    -177781,
    106668
  ],
  "time": 1616474287671
}