{
  "code": 200,
  "result": [
    -0.14462483009052854,
    1.3008778,
    0,
    -0.002125,
    1.2987528,
    null,
    75367.41784365172,
    "BTCUSD_PERP",
    "2",
    -10900,
    null,
    "57421.99999999",
    "-0.00212500",
    -188419,
    113051
  ],
  "time": 1616411827989
}