{
  "code": 200,
  "result": [
    -0.14954530757858725,
    1.30089786,
    0,
    0.00553178,
    1.30642964,
    null,
    72887.60962474174,
    "BTCUSD_PERP",
    "2",
    -10900,
    null,
    "57421.99999999",
    "0.00553786",
    -182220,
    109331
  ],
  "time": 1616441768961
}