{
  "code": 200,
  "result": [
    -0.1447741914644077,
    1.3008778,
    0,
    -0.00195516,
    1.29892264,
    null,
    75289.6624028443,
    "BTCUSD_PERP",
    "2",
    -10900,
    null,
    "57421.99999999",
    "-0.00191241",
    -188225,
    112934
  ],
  "time": 1616412247827
}