{
  "code": 200,
  "result": [
    -0.14569222409221289,
    1.3008778,
    0,
    -0.00042526,
    1.30045254,
    null,
    74815.24884334987,
    "BTCUSD_PERP",
    "2",
    -10900,
    null,
    "57421.99999999",
    "-0.00042632",
    -187039,
    112222
  ],
  "time": 1616415728751
}