{
  "code": 200,
  "result": [
    -0.14962614526901027,
    1.30089786,
    0,
    0.0057861,
    1.30668396,
    null,
    72848.23103878723,
    "BTCUSD_PERP",
    "2",
    -10900,
    null,
    "57421.99999999",
    "0.00578610",
    -182121,
    109272
  ],
  "time": 1616440987949
}