{
  "code": 200,
  "result": [
    -0.1522530757429518,
    1.30089786,
    0,
    0.00954542,
    1.31044328,
    null,
    71591.32875845754,
    "BTCUSD_PERP",
    "2",
    -10900,
    null,
    "57421.99999999",
    "0.00954542",
    -178979,
    107386
  ],
  "time": 1616449508183
}