{
  "code": 200,
  "result": [
    -0.14664219034227302,
    1.30089786,
    0,
    0.00109987,
    1.30199773,
    null,
    74330.5864059903,
    "BTCUSD_PERP",
    "2",
    -10900,
    null,
    "57421.99999999",
    "0.00109987",
    -185827,
    111495
  ],
  "time": 1616434987668
}