{
  "code": 200,
  "result": [
    -0.14666858018529305,
    1.30089786,
    0,
    0.00115964,
    1.3020575,
    null,
    74317.21222247831,
    "BTCUSD_PERP",
    "2",
    -10900,
    null,
    "57421.99999999",
    "0.00116747",
    -185794,
    111475
  ],
  "time": 1616436369620
}