{
  "code": 200,
  "result": [
    -0.14756563942871176,
    1.30089786,
    0,
    0.0025987,
    1.30349656,
    null,
    73865.43400075013,
    "BTCUSD_PERP",
    "2",
    -10900,
    null,
    "57421.99999999",
    "0.00259870",
    -184664,
    110798
  ],
  "time": 1616438108494
}