{
  "code": 200,
  "result": [
    -0.15202968127882158,
    1.30089786,
    0,
    0.00946715,
    1.31036501,
    null,
    71696.52602250387,
    "BTCUSD_PERP",
    "2",
    -10900,
    null,
    "57421.99999999",
    "0.00946715",
    -179242,
    107544
  ],
  "time": 1616446988184
}