{
  "code": 200,
  "result": [
    -0.19986864962810583,
    1.30089289,
    0,
    0.00920003,
    1.31009292,
    null,
    71546.98861781429,
    "BTCUSD_PERP",
    "2",
    -14300,
    null,
    "56604.63779568",
    "0.00920003",
    -178868,
    107320
  ],
  "time": 1616473148281
}