{
  "code": 200,
  "result": [
    -0.14439191835414075,
    1.3008778,
    0,
    -0.0026259,
    1.2982519,
    null,
    75488.98944098986,
    "BTCUSD_PERP",
    "2",
    -10900,
    null,
    "57421.99999999",
    "-0.00263436",
    -188723,
    113233
  ],
  "time": 1616411227803
}