{
  "code": 200,
  "result": [
    -0.1464519774548585,
    1.3008778,
    0,
    0.00057029,
    1.30144809,
    null,
    74427.12750915058,
    "BTCUSD_PERP",
    "2",
    -10900,
    null,
    "57421.99999999",
    "0.00057029",
    -186068,
    111640
  ],
  "time": 1616404569700
}