{
  "code": 200,
  "result": [
    -0.146823420355376,
    1.30089786,
    0,
    0.0014378,
    1.30233566,
    null,
    74238.8371938026,
    "BTCUSD_PERP",
    "2",
    -10900,
    null,
    "57421.99999999",
    "0.00143780",
    -185598,
    111358
  ],
  "time": 1616429109306
}