{
  "code": 200,
  "result": [
    -0.14639119436717166,
    1.3008778,
    0,
    0.00065543,
    1.30153323,
    null,
    74458.03039669943,
    "BTCUSD_PERP",
    "2",
    -10900,
    null,
    "57421.99999999",
    "0.00065543",
    -186146,
    111687
  ],
  "time": 1616422388325
}