{
  "code": 200,
  "result": [
    -0.15223267045406474,
    1.30089786,
    0,
    0.00988624,
    1.3107841,
    null,
    71600.92487038784,
    "BTCUSD_PERP",
    "2",
    -10900,
    null,
    "57421.99999999",
    "0.00988624",
    -179003,
    107401
  ],
  "time": 1616446569834
}