{
  "code": 200,
  "result": [
    -0.14571652145253547,
    1.3008778,
    0,
    -0.00052906,
    1.30034874,
    null,
    74802.77384709928,
    "BTCUSD_PERP",
    "2",
    -10900,
    null,
    "57421.99999999",
    "-0.00052906",
    -187007,
    112204
  ],
  "time": 1616400848412
}