{
  "code": 200,
  "result": [
    -0.1470297305626018,
    1.3008778,
    0,
    0.00173643,
    1.30261423,
    null,
    74134.66622221032,
    "BTCUSD_PERP",
    "2",
    -10900,
    null,
    "57421.99999999",
    "0.00173644",
    -185337,
    111201
  ],
  "time": 1616423108818
}