{
  "code": 200,
  "result": [
    -0.14468978956525624,
    1.3008778,
    0,
    -0.00208589,
    1.29879191,
    null,
    75333.5811238015,
    "BTCUSD_PERP",
    "2",
    -10900,
    null,
    "57421.99999999",
    "-0.00208556",
    -188334,
    113000
  ],
  "time": 1616410028477
}