{
  "code": 200,
  "result": [
    -0.19994980003681248,
    1.30089289,
    0,
    0.00924833,
    1.31014122,
    null,
    71517.95099253536,
    "BTCUSD_PERP",
    "2",
    -14300,
    null,
    "56604.63779568",
    "0.00924833",
    -178795,
    107276
  ],
  "time": 1616470147599
}