{
  "code": 200,
  "result": [
    -0.14526123163512245,
    1.3008778,
    0,
    -0.00120942,
    1.29966838,
    null,
    75037.22691391878,
    "BTCUSD_PERP",
    "2",
    -10900,
    null,
    "57421.99999999",
    "-0.00120942",
    -187594,
    112555
  ],
  "time": 1616414412234
}