{
  "code": 200,
  "result": [
    -0.19951410698066502,
    1.30089289,
    0,
    0.00868517,
    1.30957806,
    null,
    71674.12979667557,
    "BTCUSD_PERP",
    "2",
    -14300,
    null,
    "56604.63779568",
    "0.00868517",
    -179186,
    107511
  ],
  "time": 1616461808474
}