{
  "code": 200,
  "result": [
    -0.19890504300956002,
    1.30089289,
    0,
    0.00785798,
    1.30875087,
    null,
    71893.60201044624,
    "BTCUSD_PERP",
    "2",
    -14300,
    null,
    "56604.63779568",
    "0.00785631",
    -179735,
    107840
  ],
  "time": 1616465768836
}