{
  "code": 200,
  "result": [
    -0.20004848891366156,
    1.30089289,
    0,
    0.00954436,
    1.31043725,
    null,
    71482.66941507217,
    "BTCUSD_PERP",
    "2",
    -14300,
    null,
    "56604.63779568",
    "0.00954436",
    -178707,
    107224
  ],
  "time": 1616470269175
}