{
  "code": 200,
  "result": [
    -0.19992735213764787,
    1.30089289,
    0,
    0.00940606,
    1.31029895,
    null,
    71525.98104812893,
    "BTCUSD_PERP",
    "2",
    -14300,
    null,
    "56604.63779568",
    "0.00942225",
    -178815,
    107288
  ],
  "time": 1616460187979
}