{
  "code": 200,
  "result": [
    -0.14654694968342594,
    1.3008778,
    0,
    0.00096319,
    1.30184099,
    null,
    74378.8937507497,
    "BTCUSD_PERP",
    "2",
    -10900,
    null,
    "57421.99999999",
    "0.00096319",
    -185948,
    111568
  ],
  "time": 1616428270313
}