{
  "code": 200,
  "result": [
    -0.14550555040865643,
    1.30079994,
    0,
    -0.00087708,
    1.29992286,
    null,
    74911.23169794584,
    "BTCUSD_PERP",
    "2",
    -10900,
    null,
    "57421.99999999",
    "-0.00087708",
    -187279,
    112366
  ],
  "time": 1616399888631
}