{
  "code": 200,
  "result": [
    -0.15316526026095853,
    1.30089786,
    0,
    0.01110749,
    1.31200535,
    null,
    71164.9624818898,
    "BTCUSD_PERP",
    "2",
    -10900,
    null,
    "57421.99999999",
    "0.01110749",
    -177913,
    106747
  ],
  "time": 1616453169806
}