{
  "code": 200,
  "result": [
    -0.15254245248476228,
    1.30089786,
    0,
    0.01005507,
    1.31095293,
    null,
    71455.51826688259,
    "BTCUSD_PERP",
    "2",
    -10900,
    null,
    "57421.99999999",
    "0.01005507",
    -178639,
    107183
  ],
  "time": 1616454069139
}