{
  "code": 200,
  "result": [
    -0.14634727523360258,
    1.3008778,
    0,
    0.00062818,
    1.30150598,
    null,
    74480.37541253291,
    "BTCUSD_PERP",
    "2",
    -10900,
    null,
    "57421.99999999",
    "0.00062818",
    -186201,
    111720
  ],
  "time": 1616427069198
}