{
  "code": 200,
  "result": [
    -0.2001605247405114,
    1.30089289,
    0,
    0.0097414,
    1.31063429,
    null,
    71442.65842897122,
    "BTCUSD_PERP",
    "2",
    -14300,
    null,
    "56604.63779568",
    "0.00974140",
    -178607,
    107163
  ],
  "time": 1616471227369
}