{
  "code": 200,
  "result": [
    -0.15288783317062424,
    1.30089786,
    0,
    0.0107394,
    1.31163726,
    null,
    71294.09694645551,
    "BTCUSD_PERP",
    "2",
    -10900,
    null,
    "57421.99999999",
    "0.01073631",
    -178236,
    106941
  ],
  "time": 1616453347737
}