{
  "code": 200,
  "result": [
    -0.14924827618656142,
    1.30089786,
    0,
    0.00513184,
    1.3060297,
    null,
    73032.66931120143,
    "BTCUSD_PERP",
    "2",
    -10900,
    null,
    "57421.99999999",
    "0.00513184",
    -182582,
    109549
  ],
  "time": 1616444468755
}