{
  "code": 200,
  "result": [
    -0.1464056608582844,
    1.3008778,
    0,
    0.00065969,
    1.30153749,
    null,
    74450.67312356741,
    "BTCUSD_PERP",
    "2",
    -10900,
    null,
    "57421.99999999",
    "0.00066170",
    -186127,
    111676
  ],
  "time": 1616427787978
}