{
  "code": 200,
  "result": [
    -0.14646491245412177,
    1.3008778,
    0,
    0.00062917,
    1.30150697,
    null,
    74420.55450252826,
    "BTCUSD_PERP",
    "2",
    -10900,
    null,
    "57421.99999999",
    "0.00062917",
    -186052,
    111630
  ],
  "time": 1616406488725
}