{
  "code": 200,
  "result": [
    -0.19902404277687022,
    1.30089289,
    0,
    0.00784522,
    1.30873811,
    null,
    71850.61563658423,
    "BTCUSD_PERP",
    "2",
    -14300,
    null,
    "56604.63779568",
    "0.00784522",
    -179627,
    107775
  ],
  "time": 1616463307753
}