{
  "code": 200,
  "result": [
    -0.19968563855552932,
    1.30089289,
    0,
    0.0087555,
    1.30964839,
    null,
    71612.56114081235,
    "BTCUSD_PERP",
    "2",
    -14300,
    null,
    "56604.63779568",
    "0.00875550",
    -179032,
    107418
  ],
  "time": 1616472248365
}