{
  "code": 200,
  "result": [
    -0.19967220390374574,
    1.30089289,
    0,
    0.00878415,
    1.30967704,
    null,
    71617.37948709916,
    "BTCUSD_PERP",
    "2",
    -14300,
    null,
    "56604.63779568",
    "0.00875590",
    -179044,
    107426
  ],
  "time": 1616469609766
}