{
  "code": 200,
  "result": [
    -0.14469183233570915,
    1.3008778,
    0,
    -0.00219118,
    1.29868662,
    null,
    75332.51755849068,
    "BTCUSD_PERP",
    "2",
    -10900,
    null,
    "57421.99999999",
    "-0.00217483",
    -188332,
    112998
  ],
  "time": 1616407987757
}