{
  "code": 200,
  "result": [
    -0.14785721801302076,
    1.30089786,
    0,
    0.00357003,
    1.30446789,
    null,
    73719.76929148033,
    "BTCUSD_PERP",
    "2",
    -10900,
    null,
    "57421.99999999",
    "0.00353905",
    -184300,
    110579
  ],
  "time": 1616439909631
}