{
  "code": 200,
  "result": [
    -0.14565308133150667,
    1.3008778,
    0,
    -0.00061106,
    1.30026674,
    null,
    74835.35466847818,
    "BTCUSD_PERP",
    "2",
    -10900,
    null,
    "57421.99999999",
    "-0.00061106",
    -187089,
    112253
  ],
  "time": 1616400069834
}