{
  "code": 200,
  "result": [
    -0.20009017957919314,
    1.30089289,
    0,
    0.00950717,
    1.31040006,
    null,
    71467.77533047413,
    "BTCUSD_PERP",
    "2",
    -14300,
    null,
    "56604.63779568",
    "0.00950717",
    -178670,
    107201
  ],
  "time": 1616458747473
}