{
  "code": 200,
  "result": [
    -0.20037886130119698,
    1.30089289,
    0,
    0.01015284,
    1.31104573,
    null,
    71364.81317011346,
    "BTCUSD_PERP",
    "2",
    -14300,
    null,
    "56604.63779568",
    "0.01015284",
    -178413,
    107047
  ],
  "time": 1616459287649
}