{
  "code": 200,
  "result": [
    -0.14809975842735773,
    1.30089786,
    0,
    0.00329348,
    1.30419134,
    null,
    73599.03969962518,
    "BTCUSD_PERP",
    "2",
    -10900,
    null,
    "57421.99999999",
    "0.00329348",
    -183998,
    110398
  ],
  "time": 1616431028560
}