{
  "code": 200,
  "result": [
    -0.14598521293370167,
    1.3008778,
    0,
    -1.32e-06,
    1.30087648,
    null,
    74665.0964228149,
    "BTCUSD_PERP",
    "2",
    -10900,
    null,
    "57421.99999999",
    "-0.00000636",
    -186663,
    111997
  ],
  "time": 1616415187957
}