{
  "code": 200,
  "result": [
    -0.14802687634957915,
    1.30089786,
    0,
    0.00318167,
    1.30407953,
    null,
    73635.27670649918,
    "BTCUSD_PERP",
    "2",
    -10900,
    null,
    "57421.99999999",
    "0.00318167",
    -184089,
    110452
  ],
  "time": 1616439368890
}