{
  "code": 200,
  "result": [
    -0.19892646346850837,
    1.30089289,
    0,
    0.00774802,
    1.30864091,
    null,
    71885.86048665065,
    "BTCUSD_PERP",
    "2",
    -14300,
    null,
    "56604.63779568",
    "0.00774802",
    -179715,
    107828
  ],
  "time": 1616467387544
}