{
  "code": 200,
  "result": [
    -0.14898740152428236,
    1.30089786,
    0,
    0.00456633,
    1.30546419,
    null,
    73160.54839860731,
    "BTCUSD_PERP",
    "2",
    -10900,
    null,
    "57421.99999999",
    "0.00454801",
    -182902,
    109740
  ],
  "time": 1616442670019
}