{
  "code": 200,
  "result": [
    -0.1458849504860319,
    1.3008778,
    0,
    -0.00022815,
    1.30064965,
    null,
    74716.41155366226,
    "BTCUSD_PERP",
    "2",
    -10900,
    null,
    "57421.99999999",
    "-0.00022815",
    -186792,
    112074
  ],
  "time": 1616401748513
}