{
  "code": 200,
  "result": [
    -0.1494233435370783,
    1.30089786,
    0,
    0.00522274,
    1.3061206,
    null,
    72947.10278849599,
    "BTCUSD_PERP",
    "2",
    -10900,
    null,
    "57421.99999999",
    "0.00522274",
    -182368,
    109420
  ],
  "time": 1616441828214
}