{
  "code": 200,
  "result": [
    -0.15190744340528678,
    1.30089786,
    0,
    0.00897211,
    1.30986997,
    null,
    71754.21925125133,
    "BTCUSD_PERP",
    "2",
    -10900,
    null,
    "57421.99999999",
    "0.00897211",
    -179386,
    107631
  ],
  "time": 1616449812695
}