{
  "code": 200,
  "result": [
    -0.19966901282679414,
    1.30089289,
    0,
    0.00899486,
    1.30988775,
    null,
    71618.52406414584,
    "BTCUSD_PERP",
    "2",
    -14300,
    null,
    "56604.63779568",
    "0.00899486",
    -179047,
    107427
  ],
  "time": 1616460427545
}