{
  "code": 200,
  "result": [
    -0.19904561463666962,
    1.30089289,
    0,
    0.00785797,
    1.30875086,
    null,
    71842.82872095767,
    "BTCUSD_PERP",
    "2",
    -14300,
    null,
    "56604.63779568",
    "0.00785797",
    -179608,
    107764
  ],
  "time": 1616466668571
}