{
  "code": 200,
  "result": [
    -0.1491927321470642,
    1.30089786,
    0,
    0.00503326,
    1.30593112,
    null,
    73059.85917099172,
    "BTCUSD_PERP",
    "2",
    -10900,
    null,
    "57421.99999999",
    "0.00503326",
    -182650,
    109589
  ],
  "time": 1616440747257
}