{
  "code": 200,
  "result": [
    -0.14615298035552513,
    1.3008778,
    0,
    0.0001957,
    1.3010735,
    null,
    74579.38916801527,
    "BTCUSD_PERP",
    "2",
    -10900,
    null,
    "57421.99999999",
    "0.00019569",
    -186449,
    111869
  ],
  "time": 1616402888850
}