{
  "code": 200,
  "result": [
    -0.14757773855040476,
    1.30089786,
    0,
    0.00257594,
    1.3034738,
    null,
    73859.37816276494,
    "BTCUSD_PERP",
    "2",
    -10900,
    null,
    "57421.99999999",
    "0.00257594",
    -184649,
    110789
  ],
  "time": 1616438169446
}