{
  "code": 200,
  "result": [
    -0.14526665495213467,
    1.3008778,
    0,
    -0.00114379,
    1.29973401,
    null,
    75034.42550936103,
    "BTCUSD_PERP",
    "2",
    -10900,
    null,
    "57421.99999999",
    "-0.00114347",
    -187587,
    112551
  ],
  "time": 1616414288696
}