{
  "code": 200,
  "result": [
    -0.1983340242387483,
    1.30089289,
    0,
    0.00686239,
    1.30775528,
    null,
    72100.58916964296,
    "BTCUSD_PERP",
    "2",
    -14300,
    null,
    "56604.63779568",
    "0.00686239",
    -180252,
    108150
  ],
  "time": 1616464869228
}