{
  "code": 200,
  "result": [
    -0.14926669101325218,
    1.30089786,
    0,
    0.00513303,
    1.30603089,
    null,
    73023.65937108017,
    "BTCUSD_PERP",
    "2",
    -10900,
    null,
    "57421.99999999",
    "0.00513531",
    -182560,
    109535
  ],
  "time": 1616442969123
}