{
  "code": 200,
  "result": [
    -0.14571857472145983,
    1.3008778,
    0,
    -0.00044884,
    1.30042896,
    null,
    74801.71982765604,
    "BTCUSD_PERP",
    "2",
    -10900,
    null,
    "57421.99999999",
    "-0.00044884",
    -187005,
    112202
  ],
  "time": 1616415547427
}