{
  "code": 200,
  "result": [
    -0.14573351876806068,
    1.3008778,
    0,
    -0.00056273,
    1.30031507,
    null,
    74794.04938645365,
    "BTCUSD_PERP",
    "2",
    -10900,
    null,
    "57421.99999999",
    "-0.00054437",
    -186986,
    112191
  ],
  "time": 1616400188990
}