{
  "code": 200,
  "result": [
    -0.15287354318494928,
    1.30089786,
    0,
    0.0107168,
    1.31161466,
    null,
    71300.761223366,
    "BTCUSD_PERP",
    "2",
    -10900,
    null,
    "57421.99999999",
    "0.01071433",
    -178252,
    106951
  ],
  "time": 1616456168890
}