{
  "code": 200,
  "result": [
    -0.19992936651792556,
    1.30089289,
    0,
    0.00945859,
    1.31035148,
    null,
    71525.26039098848,
    "BTCUSD_PERP",
    "2",
    -14300,
    null,
    "56604.63779568",
    "0.00945859",
    -178814,
    107287
  ],
  "time": 1616459528471
}