{
  "code": 200,
  "result": [
    -0.15251461529312346,
    1.30089786,
    0,
    0.01013543,
    1.31103329,
    null,
    71468.56043305022,
    "BTCUSD_PERP",
    "2",
    -10900,
    null,
    "57421.99999999",
    "0.01016380",
    -178672,
    107202
  ],
  "time": 1616448547737
}