{
  "code": 200,
  "result": [
    -0.14685729847603396,
    1.30089786,
    0,
    0.00141754,
    1.3023154,
    null,
    74221.71123336305,
    "BTCUSD_PERP",
    "2",
    -10900,
    null,
    "57421.99999999",
    "0.00140171",
    -185555,
    111332
  ],
  "time": 1616429288777
}