{
  "code": 200,
  "result": [
    -0.15255410336702435,
    1.30089786,
    0,
    0.0100937,
    1.31099156,
    null,
    71450.06105654259,
    "BTCUSD_PERP",
    "2",
    -10900,
    null,
    "57421.99999999",
    "0.01005633",
    -178626,
    107175
  ],
  "time": 1616456407875
}