{
  "code": 200,
  "result": [
    -0.14638381977828438,
    1.3008778,
    0,
    0.00061453,
    1.30149233,
    null,
    74461.78147632259,
    "BTCUSD_PERP",
    "2",
    -10900,
    null,
    "57421.99999999",
    "0.00062245",
    -186155,
    111692
  ],
  "time": 1616416507759
}