{
  "code": 200,
  "result": [
    -0.14526134494069,
    1.3008778,
    0,
    -0.0011157,
    1.2997621,
    null,
    75037.16838399405,
    "BTCUSD_PERP",
    "2",
    -10900,
    null,
    "57421.99999999",
    "-0.00111603",
    -187593,
    112555
  ],
  "time": 1616414468878
}