{
  "code": 200,
  "result": [
    -0.1463497543449559,
    1.3008778,
    0,
    0.00053704,
    1.30141484,
    null,
    74479.11374219318,
    "BTCUSD_PERP",
    "2",
    -10900,
    null,
    "57421.99999999",
    "0.00054203",
    -186198,
    111718
  ],
  "time": 1616403488775
}