{
  "code": 200,
  "result": [
    -0.1461780221223102,
    1.3008778,
    0,
    0.00017669,
    1.30105449,
    null,
    74566.61296784917,
    "BTCUSD_PERP",
    "2",
    -10900,
    null,
    "57421.99999999",
    "0.00017669",
    -186417,
    111849
  ],
  "time": 1616405708315
}