{
  "code": 200,
  "result": [
    -0.14448673391059788,
    1.3008778,
    0,
    -0.00240144,
    1.29847636,
    null,
    75439.4518097727,
    "BTCUSD_PERP",
    "2",
    -10900,
    null,
    "57421.99999999",
    "-0.00240144",
    -188599,
    113159
  ],
  "time": 1616408829073
}