{
  "code": 200,
  "result": [
    -0.19877169660243368,
    1.30089289,
    0,
    0.00746936,
    1.30836225,
    null,
    71941.83198326093,
    "BTCUSD_PERP",
    "2",
    -14300,
    null,
    "56604.63779568",
    "0.00746888",
    -179855,
    107912
  ],
  "time": 1616467569090
}