{
  "code": 200,
  "result": [
    -0.15318513270025677,
    1.30089786,
    0,
    0.01098197,
    1.31187983,
    null,
    71155.73037579599,
    "BTCUSD_PERP",
    "2",
    -10900,
    null,
    "57421.99999999",
    "0.01098553",
    -177890,
    106733
  ],
  "time": 1616450947804
}