{
  "code": 200,
  "result": [
    -0.14644394065085936,
    1.30089786,
    0,
    0.00075904,
    1.3016569,
    null,
    74431.21204985163,
    "BTCUSD_PERP",
    "2",
    -10900,
    null,
    "57421.99999999",
    "0.00075904",
    -186079,
    111646
  ],
  "time": 1616435827716
}