{
  "code": 200,
  "result": [
    -0.19985072212337734,
    1.30089289,
    0,
    0.0091396,
    1.31003249,
    null,
    71553.40670308877,
    "BTCUSD_PERP",
    "2",
    -14300,
    null,
    "56604.63779568",
    "0.00918221",
    -178884,
    107330
  ],
  "time": 1616468168790
}