{
  "code": 200,
  "result": [
    -0.20103874878076664,
    1.30089289,
    0,
    0.01121338,
    1.31210627,
    null,
    71130.56605616957,
    "BTCUSD_PERP",
    "2",
    -14300,
    null,
    "56604.63779568",
    "0.01114286",
    -177827,
    106695
  ],
  "time": 1616474348089
}