{
  "code": 200,
  "result": [
    -0.14771620869180901,
    1.30089786,
    0,
    0.00481527,
    1.30571313,
    null,
    73790.14189797855,
    "BTCUSD_PERP",
    "2",
    -10900,
    null,
    "57421.99999999",
    "0.00481904",
    -184476,
    110685
  ],
  "time": 1616440148003
}