{
  "code": 200,
  "result": [
    -0.14749769179108518,
    1.30089786,
    0,
    0.00222703,
    1.30312489,
    null,
    73899.46152810779,
    "BTCUSD_PERP",
    "2",
    -10900,
    null,
    "57421.99999999",
    "0.00222497",
    -184749,
    110849
  ],
  "time": 1616433189014
}