{
  "code": 200,
  "result": [
    -0.14426745861883317,
    1.3008778,
    0,
    -0.00278944,
    1.29808836,
    null,
    75554.11389618169,
    "BTCUSD_PERP",
    "2",
    -10900,
    null,
    "57421.99999999",
    "-0.00278944",
    -188886,
    113331
  ],
  "time": 1616408409609
}