{
  "code": 200,
  "result": [
    -0.14671023254700433,
    1.30089786,
    0,
    0.00115119,
    1.30204905,
    null,
    74296.11289388259,
    "BTCUSD_PERP",
    "2",
    -10900,
    null,
    "57421.99999999",
    "0.00115119",
    -185741,
    111444
  ],
  "time": 1616434388583
}