{
  "code": 200,
  "result": [
    -0.14774398636393252,
    1.30089786,
    0,
    0.00456978,
    1.30546764,
    null,
    73776.2684509569,
    "BTCUSD_PERP",
    "2",
    -10900,
    null,
    "57421.99999999",
    "0.00457606",
    -184441,
    110664
  ],
  "time": 1616440327648
}