{
  "code": 200,
  "result": [
    -0.19986382687856677,
    1.30089289,
    0,
    0.00916895,
    1.31006184,
    null,
    71548.71505932082,
    "BTCUSD_PERP",
    "2",
    -14300,
    null,
    "56604.63779568",
    "0.00916895",
    -178872,
    107323
  ],
  "time": 1616469968876
}