{
  "code": 200,
  "result": [
    -0.14760099972838078,
    1.30089786,
    0,
    0.00248463,
    1.30338249,
    null,
    73847.7382948521,
    "BTCUSD_PERP",
    "2",
    -10900,
    null,
    "57421.99999999",
    "0.00248463",
    -184620,
    110771
  ],
  "time": 1616433428050
}