{
  "code": 200,
  "result": [
    -0.14766833159272094,
    1.30089786,
    0,
    0.00257323,
    1.30347109,
    null,
    73814.0661740726,
    "BTCUSD_PERP",
    "2",
    -10900,
    null,
    "57421.99999999",
    "0.00257323",
    -184536,
    110721
  ],
  "time": 1616431928448
}