{
  "code": 200,
  "result": [
    -0.14720423688112505,
    1.30089786,
    0,
    0.00189774,
    1.3027956,
    null,
    74046.78174312542,
    "BTCUSD_PERP",
    "2",
    -10900,
    null,
    "57421.99999999",
    "0.00189774",
    -185117,
    111070
  ],
  "time": 1616433848328
}