{
  "code": 200,
  "result": [
    -0.20017559815591288,
    1.30089289,
    0,
    0.00978413,
    1.31067702,
    null,
    71437.27872795968,
    "BTCUSD_PERP",
    "2",
    -14300,
    null,
    "56604.63779568",
    "0.00978138",
    -178594,
    107155
  ],
  "time": 1616459107762
}