{
  "code": 200,
  "result": [
    -0.14558239060618308,
    1.3008778,
    0,
    -0.00058824,
    1.30028956,
    null,
    74871.69261758958,
    "BTCUSD_PERP",
    "2",
    -10900,
    null,
    "57421.99999999",
    "-0.00055275",
    -187180,
    112307
  ],
  "time": 1616414947714
}