{
  "code": 200,
  "result": [
    -0.19827399152778125,
    1.30089289,
    0,
    0.00680745,
    1.30770034,
    null,
    72122.41953577835,
    "BTCUSD_PERP",
    "2",
    -14300,
    null,
    "56604.63779568",
    "0.00680814",
    -180307,
    108183
  ],
  "time": 1616464928001
}