{
  "code": 200,
  "result": [
    -0.19983959167600665,
    1.30089289,
    0,
    0.00910226,
    1.30999515,
    null,
    71557.39200660557,
    "BTCUSD_PERP",
    "2",
    -14300,
    null,
    "56604.63779568",
    "0.00910226",
    -178894,
    107336
  ],
  "time": 1616469488113
}