{
  "code": 200,
  "result": [
    -0.1492938606190733,
    1.30089786,
    0,
    0.00514021,
    1.30603807,
    null,
    73010.36998307385,
    "BTCUSD_PERP",
    "2",
    -10900,
    null,
    "57421.99999999",
    "0.00508984",
    -182526,
    109515
  ],
  "time": 1616441889152
}