{
  "code": 200,
  "result": [
    -0.14660875075345944,
    1.30089786,
    0,
    0.00104223,
    1.30194009,
    null,
    74347.54026606286,
    "BTCUSD_PERP",
    "2",
    -10900,
    null,
    "57421.99999999",
    "0.00102298",
    -185869,
    111521
  ],
  "time": 1616435227900
}