{
  "code": 200,
  "result": [
    -0.14519448573075236,
    1.3008778,
    0,
    -0.00123952,
    1.29963828,
    null,
    75071.72152675883,
    "BTCUSD_PERP",
    "2",
    -10900,
    null,
    "57421.99999999",
    "-0.00123952",
    -187680,
    112607
  ],
  "time": 1616413808687
}