{
  "code": 200,
  "result": [
    -0.14679872446937653,
    1.30089786,
    0,
    0.00137953,
    1.30227739,
    null,
    74251.32636131204,
    "BTCUSD_PERP",
    "2",
    -10900,
    null,
    "57421.99999999",
    "0.00136882",
    -185629,
    111376
  ],
  "time": 1616429347784
}