{
  "code": 200,
  "result": [
    -0.1454455898254124,
    1.3008778,
    0,
    -0.00100936,
    1.29986844,
    null,
    74942.11418224481,
    "BTCUSD_PERP",
    "2",
    -10900,
    null,
    "57421.99999999",
    "-0.00100936",
    -187356,
    112413
  ],
  "time": 1616401028528
}