{
  "code": 200,
  "result": [
    -0.19962221481419343,
    1.30089289,
    0,
    0.00866654,
    1.30955943,
    null,
    71635.31380167439,
    "BTCUSD_PERP",
    "2",
    -14300,
    null,
    "56604.63779568",
    "0.00866654",
    -179089,
    107452
  ],
  "time": 1616472127488
}