{
  "code": 200,
  "result": [
    -0.14642677831764456,
    1.3008778,
    0,
    0.00080304,
    1.30168084,
    null,
    74439.93595457355,
    "BTCUSD_PERP",
    "2",
    -10900,
    null,
    "57421.99999999",
    "0.00080304",
    -186100,
    111659
  ],
  "time": 1616427308982
}