{
  "code": 200,
  "result": [
    -0.1476310106596189,
    1.30089786,
    0,
    0.00239883,
    1.30329669,
    null,
    73832.72627680688,
    "BTCUSD_PERP",
    "2",
    -10900,
    null,
    "57421.99999999",
    "0.00239883",
    -184582,
    110749
  ],
  "time": 1616431809329
}