{
  "code": 200,
  "result": [
    -0.1458414592004841,
    1.3008778,
    0,
    -0.00022815,
    1.30064965,
    null,
    74738.69268556948,
    "BTCUSD_PERP",
    "2",
    -10900,
    null,
    "57421.99999999",
    "-0.00022782",
    -186847,
    112108
  ],
  "time": 1616415909383
}