{
  "code": 200,
  "result": [
    -0.2001532494150978,
    1.30089289,
    0,
    0.00967207,
    1.31056496,
    null,
    71445.25528208254,
    "BTCUSD_PERP",
    "2",
    -14300,
    null,
    "56604.63779568",
    "0.00967207",
    -178614,
    107167
  ],
  "time": 1616468347712
}