{
  "code": 200,
  "result": [
    -0.1464571729856,
    1.3008778,
    0,
    0.00061038,
    1.30148818,
    null,
    74424.48722584393,
    "BTCUSD_PERP",
    "2",
    -10900,
    null,
    "57421.99999999",
    "0.00061038",
    -186062,
    111636
  ],
  "time": 1616417769314
}