{
  "code": 200,
  "result": [
    -0.14624499133967753,
    1.3008778,
    0,
    0.00036195,
    1.30123975,
    null,
    74532.4670619522,
    "BTCUSD_PERP",
    "2",
    -10900,
    null,
    "57421.99999999",
    "0.00036239",
    -186332,
    111798
  ],
  "time": 1616416569666
}