{
  "code": 200,
  "result": [
    -0.1452289673812492,
    1.3008778,
    0,
    -0.00121725,
    1.29966055,
    null,
    75053.89728060078,
    "BTCUSD_PERP",
    "2",
    -10900,
    null,
    "57421.99999999",
    "-0.00121170",
    -187635,
    112580
  ],
  "time": 1616414348011
}