{
  "code": 200,
  "result": [
    -0.14570771545416797,
    1.3008778,
    0,
    -0.0004031,
    1.3004747,
    null,
    74807.29463106963,
    "BTCUSD_PERP",
    "2",
    -10900,
    null,
    "57421.99999999",
    "-0.00040310",
    -187019,
    112210
  ],
  "time": 1616415487648
}