{
  "code": 200,
  "result": [
    -0.14654494706302668,
    1.3008778,
    0,
    0.00091712,
    1.30179492,
    null,
    74379.91018081355,
    "BTCUSD_PERP",
    "2",
    -10900,
    null,
    "57421.99999999",
    "0.00091712",
    -185950,
    111569
  ],
  "time": 1616427370404
}