{
  "code": 200,
  "result": [
    -0.15238162178115475,
    1.30089786,
    0,
    0.00958144,
    1.3104793,
    null,
    71530.93576897486,
    "BTCUSD_PERP",
    "2",
    -10900,
    null,
    "57421.99999999",
    "0.00953048",
    -178828,
    107296
  ],
  "time": 1616446928001
}