{
  "code": 200,
  "result": [
    -0.1452132329464429,
    1.3008778,
    0,
    -0.00120746,
    1.29967034,
    null,
    75062.0296706713,
    "BTCUSD_PERP",
    "2",
    -10900,
    null,
    "57421.99999999",
    "-0.00120746",
    -187656,
    112593
  ],
  "time": 1616412908524
}