{
  "code": 200,
  "result": [
    -0.1497023479986823,
    1.30089786,
    0,
    0.00594705,
    1.30684491,
    null,
    72811.14922857418,
    "BTCUSD_PERP",
    "2",
    -10900,
    null,
    "57421.99999999",
    "0.00594705",
    -182028,
    109216
  ],
  "time": 1616441708100
}