{
  "code": 200,
  "result": [
    -0.14669557968113872,
    1.3008778,
    0,
    0.00119774,
    1.30207554,
    null,
    74303.53405121354,
    "BTCUSD_PERP",
    "2",
    -10900,
    null,
    "57421.99999999",
    "0.00122771",
    -185759,
    111455
  ],
  "time": 1616426527919
}