{
  "code": 200,
  "result": [
    -0.1469516971527711,
    1.30089786,
    0,
    0.00160652,
    1.30250438,
    null,
    74174.03276852496,
    "BTCUSD_PERP",
    "2",
    -10900,
    null,
    "57421.99999999",
    "0.00160652",
    -185436,
    111261
  ],
  "time": 1616437869193
}