{
  "code": 200,
  "result": [
    -0.14572927836550315,
    1.3008778,
    0,
    -0.00050804,
    1.30036976,
    null,
    74796.22572934002,
    "BTCUSD_PERP",
    "2",
    -10900,
    null,
    "57421.99999999",
    "-0.00050804",
    -186991,
    112194
  ],
  "time": 1616400789268
}