{
  "code": 200,
  "result": [
    -0.1463045429924813,
    1.3008778,
    0,
    0.00055899,
    1.30143679,
    null,
    74502.12944214698,
    "BTCUSD_PERP",
    "2",
    -10900,
    null,
    "57421.99999999",
    "0.00055899",
    -186256,
    111753
  ],
  "time": 1616422328555
}