{
  "code": 200,
  "result": [
    -0.15260026457691891,
    1.30089786,
    0,
    0.01028718,
    1.31118504,
    null,
    71428.44758637887,
    "BTCUSD_PERP",
    "2",
    -10900,
    null,
    "57421.99999999",
    "0.01028718",
    -178572,
    107142
  ],
  "time": 1616456647555
}