{
  "code": 200,
  "result": [
    -0.15227421362642077,
    1.30089786,
    0,
    0.00978749,
    1.31068535,
    null,
    71581.39083706793,
    "BTCUSD_PERP",
    "2",
    -10900,
    null,
    "57421.99999999",
    "0.00978749",
    -178954,
    107372
  ],
  "time": 1616455987568
}