{
  "code": 200,
  "result": [
    -0.14639557339378167,
    1.3008778,
    0,
    0.00056239,
    1.30144019,
    null,
    74455.80318662143,
    "BTCUSD_PERP",
    "2",
    -10900,
    null,
    "57421.99999999",
    "0.00056116",
    -186140,
    111683
  ],
  "time": 1616417110086
}