{
  "code": 200,
  "result": [
    -0.14927122929881173,
    1.30089786,
    0,
    0.00487845,
    1.30577631,
    null,
    73021.43923649438,
    "BTCUSD_PERP",
    "2",
    -10900,
    null,
    "57421.99999999",
    "0.00487845",
    -182554,
    109532
  ],
  "time": 1616440869537
}