{
  "code": 200,
  "result": [
    -0.14465897907377043,
    1.3008778,
    0,
    -0.00207877,
    1.29879903,
    null,
    75349.62620219673,
    "BTCUSD_PERP",
    "2",
    -10900,
    null,
    "57421.99999999",
    "-0.00207845",
    -188375,
    113024
  ],
  "time": 1616410688048
}