{
  "code": 200,
  "result": [
    -0.19985880263131872,
    1.30089289,
    0,
    0.00918975,
    1.31008264,
    null,
    71550.51372132622,
    "BTCUSD_PERP",
    "2",
    -14300,
    null,
    "56604.63779568",
    "0.00921025",
    -178877,
    107325
  ],
  "time": 1616460127980
}