{
  "code": 200,
  "result": [
    -0.1461136653976156,
    1.3008778,
    0,
    8.598e-05,
    1.30096378,
    null,
    74599.45632284353,
    "BTCUSD_PERP",
    "2",
    -10900,
    null,
    "57421.99999999",
    "0.00008598",
    -186499,
    111899
  ],
  "time": 1616403128221
}