{
  "code": 200,
  "result": [
    -0.14677165668374145,
    1.30089786,
    0,
    0.00125536,
    1.30215322,
    null,
    74265.01987019842,
    "BTCUSD_PERP",
    "2",
    -10900,
    null,
    "57421.99999999",
    "0.00125536",
    -185663,
    111397
  ],
  "time": 1616436488241
}