{
  "code": 200,
  "result": [
    -0.14646696626935968,
    1.3008778,
    0,
    0.00066745,
    1.30154525,
    null,
    74419.51094934529,
    "BTCUSD_PERP",
    "2",
    -10900,
    null,
    "57421.99999999",
    "0.00066712",
    -186049,
    111629
  ],
  "time": 1616427911672
}