{
  "code": 200,
  "result": [
    -0.15305168641091668,
    1.30089786,
    0,
    0.01099847,
    1.31189633,
    null,
    71217.77130070576,
    "BTCUSD_PERP",
    "2",
    -10900,
    null,
    "57421.99999999",
    "0.01099847",
    -178045,
    106826
  ],
  "time": 1616453047534
}