{
  "code": 200,
  "result": [
    -0.14660830307514824,
    1.3008778,
    0,
    0.00105412,
    1.30193192,
    null,
    74347.7672912761,
    "BTCUSD_PERP",
    "2",
    -10900,
    null,
    "57421.99999999",
    "0.00105412",
    -185870,
    111521
  ],
  "time": 1616428448302
}