{
  "code": 200,
  "result": [
    -0.1469079067503134,
    1.3008778,
    0,
    0.00148892,
    1.30236672,
    null,
    74196.14261147824,
    "BTCUSD_PERP",
    "2",
    -10900,
    null,
    "57421.99999999",
    "0.00148892",
    -185491,
    111294
  ],
  "time": 1616426109520
}