{
  "code": 200,
  "result": [
    -0.145806623289042,
    1.3008778,
    0,
    -0.00030726,
    1.30057054,
    null,
    74756.54914792326,
    "BTCUSD_PERP",
    "2",
    -10900,
    null,
    "57421.99999999",
    "-0.00030726",
    -186892,
    112134
  ],
  "time": 1616401869781
}