{
  "code": 200,
  "result": [
    -0.14771779332735757,
    1.30089786,
    0,
    0.0027113,
    1.30360916,
    null,
    73789.35031776773,
    "BTCUSD_PERP",
    "2",
    -10900,
    null,
    "57421.99999999",
    "0.00271130",
    -184474,
    110684
  ],
  "time": 1616438947308
}