{
  "code": 200,
  "result": [
    -0.1456098749392721,
    1.3008778,
    0,
    -0.00074034,
    1.30013746,
    null,
    74857.56034435125,
    "BTCUSD_PERP",
    "2",
    -10900,
    null,
    "57421.99999999",
    "-0.00074341",
    -187144,
    112286
  ],
  "time": 1616401508844
}