{
  "code": 200,
  "result": [
    -0.15206133151821033,
    1.30089786,
    0,
    0.00933333,
    1.31023119,
    null,
    71681.60301617939,
    "BTCUSD_PERP",
    "2",
    -10900,
    null,
    "57421.99999999",
    "0.00934587",
    -179205,
    107522
  ],
  "time": 1616448009892
}