{
  "code": 200,
  "result": [
    -0.20117901154805634,
    1.30089289,
    0,
    0.01142504,
    1.31231793,
    null,
    71080.97355664812,
    "BTCUSD_PERP",
    "2",
    -14300,
    null,
    "56604.63779568",
    "0.01142504",
    -177703,
    106621
  ],
  "time": 1616473988376
}