{
  "code": 200,
  "result": [
    -0.19904758815092152,
    1.30089289,
    0,
    0.0079029,
    1.30879579,
    null,
    71842.11641468109,
    "BTCUSD_PERP",
    "2",
    -14300,
    null,
    "56604.63779568",
    "0.00790290",
    -179606,
    107763
  ],
  "time": 1616463187491
}