{
  "code": 200,
  "result": [
    -0.14937625964924828,
    1.30089786,
    0,
    0.00532759,
    1.30622545,
    null,
    72970.09595496893,
    "BTCUSD_PERP",
    "2",
    -10900,
    null,
    "57421.99999999",
    "0.00538332",
    -182426,
    109455
  ],
  "time": 1616440627760
}