{
  "code": 200,
  "result": [
    -0.19979895263709416,
    1.30089289,
    0,
    0.00911465,
    1.31000754,
    null,
    71571.94675576642,
    "BTCUSD_PERP",
    "2",
    -14300,
    null,
    "56604.63779568",
    "0.00911465",
    -178930,
    107357
  ],
  "time": 1616461508392
}