{
  "code": 200,
  "result": [
    -0.15249587826353458,
    1.30089786,
    0,
    0.01009976,
    1.31099762,
    null,
    71477.34170993952,
    "BTCUSD_PERP",
    "2",
    -10900,
    null,
    "57421.99999999",
    "0.01009976",
    -178694,
    107216
  ],
  "time": 1616455147450
}