{
  "code": 200,
  "result": [
    -0.1480116569137506,
    1.30089786,
    0,
    0.00312325,
    1.30402111,
    null,
    73642.84832208623,
    "BTCUSD_PERP",
    "2",
    -10900,
    null,
    "57421.99999999",
    "0.00312325",
    -184108,
    110464
  ],
  "time": 1616438709158
}