{
  "code": 200,
  "result": [
    -0.14996153192965153,
    1.30089786,
    0,
    0.00613724,
    1.3070351,
    null,
    72685.30709004293,
    "BTCUSD_PERP",
    "2",
    -10900,
    null,
    "57421.99999999",
    "0.00613724",
    -181714,
    109027
  ],
  "time": 1616445608243
}