{
  "code": 200,
  "result": [
    -0.14661984108518958,
    1.3008778,
    0,
    0.00097255,
    1.30185035,
    null,
    74341.91661459273,
    "BTCUSD_PERP",
    "2",
    -10900,
    null,
    "57421.99999999",
    "0.00097255",
    -185855,
    111512
  ],
  "time": 1616420348258
}