{
  "code": 200,
  "result": [
    -0.19992723937789733,
    1.30089289,
    0,
    0.00928585,
    1.31017874,
    null,
    71526.02138906399,
    "BTCUSD_PERP",
    "2",
    -14300,
    null,
    "56604.63779568",
    "0.00928585",
    -178816,
    107289
  ],
  "time": 1616469787389
}