{
  "code": 200,
  "result": [
    -0.1987660258832181,
    1.30089289,
    0,
    0.00736212,
    1.30825501,
    null,
    71943.88445639973,
    "BTCUSD_PERP",
    "2",
    -14300,
    null,
    "56604.63779568",
    "0.00735823",
    -179860,
    107915
  ],
  "time": 1616467747967
}