{
  "code": 200,
  "result": [
    -0.19959866628098677,
    1.30089289,
    0,
    0.00884165,
    1.30973454,
    null,
    71643.76529384745,
    "BTCUSD_PERP",
    "2",
    -14300,
    null,
    "56604.63779568",
    "0.00879319",
    -179110,
    107465
  ],
  "time": 1616458568638
}