{
  "code": 200,
  "result": [
    -0.19991175939053932,
    1.30089289,
    0,
    0.00924755,
    1.31014044,
    null,
    71531.55994222488,
    "BTCUSD_PERP",
    "2",
    -14300,
    null,
    "56604.63779568",
    "0.00924755",
    -178829,
    107297
  ],
  "time": 1616468527473
}