{
  "code": 200,
  "result": [
    -0.14542142092379792,
    1.3008778,
    0,
    -0.00101566,
    1.29986214,
    null,
    74954.56949022452,
    "BTCUSD_PERP",
    "2",
    -10900,
    null,
    "57421.99999999",
    "-0.00101566",
    -187387,
    112431
  ],
  "time": 1616401148365
}