{
  "code": 200,
  "result": [
    -0.14928613174967417,
    1.30089786,
    0,
    0.00509385,
    1.30599171,
    null,
    73014.14988953782,
    "BTCUSD_PERP",
    "2",
    -10900,
    null,
    "57421.99999999",
    "0.00505628",
    -182536,
    109521
  ],
  "time": 1616443508621
}