{
  "code": 200,
  "result": [
    -0.14675502356915543,
    1.3008778,
    0,
    0.0010827,
    1.3019605,
    null,
    74273.4370170544,
    "BTCUSD_PERP",
    "2",
    -10900,
    null,
    "57421.99999999",
    "0.00107045",
    -185684,
    111410
  ],
  "time": 1616421848602
}