{
  "code": 200,
  "result": [
    -0.14756726077719085,
    1.30089786,
    0,
    0.00241544,
    1.3033133,
    null,
    73864.62242771934,
    "BTCUSD_PERP",
    "2",
    -10900,
    null,
    "57421.99999999",
    "0.00241544",
    -184662,
    110796
  ],
  "time": 1616432589102
}