{
  "code": 200,
  "result": [
    -0.14622142459555845,
    1.3008778,
    0,
    0.00050779,
    1.30138559,
    null,
    74544.47958053264,
    "BTCUSD_PERP",
    "2",
    -10900,
    null,
    "57421.99999999",
    "0.00055234",
    -186362,
    111816
  ],
  "time": 1616416447863
}