{
  "code": 200,
  "result": [
    -0.19963755246233558,
    1.30089289,
    0,
    0.0088156,
    1.30970849,
    null,
    71629.81024172742,
    "BTCUSD_PERP",
    "2",
    -14300,
    null,
    "56604.63779568",
    "0.00882475",
    -179075,
    107444
  ],
  "time": 1616461211379
}