{
  "code": 200,
  "result": [
    -0.1465721319400652,
    1.30089786,
    0,
    0.00100561,
    1.30190347,
    null,
    74366.1148659359,
    "BTCUSD_PERP",
    "2",
    -10900,
    null,
    "57421.99999999",
    "0.00102533",
    -185916,
    111549
  ],
  "time": 1616434928153
}