{
  "code": 200,
  "result": [
    -0.1459152552037955,
    1.3008778,
    0,
    -7.401e-05,
    1.30080379,
    null,
    74700.89391802312,
    "BTCUSD_PERP",
    "2",
    -10900,
    null,
    "57421.99999999",
    "-0.00007401",
    -186753,
    112051
  ],
  "time": 1616416268893
}