{
  "code": 200,
  "result": [
    -0.14658647313008413,
    1.3008778,
    0,
    0.00082794,
    1.30170574,
    null,
    74358.83930659205,
    "BTCUSD_PERP",
    "2",
    -10900,
    null,
    "57421.99999999",
    "0.00082794",
    -185898,
    111538
  ],
  "time": 1616420169291
}