{
  "code": 200,
  "result": [
    -0.15226588765420043,
    1.30089786,
    0,
    0.00971434,
    1.3106122,
    null,
    71585.30494206403,
    "BTCUSD_PERP",
    "2",
    -10900,
    null,
    "57421.99999999",
    "0.00971434",
    -178964,
    107377
  ],
  "time": 1616448187572
}