{
  "code": 200,
  "result": [
    -0.144654730137308,
    1.3008778,
    0,
    -0.00216281,
    1.29871499,
    null,
    75351.83944315951,
    "BTCUSD_PERP",
    "2",
    -10900,
    null,
    "57421.99999999",
    "-0.00216281",
    -188380,
    113027
  ],
  "time": 1616412069313
}