{
  "code": 200,
  "result": [
    -0.14607200776639792,
    1.3008778,
    0,
    0.00023466,
    1.30111246,
    null,
    74620.73101255347,
    "BTCUSD_PERP",
    "2",
    -10900,
    null,
    "57421.99999999",
    "0.00023499",
    -186552,
    111931
  ],
  "time": 1616416388047
}