{
  "code": 200,
  "result": [
    -0.19903547992730214,
    1.30089289,
    0,
    0.00800826,
    1.30890115,
    null,
    71846.48689380952,
    "BTCUSD_PERP",
    "2",
    -14300,
    null,
    "56604.63779568",
    "0.00800826",
    -179617,
    107769
  ],
  "time": 1616465828083
}