{
  "code": 200,
  "result": [
    -0.20028807341183,
    1.30089289,
    0,
    0.00999784,
    1.31089073,
    null,
    71397.16187991138,
    "BTCUSD_PERP",
    "2",
    -14300,
    null,
    "56604.63779568",
    "0.01000898",
    -178493,
    107095
  ],
  "time": 1616470568876
}