{
  "code": 200,
  "result": [
    -0.14650429704750978,
    1.30089786,
    0,
    0.0007886,
    1.30168646,
    null,
    74400.5481045054,
    "BTCUSD_PERP",
    "2",
    -10900,
    null,
    "57421.99999999",
    "0.00078860",
    -186002,
    111600
  ],
  "time": 1616429709226
}