{
  "code": 200,
  "result": [
    -0.14653057505133507,
    1.30089786,
    0,
    0.0010519,
    1.30194976,
    null,
    74387.2055110773,
    "BTCUSD_PERP",
    "2",
    -10900,
    null,
    "57421.99999999",
    "0.00105515",
    -185969,
    111580
  ],
  "time": 1616436129036
}