{
  "code": 200,
  "result": [
    -0.1454543564359297,
    1.3008778,
    0,
    -0.00103041,
    1.29984739,
    null,
    74937.59738163136,
    "BTCUSD_PERP",
    "2",
    -10900,
    null,
    "57421.99999999",
    "-0.00103041",
    -187344,
    112406
  ],
  "time": 1616401089329
}