{
  "code": 200,
  "result": [
    -0.1499026839337798,
    1.30089786,
    0,
    0.00615095,
    1.30704881,
    null,
    72713.84150009698,
    "BTCUSD_PERP",
    "2",
    -10900,
    null,
    "57421.99999999",
    "0.00615095",
    -181785,
    109070
  ],
  "time": 1616443328218
}