{
  "code": 200,
  "result": [
    -0.14659658142336865,
    1.30089786,
    0,
    0.00106711,
    1.30196497,
    null,
    74353.71203180359,
    "BTCUSD_PERP",
    "2",
    -10900,
    null,
    "57421.99999999",
    "0.00106677",
    -185885,
    111530
  ],
  "time": 1616437568649
}