{
  "code": 200,
  "result": [
    -0.14976276195898633,
    1.30089786,
    0,
    0.00592014,
    1.306818,
    null,
    72781.77737523997,
    "BTCUSD_PERP",
    "2",
    -10900,
    null,
    "57421.99999999",
    "0.00592014",
    -181955,
    109172
  ],
  "time": 1616445369241
}