{
  "code": 200,
  "result": [
    -0.14512374241903894,
    1.3008778,
    0,
    -0.00141703,
    1.29946077,
    null,
    75108.3166565998,
    "BTCUSD_PERP",
    "2",
    -10900,
    null,
    "57421.99999999",
    "-0.00140374",
    -187771,
    112662
  ],
  "time": 1616413027755
}