{
  "code": 200,
  "result": [
    -0.19983186589347285,
    1.30089289,
    0,
    0.00910237,
    1.30999526,
    null,
    71560.15851657563,
    "BTCUSD_PERP",
    "2",
    -14300,
    null,
    "56604.63779568",
    "0.00910237",
    -178901,
    107340
  ],
  "time": 1616468587276
}