{
  "code": 200,
  "result": [
    -0.19955167028883009,
    1.30089289,
    0,
    0.00870265,
    1.30959554,
    null,
    71660.63796560686,
    "BTCUSD_PERP",
    "2",
    -14300,
    null,
    "56604.63779568",
    "0.00870265",
    -179152,
    107490
  ],
  "time": 1616468107631
}