{
  "code": 200,
  "result": [
    -0.19984330844773035,
    1.30089289,
    0,
    0.00907211,
    1.309965,
    null,
    71556.06115148064,
    "BTCUSD_PERP",
    "2",
    -14300,
    null,
    "56604.63779568",
    "0.00907211",
    -178891,
    107334
  ],
  "time": 1616458447466
}