{
  "code": 200,
  "result": [
    -0.15239253868560595,
    1.30089786,
    0,
    0.00988232,
    1.31078018,
    null,
    71525.81152603074,
    "BTCUSD_PERP",
    "2",
    -10900,
    null,
    "57421.99999999",
    "0.00990223",
    -178815,
    107288
  ],
  "time": 1616448669016
}