{
  "code": 200,
  "result": [
    -0.14949178309224984,
    1.30089786,
    0,
    0.00539393,
    1.30629179,
    null,
    72913.7065230784,
    "BTCUSD_PERP",
    "2",
    -10900,
    null,
    "57421.99999999",
    "0.00539428",
    -182285,
    109370
  ],
  "time": 1616444947771
}