{
  "code": 200,
  "result": [
    -0.14649981787236996,
    1.3008778,
    0,
    0.00078047,
    1.30165827,
    null,
    74402.82287242184,
    "BTCUSD_PERP",
    "2",
    -10900,
    null,
    "57421.99999999",
    "0.00076940",
    -186008,
    111604
  ],
  "time": 1616424369073
}