{
  "code": 200,
  "result": [
    -0.1996825718446916,
    1.30089289,
    0,
    0.00883998,
    1.30973287,
    null,
    71613.6609614694,
    "BTCUSD_PERP",
    "2",
    -14300,
    null,
    "56604.63779568",
    "0.00883998",
    -179035,
    107420
  ],
  "time": 1616468048014
}