{
  "code": 200,
  "result": [
    -0.1479183965709137,
    1.30089786,
    0,
    0.00297369,
    1.30387155,
    null,
    73689.27903957112,
    "BTCUSD_PERP",
    "2",
    -10900,
    null,
    "57421.99999999",
    "0.00291356",
    -184224,
    110533
  ],
  "time": 1616430848943
}