{
  "code": 200,
  "result": [
    -0.14460043962419092,
    1.3008778,
    0,
    -0.00218187,
    1.29869593,
    null,
    75380.13043617667,
    "BTCUSD_PERP",
    "2",
    -10900,
    null,
    "57421.99999999",
    "-0.00217283",
    -188451,
    113070
  ],
  "time": 1616411347957
}