{
  "code": 200,
  "result": [
    -0.20091938668899906,
    1.30089289,
    0,
    0.0109622,
    1.31185509,
    null,
    71172.82326834301,
    "BTCUSD_PERP",
    "2",
    -14300,
    null,
    "56604.63779568",
    "0.01095456",
    -177933,
    106759
  ],
  "time": 1616474468993
}