{
  "code": 200,
  "result": [
    -0.15282639261323075,
    1.30089786,
    0,
    0.01065855,
    1.31155641,
    null,
    71322.75920158274,
    "BTCUSD_PERP",
    "2",
    -10900,
    null,
    "57421.99999999",
    "0.01066386",
    -178307,
    106984
  ],
  "time": 1616452688014
}