{
  "code": 200,
  "result": [
    -0.14736993199005416,
    1.30089786,
    0,
    0.0020963,
    1.30299416,
    null,
    73963.52738179745,
    "BTCUSD_PERP",
    "2",
    -10900,
    null,
    "57421.99999999",
    "0.00212078",
    -184909,
    110945
  ],
  "time": 1616430787787
}