{
  "code": 200,
  "result": [
    -0.14572421978843397,
    1.3008778,
    0,
    -0.00041528,
    1.30046252,
    null,
    74798.82215753078,
    "BTCUSD_PERP",
    "2",
    -10900,
    null,
    "57421.99999999",
    "-0.00041528",
    -186998,
    112198
  ],
  "time": 1616402109176
}