{
  "code": 200,
  "result": [
    -0.14942528382561404,
    1.30089786,
    0,
    0.00532712,
    1.30622498,
    null,
    72946.15556976813,
    "BTCUSD_PERP",
    "2",
    -10900,
    null,
    "57421.99999999",
    "0.00532712",
    -182366,
    109419
  ],
  "time": 1616441347216
}