{
  "code": 200,
  "result": [
    -0.14579707573447384,
    1.3008778,
    0,
    -0.00047483,
    1.30040297,
    null,
    74761.44459749741,
    "BTCUSD_PERP",
    "2",
    -10900,
    null,
    "57421.99999999",
    "-0.00047483",
    -186904,
    112142
  ],
  "time": 1616415248141
}