{
  "code": 200,
  "result": [
    -0.14604598870451488,
    1.3008778,
    0,
    -1.487e-05,
    1.30086293,
    null,
    74634.02519088179,
    "BTCUSD_PERP",
    "2",
    -10900,
    null,
    "57421.99999999",
    "-0.00003305",
    -186586,
    111951
  ],
  "time": 1616419208967
}