{
  "code": 200,
  "result": [
    -0.1440054321339361,
    1.3008778,
    0,
    -0.00323215,
    1.29764565,
    null,
    75691.5891190977,
    "BTCUSD_PERP",
    "2",
    -10900,
    null,
    "57421.99999999",
    "-0.00323215",
    -189229,
    113537
  ],
  "time": 1616408228444
}