{
  "code": 200,
  "result": [
    -0.14642995306683076,
    1.3008778,
    0,
    0.00057029,
    1.30144809,
    null,
    74438.32202162374,
    "BTCUSD_PERP",
    "2",
    -10900,
    null,
    "57421.99999999",
    "0.00057029",
    -186096,
    111657
  ],
  "time": 1616406009359
}