{
  "code": 200,
  "result": [
    -0.1465623997790416,
    1.30089786,
    0,
    0.00095202,
    1.30184988,
    null,
    74371.05298789396,
    "BTCUSD_PERP",
    "2",
    -10900,
    null,
    "57421.99999999",
    "0.00094981",
    -185928,
    111556
  ],
  "time": 1616435768841
}