{
  "code": 200,
  "result": [
    -0.1469905611210412,
    1.3008778,
    0,
    0.00166739,
    1.30254519,
    null,
    74154.42132385807,
    "BTCUSD_PERP",
    "2",
    -10900,
    null,
    "57421.99999999",
    "0.00166739",
    -185387,
    111231
  ],
  "time": 1616425987878
}