{
  "code": 200,
  "result": [
    -0.14711121557942994,
    1.3008778,
    0,
    0.00170036,
    1.30257816,
    null,
    74093.60297287973,
    "BTCUSD_PERP",
    "2",
    -10900,
    null,
    "57421.99999999",
    "0.00170036",
    -185235,
    111140
  ],
  "time": 1616421069719
}