{
  "code": 200,
  "result": [
    -0.20022572664639013,
    1.30089289,
    0,
    0.00954206,
    1.31043495,
    null,
    71419.3936988657,
    "BTCUSD_PERP",
    "2",
    -14300,
    null,
    "56604.63779568",
    "0.00953612",
    -178549,
    107129
  ],
  "time": 1616475008807
}