{
  "code": 200,
  "result": [
    -0.14609172289880779,
    1.3008778,
    0,
    0.00012188,
    1.30099968,
    null,
    74610.66091711451,
    "BTCUSD_PERP",
    "2",
    -10900,
    null,
    "57421.99999999",
    "0.00012188",
    -186527,
    111915
  ],
  "time": 1616416210450
}