{
  "code": 200,
  "result": [
    -0.14633523369556792,
    1.3008778,
    0,
    0.00045426,
    1.30133206,
    null,
    74486.50420496872,
    "BTCUSD_PERP",
    "2",
    -10900,
    null,
    "57421.99999999",
    "0.00045426",
    -186217,
    111729
  ],
  "time": 1616419869286
}