{
  "code": 200,
  "result": [
    -0.1524174239473399,
    1.30089786,
    0,
    0.009961,
    1.31085886,
    null,
    71514.13347443755,
    "BTCUSD_PERP",
    "2",
    -10900,
    null,
    "57421.99999999",
    "0.00996100",
    -178786,
    107271
  ],
  "time": 1616457069250
}