{
  "code": 200,
  "result": [
    -0.198804147612961,
    1.30089289,
    0,
    0.00753182,
    1.30842471,
    null,
    71930.08884220941,
    "BTCUSD_PERP",
    "2",
    -14300,
    null,
    "56604.63779568",
    "0.00753182",
    -179826,
    107895
  ],
  "time": 1616467328326
}