{
  "code": 200,
  "result": [
    -0.15214305068394976,
    1.30089786,
    0,
    0.00958418,
    1.31048204,
    null,
    71643.10135099644,
    "BTCUSD_PERP",
    "2",
    -10900,
    null,
    "57421.99999999",
    "0.00958418",
    -179108,
    107464
  ],
  "time": 1616454847349
}