{
  "code": 200,
  "result": [
    -0.1466249909143153,
    1.3008778,
    0,
    0.0009682,
    1.301846,
    null,
    74339.30554423523,
    "BTCUSD_PERP",
    "2",
    -10900,
    null,
    "57421.99999999",
    "0.00094750",
    -185849,
    111508
  ],
  "time": 1616418370700
}