{
  "code": 200,
  "result": [
    -0.14447575601707213,
    1.3008778,
    0,
    -0.00238838,
    1.29848942,
    null,
    75445.18402597589,
    "BTCUSD_PERP",
    "2",
    -10900,
    null,
    "57421.99999999",
    "-0.00238838",
    -188613,
    113167
  ],
  "time": 1616408769108
}