{
  "code": 200,
  "result": [
    -0.14657229025485738,
    1.3008778,
    0,
    0.00090344,
    1.30178124,
    null,
    74366.0345420493,
    "BTCUSD_PERP",
    "2",
    -10900,
    null,
    "57421.99999999",
    "0.00094223",
    -185916,
    111549
  ],
  "time": 1616417527663
}