{
  "code": 200,
  "result": [
    -0.20004299609129828,
    1.30089289,
    0,
    0.00938469,
    1.31027758,
    null,
    71484.63220113728,
    "BTCUSD_PERP",
    "2",
    -14300,
    null,
    "56604.63779568",
    "0.00938728",
    -178712,
    107226
  ],
  "time": 1616458327773
}