{
  "code": 200,
  "result": [
    -0.1995849427690499,
    1.30089289,
    0,
    0.00885314,
    1.30974603,
    null,
    71648.69153755388,
    "BTCUSD_PERP",
    "2",
    -14300,
    null,
    "56604.63779568",
    "0.00886355",
    -179122,
    107473
  ],
  "time": 1616472010130
}