{
  "code": 200,
  "result": [
    -0.15279020513620187,
    1.30089786,
    0,
    0.01058029,
    1.31147815,
    null,
    71339.65158488665,
    "BTCUSD_PERP",
    "2",
    -10900,
    null,
    "57421.99999999",
    "0.01058029",
    -178350,
    107009
  ],
  "time": 1616455627502
}