{
  "code": 200,
  "result": [
    -0.15265885444297345,
    1.30089786,
    0,
    0.01002547,
    1.31092333,
    null,
    71401.03362999986,
    "BTCUSD_PERP",
    "2",
    -10900,
    null,
    "57421.99999999",
    "0.00992109",
    -178503,
    107101
  ],
  "time": 1616446027903
}