{
  "code": 200,
  "result": [
    -0.19973110661502158,
    1.30089289,
    0,
    0.00893955,
    1.30983244,
    null,
    71596.25880190518,
    "BTCUSD_PERP",
    "2",
    -14300,
    null,
    "56604.63779568",
    "0.00893955",
    -178991,
    107394
  ],
  "time": 1616473269120
}