{
  "code": 200,
  "result": [
    -0.15181687881706193,
    1.30089786,
    0,
    0.00883588,
    1.30973374,
    null,
    71797.02339378488,
    "BTCUSD_PERP",
    "2",
    -10900,
    null,
    "57421.99999999",
    "0.00882864",
    -179493,
    107695
  ],
  "time": 1616449868718
}