{
  "code": 200,
  "result": [
    -0.15319357231955996,
    1.30091801,
    0,
    0.01130234,
    1.31222035,
    null,
    71151.81032049263,
    "BTCUSD_PERP",
    "2",
    -10900,
    null,
    "57421.99999999",
    "0.01130234",
    -177880,
    106727
  ],
  "time": 1616457668530
}