{
  "code": 200,
  "result": [
    -0.1474464792956168,
    1.30089786,
    0,
    0.00232677,
    1.30322463,
    null,
    73925.12898287988,
    "BTCUSD_PERP",
    "2",
    -10900,
    null,
    "57421.99999999",
    "0.00232671",
    -184813,
    110887
  ],
  "time": 1616438048075
}