{
  "code": 200,
  "result": [
    -0.1459017317717057,
    1.3008778,
    0,
    -0.00017912,
    1.30069868,
    null,
    74707.81784177427,
    "BTCUSD_PERP",
    "2",
    -10900,
    null,
    "57421.99999999",
    "-0.00017912",
    -186770,
    112061
  ],
  "time": 1616416028241
}