{
  "code": 200,
  "result": [
    -0.15213048252414285,
    1.30089786,
    0,
    0.00947673,
    1.31037459,
    null,
    71649.02009871815,
    "BTCUSD_PERP",
    "2",
    -10900,
    null,
    "57421.99999999",
    "0.00949176",
    -179123,
    107473
  ],
  "time": 1616448427915
}