{
  "code": 200,
  "result": [
    -0.14670575912299524,
    1.3008778,
    0,
    0.00099459,
    1.30187239,
    null,
    74298.37836742082,
    "BTCUSD_PERP",
    "2",
    -10900,
    null,
    "57421.99999999",
    "0.00099459",
    -185746,
    111447
  ],
  "time": 1616417348073
}