{
  "code": 200,
  "result": [
    -0.1463579110047216,
    1.3008778,
    0,
    0.00057062,
    1.30144842,
    null,
    74474.9629533067,
    "BTCUSD_PERP",
    "2",
    -10900,
    null,
    "57421.99999999",
    "0.00057062",
    -186188,
    111712
  ],
  "time": 1616422269202
}