{
  "code": 200,
  "result": [
    -0.14591123789647947,
    1.3008778,
    0,
    -4.891e-05,
    1.30082889,
    null,
    74702.95062353791,
    "BTCUSD_PERP",
    "2",
    -10900,
    null,
    "57421.99999999",
    "-0.00004891",
    -186758,
    112054
  ],
  "time": 1616416147940
}