{
  "code": 200,
  "result": [
    -0.1983490600311794,
    1.30089289,
    0,
    0.00680485,
    1.30769774,
    null,
    72095.12360558762,
    "BTCUSD_PERP",
    "2",
    -14300,
    null,
    "56604.63779568",
    "0.00680485",
    -180238,
    108142
  ],
  "time": 1616463847539
}