{
  "code": 200,
  "result": [
    -0.14668023228705238,
    1.3008778,
    0,
    0.00106735,
    1.30194515,
    null,
    74311.30855225783,
    "BTCUSD_PERP",
    "2",
    -10900,
    null,
    "57421.99999999",
    "0.00106735",
    -185779,
    111466
  ],
  "time": 1616424248542
}