{
  "code": 200,
  "result": [
    -0.1476972360064964,
    1.30089786,
    0,
    0.00259054,
    1.3034884,
    null,
    73799.62072899299,
    "BTCUSD_PERP",
    "2",
    -10900,
    null,
    "57421.99999999",
    "0.00259054",
    -184500,
    110699
  ],
  "time": 1616432769124
}