{
  "code": 200,
  "result": [
    -0.1527160800677893,
    1.30089786,
    0,
    0.01065143,
    1.31154929,
    null,
    71374.27830233455,
    "BTCUSD_PERP",
    "2",
    -10900,
    null,
    "57421.99999999",
    "0.01065143",
    -178436,
    107061
  ],
  "time": 1616455208163
}