{
  "code": 200,
  "result": [
    -0.14693367309515046,
    1.3008778,
    0,
    0.00154031,
    1.30241811,
    null,
    74183.13154767077,
    "BTCUSD_PERP",
    "2",
    -10900,
    null,
    "57421.99999999",
    "0.00154031",
    -185458,
    111274
  ],
  "time": 1616426048296
}