{
  "code": 200,
  "result": [
    -0.1444996221097807,
    1.3008778,
    0,
    -0.00246961,
    1.29840819,
    null,
    75432.72321998837,
    "BTCUSD_PERP",
    "2",
    -10900,
    null,
    "57421.99999999",
    "-0.00246961",
    -188582,
    113149
  ],
  "time": 1616410508642
}