{
  "code": 200,
  "result": [
    -0.14935067663585505,
    1.30089786,
    0,
    0.00517744,
    1.3060753,
    null,
    72982.59536229784,
    "BTCUSD_PERP",
    "2",
    -10900,
    null,
    "57421.99999999",
    "0.00515252",
    -182457,
    109473
  ],
  "time": 1616442128726
}