{
  "code": 200,
  "result": [
    -0.15172873258989825,
    1.30089786,
    0,
    0.00878002,
    1.30967788,
    null,
    71838.7336000571,
    "BTCUSD_PERP",
    "2",
    -10900,
    null,
    "57421.99999999",
    "0.00877404",
    -179597,
    107758
  ],
  "time": 1616447468869
}