{
  "code": 200,
  "result": [
    -0.19994984994910336,
    1.30089289,
    0,
    0.00930231,
    1.3101952,
    null,
    71517.93313993495,
    "BTCUSD_PERP",
    "2",
    -14300,
    null,
    "56604.63779568",
    "0.00930231",
    -178795,
    107276
  ],
  "time": 1616468410505
}