{
  "code": 200,
  "result": [
    -0.14685266756447926,
    1.3008778,
    0,
    0.00132435,
    1.30220215,
    null,
    74224.0517708954,
    "BTCUSD_PERP",
    "2",
    -10900,
    null,
    "57421.99999999",
    "0.00132435",
    -185561,
    111336
  ],
  "time": 1616423648583
}