{
  "code": 200,
  "result": [
    -0.19985235625646505,
    1.30089289,
    0,
    0.00921963,
    1.31011252,
    null,
    71552.82163223135,
    "BTCUSD_PERP",
    "2",
    -14300,
    null,
    "56604.63779568",
    "0.00921963",
    -178883,
    107329
  ],
  "time": 1616469908276
}