{
  "code": 200,
  "result": [
    -0.1445992503806857,
    1.3008778,
    0,
    -0.00227245,
    1.29860535,
    null,
    75380.7503932671,
    "BTCUSD_PERP",
    "2",
    -10900,
    null,
    "57421.99999999",
    "-0.00227673",
    -188452,
    113071
  ],
  "time": 1616409547846
}