{
  "code": 200,
  "result": [
    -0.14757116271901244,
    1.30089786,
    0,
    0.0023707,
    1.30326856,
    null,
    73862.66936687686,
    "BTCUSD_PERP",
    "2",
    -10900,
    null,
    "57421.99999999",
    "0.00240676",
    -184657,
    110794
  ],
  "time": 1616432949804
}