{
  "code": 200,
  "result": [
    -0.19993954682434706,
    1.30089289,
    0,
    0.00929882,
    1.31019171,
    null,
    71521.61854484437,
    "BTCUSD_PERP",
    "2",
    -14300,
    null,
    "56604.63779568",
    "0.00929882",
    -178805,
    107282
  ],
  "time": 1616459887494
}