{
  "code": 200,
  "result": [
    -0.1471875457376175,
    1.3008778,
    0,
    0.00179531,
    1.30267311,
    null,
    74055.1786863189,
    "BTCUSD_PERP",
    "2",
    -10900,
    null,
    "57421.99999999",
    "0.00177981",
    -185138,
    111082
  ],
  "time": 1616420828095
}