{
  "code": 200,
  "result": [
    -0.14905168432593077,
    1.30089786,
    0,
    0.00467791,
    1.30557577,
    null,
    73128.9958197655,
    "BTCUSD_PERP",
    "2",
    -10900,
    null,
    "57421.99999999",
    "0.00467791",
    -182823,
    109693
  ],
  "time": 1616442369811
}