{
  "code": 200,
  "result": [
    -0.19913895687615735,
    1.30089289,
    0,
    0.00803954,
    1.30893243,
    null,
    71809.15389093374,
    "BTCUSD_PERP",
    "2",
    -14300,
    null,
    "56604.63779568",
    "0.00804919",
    -179523,
    107713
  ],
  "time": 1616463549046
}