{
  "code": 200,
  "result": [
    -0.15201820173757405,
    1.30089786,
    0,
    0.00930217,
    1.31020003,
    null,
    71701.94013225107,
    "BTCUSD_PERP",
    "2",
    -10900,
    null,
    "57421.99999999",
    "0.00930217",
    -179255,
    107552
  ],
  "time": 1616454248196
}