{
  "code": 200,
  "result": [
    -0.15295219006572852,
    1.30089786,
    0,
    0.0106342,
    1.31153206,
    null,
    71264.09890120511,
    "BTCUSD_PERP",
    "2",
    -10900,
    null,
    "57421.99999999",
    "0.01063420",
    -178161,
    106896
  ],
  "time": 1616453228454
}