{
  "code": 200,
  "result": [
    -0.14676656186825515,
    1.30089786,
    0,
    0.00133962,
    1.30223748,
    null,
    74267.59788639304,
    "BTCUSD_PERP",
    "2",
    -10900,
    null,
    "57421.99999999",
    "0.00134498",
    -185669,
    111401
  ],
  "time": 1616437747582
}