{
  "code": 200,
  "result": [
    -0.14799998394302366,
    1.30089786,
    0,
    0.00315979,
    1.30405765,
    null,
    73648.65663901849,
    "BTCUSD_PERP",
    "2",
    -10900,
    null,
    "57421.99999999",
    "0.00315979",
    -184122,
    110472
  ],
  "time": 1616439308587
}