{
  "code": 200,
  "result": [
    -0.14528149263751364,
    1.3008778,
    0,
    -0.00114347,
    1.29973433,
    null,
    75026.76219879003,
    "BTCUSD_PERP",
    "2",
    -10900,
    null,
    "57421.99999999",
    "-0.00115228",
    -187567,
    112540
  ],
  "time": 1616414227686
}