{
  "code": 200,
  "result": [
    -0.1523071246079923,
    1.30089786,
    0,
    0.0097587,
    1.31065656,
    null,
    71565.92331484421,
    "BTCUSD_PERP",
    "2",
    -10900,
    null,
    "57421.99999999",
    "0.00975870",
    -178915,
    107348
  ],
  "time": 1616448128322
}