{
  "code": 200,
  "result": [
    -0.14760992229294023,
    1.3008778,
    0,
    0.00241849,
    1.30329629,
    null,
    73843.27442682568,
    "BTCUSD_PERP",
    "2",
    -10900,
    null,
    "57421.99999999",
    "0.00243477",
    -184609,
    110764
  ],
  "time": 1616420528801
}