{
  "code": 200,
  "result": [
    -0.14660557070419425,
    1.30089786,
    0,
    0.00103335,
    1.30193121,
    null,
    74349.15295267264,
    "BTCUSD_PERP",
    "2",
    -10900,
    null,
    "57421.99999999",
    "0.00103335",
    -185873,
    111523
  ],
  "time": 1616435048284
}