{
  "code": 200,
  "result": [
    -0.14935116879237945,
    1.30089786,
    0,
    0.00523165,
    1.30612951,
    null,
    72982.35486293808,
    "BTCUSD_PERP",
    "2",
    -10900,
    null,
    "57421.99999999",
    "0.00523165",
    -182456,
    109473
  ],
  "time": 1616443087461
}