{
  "code": 200,
  "result": [
    -0.1491353079029397,
    1.30089786,
    0,
    0.00482971,
    1.30572757,
    null,
    73087.99071976934,
    "BTCUSD_PERP",
    "2",
    -10900,
    null,
    "57421.99999999",
    "0.00482971",
    -182720,
    109631
  ],
  "time": 1616442487550
}