{
  "code": 200,
  "result": [
    -0.19964790221034753,
    1.30089289,
    0,
    0.00885194,
    1.30974483,
    null,
    71626.09695209132,
    "BTCUSD_PERP",
    "2",
    -14300,
    null,
    "56604.63779568",
    "0.00885194",
    -179066,
    107439
  ],
  "time": 1616460669053
}