{
  "code": 200,
  "result": [
    -0.14574519644748116,
    1.3008778,
    0,
    -0.00047207,
    1.30040573,
    null,
    74788.05659250513,
    "BTCUSD_PERP",
    "2",
    -10900,
    null,
    "57421.99999999",
    "-0.00047207",
    -186971,
    112182
  ],
  "time": 1616400728500
}