{
  "code": 200,
  "result": [
    -0.14472722695667062,
    1.3008778,
    0,
    -0.00202346,
    1.29885434,
    null,
    75314.0941701544,
    "BTCUSD_PERP",
    "2",
    -10900,
    null,
    "57421.99999999",
    "-0.00202346",
    -188286,
    112971
  ],
  "time": 1616412127603
}