{
  "code": 200,
  "result": [
    -0.14493157177293484,
    1.3008778,
    0,
    -0.00182049,
    1.29905731,
    null,
    75207.90581832021,
    "BTCUSD_PERP",
    "2",
    -10900,
    null,
    "57421.99999999",
    "-0.00175846",
    -188020,
    112811
  ],
  "time": 1616407869623
}