{
  "code": 200,
  "result": [
    -0.14664826524938282,
    1.3008778,
    0,
    0.00105708,
    1.30193488,
    null,
    74327.50726006883,
    "BTCUSD_PERP",
    "2",
    -10900,
    null,
    "57421.99999999",
    "0.00105708",
    -185819,
    111491
  ],
  "time": 1616425569534
}