{
  "code": 200,
  "result": [
    -0.145831969022418,
    1.3008778,
    0,
    -0.00027398,
    1.30060382,
    null,
    74743.5563893703,
    "BTCUSD_PERP",
    "2",
    -10900,
    null,
    "57421.99999999",
    "-0.00027398",
    -186859,
    112115
  ],
  "time": 1616415128247
}