{
  "code": 200,
  "result": [
    -0.14672824689188638,
    1.3008778,
    0,
    0.0011892,
    1.302067,
    null,
    74286.99129780673,
    "BTCUSD_PERP",
    "2",
    -10900,
    null,
    "57421.99999999",
    "0.00118920",
    -185718,
    111430
  ],
  "time": 1616426288422
}