{
  "code": 200,
  "result": [
    -0.1462464206987817,
    1.3008778,
    0,
    0.00029698,
    1.30117478,
    null,
    74531.7386088397,
    "BTCUSD_PERP",
    "2",
    -10900,
    null,
    "57421.99999999",
    "0.00029698",
    -186330,
    111797
  ],
  "time": 1616418969098
}