{
  "code": 200,
  "result": [
    -0.14607874511335983,
    1.3008778,
    0,
    -2.681e-05,
    1.30085099,
    null,
    74617.289404707,
    "BTCUSD_PERP",
    "2",
    -10900,
    null,
    "57421.99999999",
    "-0.00002322",
    -186544,
    111925
  ],
  "time": 1616407211959
}