{
  "code": 200,
  "result": [
    -0.14796340674083894,
    1.30089786,
    0,
    0.00307408,
    1.30397194,
    null,
    73666.8629095002,
    "BTCUSD_PERP",
    "2",
    -10900,
    null,
    "57421.99999999",
    "0.00307408",
    -184168,
    110500
  ],
  "time": 1616439247867
}