{
  "code": 200,
  "result": [
    -0.15227088155015825,
    1.30089786,
    0,
    0.00970379,
    1.31060165,
    null,
    71582.95722094132,
    "BTCUSD_PERP",
    "2",
    -10900,
    null,
    "57421.99999999",
    "0.00970379",
    -178958,
    107374
  ],
  "time": 1616446627909
}