{
  "code": 200,
  "result": [
    -0.1457168267947647,
    1.3008778,
    0,
    -0.00047113,
    1.30040667,
    null,
    74802.61710167583,
    "BTCUSD_PERP",
    "2",
    -10900,
    null,
    "57421.99999999",
    "-0.00047113",
    -187007,
    112203
  ],
  "time": 1616400129630
}