{
  "code": 200,
  "result": [
    -0.19996629953218575,
    1.30089289,
    0,
    0.00948607,
    1.31037896,
    null,
    71512.04994768796,
    "BTCUSD_PERP",
    "2",
    -14300,
    null,
    "56604.63779568",
    "0.00948607",
    -178781,
    107268
  ],
  "time": 1616460009444
}