{
  "code": 200,
  "result": [
    -0.19973096516881342,
    1.30089289,
    0,
    0.00898404,
    1.30987693,
    null,
    71596.30950520658,
    "BTCUSD_PERP",
    "2",
    -14300,
    null,
    "56604.63779568",
    "0.00898404",
    -178991,
    107394
  ],
  "time": 1616471827337
}