{
  "code": 200,
  "result": [
    -0.15255190445728975,
    1.30089786,
    0,
    0.01018605,
    1.31108391,
    null,
    71451.09095017357,
    "BTCUSD_PERP",
    "2",
    -10900,
    null,
    "57421.99999999",
    "0.01018605",
    -178628,
    107176
  ],
  "time": 1616455387997
}