{
  "code": 200,
  "result": [
    -0.14714542410672854,
    1.30089786,
    0,
    0.00181788,
    1.30271574,
    null,
    74076.37761194624,
    "BTCUSD_PERP",
    "2",
    -10900,
    null,
    "57421.99999999",
    "0.00181754",
    -185191,
    111114
  ],
  "time": 1616430248670
}