{
  "code": 200,
  "result": [
    -0.15212848265537535,
    1.30089786,
    0,
    0.00946724,
    1.3103651,
    null,
    71649.9619909596,
    "BTCUSD_PERP",
    "2",
    -10900,
    null,
    "57421.99999999",
    "0.00946182",
    -179125,
    107474
  ],
  "time": 1616447887674
}