{
  "code": 200,
  "result": [
    -0.14718667578367192,
    1.30089786,
    0,
    0.00179918,
    1.30269704,
    null,
    74055.61639302399,
    "BTCUSD_PERP",
    "2",
    -10900,
    null,
    "57421.99999999",
    "0.00178738",
    -185140,
    111083
  ],
  "time": 1616430069043
}