{
  "code": 200,
  "result": [
    -0.14634038822519946,
    1.3008778,
    0,
    0.00038092,
    1.30125872,
    null,
    74483.88057592323,
    "BTCUSD_PERP",
    "2",
    -10900,
    null,
    "57421.99999999",
    "0.00038092",
    -186210,
    111725
  ],
  "time": 1616417828839
}