{
  "code": 200,
  "result": [
    -0.19975286448356308,
    1.30089289,
    0,
    0.00900312,
    1.30989601,
    null,
    71588.46025548081,
    "BTCUSD_PERP",
    "2",
    -14300,
    null,
    "56604.63779568",
    "0.00900312",
    -178972,
    107382
  ],
  "time": 1616472308407
}