{
  "code": 200,
  "result": [
    -0.1465131972826095,
    1.3008778,
    0,
    0.00077981,
    1.30165761,
    null,
    74396.02849547386,
    "BTCUSD_PERP",
    "2",
    -10900,
    null,
    "57421.99999999",
    "0.00077981",
    -185991,
    111594
  ],
  "time": 1616424669250
}