{
  "code": 200,
  "result": [
    -0.14626858913463758,
    1.3008778,
    0,
    0.00038002,
    1.30125782,
    null,
    74520.44259459389,
    "BTCUSD_PERP",
    "2",
    -10900,
    null,
    "57421.99999999",
    "0.00038002",
    -186302,
    111780
  ],
  "time": 1616402528289
}