{
  "code": 200,
  "result": [
    -0.14677043977543935,
    1.3008778,
    0,
    0.00117308,
    1.30205088,
    null,
    74265.63561897844,
    "BTCUSD_PERP",
    "2",
    -10900,
    null,
    "57421.99999999",
    "0.00117308",
    -185665,
    111398
  ],
  "time": 1616423588596
}