{
  "code": 200,
  "result": [
    -0.1467664146054664,
    1.30089786,
    0,
    0.00125215,
    1.30215001,
    null,
    74267.67240516907,
    "BTCUSD_PERP",
    "2",
    -10900,
    null,
    "57421.99999999",
    "0.00125610",
    -185670,
    111401
  ],
  "time": 1616436547893
}