{
  "code": 200,
  "result": [
    -0.146573461432456,
    1.3008778,
    0,
    0.00076804,
    1.30164584,
    null,
    74365.4403292027,
    "BTCUSD_PERP",
    "2",
    -10900,
    null,
    "57421.99999999",
    "0.00076771",
    -185914,
    111548
  ],
  "time": 1616403370057
}