{
  "code": 200,
  "result": [
    -0.15256808116911716,
    1.30089786,
    0,
    0.01018242,
    1.31108028,
    null,
    71443.5150293178,
    "BTCUSD_PERP",
    "2",
    -10900,
    null,
    "57421.99999999",
    "0.01018241",
    -178609,
    107165
  ],
  "time": 1616448727694
}