{
  "code": 200,
  "result": [
    -0.1465160963589952,
    1.3008778,
    0,
    0.00071441,
    1.30159221,
    null,
    74394.55644035664,
    "BTCUSD_PERP",
    "2",
    -10900,
    null,
    "57421.99999999",
    "0.00070944",
    -185987,
    111591
  ],
  "time": 1616420048973
}