{
  "code": 200,
  "result": [
    -0.14657433550549284,
    1.3008778,
    0,
    0.00089981,
    1.30177761,
    null,
    74364.99686257506,
    "BTCUSD_PERP",
    "2",
    -10900,
    null,
    "57421.99999999",
    "0.00089981",
    -185913,
    111547
  ],
  "time": 1616418670246
}