{
  "code": 200,
  "result": [
    -0.14519839024893297,
    1.3008778,
    0,
    -0.00132187,
    1.29955593,
    null,
    75069.70277916081,
    "BTCUSD_PERP",
    "2",
    -10900,
    null,
    "57421.99999999",
    "-0.00129326",
    -187675,
    112604
  ],
  "time": 1616412969104
}