{
  "code": 200,
  "result": [
    -0.2008752911518904,
    1.30089289,
    0,
    0.0108683,
    1.31176119,
    null,
    71188.4469115077,
    "BTCUSD_PERP",
    "2",
    -14300,
    null,
    "56604.63779568",
    "0.01086830",
    -177972,
    106782
  ],
  "time": 1616473809566
}