{
  "code": 200,
  "result": [
    -0.14948326433574247,
    1.30089786,
    0,
    0.00555775,
    1.30645561,
    null,
    72917.86173145361,
    "BTCUSD_PERP",
    "2",
    -10900,
    null,
    "57421.99999999",
    "0.00555775",
    -182295,
    109376
  ],
  "time": 1616443748208
}