{
  "code": 200,
  "result": [
    -0.14695596601839805,
    1.3008778,
    0,
    0.00158544,
    1.30246324,
    null,
    74171.87811643783,
    "BTCUSD_PERP",
    "2",
    -10900,
    null,
    "57421.99999999",
    "0.00158544",
    -185430,
    111257
  ],
  "time": 1616425928431
}