{
  "code": 200,
  "result": [
    -0.14738823875362228,
    1.30089786,
    0,
    0.00234135,
    1.30323921,
    null,
    73954.34053744751,
    "BTCUSD_PERP",
    "2",
    -10900,
    null,
    "57421.99999999",
    "0.00234135",
    -184886,
    110931
  ],
  "time": 1616432410694
}