{
  "code": 200,
  "result": [
    -0.1477776129833246,
    1.30089786,
    0,
    0.00275678,
    1.30365464,
    null,
    73759.48074915765,
    "BTCUSD_PERP",
    "2",
    -10900,
    null,
    "57421.99999999",
    "0.00275678",
    -184399,
    110639
  ],
  "time": 1616439188139
}