{
  "code": 200,
  "result": [
    -0.1461922737383025,
    1.3008778,
    0,
    0.00011941,
    1.30099721,
    null,
    74559.34380986505,
    "BTCUSD_PERP",
    "2",
    -10900,
    null,
    "57421.99999999",
    "0.00011941",
    -186399,
    111839
  ],
  "time": 1616405469178
}