{
  "code": 200,
  "result": [
    -0.19964215813367736,
    1.30089289,
    0,
    0.00879759,
    1.30969048,
    null,
    71628.15776828528,
    "BTCUSD_PERP",
    "2",
    -14300,
    null,
    "56604.63779568",
    "0.00879759",
    -179071,
    107442
  ],
  "time": 1616460487392
}