{
  "code": 200,
  "result": [
    -0.14650243884943828,
    1.3008778,
    0,
    0.00079086,
    1.30166866,
    null,
    74401.49178132124,
    "BTCUSD_PERP",
    "2",
    -10900,
    null,
    "57421.99999999",
    "0.00079086",
    -186004,
    111602
  ],
  "time": 1616403669439
}