{
  "code": 200,
  "result": [
    -0.19980189987928204,
    1.30089289,
    0,
    0.00913414,
    1.31002703,
    null,
    71570.8910107456,
    "BTCUSD_PERP",
    "2",
    -14300,
    null,
    "56604.63779568",
    "0.00913414",
    -178928,
    107356
  ],
  "time": 1616458869137
}