{
  "code": 200,
  "result": [
    -0.19987261283978344,
    1.30089289,
    0,
    0.00929585,
    1.31018874,
    null,
    71545.56993490041,
    "BTCUSD_PERP",
    "2",
    -14300,
    null,
    "56604.63779568",
    "0.00929585",
    -178864,
    107318
  ],
  "time": 1616460727945
}