{
  "code": 200,
  "result": [
    -0.14603475593796453,
    1.3008778,
    0,
    -0.00022918,
    1.30064862,
    null,
    74639.76592414969,
    "BTCUSD_PERP",
    "2",
    -10900,
    null,
    "57421.99999999",
    "-0.00024606",
    -186600,
    111959
  ],
  "time": 1616407508699
}