{
  "code": 200,
  "result": [
    -0.1472225835772945,
    1.30089786,
    0,
    0.00195913,
    1.30285699,
    null,
    74037.5541248215,
    "BTCUSD_PERP",
    "2",
    -10900,
    null,
    "57421.99999999",
    "0.00195913",
    -185094,
    111056
  ],
  "time": 1616433969399
}