{
  "code": 200,
  "result": [
    -0.15287085043655052,
    1.30089786,
    0,
    0.01060792,
    1.31150578,
    null,
    71302.0171528651,
    "BTCUSD_PERP",
    "2",
    -10900,
    null,
    "57421.99999999",
    "0.01060792",
    -178256,
    106953
  ],
  "time": 1616452508539
}