{
  "code": 200,
  "result": [
    -0.14522141003703315,
    1.3008778,
    0,
    -0.00127663,
    1.29960117,
    null,
    75057.8030968049,
    "BTCUSD_PERP",
    "2",
    -10900,
    null,
    "57421.99999999",
    "-0.00127663",
    -187645,
    112586
  ],
  "time": 1616412788421
}