{
  "code": 200,
  "result": [
    -0.14527526624203285,
    1.3008778,
    0,
    -0.00117887,
    1.29969893,
    null,
    75029.97779291817,
    "BTCUSD_PERP",
    "2",
    -10900,
    null,
    "57421.99999999",
    "-0.00117887",
    -187575,
    112544
  ],
  "time": 1616413928013
}