{
  "code": 200,
  "result": [
    -0.14648061957166716,
    1.3008778,
    0,
    0.00084195,
    1.30171975,
    null,
    74412.57438610888,
    "BTCUSD_PERP",
    "2",
    -10900,
    null,
    "57421.99999999",
    "0.00084530",
    -186032,
    111618
  ],
  "time": 1616427970065
}