{
  "code": 200,
  "result": [
    -0.1444843179617613,
    1.3008778,
    0,
    -0.00234421,
    1.29853359,
    null,
    75440.71324671204,
    "BTCUSD_PERP",
    "2",
    -10900,
    null,
    "57421.99999999",
    "-0.00234453",
    -188602,
    113161
  ],
  "time": 1616411287614
}