{
  "code": 200,
  "result": [
    -0.1471249199596244,
    1.3008778,
    0,
    0.00170844,
    1.30258624,
    null,
    74086.70130791776,
    "BTCUSD_PERP",
    "2",
    -10900,
    null,
    "57421.99999999",
    "0.00170844",
    -185217,
    111130
  ],
  "time": 1616421129316
}