{
  "code": 200,
  "result": [
    -0.19916823162513497,
    1.30089289,
    0,
    0.00804448,
    1.30893737,
    null,
    71798.59902012277,
    "BTCUSD_PERP",
    "2",
    -14300,
    null,
    "56604.63779568",
    "0.00804448",
    -179497,
    107697
  ],
  "time": 1616463368410
}