{
  "code": 200,
  "result": [
    -0.20059669277552156,
    1.30089289,
    0,
    0.01039492,
    1.31128781,
    null,
    71287.3168652011,
    "BTCUSD_PERP",
    "2",
    -14300,
    null,
    "56604.63779568",
    "0.01039492",
    -178219,
    106930
  ],
  "time": 1616458087445
}