{
  "code": 200,
  "result": [
    -0.14671393427925286,
    1.3008778,
    0,
    0.00119289,
    1.30207069,
    null,
    74294.23833221677,
    "BTCUSD_PERP",
    "2",
    -10900,
    null,
    "57421.99999999",
    "0.00119289",
    -185736,
    111441
  ],
  "time": 1616426348131
}