{
  "code": 200,
  "result": [
    -0.14932327004206222,
    1.30089786,
    0,
    0.00517408,
    1.30607194,
    null,
    72995.99049049507,
    "BTCUSD_PERP",
    "2",
    -10900,
    null,
    "57421.99999999",
    "0.00515299",
    -182490,
    109493
  ],
  "time": 1616440808832
}