{
  "code": 200,
  "result": [
    -0.1467499128750002,
    1.3008778,
    0,
    0.00153594,
    1.30241374,
    null,
    74276.02365450458,
    "BTCUSD_PERP",
    "2",
    -10900,
    null,
    "57421.99999999",
    "0.00153594",
    -185691,
    111414
  ],
  "time": 1616425211368
}