{
  "code": 200,
  "result": [
    -0.14659485191678767,
    1.3008778,
    0,
    0.00090962,
    1.30178742,
    null,
    74354.58924701679,
    "BTCUSD_PERP",
    "2",
    -10900,
    null,
    "57421.99999999",
    "0.00090962",
    -185887,
    111531
  ],
  "time": 1616424309320
}