{
  "code": 200,
  "result": [
    -0.15174253567650392,
    1.30089786,
    0,
    0.00886879,
    1.30976665,
    null,
    71832.19887162973,
    "BTCUSD_PERP",
    "2",
    -10900,
    null,
    "57421.99999999",
    "0.00885847",
    -179581,
    107748
  ],
  "time": 1616447108653
}