{
  "code": 200,
  "result": [
    -0.19982881889230283,
    1.30089289,
    0,
    0.00933839,
    1.31023128,
    null,
    71561.24966993346,
    "BTCUSD_PERP",
    "2",
    -14300,
    null,
    "56604.63779568",
    "0.00933839",
    -178904,
    107341
  ],
  "time": 1616458687651
}