{
  "code": 200,
  "result": [
    -0.14662787602935412,
    1.3008778,
    0,
    0.00101864,
    1.30189644,
    null,
    74337.84281113012,
    "BTCUSD_PERP",
    "2",
    -10900,
    null,
    "57421.99999999",
    "0.00101864",
    -185845,
    111506
  ],
  "time": 1616424969315
}