{
  "code": 200,
  "result": [
    -0.14656265720798112,
    1.30089786,
    0,
    0.00097813,
    1.30187599,
    null,
    74370.92235938553,
    "BTCUSD_PERP",
    "2",
    -10900,
    null,
    "57421.99999999",
    "0.00097813",
    -185928,
    111556
  ],
  "time": 1616435647880
}