{
  "code": 200,
  "result": [
    -0.14702939180173955,
    1.30089786,
    0,
    0.00176523,
    1.30266309,
    null,
    74134.83703107476,
    "BTCUSD_PERP",
    "2",
    -10900,
    null,
    "57421.99999999",
    "0.00176523",
    -185338,
    111202
  ],
  "time": 1616436728428
}