{
  "code": 200,
  "result": [
    -0.1469103455801035,
    1.3008778,
    0,
    0.00132252,
    1.30220032,
    null,
    74194.91089588874,
    "BTCUSD_PERP",
    "2",
    -10900,
    null,
    "57421.99999999",
    "0.00132252",
    -185488,
    111292
  ],
  "time": 1616421248513
}