{
  "code": 200,
  "result": [
    -0.1522009459258179,
    1.30089786,
    0,
    0.00930041,
    1.31019827,
    null,
    71615.84925571103,
    "BTCUSD_PERP",
    "2",
    -10900,
    null,
    "57421.99999999",
    "0.00930041",
    -179040,
    107423
  ],
  "time": 1616450047555
}