{
  "code": 200,
  "result": [
    -0.14421278718127428,
    1.3008778,
    0,
    -0.00290794,
    1.29796986,
    null,
    75582.75665457315,
    "BTCUSD_PERP",
    "2",
    -10900,
    null,
    "57421.99999999",
    "-0.00290794",
    -188957,
    113374
  ],
  "time": 1616408169556
}