{
  "code": 200,
  "result": [
    -0.14949497384633598,
    1.30089786,
    0,
    0.00554462,
    1.30644248,
    null,
    72912.15028542682,
    "BTCUSD_PERP",
    "2",
    -10900,
    null,
    "57421.99999999",
    "0.00554462",
    -182281,
    109368
  ],
  "time": 1616443147328
}