{
  "code": 200,
  "result": [
    -0.1465283016566275,
    1.30089786,
    0,
    0.00093949,
    1.30183735,
    null,
    74388.35963268664,
    "BTCUSD_PERP",
    "2",
    -10900,
    null,
    "57421.99999999",
    "0.00093949",
    -185971,
    111582
  ],
  "time": 1616435288503
}