{
  "code": 200,
  "result": [
    -0.1475108028887965,
    1.30089786,
    0,
    0.00249345,
    1.30339131,
    null,
    73892.89317486224,
    "BTCUSD_PERP",
    "2",
    -10900,
    null,
    "57421.99999999",
    "0.00250533",
    -184733,
    110839
  ],
  "time": 1616438288007
}