{
  "code": 200,
  "result": [
    -0.14932766832633979,
    1.30089786,
    0,
    0.00516966,
    1.30606752,
    null,
    72993.84047288013,
    "BTCUSD_PERP",
    "2",
    -10900,
    null,
    "57421.99999999",
    "0.00517325",
    -182485,
    109490
  ],
  "time": 1616444648117
}