{
  "code": 200,
  "result": [
    -0.2013205768246365,
    1.30089289,
    0,
    0.01157164,
    1.31246453,
    null,
    71030.9905999139,
    "BTCUSD_PERP",
    "2",
    -14300,
    null,
    "56604.63779568",
    "0.01156430",
    -177578,
    106546
  ],
  "time": 1616474229053
}