{
  "code": 200,
  "result": [
    -0.15192386689893278,
    1.30089786,
    0,
    0.00902252,
    1.30992038,
    null,
    71746.46237283583,
    "BTCUSD_PERP",
    "2",
    -10900,
    null,
    "57421.99999999",
    "0.00902252",
    -179367,
    107619
  ],
  "time": 1616449688189
}