{
  "code": 200,
  "result": [
    -0.14661461820675456,
    1.3008778,
    0,
    0.00098322,
    1.30186102,
    null,
    74344.56490981631,
    "BTCUSD_PERP",
    "2",
    -10900,
    null,
    "57421.99999999",
    "0.00098389",
    -185862,
    111516
  ],
  "time": 1616418609630
}