{
  "code": 200,
  "result": [
    -0.1522325851857931,
    1.30089786,
    0,
    0.00953775,
    1.31043561,
    null,
    71600.96497538312,
    "BTCUSD_PERP",
    "2",
    -10900,
    null,
    "57421.99999999",
    "0.00953918",
    -179003,
    107401
  ],
  "time": 1616449387930
}