{
  "code": 200,
  "result": [
    -0.19982458540539122,
    1.30089289,
    0,
    0.0091337,
    1.31002659,
    null,
    71562.76576773115,
    "BTCUSD_PERP",
    "2",
    -14300,
    null,
    "56604.63779568",
    "0.00913504",
    -178907,
    107344
  ],
  "time": 1616461568808
}