{
  "code": 200,
  "result": [
    -0.14717584356659172,
    1.30089786,
    0,
    0.00181514,
    1.302713,
    null,
    74061.06692412567,
    "BTCUSD_PERP",
    "2",
    -10900,
    null,
    "57421.99999999",
    "0.00178609",
    -185153,
    111091
  ],
  "time": 1616430187993
}