{
  "code": 200,
  "result": [
    -0.15239257623493413,
    1.30089786,
    0,
    0.00989713,
    1.31079499,
    null,
    71525.79390216588,
    "BTCUSD_PERP",
    "2",
    -10900,
    null,
    "57421.99999999",
    "0.00993683",
    -178815,
    107288
  ],
  "time": 1616451547753
}