{
  "code": 200,
  "result": [
    -0.144717783536323,
    1.3008778,
    0,
    -0.00208162,
    1.29879618,
    null,
    75319.00871923033,
    "BTCUSD_PERP",
    "2",
    -10900,
    null,
    "57421.99999999",
    "-0.00208162",
    -188298,
    112978
  ],
  "time": 1616409848205
}