{
  "code": 200,
  "result": [
    -0.14661146318288157,
    1.3008778,
    0,
    0.00101164,
    1.30188944,
    null,
    74346.16477705742,
    "BTCUSD_PERP",
    "2",
    -10900,
    null,
    "57421.99999999",
    "0.00101164",
    -185866,
    111519
  ],
  "time": 1616426648586
}