{
  "code": 200,
  "result": [
    -0.19982101588959714,
    1.30089289,
    0,
    0.00912619,
    1.31001908,
    null,
    71564.04413388067,
    "BTCUSD_PERP",
    "2",
    -14300,
    null,
    "56604.63779568",
    "0.00912619",
    -178911,
    107346
  ],
  "time": 1616460847645
}