{
  "code": 200,
  "result": [
    -0.19869114100230495,
    1.30089289,
    0,
    0.00726656,
    1.30815945,
    null,
    71970.99945102289,
    "BTCUSD_PERP",
    "2",
    -14300,
    null,
    "56604.63779568",
    "0.00726656",
    -179928,
    107956
  ],
  "time": 1616467627574
}