{
  "code": 200,
  "result": [
    -0.1475621605164756,
    1.30089786,
    0,
    0.00246665,
    1.30336451,
    null,
    73867.17544558446,
    "BTCUSD_PERP",
    "2",
    -10900,
    null,
    "57421.99999999",
    "0.00248440",
    -184668,
    110800
  ],
  "time": 1616431988031
}