{
  "code": 200,
  "result": [
    -0.15267618838512628,
    1.30089786,
    0,
    0.01029175,
    1.31118961,
    null,
    71392.92718327961,
    "BTCUSD_PERP",
    "2",
    -10900,
    null,
    "57421.99999999",
    "0.01029175",
    -178483,
    107089
  ],
  "time": 1616451487530
}