{
  "code": 200,
  "result": [
    -0.14691444571621357,
    1.3008778,
    0,
    0.00166974,
    1.30254754,
    null,
    74192.84024019614,
    "BTCUSD_PERP",
    "2",
    -10900,
    null,
    "57421.99999999",
    "0.00166974",
    -185483,
    111289
  ],
  "time": 1616421612597
}