{
  "code": 200,
  "result": [
    -0.1471728625222739,
    1.30089786,
    0,
    0.00184163,
    1.30273949,
    null,
    74062.56706021694,
    "BTCUSD_PERP",
    "2",
    -10900,
    null,
    "57421.99999999",
    "0.00184163",
    -185157,
    111093
  ],
  "time": 1616430428338
}