{
  "code": 200,
  "result": [
    -0.15221981621160402,
    1.30089786,
    0,
    0.00950072,
    1.31039858,
    null,
    71606.97122934164,
    "BTCUSD_PERP",
    "2",
    -10900,
    null,
    "57421.99999999",
    "0.00950417",
    -179018,
    107410
  ],
  "time": 1616449209793
}