{
  "code": 200,
  "result": [
    -0.14655229156454716,
    1.3008778,
    0,
    0.00092074,
    1.30179854,
    null,
    74376.1826146487,
    "BTCUSD_PERP",
    "2",
    -10900,
    null,
    "57421.99999999",
    "0.00092074",
    -185941,
    111564
  ],
  "time": 1616424010361
}