{
  "code": 200,
  "result": [
    -0.14640968628765696,
    1.3008778,
    0,
    0.00070335,
    1.30158115,
    null,
    74448.6261556789,
    "BTCUSD_PERP",
    "2",
    -10900,
    null,
    "57421.99999999",
    "0.00070335",
    -186122,
    111672
  ],
  "time": 1616422148319
}