{
  "code": 200,
  "result": [
    -0.14767708871982776,
    1.30089786,
    0,
    0.00257289,
    1.30347075,
    null,
    73809.68906205503,
    "BTCUSD_PERP",
    "2",
    -10900,
    null,
    "57421.99999999",
    "0.00257289",
    -184525,
    110714
  ],
  "time": 1616433009588
}