{
  "code": 200,
  "result": [
    -0.15158932036597025,
    1.30089786,
    0,
    0.00861272,
    1.30951058,
    null,
    71904.80156309812,
    "BTCUSD_PERP",
    "2",
    -10900,
    null,
    "57421.99999999",
    "0.00861272",
    -179763,
    107857
  ],
  "time": 1616447528162
}