{
  "code": 200,
  "result": [
    -0.14784914667058302,
    1.30089786,
    0,
    0.00278435,
    1.30368221,
    null,
    73723.79378208972,
    "BTCUSD_PERP",
    "2",
    -10900,
    null,
    "57421.99999999",
    "0.00278435",
    -184310,
    110585
  ],
  "time": 1616439428035
}