{
  "code": 200,
  "result": [
    -0.1523802330493494,
    1.30089786,
    0,
    0.00977227,
    1.31067013,
    null,
    71531.5876729888,
    "BTCUSD_PERP",
    "2",
    -10900,
    null,
    "57421.99999999",
    "0.00977227",
    -178829,
    107297
  ],
  "time": 1616449087620
}