{
  "code": 200,
  "result": [
    -0.14656313937326787,
    1.3008778,
    0,
    0.00097333,
    1.30185113,
    null,
    74370.67769297583,
    "BTCUSD_PERP",
    "2",
    -10900,
    null,
    "57421.99999999",
    "0.00097333",
    -185927,
    111556
  ],
  "time": 1616422628421
}