{
  "code": 200,
  "result": [
    -0.20049612462179786,
    1.30089289,
    0,
    0.01019372,
    1.31108661,
    null,
    71323.0743336039,
    "BTCUSD_PERP",
    "2",
    -14300,
    null,
    "56604.63779568",
    "0.01018509",
    -178308,
    106984
  ],
  "time": 1616475488030
}