{
  "code": 200,
  "result": [
    -0.19902229564999388,
    1.30089289,
    0,
    0.00780833,
    1.30870122,
    null,
    71851.24638069885,
    "BTCUSD_PERP",
    "2",
    -14300,
    null,
    "56604.63779568",
    "0.00780845",
    -179629,
    107776
  ],
  "time": 1616463669683
}