{
  "code": 200,
  "result": [
    -0.1987601174349522,
    1.30089289,
    0,
    0.00743214,
    1.30832503,
    null,
    71946.02309832067,
    "BTCUSD_PERP",
    "2",
    -14300,
    null,
    "56604.63779568",
    "0.00740634",
    -179866,
    107919
  ],
  "time": 1616466068870
}