{
  "code": 200,
  "result": [
    -0.15241781258152098,
    1.30089786,
    0,
    0.01001702,
    1.31091488,
    null,
    71513.9511280554,
    "BTCUSD_PERP",
    "2",
    -10900,
    null,
    "57421.99999999",
    "0.01001702",
    -178785,
    107270
  ],
  "time": 1616456588429
}