{
  "code": 200,
  "result": [
    -0.14565640044914013,
    1.3008778,
    0,
    -0.0005832,
    1.3002946,
    null,
    74833.64937200978,
    "BTCUSD_PERP",
    "2",
    -10900,
    null,
    "57421.99999999",
    "-0.00058072",
    -187085,
    112250
  ],
  "time": 1616400369760
}