{
  "code": 200,
  "result": [
    -0.14508519145033788,
    1.3008778,
    0,
    -0.00142165,
    1.29945615,
    null,
    75128.2738854229,
    "BTCUSD_PERP",
    "2",
    -10900,
    null,
    "57421.99999999",
    "-0.00142165",
    -187821,
    112692
  ],
  "time": 1616413328298
}