{
  "code": 200,
  "result": [
    -0.19977794447141528,
    1.30089289,
    0,
    0.00922907,
    1.31012196,
    null,
    71579.47308866259,
    "BTCUSD_PERP",
    "2",
    -14300,
    null,
    "56604.63779568",
    "0.00922907",
    -178949,
    107369
  ],
  "time": 1616473328878
}