{
  "code": 200,
  "result": [
    -0.15180544848236316,
    1.30089786,
    0,
    0.00894683,
    1.30984469,
    null,
    71802.4294185091,
    "BTCUSD_PERP",
    "2",
    -10900,
    null,
    "57421.99999999",
    "0.00894683",
    -179507,
    107703
  ],
  "time": 1616447349205
}