{
  "code": 200,
  "result": [
    -0.20002951426560395,
    1.30089289,
    0,
    0.00954658,
    1.31043947,
    null,
    71489.45020689357,
    "BTCUSD_PERP",
    "2",
    -14300,
    null,
    "56604.63779568",
    "0.00954658",
    -178724,
    107234
  ],
  "time": 1616472609444
}