{
  "code": 200,
  "result": [
    -0.1529852493971073,
    1.30089786,
    0,
    0.0108511,
    1.31174896,
    null,
    71248.69909324801,
    "BTCUSD_PERP",
    "2",
    -10900,
    null,
    "57421.99999999",
    "0.01085110",
    -178122,
    106873
  ],
  "time": 1616450469151
}