{
  "code": 200,
  "result": [
    -0.1465025399247484,
    1.3008778,
    0,
    0.00075787,
    1.30163567,
    null,
    74401.44045010296,
    "BTCUSD_PERP",
    "2",
    -10900,
    null,
    "57421.99999999",
    "0.00075312",
    -186004,
    111602
  ],
  "time": 1616427490021
}