{
  "code": 200,
  "result": [
    -0.19976019437419765,
    1.30089289,
    0,
    0.00902306,
    1.30991595,
    null,
    71585.83342791883,
    "BTCUSD_PERP",
    "2",
    -14300,
    null,
    "56604.63779568",
    "0.00902600",
    -178965,
    107378
  ],
  "time": 1616469547604
}