{
  "code": 200,
  "result": [
    -0.15238796369071417,
    1.30089786,
    0,
    0.0098753,
    1.31077316,
    null,
    71527.95887556174,
    "BTCUSD_PERP",
    "2",
    -10900,
    null,
    "57421.99999999",
    "0.00987530",
    -178820,
    107291
  ],
  "time": 1616455927239
}