{
  "code": 200,
  "result": [
    -0.14635304527074106,
    1.3008778,
    0,
    0.00034187,
    1.30121967,
    null,
    74477.4389889592,
    "BTCUSD_PERP",
    "2",
    -10900,
    null,
    "57421.99999999",
    "0.00033462",
    -186194,
    111716
  ],
  "time": 1616406970148
}