{
  "code": 200,
  "result": [
    -0.19916903423304072,
    1.30089289,
    0,
    0.00819609,
    1.30908898,
    null,
    71798.30968737876,
    "BTCUSD_PERP",
    "2",
    -14300,
    null,
    "56604.63779568",
    "0.00820026",
    -179496,
    107697
  ],
  "time": 1616462347730
}