{
  "code": 200,
  "result": [
    -0.1479010403300771,
    1.30089786,
    0,
    0.00287366,
    1.30377152,
    null,
    73697.92650324841,
    "BTCUSD_PERP",
    "2",
    -10900,
    null,
    "57421.99999999",
    "0.00288221",
    -184245,
    110546
  ],
  "time": 1616438827808
}