{
  "code": 200,
  "result": [
    -0.20031347996575824,
    1.30089289,
    0,
    0.01001419,
    1.31090708,
    null,
    71388.1062944164,
    "BTCUSD_PERP",
    "2",
    -14300,
    null,
    "56604.63779568",
    "0.01001419",
    -178471,
    107082
  ],
  "time": 1616469008916
}