{
  "code": 200,
  "result": [
    -0.15269269517706194,
    1.30089786,
    0,
    0.01037449,
    1.31127235,
    null,
    71385.2092751418,
    "BTCUSD_PERP",
    "2",
    -10900,
    null,
    "57421.99999999",
    "0.01039164",
    -178464,
    107077
  ],
  "time": 1616452328088
}