{
  "code": 200,
  "result": [
    -0.14770251521294686,
    1.30089786,
    0,
    0.0026039,
    1.30350176,
    null,
    73796.98297138112,
    "BTCUSD_PERP",
    "2",
    -10900,
    null,
    "57421.99999999",
    "0.00260390",
    -184493,
    110695
  ],
  "time": 1616431689344
}