{
  "code": 200,
  "result": [
    -0.1444654143152579,
    1.3008778,
    0,
    -0.00247438,
    1.29840342,
    null,
    75450.5848452669,
    "BTCUSD_PERP",
    "2",
    -10900,
    null,
    "57421.99999999",
    "-0.00247438",
    -188627,
    113175
  ],
  "time": 1616409427850
}