{
  "code": 200,
  "result": [
    -0.14463246299429378,
    1.3008778,
    0,
    -0.00221356,
    1.29866424,
    null,
    75363.44036698069,
    "BTCUSD_PERP",
    "2",
    -10900,
    null,
    "57421.99999999",
    "-0.00221356",
    -188409,
    113045
  ],
  "time": 1616409908959
}