{
  "code": 200,
  "result": [
    -0.15217494863254113,
    1.30089786,
    0,
    0.00962364,
    1.3105215,
    null,
    71628.08397800333,
    "BTCUSD_PERP",
    "2",
    -10900,
    null,
    "57421.99999999",
    "0.00962364",
    -179071,
    107442
  ],
  "time": 1616447947548
}