{
  "code": 200,
  "result": [
    -0.14933771031798426,
    1.30089786,
    0,
    0.00516026,
    1.30605812,
    null,
    72988.93211092275,
    "BTCUSD_PERP",
    "2",
    -10900,
    null,
    "57421.99999999",
    "0.00516026",
    -182473,
    109483
  ],
  "time": 1616444408478
}