{
  "code": 200,
  "result": [
    -0.198752386496536,
    1.30089289,
    0,
    0.00749848,
    1.30839137,
    null,
    71948.82160697592,
    "BTCUSD_PERP",
    "2",
    -14300,
    null,
    "56604.63779568",
    "0.00749848",
    -179873,
    107923
  ],
  "time": 1616465587567
}