{
  "code": 200,
  "result": [
    -0.14672845310407237,
    1.30089786,
    0,
    0.00121096,
    1.30210882,
    null,
    74286.88689486004,
    "BTCUSD_PERP",
    "2",
    -10900,
    null,
    "57421.99999999",
    "0.00121096",
    -185718,
    111430
  ],
  "time": 1616437687980
}