{
  "code": 200,
  "result": [
    -0.14639294885375628,
    1.3008778,
    0,
    0.00043854,
    1.30131634,
    null,
    74457.13803394239,
    "BTCUSD_PERP",
    "2",
    -10900,
    null,
    "57421.99999999",
    "0.00043854",
    -186143,
    111685
  ],
  "time": 1616404928364
}