{
  "code": 200,
  "result": [
    -0.14793548569307158,
    1.30089786,
    0,
    0.00287988,
    1.30377774,
    null,
    73680.76664590619,
    "BTCUSD_PERP",
    "2",
    -10900,
    null,
    "57421.99999999",
    "0.00287988",
    -184202,
    110521
  ],
  "time": 1616439669187
}