{
  "code": 200,
  "result": [
    -0.14559618752626477,
    1.3008778,
    0,
    -0.00069845,
    1.30017935,
    null,
    74864.5976601118,
    "BTCUSD_PERP",
    "2",
    -10900,
    null,
    "57421.99999999",
    "-0.00069845",
    -187162,
    112296
  ],
  "time": 1616414888127
}