{
  "code": 200,
  "result": [
    -0.1462367301606201,
    1.3008778,
    0,
    0.000444,
    1.3013218,
    null,
    74536.6775366757,
    "BTCUSD_PERP",
    "2",
    -10900,
    null,
    "57421.99999999",
    "0.00044367",
    -186342,
    111805
  ],
  "time": 1616416687877
}