{
  "code": 200,
  "result": [
    -0.14695800997669656,
    1.3008778,
    0,
    0.00145751,
    1.30233531,
    null,
    74170.84650049654,
    "BTCUSD_PERP",
    "2",
    -10900,
    null,
    "57421.99999999",
    "0.00147705",
    -185428,
    111256
  ],
  "time": 1616423288025
}