{
  "code": 200,
  "result": [
    -0.14696264289126604,
    1.3008778,
    0,
    0.0014643,
    1.3023421,
    null,
    74168.50830632269,
    "BTCUSD_PERP",
    "2",
    -10900,
    null,
    "57421.99999999",
    "0.00147494",
    -185422,
    111252
  ],
  "time": 1616423828036
}