{
  "code": 200,
  "result": [
    -0.14452871339656004,
    1.3008778,
    0,
    -0.00234744,
    1.29853036,
    null,
    75417.53983578624,
    "BTCUSD_PERP",
    "2",
    -10900,
    null,
    "57421.99999999",
    "-0.00234744",
    -188544,
    113126
  ],
  "time": 1616411468485
}