{
  "code": 200,
  "result": [
    -0.1455326298804245,
    1.3008778,
    0,
    -0.00059875,
    1.30027905,
    null,
    74897.29285422713,
    "BTCUSD_PERP",
    "2",
    -10900,
    null,
    "57421.99999999",
    "-0.00059875",
    -187244,
    112345
  ],
  "time": 1616401328586
}