{
  "code": 200,
  "result": [
    -0.19948570643610264,
    1.30089289,
    0,
    0.00879903,
    1.30969192,
    null,
    71684.33395793417,
    "BTCUSD_PERP",
    "2",
    -14300,
    null,
    "56604.63779568",
    "0.00878353",
    -179211,
    107526
  ],
  "time": 1616462408779
}