{
  "code": 200,
  "result": [
    -0.1463656977815032,
    1.3008778,
    0,
    0.00039625,
    1.30127405,
    null,
    74471.00082337376,
    "BTCUSD_PERP",
    "2",
    -10900,
    null,
    "57421.99999999",
    "0.00039625",
    -186178,
    111706
  ],
  "time": 1616406728543
}