{
  "code": 200,
  "result": [
    -0.14647122261288484,
    1.3008778,
    0,
    0.0007052,
    1.301583,
    null,
    74417.34837434985,
    "BTCUSD_PERP",
    "2",
    -10900,
    null,
    "57421.99999999",
    "0.00073672",
    -186044,
    111626
  ],
  "time": 1616418247842
}