{
  "code": 200,
  "result": [
    -0.1518976720844481,
    2.16106742,
    0,
    0.01764449,
    2.16106742,
    2.15778008,
    117447.48787250527,
    "BTC-PERPETUAL",
    null,
    -17840,
    -0.328195226,
    57446.33,
    0.017644489,
    -293619,
    176171
  ],
  "time": 1616452448681
}