{
  "code": 200,
  "result": [
    -0.14660166662553367,
    2.14775161,
    0,
    0.00433368,
    2.14775161,
    2.14459781,
    121690.29459650631,
    "BTC-PERPETUAL",
    null,
    -17840,
    -0.314884413,
    57446.33,
    0.004333676,
    -304226,
    182535
  ],
  "time": 1616438172406
}