{
  "code": 200,
  "result": [
    -0.14559660265615515,
    2.14500991,
    0,
    0.00159206,
    2.14500991,
    2.1418836,
    122530.33157738869,
    "BTC-PERPETUAL",
    null,
    -17840,
    -0.312142792,
    57446.33,
    0.001592055,
    -306326,
    183795
  ],
  "time": 1616429589185
}