{
  "code": 200,
  "result": [
    -0.1454811125079285,
    2.14443429,
    0,
    0.00108845,
    2.14443429,
    2.14131304,
    122627.60225336981,
    "BTC-PERPETUAL",
    null,
    -17840,
    -0.311639182,
    57446.33,
    0.001088445,
    -306570,
    183941
  ],
  "time": 1616404449874
}