{
  "code": 200,
  "result": [
    -0.14532639216944768,
    2.14439483,
    0,
    0.00097748,
    2.14439483,
    2.14127469,
    122758.15654460694,
    "BTC-PERPETUAL",
    null,
    -17840,
    -0.311528221,
    57446.33,
    0.000977484,
    -306896,
    184137
  ],
  "time": 1616422329870
}