{
  "code": 200,
  "result": [
    -0.15123792557080715,
    2.15918259,
    0,
    0.01575967,
    2.15918259,
    2.15591416,
    117959.83006688094,
    "BTC-PERPETUAL",
    null,
    -17840,
    -0.326310404,
    57446.33,
    0.015759667,
    -294900,
    176939
  ],
  "time": 1616451369745
}