{
  "code": 200,
  "result": [
    -0.14642546843536514,
    2.1472734,
    0,
    0.00385554,
    2.1472734,
    2.14412439,
    121836.72820466271,
    "BTC-PERPETUAL",
    null,
    -17840,
    -0.314406275,
    57446.33,
    0.003855538,
    -304592,
    182755
  ],
  "time": 1616433729442
}