{
  "code": 200,
  "result": [
    -0.14322833613566677,
    2.13864135,
    0,
    -0.00472236,
    2.13864135,
    2.13557839,
    124556.35861818462,
    "BTC-PERPETUAL",
    null,
    -17840,
    -0.305828379,
    57446.33,
    -0.004722358,
    -311391,
    186834
  ],
  "time": 1616408170631
}