{
  "code": 200,
  "result": [
    -0.1436900023374368,
    2.14000987,
    0,
    -0.00336953,
    2.14000987,
    2.13693334,
    124156.16751195493,
    "BTC-PERPETUAL",
    null,
    -17840,
    -0.307181204,
    57446.33,
    -0.003369533,
    -310391,
    186234
  ],
  "time": 1616411048830
}