{
  "code": 200,
  "result": [
    -0.15072774931737057,
    2.1579775,
    0,
    0.01455444,
    2.1579775,
    2.15472116,
    118359.09499608004,
    "BTC-PERPETUAL",
    null,
    -17840,
    -0.325105172,
    57446.33,
    0.014554435,
    -295898,
    177538
  ],
  "time": 1616454609647
}