{
  "code": 200,
  "result": [
    -0.15078837846442406,
    2.15806378,
    0,
    0.01464072,
    2.15806378,
    2.15480658,
    118311.50504883932,
    "BTC-PERPETUAL",
    null,
    -17840,
    -0.325191456,
    57446.33,
    0.014640719,
    -295779,
    177467
  ],
  "time": 1616454487985
}