{
  "code": 200,
  "result": [
    -0.14529604425011897,
    2.1438487,
    0,
    0.00049874,
    2.1438487,
    2.14073337,
    122783.79698548051,
    "BTC-PERPETUAL",
    null,
    -17840,
    -0.311049475,
    57446.33,
    0.000498738,
    -306960,
    184175
  ],
  "time": 1616405411538
}