{
  "code": 200,
  "result": [
    -0.15080982197370127,
    2.15797241,
    0,
    0.01455337,
    2.15797241,
    2.15471608,
    118294.68244522561,
    "BTC-PERPETUAL",
    null,
    -17840,
    -0.325104105,
    57446.33,
    0.014553368,
    -295737,
    177442
  ],
  "time": 1616447350047
}