{
  "code": 200,
  "result": [
    -0.14538666642831,
    2.14415455,
    0,
    0.00080578,
    2.14415455,
    2.14103614,
    122707.26359075634,
    "BTC-PERPETUAL",
    null,
    -17840,
    -0.31135652,
    57446.33,
    0.000805783,
    -306769,
    184060
  ],
  "time": 1616405170074
}