{
  "code": 200,
  "result": [
    -0.20030678302274998,
    2.16363028,
    0,
    0.02025851,
    2.16363028,
    2.15928602,
    116820.80679885078,
    "BTC-PERPETUAL",
    null,
    -23400,
    -0.4334869,
    56627.28,
    0.020258514,
    -292053,
    175231
  ],
  "time": 1616457788168
}