{
  "code": 200,
  "result": [
    -0.14422556658831812,
    2.14132989,
    0,
    -0.00206092,
    2.14132989,
    2.13824024,
    123695.12855458591,
    "BTC-PERPETUAL",
    null,
    -17840,
    -0.308489816,
    57446.33,
    -0.002060921,
    -309238,
    185542
  ],
  "time": 1616412970115
}