{
  "code": 200,
  "result": [
    -0.1484376816056505,
    2.1522763,
    0,
    0.00885834,
    2.1522763,
    2.14907711,
    120185.11611758356,
    "BTC-PERPETUAL",
    null,
    -17840,
    -0.319409079,
    57446.33,
    0.008858342,
    -300463,
    180277
  ],
  "time": 1616441109944
}