{
  "code": 200,
  "result": [
    -0.19846033330912688,
    2.15836721,
    0,
    0.01499529,
    2.15836721,
    2.15407581,
    117907.69273551286,
    "BTC-PERPETUAL",
    null,
    -23400,
    -0.428282691,
    56627.28,
    0.015054305,
    -294770,
    176861
  ],
  "time": 1616461569791
}