{
  "code": 200,
  "result": [
    -0.14542618519582304,
    2.14463341,
    0,
    0.00121556,
    2.14463341,
    2.14151088,
    122673.91856547444,
    "BTC-PERPETUAL",
    null,
    -17840,
    -0.311766294,
    57446.33,
    0.001215557,
    -306685,
    184010
  ],
  "time": 1616427791287
}