{
  "code": 200,
  "result": [
    -0.14524443804721862,
    2.14395731,
    0,
    0.00054256,
    2.14395731,
    2.14084153,
    122827.4227905392,
    "BTC-PERPETUAL",
    null,
    -17840,
    -0.311093301,
    57446.33,
    0.000542564,
    -307069,
    184241
  ],
  "time": 1616419629356
}