{
  "code": 200,
  "result": [
    -0.1983913278295996,
    2.15811291,
    0,
    0.01474099,
    2.15811291,
    2.15382406,
    117948.7039882031,
    "BTC-PERPETUAL",
    null,
    -23400,
    -0.427969371,
    56627.28,
    0.014740985,
    -294872,
    176923
  ],
  "time": 1616461448617
}