{
  "code": 200,
  "result": [
    -0.14430634557883507,
    2.14162903,
    0,
    -0.00176313,
    2.14162903,
    2.13853639,
    123625.88719464137,
    "BTC-PERPETUAL",
    null,
    -17840,
    -0.308787604,
    57446.33,
    -0.001763133,
    -309065,
    185438
  ],
  "time": 1616413211275
}