{
  "code": 200,
  "result": [
    -0.1457391524691916,
    2.14524436,
    0,
    0.00183484,
    2.14524436,
    2.14211562,
    122410.48268598426,
    "BTC-PERPETUAL",
    null,
    -17840,
    -0.31238558,
    57446.33,
    0.001834843,
    -306027,
    183615
  ],
  "time": 1616417469793
}