{
  "code": 200,
  "result": [
    -0.14630513340220272,
    2.14689695,
    0,
    0.00347909,
    2.14689695,
    2.14375172,
    121936.93813160084,
    "BTC-PERPETUAL",
    null,
    -17840,
    -0.314029828,
    57446.33,
    0.003479091,
    -304843,
    182905
  ],
  "time": 1616434029423
}