{
  "code": 200,
  "result": [
    -0.19865591685145995,
    2.15908309,
    0,
    0.01571118,
    2.15908309,
    2.1547845,
    117791.60858066348,
    "BTC-PERPETUAL",
    null,
    -23400,
    -0.428854111,
    56627.28,
    0.015625725,
    -294480,
    176687
  ],
  "time": 1616459709065
}