{
  "code": 200,
  "result": [
    -0.14522184407284927,
    2.14391911,
    0,
    0.00050541,
    2.14391911,
    2.14080371,
    122846.53258535072,
    "BTC-PERPETUAL",
    null,
    -17840,
    -0.311056145,
    57446.33,
    0.000505408,
    -307117,
    184269
  ],
  "time": 1616418909901
}