{
  "code": 200,
  "result": [
    -0.14690423819506632,
    2.14845404,
    0,
    0.00503609,
    2.14845404,
    2.14529319,
    121439.6549697308,
    "BTC-PERPETUAL",
    null,
    -17840,
    -0.315586823,
    57446.33,
    0.005036086,
    -303600,
    182159
  ],
  "time": 1616438588424
}