{
  "code": 200,
  "result": [
    -0.14634882507937713,
    2.14709862,
    0,
    0.00368076,
    2.14709862,
    2.14395137,
    121900.53449574251,
    "BTC-PERPETUAL",
    null,
    -17840,
    -0.314231499,
    57446.33,
    0.003680762,
    -304752,
    182850
  ],
  "time": 1616430010409
}