{
  "code": 200,
  "result": [
    -0.14373806169115533,
    2.14024749,
    0,
    -0.00312333,
    2.14024749,
    2.13716849,
    124114.6554371392,
    "BTC-PERPETUAL",
    null,
    -17840,
    -0.307427405,
    57446.33,
    -0.003123332,
    -310287,
    186171
  ],
  "time": 1616409670062
}