{
  "code": 200,
  "result": [
    -0.1453957803787139,
    2.14417485,
    0,
    0.00082703,
    2.14417485,
    2.14105622,
    122699.57184130081,
    "BTC-PERPETUAL",
    null,
    -17840,
    -0.311377768,
    57446.33,
    0.000827031,
    -306749,
    184049
  ],
  "time": 1616404989643
}