{
  "code": 200,
  "result": [
    -0.14458554043798733,
    2.14224842,
    0,
    -0.00108125,
    2.14224842,
    2.13914893,
    123387.1654520776,
    "BTC-PERPETUAL",
    null,
    -17840,
    -0.309469489,
    57446.33,
    -0.001081248,
    -308468,
    185080
  ],
  "time": 1616400310165
}