{
  "code": 200,
  "result": [
    -0.1454604547885296,
    2.14472775,
    0,
    0.0013099,
    2.14472775,
    2.14160428,
    122645.0173412134,
    "BTC-PERPETUAL",
    null,
    -17840,
    -0.311860633,
    57446.33,
    0.001309896,
    -306613,
    183967
  ],
  "time": 1616427249673
}