{
  "code": 200,
  "result": [
    -0.145320308667715,
    2.14402709,
    0,
    0.00067624,
    2.14402709,
    2.14090998,
    122763.29553354034,
    "BTC-PERPETUAL",
    null,
    -17840,
    -0.311226972,
    57446.33,
    0.000676235,
    -306909,
    184144
  ],
  "time": 1616405588742
}