{
  "code": 200,
  "result": [
    -0.1459615318538361,
    2.14603385,
    0,
    0.00261599,
    2.14603385,
    2.14289728,
    122223.98445273057,
    "BTC-PERPETUAL",
    null,
    -17840,
    -0.31316673,
    57446.33,
    0.002615993,
    -305560,
    183335
  ],
  "time": 1616436788339
}