{
  "code": 200,
  "result": [
    -0.19828020619198272,
    2.15777042,
    0,
    0.0143985,
    2.15777042,
    2.153485,
    118014.8056601434,
    "BTC-PERPETUAL",
    null,
    -23400,
    -0.42762689,
    56627.28,
    0.014398504,
    -295038,
    177022
  ],
  "time": 1616458628571
}