{
  "code": 200,
  "result": [
    -0.14482571307305334,
    2.14292151,
    0,
    -0.00048157,
    2.14292151,
    2.13981601,
    123182.54556772736,
    "BTC-PERPETUAL",
    null,
    -17840,
    -0.310069166,
    57446.33,
    -0.000481571,
    -307957,
    184773
  ],
  "time": 1616415369526
}