{
  "code": 200,
  "result": [
    -0.19733149955061566,
    2.15531168,
    0,
    0.01193975,
    2.15531168,
    2.15105096,
    118582.18304370552,
    "BTC-PERPETUAL",
    null,
    -23400,
    -0.425168137,
    56627.28,
    0.011939751,
    -296456,
    177873
  ],
  "time": 1616467628390
}