{
  "code": 200,
  "result": [
    -0.1435805701613984,
    2.13997371,
    0,
    -0.00340851,
    2.13997371,
    2.13689757,
    124250.7950758666,
    "BTC-PERPETUAL",
    null,
    -17840,
    -0.307142228,
    57446.33,
    -0.003408509,
    -310627,
    186376
  ],
  "time": 1616411528846
}