{
  "code": 200,
  "result": [
    -0.14506695000389824,
    2.14346558,
    0,
    5.126e-05,
    2.14346558,
    2.14035474,
    122977.7009823437,
    "BTC-PERPETUAL",
    null,
    -17840,
    -0.310601992,
    57446.33,
    5.1255e-05,
    -307445,
    184466
  ],
  "time": 1616419209768
}