{
  "code": 200,
  "result": [
    -0.1436898019165286,
    2.14009544,
    0,
    -0.00327715,
    2.14009544,
    2.13701798,
    124156.34068702733,
    "BTC-PERPETUAL",
    null,
    -17840,
    -0.307273583,
    57446.33,
    -0.003277154,
    -310391,
    186234
  ],
  "time": 1616409970245
}