{
  "code": 200,
  "result": [
    -0.14620102101107604,
    2.14643602,
    0,
    0.00301886,
    2.14643602,
    2.14329541,
    122023.77163048991,
    "BTC-PERPETUAL",
    null,
    -17840,
    -0.313569601,
    57446.33,
    0.003018864,
    -305060,
    183035
  ],
  "time": 1616420949138
}