{
  "code": 200,
  "result": [
    -0.19840371203450646,
    2.15811948,
    0,
    0.01474756,
    2.15811948,
    2.15383057,
    117941.34172212594,
    "BTC-PERPETUAL",
    null,
    -23400,
    -0.427975946,
    56627.28,
    0.01474756,
    -294854,
    176912
  ],
  "time": 1616468648734
}