{
  "code": 200,
  "result": [
    -0.19683772060178348,
    2.15423966,
    0,
    0.01086774,
    2.15423966,
    2.14998971,
    118879.65339397443,
    "BTC-PERPETUAL",
    null,
    -23400,
    -0.424096127,
    56627.28,
    0.010867741,
    -297200,
    178319
  ],
  "time": 1616464688658
}