{
  "code": 200,
  "result": [
    -0.15121969715999659,
    2.15929563,
    0,
    0.01587257,
    2.15929563,
    2.15602607,
    117974.04924786059,
    "BTC-PERPETUAL",
    null,
    -17840,
    -0.326423308,
    57446.33,
    0.015872571,
    -294936,
    176961
  ],
  "time": 1616456528574
}