{
  "code": 200,
  "result": [
    -0.19858081746107697,
    2.15857239,
    0,
    0.01520047,
    2.15857239,
    2.15427893,
    117836.15506863617,
    "BTC-PERPETUAL",
    null,
    -23400,
    -0.428428854,
    56627.28,
    0.015200468,
    -294591,
    176754
  ],
  "time": 1616470148945
}