{
  "code": 200,
  "result": [
    -0.1982515713134518,
    2.15765097,
    0,
    0.01427905,
    2.15765097,
    2.15336676,
    118031.8513743465,
    "BTC-PERPETUAL",
    null,
    -23400,
    -0.427507436,
    56627.28,
    0.01427905,
    -295080,
    177047
  ],
  "time": 1616462528524
}