{
  "code": 200,
  "result": [
    -0.14506550215435782,
    2.14299136,
    0,
    -0.00036836,
    2.14299136,
    2.13988473,
    122978.92838103743,
    "BTC-PERPETUAL",
    null,
    -17840,
    -0.31018238,
    57446.33,
    -0.000368357,
    -307448,
    184468
  ],
  "time": 1616407509639
}