{
  "code": 200,
  "result": [
    -0.14588276722793003,
    2.14577554,
    0,
    0.00235893,
    2.14577554,
    2.14264155,
    122289.97529315058,
    "BTC-PERPETUAL",
    null,
    -17840,
    -0.312909663,
    57446.33,
    0.002358926,
    -305725,
    183434
  ],
  "time": 1616420411752
}