{
  "code": 200,
  "result": [
    -0.14861221940402897,
    2.15292738,
    0,
    0.0095088,
    2.15292738,
    2.14972167,
    120043.96456457433,
    "BTC-PERPETUAL",
    null,
    -17840,
    -0.320059534,
    57446.33,
    0.009508797,
    -300110,
    180065
  ],
  "time": 1616445069288
}