{
  "code": 200,
  "result": [
    -0.19834110914242417,
    2.15811338,
    0,
    0.01474146,
    2.15811338,
    2.15382452,
    117978.56783788075,
    "BTC-PERPETUAL",
    null,
    -23400,
    -0.427969841,
    56627.28,
    0.014741455,
    -294947,
    176967
  ],
  "time": 1616460608612
}