{
  "code": 200,
  "result": [
    -0.14548937232019082,
    2.1446715,
    0,
    0.00125365,
    2.1446715,
    2.14154859,
    122620.64036359987,
    "BTC-PERPETUAL",
    null,
    -17840,
    -0.311804383,
    57446.33,
    0.001253646,
    -306552,
    183930
  ],
  "time": 1616428689863
}