{
  "code": 200,
  "result": [
    -0.1486764846887704,
    2.1529689,
    0,
    0.00955032,
    2.1529689,
    2.14976277,
    119992.07566243637,
    "BTC-PERPETUAL",
    null,
    -17840,
    -0.320101054,
    57446.33,
    0.009550317,
    -299981,
    179988
  ],
  "time": 1616445248240
}