{
  "code": 200,
  "result": [
    -0.15016597561535255,
    2.15667084,
    0,
    0.01325225,
    2.15667084,
    2.15342756,
    118801.87856733166,
    "BTC-PERPETUAL",
    null,
    -17840,
    -0.323802986,
    57446.33,
    0.013252249,
    -297005,
    178202
  ],
  "time": 1616445848614
}