{
  "code": 200,
  "result": [
    -0.14826019921590217,
    2.15187127,
    0,
    0.00845328,
    2.15187127,
    2.14867614,
    120328.98980542115,
    "BTC-PERPETUAL",
    null,
    -17840,
    -0.319004021,
    57446.33,
    0.008453284,
    -300823,
    180493
  ],
  "time": 1616442069499
}