{
  "code": 200,
  "result": [
    -0.14587957120405007,
    2.14600795,
    0,
    0.0025901,
    2.14600795,
    2.14287164,
    122292.65450092513,
    "BTC-PERPETUAL",
    null,
    -17840,
    -0.313140839,
    57446.33,
    0.002590102,
    -305732,
    183438
  ],
  "time": 1616425270071
}