{
  "code": 200,
  "result": [
    -0.19906541574931108,
    2.15991621,
    0,
    0.01654428,
    2.15991621,
    2.15560925,
    117549.29861582942,
    "BTC-PERPETUAL",
    null,
    -23400,
    -0.429772667,
    56627.28,
    0.016544281,
    -293874,
    176323
  ],
  "time": 1616475611525
}