{
  "code": 200,
  "result": [
    -0.1449089673665073,
    2.14329978,
    0,
    -0.00010635,
    2.14329978,
    2.14019052,
    123111.77371707189,
    "BTC-PERPETUAL",
    null,
    -17840,
    -0.310444383,
    57446.33,
    -0.000106354,
    -307780,
    184667
  ],
  "time": 1616416029130
}