{
  "code": 200,
  "result": [
    -0.14576116134784037,
    2.14535415,
    0,
    0.00193629,
    2.14535415,
    2.1422244,
    122391.99959052961,
    "BTC-PERPETUAL",
    null,
    -17840,
    -0.312487027,
    57446.33,
    0.00193629,
    -305980,
    183587
  ],
  "time": 1616434449137
}