{
  "code": 200,
  "result": [
    -0.1461633120494382,
    2.14669609,
    0,
    0.00327818,
    2.14669609,
    2.14355288,
    122055.25278440467,
    "BTC-PERPETUAL",
    null,
    -17840,
    -0.313828913,
    57446.33,
    0.003278176,
    -305139,
    183082
  ],
  "time": 1616437928840
}