{
  "code": 200,
  "result": [
    -0.14654001559421959,
    2.14729894,
    0,
    0.00388108,
    2.14729894,
    2.14414968,
    121741.4910709462,
    "BTC-PERPETUAL",
    null,
    -17840,
    -0.314431821,
    57446.33,
    0.003881084,
    -304354,
    182612
  ],
  "time": 1616433130367
}