{
  "code": 200,
  "result": [
    -0.1461264820481418,
    2.14631317,
    0,
    0.00289595,
    2.14631317,
    2.1431738,
    122086.01582649858,
    "BTC-PERPETUAL",
    null,
    -17840,
    -0.313446687,
    57446.33,
    0.00289595,
    -305216,
    183129
  ],
  "time": 1616421130214
}