{
  "code": 200,
  "result": [
    -0.1444462851130023,
    2.14200622,
    0,
    -0.00139385,
    2.14200622,
    2.13890987,
    123506.11845810726,
    "BTC-PERPETUAL",
    null,
    -17840,
    -0.309156884,
    57446.33,
    -0.001393853,
    -308766,
    185259
  ],
  "time": 1616414589142
}