{
  "code": 200,
  "result": [
    -0.1454822169424739,
    2.14432269,
    0,
    0.00098135,
    2.14432269,
    2.14120251,
    122626.67132062082,
    "BTC-PERPETUAL",
    null,
    -17840,
    -0.311532083,
    57446.33,
    0.000981346,
    -306567,
    183940
  ],
  "time": 1616403429334
}