{
  "code": 200,
  "result": [
    -0.19828623971728546,
    2.15792647,
    0,
    0.01455454,
    2.15792647,
    2.15363949,
    118011.21466302194,
    "BTC-PERPETUAL",
    null,
    -23400,
    -0.427782929,
    56627.28,
    0.014554543,
    -295029,
    177016
  ],
  "time": 1616471948453
}