{
  "code": 200,
  "result": [
    -0.19883459800704228,
    2.15923152,
    0,
    0.0158596,
    2.15923152,
    2.15493144,
    117685.7560733531,
    "BTC-PERPETUAL",
    null,
    -23400,
    -0.429087984,
    56627.28,
    0.015859598,
    -294215,
    176528
  ],
  "time": 1616474949419
}