{
  "code": 200,
  "result": [
    -0.1459114476142393,
    2.14566759,
    0,
    0.00225013,
    2.14566759,
    2.14253469,
    122265.93794864809,
    "BTC-PERPETUAL",
    null,
    -17840,
    -0.312800867,
    57446.33,
    0.00225013,
    -305665,
    183398
  ],
  "time": 1616423888544
}