{
  "code": 200,
  "result": [
    -0.15055333647478297,
    2.15749747,
    0,
    0.01407815,
    2.15749747,
    2.15424591,
    118496.21149371288,
    "BTC-PERPETUAL",
    null,
    -17840,
    -0.324628888,
    57446.33,
    0.014078151,
    -296241,
    177744
  ],
  "time": 1616447648559
}