{
  "code": 200,
  "result": [
    -0.1469115984656997,
    2.14876139,
    0,
    0.00534343,
    2.14876139,
    2.14559746,
    121433.57084338857,
    "BTC-PERPETUAL",
    null,
    -17840,
    -0.315894169,
    57446.33,
    0.005343432,
    -303584,
    182150
  ],
  "time": 1616439613593
}