{
  "code": 200,
  "result": [
    -0.14536364409848915,
    2.14458547,
    0,
    0.00116762,
    2.14458547,
    2.14146343,
    122726.6976597859,
    "BTC-PERPETUAL",
    null,
    -17840,
    -0.311718356,
    57446.33,
    0.001167619,
    -306817,
    184090
  ],
  "time": 1616427070055
}