{
  "code": 200,
  "result": [
    -0.14411645130424736,
    2.14103292,
    0,
    -0.00236192,
    2.14103292,
    2.13794628,
    123788.7821865499,
    "BTC-PERPETUAL",
    null,
    -17840,
    -0.308188822,
    57446.33,
    -0.002361915,
    -309472,
    185683
  ],
  "time": 1616413628546
}