{
  "code": 200,
  "result": [
    -0.1447965049241544,
    2.14277798,
    0,
    -0.00055232,
    2.14277798,
    2.13967319,
    123207.39377890881,
    "BTC-PERPETUAL",
    null,
    -17840,
    -0.309998422,
    57446.33,
    -0.000552315,
    -308019,
    184811
  ],
  "time": 1616400489259
}