{
  "code": 200,
  "result": [
    -0.15167865103796183,
    2.16045238,
    0,
    0.01702932,
    2.16045238,
    2.15717122,
    117617.07977963914,
    "BTC-PERPETUAL",
    null,
    -17840,
    -0.327580056,
    57446.33,
    0.017029319,
    -294043,
    176425
  ],
  "time": 1616453769592
}