{
  "code": 200,
  "result": [
    -0.1520507174265508,
    2.16119727,
    0,
    0.01777435,
    2.16119727,
    2.15790863,
    117329.27211354817,
    "BTC-PERPETUAL",
    null,
    -17840,
    -0.328325087,
    57446.33,
    0.01777435,
    -293324,
    175993
  ],
  "time": 1616451070647
}