{
  "code": 200,
  "result": [
    -0.1455747447216156,
    2.14470507,
    0,
    0.00135941,
    2.14470507,
    2.14158111,
    122548.72941124269,
    "BTC-PERPETUAL",
    null,
    -17840,
    -0.311910142,
    57446.33,
    0.001359405,
    -306372,
    183823
  ],
  "time": 1616404389756
}