{
  "code": 200,
  "result": [
    -0.14577213886986304,
    2.14557548,
    0,
    0.00215763,
    2.14557548,
    2.14244351,
    122382.78273413086,
    "BTC-PERPETUAL",
    null,
    -17840,
    -0.31270837,
    57446.33,
    0.002157633,
    -305957,
    183574
  ],
  "time": 1616426229164
}