{
  "code": 200,
  "result": [
    -0.14365904814970532,
    2.13995542,
    0,
    -0.00342855,
    2.13995542,
    2.13687949,
    124182.91941771156,
    "BTC-PERPETUAL",
    null,
    -17840,
    -0.307110715,
    57446.33,
    -0.003440022,
    -310458,
    186274
  ],
  "time": 1616411828807
}