{
  "code": 200,
  "result": [
    -0.19844046849720257,
    2.15855992,
    0,
    0.015188,
    2.15855992,
    2.15426658,
    117919.49584280422,
    "BTC-PERPETUAL",
    null,
    -23400,
    -0.428416383,
    56627.28,
    0.015187997,
    -294799,
    176879
  ],
  "time": 1616461089751
}