{
  "code": 200,
  "result": [
    -0.14435746510364159,
    2.14184223,
    0,
    -0.00154652,
    2.14184223,
    2.13874741,
    123582.10908726996,
    "BTC-PERPETUAL",
    null,
    -17840,
    -0.309004217,
    57446.33,
    -0.00154652,
    -308956,
    185373
  ],
  "time": 1616412610963
}