{
  "code": 200,
  "result": [
    -0.1969026317275476,
    2.15449939,
    0,
    0.01112746,
    2.15449939,
    2.15024683,
    118840.4634041579,
    "BTC-PERPETUAL",
    null,
    -23400,
    -0.42435585,
    56627.28,
    0.011127464,
    -297102,
    178260
  ],
  "time": 1616464508833
}