{
  "code": 200,
  "result": [
    -0.1467462035679889,
    2.14805579,
    0,
    0.00463793,
    2.14805579,
    2.14489893,
    121570.43634682214,
    "BTC-PERPETUAL",
    null,
    -17840,
    -0.315188666,
    57446.33,
    0.004637929,
    -303927,
    182355
  ],
  "time": 1616432290209
}