{
  "code": 200,
  "result": [
    -0.1454432505863221,
    2.14436579,
    0,
    0.00102351,
    2.14436579,
    2.14124519,
    122659.52478428536,
    "BTC-PERPETUAL",
    null,
    -17840,
    -0.31157425,
    57446.33,
    0.001023513,
    -306649,
    183989
  ],
  "time": 1616403611688
}