{
  "code": 200,
  "result": [
    -0.14615636845162025,
    2.14640364,
    0,
    0.0029863,
    2.14640364,
    2.14326335,
    122061.0513862438,
    "BTC-PERPETUAL",
    null,
    -17840,
    -0.313537032,
    57446.33,
    0.002986295,
    -305153,
    183091
  ],
  "time": 1616423469949
}