{
  "code": 200,
  "result": [
    -0.14468272473940916,
    2.14242927,
    0,
    -0.00090297,
    2.14242927,
    2.139328,
    123304.28551253764,
    "BTC-PERPETUAL",
    null,
    -17840,
    -0.309647767,
    57446.33,
    -0.00090297,
    -308261,
    184956
  ],
  "time": 1616400910397
}