{
  "code": 200,
  "result": [
    -0.15224821239375266,
    2.16190742,
    0,
    0.01848448,
    2.16190742,
    2.15861165,
    117177.07367138877,
    "BTC-PERPETUAL",
    null,
    -17840,
    -0.329035219,
    57446.33,
    0.018484482,
    -292943,
    175765
  ],
  "time": 1616452028362
}