{
  "code": 200,
  "result": [
    -0.19889277152367824,
    2.15947802,
    0,
    0.01610609,
    2.15947802,
    2.15517546,
    117651.33453939638,
    "BTC-PERPETUAL",
    null,
    -23400,
    -0.42933448,
    56627.28,
    0.016106094,
    -294129,
    176477
  ],
  "time": 1616475429521
}