{
  "code": 200,
  "result": [
    -0.14832743604770035,
    2.15200672,
    0,
    0.00858813,
    2.15200672,
    2.14881024,
    120274.44467025553,
    "BTC-PERPETUAL",
    null,
    -17840,
    -0.319138869,
    57446.33,
    0.008588132,
    -300687,
    180411
  ],
  "time": 1616444648935
}