{
  "code": 200,
  "result": [
    -0.14566154788246025,
    2.14528316,
    0,
    0.00186531,
    2.14528316,
    2.14215412,
    122475.6997254743,
    "BTC-PERPETUAL",
    null,
    -17840,
    -0.312416051,
    57446.33,
    0.001865314,
    -306190,
    183713
  ],
  "time": 1616424849207
}