{
  "code": 200,
  "result": [
    -0.14515583462645093,
    2.14373119,
    0,
    0.00031716,
    2.14373119,
    2.14061767,
    122902.39690268101,
    "BTC-PERPETUAL",
    null,
    -17840,
    -0.3108679,
    57446.33,
    0.000317163,
    -307256,
    184353
  ],
  "time": 1616419089145
}