{
  "code": 200,
  "result": [
    -0.15104018078554118,
    2.1587232,
    0,
    0.0153033,
    2.1587232,
    2.15545935,
    118114.26540418835,
    "BTC-PERPETUAL",
    null,
    -17840,
    -0.325854033,
    57446.33,
    0.015303296,
    -295286,
    177171
  ],
  "time": 1616448971087
}