{
  "code": 200,
  "result": [
    -0.14428738942992006,
    2.14153115,
    0,
    -0.00185787,
    2.14153115,
    2.13843945,
    123642.12888240544,
    "BTC-PERPETUAL",
    null,
    -17840,
    -0.308692871,
    57446.33,
    -0.001857866,
    -309106,
    185463
  ],
  "time": 1616412670178
}