{
  "code": 200,
  "result": [
    -0.19934763118941182,
    2.16084909,
    0,
    0.01747717,
    2.16084909,
    2.15653276,
    117382.88466425917,
    "BTC-PERPETUAL",
    null,
    -23400,
    -0.430705551,
    56627.28,
    0.017477165,
    -293458,
    176074
  ],
  "time": 1616473628946
}