{
  "code": 200,
  "result": [
    -0.15058404090089908,
    2.15761902,
    0,
    0.01419971,
    2.15761902,
    2.15436625,
    118472.04984850081,
    "BTC-PERPETUAL",
    null,
    -17840,
    -0.324750444,
    57446.33,
    0.014199707,
    -296181,
    177708
  ],
  "time": 1616447709263
}