{
  "code": 200,
  "result": [
    -0.15151582780681866,
    2.16003169,
    0,
    0.01660862,
    2.16003169,
    2.15675474,
    117743.47444905785,
    "BTC-PERPETUAL",
    null,
    -17840,
    -0.327159362,
    57446.33,
    0.016608625,
    -294359,
    176615
  ],
  "time": 1616456288969
}