{
  "code": 200,
  "result": [
    -0.1984880321267816,
    2.15840671,
    0,
    0.01503479,
    2.15840671,
    2.15411491,
    117891.23882821087,
    "BTC-PERPETUAL",
    null,
    -23400,
    -0.428263173,
    56627.28,
    0.015034787,
    -294729,
    176836
  ],
  "time": 1616468169594
}