{
  "code": 200,
  "result": [
    -0.14471508997494503,
    2.14281863,
    0,
    -0.00058636,
    2.14281863,
    2.13971418,
    123276.7087598722,
    "BTC-PERPETUAL",
    null,
    -17840,
    -0.309859023,
    57446.33,
    -0.000691714,
    -308192,
    184915
  ],
  "time": 1616415729546
}