{
  "code": 200,
  "result": [
    -0.14855211388724954,
    2.15252563,
    0,
    0.00910764,
    2.15252563,
    2.14932394,
    120092.53542861389,
    "BTC-PERPETUAL",
    null,
    -17840,
    -0.319658381,
    57446.33,
    0.009107644,
    -300232,
    180138
  ],
  "time": 1616441769747
}