{
  "code": 200,
  "result": [
    -0.14350235119744903,
    2.13965858,
    0,
    -0.00370809,
    2.13965858,
    2.13658544,
    124318.52057569027,
    "BTC-PERPETUAL",
    null,
    -17840,
    -0.306842643,
    57446.33,
    -0.003708094,
    -310797,
    186477
  ],
  "time": 1616408769915
}