{
  "code": 200,
  "result": [
    -0.1457060304998072,
    2.14513353,
    0,
    0.00178863,
    2.14513353,
    2.14200526,
    122438.30909952355,
    "BTC-PERPETUAL",
    null,
    -17840,
    -0.312339366,
    57446.33,
    0.001788629,
    -306096,
    183657
  ],
  "time": 1616404210249
}