{
  "code": 200,
  "result": [
    -0.14674999368762648,
    2.15112766,
    0,
    0.00770971,
    2.15112766,
    2.14793999,
    121567.29654090756,
    "BTC-PERPETUAL",
    null,
    -17840,
    -0.318260443,
    57446.33,
    0.007709706,
    -303919,
    182350
  ],
  "time": 1616440088784
}