{
  "code": 200,
  "result": [
    -0.197861499748309,
    2.15670637,
    0,
    0.01333445,
    2.15670637,
    2.15243164,
    118264.54378323283,
    "BTC-PERPETUAL",
    null,
    -23400,
    -0.426562833,
    56627.28,
    0.013334447,
    -295662,
    177396
  ],
  "time": 1616462288483
}