{
  "code": 200,
  "result": [
    -0.14565251699186857,
    2.14513678,
    0,
    0.00171892,
    2.14513678,
    2.14200921,
    122483.29358425,
    "BTC-PERPETUAL",
    null,
    -17840,
    -0.31226966,
    57446.33,
    0.001718923,
    -306209,
    183724
  ],
  "time": 1616434509455
}