{
  "code": 200,
  "result": [
    -0.14486880417619025,
    2.14308963,
    0,
    -0.00024626,
    2.14308963,
    2.13998177,
    123145.90502385104,
    "BTC-PERPETUAL",
    null,
    -17840,
    -0.310304474,
    57446.33,
    -0.000246263,
    -307865,
    184718
  ],
  "time": 1616401689893
}