{
  "code": 200,
  "result": [
    -0.1989810045193512,
    2.15983034,
    0,
    0.01645842,
    2.15983034,
    2.15552424,
    117599.16508876764,
    "BTC-PERPETUAL",
    null,
    -23400,
    -0.429686804,
    56627.28,
    0.016458418,
    -293998,
    176398
  ],
  "time": 1616470508518
}