{
  "code": 200,
  "result": [
    -0.19681516618384023,
    2.15424504,
    0,
    0.01087312,
    2.15424504,
    2.14999504,
    118893.27663978208,
    "BTC-PERPETUAL",
    null,
    -23400,
    -0.424101507,
    56627.28,
    0.010873121,
    -297234,
    178339
  ],
  "time": 1616464748380
}