{
  "code": 200,
  "result": [
    -0.19722872539581324,
    2.15510713,
    0,
    0.01173521,
    2.15510713,
    2.15084847,
    118643.97517673526,
    "BTC-PERPETUAL",
    null,
    -23400,
    -0.424963597,
    56627.28,
    0.011735211,
    -296610,
    177965
  ],
  "time": 1616465048279
}