{
  "code": 200,
  "result": [
    -0.1452108183612091,
    2.14394806,
    0,
    0.00060887,
    2.14394806,
    2.14083162,
    122855.86019922665,
    "BTC-PERPETUAL",
    null,
    -17840,
    -0.311159607,
    57446.33,
    0.00060887,
    -307140,
    184283
  ],
  "time": 1616402948656
}