{
  "code": 200,
  "result": [
    -0.19879592595460216,
    2.15942044,
    0,
    0.01604852,
    2.15942044,
    2.15511846,
    117708.64964981082,
    "BTC-PERPETUAL",
    null,
    -23400,
    -0.429276905,
    56627.28,
    0.016048519,
    -294272,
    176562
  ],
  "time": 1616471228196
}