{
  "code": 200,
  "result": [
    -0.14561061876539047,
    2.14514093,
    0,
    0.00172308,
    2.14514093,
    2.14201331,
    122518.5371181206,
    "BTC-PERPETUAL",
    null,
    -17840,
    -0.312273814,
    57446.33,
    0.001723077,
    -306297,
    183777
  ],
  "time": 1616428329355
}