{
  "code": 200,
  "result": [
    -0.19746001919583334,
    2.1557767,
    0,
    0.01240477,
    2.1557767,
    2.15151131,
    118505.00215333601,
    "BTC-PERPETUAL",
    null,
    -23400,
    -0.425633157,
    56627.28,
    0.012404771,
    -296263,
    177757
  ],
  "time": 1616467329152
}