{
  "code": 200,
  "result": [
    -0.15174671802456757,
    2.16047975,
    0,
    0.01705681,
    2.16047975,
    2.15719831,
    117564.32186633341,
    "BTC-PERPETUAL",
    null,
    -17840,
    -0.327607547,
    57446.33,
    0.01705681,
    -293911,
    176346
  ],
  "time": 1616452810822
}