{
  "code": 200,
  "result": [
    -0.14847891279027692,
    2.15237835,
    0,
    0.00895977,
    2.15237835,
    2.14917814,
    120151.74185171057,
    "BTC-PERPETUAL",
    null,
    -17840,
    -0.319510504,
    57446.33,
    0.008959767,
    -300380,
    180227
  ],
  "time": 1616444770156
}