{
  "code": 200,
  "result": [
    -0.1483909824768094,
    2.15218385,
    0,
    0.00876527,
    2.15218385,
    2.1489856,
    120222.93876777883,
    "BTC-PERPETUAL",
    null,
    -17840,
    -0.319316005,
    57446.33,
    0.008765268,
    -300558,
    180334
  ],
  "time": 1616444529425
}