{
  "code": 200,
  "result": [
    -0.14851704019902828,
    2.15267834,
    0,
    0.00926036,
    2.15267834,
    2.14947512,
    120120.89640416039,
    "BTC-PERPETUAL",
    null,
    -17840,
    -0.319811096,
    57446.33,
    0.009260359,
    -300303,
    180181
  ],
  "time": 1616443148162
}