{
  "code": 200,
  "result": [
    -0.14553249518670494,
    2.14465527,
    0,
    0.00123942,
    2.14465527,
    2.14153251,
    122584.306529706,
    "BTC-PERPETUAL",
    null,
    -17840,
    -0.31179016,
    57446.33,
    0.001239423,
    -306461,
    183876
  ],
  "time": 1616420049834
}