{
  "code": 200,
  "result": [
    -0.14557199919939923,
    2.14510929,
    0,
    0.00169143,
    2.14510929,
    2.14198199,
    122551.04070916424,
    "BTC-PERPETUAL",
    null,
    -17840,
    -0.312242168,
    57446.33,
    0.001691431,
    -306378,
    183826
  ],
  "time": 1616435589837
}