{
  "code": 200,
  "result": [
    -0.15121373349816467,
    2.15979992,
    0,
    0.01638134,
    2.15979992,
    2.15652526,
    117978.7019822279,
    "BTC-PERPETUAL",
    null,
    -17840,
    -0.326932074,
    57446.33,
    0.016381337,
    -294947,
    176968
  ],
  "time": 1616445969333
}