{
  "code": 200,
  "result": [
    -0.19738179391319596,
    2.15573551,
    0,
    0.01236359,
    2.15573551,
    2.15147054,
    118551.96741342208,
    "BTC-PERPETUAL",
    null,
    -23400,
    -0.425591973,
    56627.28,
    0.012363587,
    -296380,
    177827
  ],
  "time": 1616466369749
}