{
  "code": 200,
  "result": [
    -0.14566275803025078,
    2.14500674,
    0,
    0.0016628,
    2.14500674,
    2.14187973,
    122474.6822128347,
    "BTC-PERPETUAL",
    null,
    -17840,
    -0.312213534,
    57446.33,
    0.001662797,
    -306187,
    183712
  ],
  "time": 1616403970399
}