{
  "code": 200,
  "result": [
    -0.14644805505919828,
    2.1472262,
    0,
    0.00380834,
    2.1472262,
    2.14407766,
    121817.93737573769,
    "BTC-PERPETUAL",
    null,
    -17840,
    -0.314359073,
    57446.33,
    0.003808336,
    -304545,
    182726
  ],
  "time": 1616432530997
}