{
  "code": 200,
  "result": [
    -0.1517559421736692,
    2.16057086,
    0,
    0.01714792,
    2.16057086,
    2.1572885,
    117557.17597920443,
    "BTC-PERPETUAL",
    null,
    -17840,
    -0.327698655,
    57446.33,
    0.017147918,
    -293893,
    176335
  ],
  "time": 1616452748563
}