{
  "code": 200,
  "result": [
    -0.14562696176661635,
    2.1452435,
    0,
    0.00182565,
    2.1452435,
    2.14211486,
    122504.7874623012,
    "BTC-PERPETUAL",
    null,
    -17840,
    -0.312376391,
    57446.33,
    0.001825654,
    -306262,
    183757
  ],
  "time": 1616426649401
}