{
  "code": 200,
  "result": [
    -0.14841169089053682,
    2.15222507,
    0,
    0.00880648,
    2.15222507,
    2.1490264,
    120206.16363139577,
    "BTC-PERPETUAL",
    null,
    -17840,
    -0.319357218,
    57446.33,
    0.008806481,
    -300516,
    180309
  ],
  "time": 1616445010863
}