{
  "code": 200,
  "result": [
    -0.15154787668032704,
    2.16010172,
    0,
    0.01667866,
    2.16010172,
    2.15682407,
    117718.57442537083,
    "BTC-PERPETUAL",
    null,
    -17840,
    -0.327229392,
    57446.33,
    0.016678655,
    -294297,
    176577
  ],
  "time": 1616455388817
}