{
  "code": 200,
  "result": [
    -0.1469655679875207,
    2.14846649,
    0,
    0.00504854,
    2.14846649,
    2.14530552,
    121388.97732504834,
    "BTC-PERPETUAL",
    null,
    -17840,
    -0.315599272,
    57446.33,
    0.005048535,
    -303473,
    182083
  ],
  "time": 1616438770756
}