{
  "code": 200,
  "result": [
    -0.19852762065133167,
    2.1585033,
    0,
    0.01513137,
    2.1585033,
    2.15421053,
    117867.7300580595,
    "BTC-PERPETUAL",
    null,
    -23400,
    -0.428359759,
    56627.28,
    0.015131373,
    -294670,
    176801
  ],
  "time": 1616471648580
}