{
  "code": 200,
  "result": [
    -0.14510540307809108,
    2.14337052,
    0,
    1.124e-05,
    2.14337052,
    2.14026007,
    122945.1117709179,
    "BTC-PERPETUAL",
    null,
    -17840,
    -0.31056198,
    57446.33,
    1.1243e-05,
    -307363,
    184417
  ],
  "time": 1616407448621
}