{
  "code": 200,
  "result": [
    -0.1510820996846259,
    2.15880852,
    0,
    0.01538968,
    2.15880852,
    2.1555438,
    118081.49368614709,
    "BTC-PERPETUAL",
    null,
    -17840,
    -0.325940418,
    57446.33,
    0.015389681,
    -295204,
    177122
  ],
  "time": 1616446328971
}