{
  "code": 200,
  "result": [
    -0.14555363070607746,
    2.1450813,
    0,
    0.00166345,
    2.1450813,
    2.14195429,
    122566.50633487156,
    "BTC-PERPETUAL",
    null,
    -17840,
    -0.31221419,
    57446.33,
    0.001663453,
    -306417,
    183849
  ],
  "time": 1616428090457
}