{
  "code": 200,
  "result": [
    -0.14569170502390452,
    2.14528082,
    0,
    0.00186296,
    2.14528082,
    2.1421518,
    122450.34813116425,
    "BTC-PERPETUAL",
    null,
    -17840,
    -0.312413699,
    57446.33,
    0.001862962,
    -306126,
    183675
  ],
  "time": 1616429769935
}