{
  "code": 200,
  "result": [
    -0.14567961685203817,
    2.14530314,
    0,
    0.00188529,
    2.14530314,
    2.14217389,
    122460.50878977448,
    "BTC-PERPETUAL",
    null,
    -17840,
    -0.312436022,
    57446.33,
    0.001885285,
    -306152,
    183690
  ],
  "time": 1616424788499
}