{
  "code": 200,
  "result": [
    -0.1456211528793386,
    2.14502936,
    0,
    0.0016115,
    2.14502936,
    2.14190286,
    122509.67422831892,
    "BTC-PERPETUAL",
    null,
    -17840,
    -0.312162236,
    57446.33,
    0.001611499,
    -306275,
    183764
  ],
  "time": 1616434569946
}