{
  "code": 200,
  "result": [
    -0.14657524092437446,
    2.14756629,
    0,
    0.00414843,
    2.14756629,
    2.14441435,
    121712.23384994846,
    "BTC-PERPETUAL",
    null,
    -17840,
    -0.314699168,
    57446.33,
    0.004148431,
    -304281,
    182568
  ],
  "time": 1616432589964
}