{
  "code": 200,
  "result": [
    -0.1982678441725156,
    2.15785946,
    0,
    0.01448753,
    2.15785946,
    2.15357315,
    118022.1638948136,
    "BTC-PERPETUAL",
    null,
    -23400,
    -0.427715918,
    56627.28,
    0.014487532,
    -295056,
    177033
  ],
  "time": 1616462228600
}