{
  "code": 200,
  "result": [
    -0.14553139099428955,
    2.1449403,
    0,
    0.00152244,
    2.1449403,
    2.14181469,
    122585.23661537748,
    "BTC-PERPETUAL",
    null,
    -17840,
    -0.312073173,
    57446.33,
    0.001522436,
    -306464,
    183877
  ],
  "time": 1616435409631
}