{
  "code": 200,
  "result": [
    -0.14423376844550959,
    2.14136869,
    0,
    -0.00202064,
    2.14136869,
    2.13827863,
    123688.09462771415,
    "BTC-PERPETUAL",
    null,
    -17840,
    -0.308530096,
    57446.33,
    -0.002020641,
    -309221,
    185532
  ],
  "time": 1616412729231
}