{
  "code": 200,
  "result": [
    -0.14611785861103063,
    2.14638509,
    0,
    0.00296723,
    2.14638509,
    2.14324499,
    122093.22097643468,
    "BTC-PERPETUAL",
    null,
    -17840,
    -0.313517967,
    57446.33,
    0.00296723,
    -305234,
    183139
  ],
  "time": 1616434270205
}