{
  "code": 200,
  "result": [
    -0.14819357667142874,
    2.15182481,
    0,
    0.00840686,
    2.15182481,
    2.14863015,
    120383.08542585772,
    "BTC-PERPETUAL",
    null,
    -17840,
    -0.318957595,
    57446.33,
    0.008406858,
    -300958,
    180574
  ],
  "time": 1616440748065
}