{
  "code": 200,
  "result": [
    -0.1487620709147445,
    2.15325312,
    0,
    0.00983453,
    2.15325312,
    2.15004413,
    119923.0414735494,
    "BTC-PERPETUAL",
    null,
    -17840,
    -0.320385267,
    57446.33,
    0.00983453,
    -299808,
    179884
  ],
  "time": 1616445370088
}