{
  "code": 200,
  "result": [
    -0.14828531676352874,
    2.1518203,
    0,
    0.00840224,
    2.1518203,
    2.14862569,
    120308.60768534167,
    "BTC-PERPETUAL",
    null,
    -17840,
    -0.318952976,
    57446.33,
    0.008402239,
    -300772,
    180462
  ],
  "time": 1616443510000
}