{
  "code": 200,
  "result": [
    -0.19840352141138615,
    2.15826787,
    0,
    0.01489594,
    2.15826787,
    2.15397746,
    117941.4550383938,
    "BTC-PERPETUAL",
    null,
    -23400,
    -0.428124329,
    56627.28,
    0.014895943,
    -294854,
    176912
  ],
  "time": 1616469548418
}