{
  "code": 200,
  "result": [
    -0.1513654035593945,
    2.15955249,
    0,
    0.01613253,
    2.15955249,
    2.15628032,
    117860.48582098704,
    "BTC-PERPETUAL",
    null,
    -17840,
    -0.326683266,
    57446.33,
    0.016132529,
    -294652,
    176790
  ],
  "time": 1616449088429
}