{
  "code": 200,
  "result": [
    -0.14556523094876636,
    2.14511044,
    0,
    0.00169258,
    2.14511044,
    2.14198313,
    122556.73888415722,
    "BTC-PERPETUAL",
    null,
    -17840,
    -0.312243316,
    57446.33,
    0.001692579,
    -306392,
    183835
  ],
  "time": 1616435469553
}