{
  "code": 200,
  "result": [
    -0.15174643393860135,
    2.16049184,
    0,
    0.0170689,
    2.16049184,
    2.15721027,
    117564.54195963712,
    "BTC-PERPETUAL",
    null,
    -17840,
    -0.327619639,
    57446.33,
    0.017068902,
    -293912,
    176346
  ],
  "time": 1616452570097
}