{
  "code": 200,
  "result": [
    -0.19915229146005048,
    2.16013694,
    0,
    0.01676501,
    2.16013694,
    2.15582776,
    117498.02037650162,
    "BTC-PERPETUAL",
    null,
    -23400,
    -0.429993399,
    56627.28,
    0.016765013,
    -293746,
    176247
  ],
  "time": 1616474709345
}