{
  "code": 200,
  "result": [
    -0.14703261343173182,
    2.14881649,
    0,
    0.00539854,
    2.14881649,
    2.14565201,
    121333.62512993232,
    "BTC-PERPETUAL",
    null,
    -17840,
    -0.315949275,
    57446.33,
    0.005398538,
    -303335,
    182000
  ],
  "time": 1616439369753
}