{
  "code": 200,
  "result": [
    -0.15209581169321662,
    2.16170189,
    0,
    0.01827882,
    2.16170189,
    2.15840818,
    117294.48563635664,
    "BTC-PERPETUAL",
    null,
    -17840,
    -0.32882956,
    57446.33,
    0.018278823,
    -293237,
    175941
  ],
  "time": 1616457429340
}