{
  "code": 200,
  "result": [
    -0.14560650799178543,
    2.14484144,
    0,
    0.0014241,
    2.14484144,
    2.14171682,
    122521.99607043984,
    "BTC-PERPETUAL",
    null,
    -17840,
    -0.311974832,
    57446.33,
    0.001424095,
    -306305,
    183782
  ],
  "time": 1616422029034
}