{
  "code": 200,
  "result": [
    -0.15152235427237837,
    2.16014094,
    0,
    0.01672146,
    2.16014094,
    2.15686287,
    117738.40292852503,
    "BTC-PERPETUAL",
    null,
    -17840,
    -0.327272194,
    57446.33,
    0.016721457,
    -294347,
    176607
  ],
  "time": 1616448610239
}