{
  "code": 200,
  "result": [
    -0.15168407616874297,
    2.1603177,
    0,
    0.01689464,
    2.1603177,
    2.15703789,
    117612.87308862702,
    "BTC-PERPETUAL",
    null,
    -17840,
    -0.327445374,
    57446.33,
    0.016894637,
    -294033,
    176419
  ],
  "time": 1616453829204
}