{
  "code": 200,
  "result": [
    -0.15036098565129763,
    2.15731443,
    0,
    0.01389584,
    2.15731443,
    2.1540647,
    118647.79898006767,
    "BTC-PERPETUAL",
    null,
    -17840,
    -0.324446577,
    57446.33,
    0.01389584,
    -296620,
    177971
  ],
  "time": 1616445909217
}