{
  "code": 200,
  "result": [
    -0.14541939713731797,
    2.14428535,
    0,
    0.00093223,
    2.14428535,
    2.14116567,
    122679.64488364561,
    "BTC-PERPETUAL",
    null,
    -17840,
    -0.311482966,
    57446.33,
    0.000932229,
    -306700,
    184019
  ],
  "time": 1616406189042
}