{
  "code": 200,
  "result": [
    -0.1454967047859174,
    2.14477802,
    0,
    0.00136895,
    2.14477802,
    2.14165396,
    122614.46076218443,
    "BTC-PERPETUAL",
    null,
    -17840,
    -0.311919686,
    57446.33,
    0.001368949,
    -306537,
    183921
  ],
  "time": 1616417170350
}