{
  "code": 200,
  "result": [
    -0.1457657529567706,
    2.14566458,
    0,
    0.00224673,
    2.14566458,
    2.14253171,
    122388.14425286005,
    "BTC-PERPETUAL",
    null,
    -17840,
    -0.312797467,
    57446.33,
    0.00224673,
    -305971,
    183582
  ],
  "time": 1616426471019
}