{
  "code": 200,
  "result": [
    -0.1455466514473176,
    2.14530287,
    0,
    0.00188501,
    2.14530287,
    2.14217363,
    122572.38364880836,
    "BTC-PERPETUAL",
    null,
    -17840,
    -0.312435748,
    57446.33,
    0.001885011,
    -306431,
    183858
  ],
  "time": 1616436129827
}