{
  "code": 200,
  "result": [
    -0.14646029922774575,
    2.1473051,
    0,
    0.00388718,
    2.1473051,
    2.14415578,
    121807.75332336855,
    "BTC-PERPETUAL",
    null,
    -17840,
    -0.314437918,
    57446.33,
    0.003887181,
    -304520,
    182711
  ],
  "time": 1616437989012
}