{
  "code": 200,
  "result": [
    -0.14851336024649522,
    2.1525461,
    0,
    0.00912798,
    2.1525461,
    2.1493442,
    120123.8728313065,
    "BTC-PERPETUAL",
    null,
    -17840,
    -0.319678716,
    57446.33,
    0.009127979,
    -300310,
    180185
  ],
  "time": 1616443749032
}