{
  "code": 200,
  "result": [
    -0.14673820831225468,
    2.14781341,
    0,
    0.00439555,
    2.14781341,
    2.14465898,
    121577.0602980036,
    "BTC-PERPETUAL",
    null,
    -17840,
    -0.314946284,
    57446.33,
    0.004395547,
    -303943,
    182365
  ],
  "time": 1616431690238
}