{
  "code": 200,
  "result": [
    -0.1516968608747174,
    2.16027125,
    0,
    0.01684825,
    2.16027125,
    2.1569919,
    117602.96091251093,
    "BTC-PERPETUAL",
    null,
    -17840,
    -0.327398982,
    57446.33,
    0.016848245,
    -294008,
    176404
  ],
  "time": 1616453290717
}