{
  "code": 200,
  "result": [
    -0.1515198615474908,
    2.15970519,
    0,
    0.01628658,
    2.15970519,
    2.15643147,
    117740.33989866349,
    "BTC-PERPETUAL",
    null,
    -17840,
    -0.326837319,
    57446.33,
    0.016286582,
    -294351,
    176610
  ],
  "time": 1616446148605
}