{
  "code": 200,
  "result": [
    -0.1471813170627996,
    2.14901141,
    0,
    0.00559355,
    2.14901141,
    2.14584497,
    121211.03653657343,
    "BTC-PERPETUAL",
    null,
    -17840,
    -0.316144287,
    57446.33,
    0.00559355,
    -303028,
    181816
  ],
  "time": 1616431449310
}