{
  "code": 200,
  "result": [
    -0.1984406798390947,
    2.15837677,
    0,
    0.01500485,
    2.15837677,
    2.15408527,
    117919.3702570151,
    "BTC-PERPETUAL",
    null,
    -23400,
    -0.428233234,
    56627.28,
    0.015004848,
    -294799,
    176879
  ],
  "time": 1616460848525
}