{
  "code": 200,
  "result": [
    -0.19821186028218196,
    2.15792913,
    0,
    0.0145572,
    2.15792913,
    2.15364212,
    118055.4986300359,
    "BTC-PERPETUAL",
    null,
    -23400,
    -0.427785588,
    56627.28,
    0.014557202,
    -295139,
    177083
  ],
  "time": 1616461930192
}