{
  "code": 200,
  "result": [
    -0.1437129185779131,
    2.14018571,
    0,
    -0.00318716,
    2.14018571,
    2.13710735,
    124136.3697608587,
    "BTC-PERPETUAL",
    null,
    -17840,
    -0.30736358,
    57446.33,
    -0.003187157,
    -310341,
    186204
  ],
  "time": 1616410029289
}