{
  "code": 200,
  "result": [
    -0.14555449377229726,
    2.14503148,
    0,
    0.00161363,
    2.14503148,
    2.14190496,
    122565.77957605735,
    "BTC-PERPETUAL",
    null,
    -17840,
    -0.312164366,
    57446.33,
    0.001613629,
    -306415,
    183848
  ],
  "time": 1616427371505
}