{
  "code": 200,
  "result": [
    -0.19965561795551393,
    2.1618718,
    0,
    0.01849988,
    2.1618718,
    2.1575452,
    117201.81099644213,
    "BTC-PERPETUAL",
    null,
    -23400,
    -0.431728264,
    56627.28,
    0.018499878,
    -293005,
    175802
  ],
  "time": 1616474409552
}