{
  "code": 200,
  "result": [
    -0.1993193208190372,
    2.16080882,
    0,
    0.0174369,
    2.16080882,
    2.1564929,
    117399.55717210652,
    "BTC-PERPETUAL",
    null,
    -23400,
    -0.430665282,
    56627.28,
    0.017436896,
    -293499,
    176099
  ],
  "time": 1616474589240
}