{
  "code": 200,
  "result": [
    -0.14528592948985924,
    2.14396411,
    0,
    0.00061354,
    2.14396411,
    2.14084763,
    122792.34515442328,
    "BTC-PERPETUAL",
    null,
    -17840,
    -0.311164274,
    57446.33,
    0.000613537,
    -306981,
    184188
  ],
  "time": 1616405529715
}