{
  "code": 200,
  "result": [
    -0.15119610685227622,
    2.15921361,
    0,
    0.01579423,
    2.15921361,
    2.15594484,
    117992.45609829288,
    "BTC-PERPETUAL",
    null,
    -17840,
    -0.326344966,
    57446.33,
    0.015794229,
    -294982,
    176988
  ],
  "time": 1616448249309
}