{
  "code": 200,
  "result": [
    -0.1455847551133187,
    2.14489013,
    0,
    0.00147266,
    2.14489013,
    2.14176503,
    122540.30297412591,
    "BTC-PERPETUAL",
    null,
    -17840,
    -0.312023395,
    57446.33,
    0.001472658,
    -306351,
    183810
  ],
  "time": 1616424011194
}