{
  "code": 200,
  "result": [
    -0.19762704982040974,
    2.15638982,
    0,
    0.01301789,
    2.15638982,
    2.15211827,
    118404.84397892067,
    "BTC-PERPETUAL",
    null,
    -23400,
    -0.426246279,
    56627.28,
    0.013017893,
    -296013,
    177607
  ],
  "time": 1616467809662
}