{
  "code": 200,
  "result": [
    -0.14510096721111032,
    2.14366813,
    0,
    0.00032941,
    2.14366813,
    2.1405545,
    122948.87031348472,
    "BTC-PERPETUAL",
    null,
    -17840,
    -0.310880143,
    57446.33,
    0.000329406,
    -307373,
    184423
  ],
  "time": 1616402769908
}