{
  "code": 200,
  "result": [
    -0.1454975579014858,
    2.14480098,
    0,
    0.00138313,
    2.14480098,
    2.14167678,
    122613.74182018363,
    "BTC-PERPETUAL",
    null,
    -17840,
    -0.311933866,
    57446.33,
    0.001383129,
    -306535,
    183920
  ],
  "time": 1616427010963
}