{
  "code": 200,
  "result": [
    -0.14828578883106178,
    2.15200891,
    0,
    0.00859093,
    2.15200891,
    2.1488124,
    120308.2246831128,
    "BTC-PERPETUAL",
    null,
    -17840,
    -0.319141666,
    57446.33,
    0.008590929,
    -300771,
    180462
  ],
  "time": 1616442969946
}