{
  "code": 200,
  "result": [
    -0.1989316593037064,
    2.15960236,
    0,
    0.01623043,
    2.15960236,
    2.15529855,
    117628.33569027603,
    "BTC-PERPETUAL",
    null,
    -23400,
    -0.429458819,
    56627.28,
    0.016230433,
    -294071,
    176442
  ],
  "time": 1616475370585
}