{
  "code": 200,
  "result": [
    -0.15167993031945065,
    2.1604857,
    0,
    0.01706277,
    2.1604857,
    2.1572042,
    117616.08778714141,
    "BTC-PERPETUAL",
    null,
    -17840,
    -0.327613503,
    57446.33,
    0.017062766,
    -294041,
    176424
  ],
  "time": 1616452328938
}