{
  "code": 200,
  "result": [
    -0.14839930350839498,
    2.152043,
    0,
    0.00862502,
    2.152043,
    2.14884615,
    120216.19763862832,
    "BTC-PERPETUAL",
    null,
    -17840,
    -0.319175754,
    57446.33,
    0.008625017,
    -300541,
    180324
  ],
  "time": 1616441829070
}