{
  "code": 200,
  "result": [
    -0.14948507524038523,
    2.15515566,
    0,
    0.01173707,
    2.15515566,
    2.15192759,
    119343.01783179157,
    "BTC-PERPETUAL",
    null,
    -17840,
    -0.32228781,
    57446.33,
    0.011737073,
    -298358,
    179014
  ],
  "time": 1616445729466
}