{
  "code": 200,
  "result": [
    -0.14623618139663536,
    2.14676594,
    0,
    0.00334808,
    2.14676594,
    2.14362203,
    121994.43277045572,
    "BTC-PERPETUAL",
    null,
    -17840,
    -0.31389882,
    57446.33,
    0.003348083,
    -304987,
    182991
  ],
  "time": 1616433970382
}