{
  "code": 200,
  "result": [
    -0.15168333606754567,
    2.16034078,
    0,
    0.01691772,
    2.16034078,
    2.15706074,
    117613.44695145497,
    "BTC-PERPETUAL",
    null,
    -17840,
    -0.327468454,
    57446.33,
    0.016917717,
    -294034,
    176420
  ],
  "time": 1616453708502
}