{
  "code": 200,
  "result": [
    -0.14565839037294812,
    2.14516858,
    0,
    0.00175938,
    2.14516858,
    2.1420406,
    122478.35469224895,
    "BTC-PERPETUAL",
    null,
    -17840,
    -0.312310113,
    57446.33,
    0.001759376,
    -306196,
    183717
  ],
  "time": 1616417288701
}