{
  "code": 200,
  "result": [
    -0.1986459541122873,
    2.15887515,
    0,
    0.01550323,
    2.15887515,
    2.15457865,
    117797.51621204847,
    "BTC-PERPETUAL",
    null,
    -23400,
    -0.428731614,
    56627.28,
    0.015503228,
    -294494,
    176696
  ],
  "time": 1616470988832
}