{
  "code": 200,
  "result": [
    -0.14526603710282654,
    2.14422195,
    0,
    0.00081388,
    2.14422195,
    2.14110346,
    122809.16004731346,
    "BTC-PERPETUAL",
    null,
    -17840,
    -0.311364617,
    57446.33,
    0.00081388,
    -307023,
    184213
  ],
  "time": 1616416688855
}