{
  "code": 200,
  "result": [
    -0.14424949061754577,
    2.14122338,
    0,
    -0.00213804,
    2.14122338,
    2.1381345,
    123674.61350210158,
    "BTC-PERPETUAL",
    null,
    -17840,
    -0.3084127,
    57446.33,
    -0.002138037,
    -309187,
    185511
  ],
  "time": 1616407749475
}