{
  "code": 200,
  "result": [
    -0.1977599578300485,
    2.15658479,
    0,
    0.01321287,
    2.15658479,
    2.15231129,
    118325.26794989286,
    "BTC-PERPETUAL",
    null,
    -23400,
    -0.426441253,
    56627.28,
    0.013212867,
    -295814,
    177487
  ],
  "time": 1616465888748
}