{
  "code": 200,
  "result": [
    -0.19919567251649403,
    2.16044999,
    0,
    0.01707806,
    2.16044999,
    2.15613766,
    117472.43152615378,
    "BTC-PERPETUAL",
    null,
    -23400,
    -0.430306446,
    56627.28,
    0.01707806,
    -293682,
    176208
  ],
  "time": 1616475671877
}