{
  "code": 200,
  "result": [
    -0.14424295616174393,
    2.14136378,
    0,
    -0.00202592,
    2.14136378,
    2.13827377,
    123680.21617634817,
    "BTC-PERPETUAL",
    null,
    -17840,
    -0.308524814,
    57446.33,
    -0.002025923,
    -309201,
    185520
  ],
  "time": 1616412789264
}