{
  "code": 200,
  "result": [
    -0.1451087013156828,
    2.14368058,
    0,
    0.00027389,
    2.14368058,
    2.1405675,
    122942.31729901039,
    "BTC-PERPETUAL",
    null,
    -17840,
    -0.310824624,
    57446.33,
    0.000273887,
    -307356,
    184413
  ],
  "time": 1616416211314
}