{
  "code": 200,
  "result": [
    -0.14922088676590625,
    2.15440181,
    0,
    0.01098323,
    2.15440181,
    2.1511813,
    119554.30896203502,
    "BTC-PERPETUAL",
    null,
    -17840,
    -0.321533962,
    57446.33,
    0.010983225,
    -298886,
    179331
  ],
  "time": 1616445669884
}