{
  "code": 200,
  "result": [
    -0.1445879280242728,
    2.14222652,
    0,
    -0.00110202,
    2.14222652,
    2.13912724,
    123385.12795483934,
    "BTC-PERPETUAL",
    null,
    -17840,
    -0.309448715,
    57446.33,
    -0.001102022,
    -308463,
    185077
  ],
  "time": 1616399949442
}