{
  "code": 200,
  "result": [
    -0.14558315594283588,
    2.14514821,
    0,
    0.00173035,
    2.14514821,
    2.14202052,
    122541.64902844245,
    "BTC-PERPETUAL",
    null,
    -17840,
    -0.312281084,
    57446.33,
    0.001730347,
    -306355,
    183812
  ],
  "time": 1616434869765
}