{
  "code": 200,
  "result": [
    -0.15137267518316894,
    2.15960471,
    0,
    0.01618165,
    2.15960471,
    2.15633205,
    117854.82405204677,
    "BTC-PERPETUAL",
    null,
    -17840,
    -0.326736456,
    57446.33,
    0.016185719,
    -294638,
    176782
  ],
  "time": 1616456469557
}