{
  "code": 200,
  "result": [
    -0.1984720067237228,
    2.15829967,
    0,
    0.01492775,
    2.15829967,
    2.15400894,
    117900.75782613156,
    "BTC-PERPETUAL",
    null,
    -23400,
    -0.428156133,
    56627.28,
    0.014927747,
    -294752,
    176851
  ],
  "time": 1616470211209
}