{
  "code": 200,
  "result": [
    -0.14537696102275033,
    2.14414339,
    0,
    0.00078926,
    2.14414339,
    2.14102515,
    122715.4555611338,
    "BTC-PERPETUAL",
    null,
    -17840,
    -0.311340001,
    57446.33,
    0.000789264,
    -306789,
    184073
  ],
  "time": 1616406429062
}