{
  "code": 200,
  "result": [
    -0.19964728171960594,
    2.16171264,
    0,
    0.01834071,
    2.16171264,
    2.15738763,
    117206.70473672697,
    "BTC-PERPETUAL",
    null,
    -23400,
    -0.431569095,
    56627.28,
    0.018340709,
    -293017,
    175810
  ],
  "time": 1616474049174
}