{
  "code": 200,
  "result": [
    -0.14363746769403468,
    2.13990984,
    0,
    -0.00346704,
    2.13990984,
    2.13683429,
    124201.57697294814,
    "BTC-PERPETUAL",
    null,
    -17840,
    -0.307083701,
    57446.33,
    -0.003467036,
    -310504,
    186302
  ],
  "time": 1616410628533
}