{
  "code": 200,
  "result": [
    -0.1434908833531006,
    2.1394368,
    0,
    -0.0039376,
    2.1394368,
    2.13636597,
    124328.45615773059,
    "BTC-PERPETUAL",
    null,
    -17840,
    -0.306613133,
    57446.33,
    -0.003937604,
    -310822,
    186492
  ],
  "time": 1616410269471
}