{
  "code": 200,
  "result": [
    -0.14490272034572146,
    2.14321741,
    0,
    -0.00011856,
    2.14321741,
    2.14010827,
    123117.0812903704,
    "BTC-PERPETUAL",
    null,
    -17840,
    -0.310432174,
    57446.33,
    -0.000118563,
    -307793,
    184675
  ],
  "time": 1616401749308
}