{
  "code": 200,
  "result": [
    -0.19865295949352593,
    2.15921469,
    0,
    0.01584276,
    2.15921469,
    2.15491477,
    117793.36215105621,
    "BTC-PERPETUAL",
    null,
    -23400,
    -0.429071147,
    56627.28,
    0.015842761,
    -294484,
    176690
  ],
  "time": 1616472610229
}