{
  "code": 200,
  "result": [
    -0.14449625315407244,
    2.14187439,
    0,
    -0.00148624,
    2.14187439,
    2.13877897,
    123463.40898526754,
    "BTC-PERPETUAL",
    null,
    -17840,
    -0.309064494,
    57446.33,
    -0.001486243,
    -308659,
    185195
  ],
  "time": 1616407628603
}