{
  "code": 200,
  "result": [
    -0.1443012194135237,
    2.14175544,
    0,
    -0.00164069,
    2.14175544,
    2.13866157,
    123630.27888819117,
    "BTC-PERPETUAL",
    null,
    -17840,
    -0.308910046,
    57446.33,
    -0.001640691,
    -309076,
    185445
  ],
  "time": 1616413870236
}