{
  "code": 200,
  "result": [
    -0.14573793308466737,
    2.14553191,
    0,
    0.00211406,
    2.14553191,
    2.14240038,
    122411.50689049321,
    "BTC-PERPETUAL",
    null,
    -17840,
    -0.3126648,
    57446.33,
    0.002114063,
    -306029,
    183617
  ],
  "time": 1616425629374
}