{
  "code": 200,
  "result": [
    -0.14539215458553686,
    2.14413035,
    0,
    0.0007765,
    2.14413035,
    2.14101223,
    122702.63172628342,
    "BTC-PERPETUAL",
    null,
    -17840,
    -0.311327233,
    57446.33,
    0.000776496,
    -306757,
    184053
  ],
  "time": 1616406370329
}