{
  "code": 200,
  "result": [
    -0.19852342694675434,
    2.15864747,
    0,
    0.01527555,
    2.15864747,
    2.15435325,
    117870.2199528123,
    "BTC-PERPETUAL",
    null,
    -23400,
    -0.428503935,
    56627.28,
    0.015275549,
    -294676,
    176805
  ],
  "time": 1616460908603
}