{
  "code": 200,
  "result": [
    -0.14452272630312749,
    2.14203424,
    0,
    -0.00129417,
    2.14203424,
    2.1389369,
    123440.79340561084,
    "BTC-PERPETUAL",
    null,
    -17840,
    -0.309256566,
    57446.33,
    -0.001294171,
    -308602,
    185161
  ],
  "time": 1616399889460
}