{
  "code": 200,
  "result": [
    -0.19775947358443483,
    2.15668297,
    0,
    0.01331104,
    2.15668297,
    2.15240848,
    118325.55768818429,
    "BTC-PERPETUAL",
    null,
    -23400,
    -0.426539429,
    56627.28,
    0.013311043,
    -295814,
    177488
  ],
  "time": 1616467869285
}