{
  "code": 200,
  "result": [
    -0.15179079904006446,
    2.16075992,
    0,
    0.01733686,
    2.16075992,
    2.15747567,
    117530.18043795406,
    "BTC-PERPETUAL",
    null,
    -17840,
    -0.327887593,
    57446.33,
    0.017336856,
    -293826,
    176295
  ],
  "time": 1616455628314
}