{
  "code": 200,
  "result": [
    -0.19760454250089407,
    2.15615949,
    0,
    0.01278757,
    2.15615949,
    2.15189026,
    118418.33038779524,
    "BTC-PERPETUAL",
    null,
    -23400,
    -0.426015957,
    56627.28,
    0.012787571,
    -296046,
    177627
  ],
  "time": 1616466128816
}