{
  "code": 200,
  "result": [
    -0.1474642996191757,
    2.1498806,
    0,
    0.00646274,
    2.1498806,
    2.14670544,
    120978.43373665033,
    "BTC-PERPETUAL",
    null,
    -17840,
    -0.317013477,
    57446.33,
    0.00646274,
    -302447,
    181467
  ],
  "time": 1616431090730
}