{
  "code": 200,
  "result": [
    -0.14852337988083886,
    2.15232931,
    0,
    0.00891125,
    2.15232931,
    2.14912959,
    120115.76907496403,
    "BTC-PERPETUAL",
    null,
    -17840,
    -0.319461986,
    57446.33,
    0.008911249,
    -300290,
    180173
  ],
  "time": 1616443449433
}