{
  "code": 200,
  "result": [
    -0.14905755631759546,
    2.15422815,
    0,
    0.01081016,
    2.15422815,
    2.15100937,
    119685.31110216572,
    "BTC-PERPETUAL",
    null,
    -17840,
    -0.321360899,
    57446.33,
    0.010810162,
    -299214,
    179527
  ],
  "time": 1616443212456
}