{
  "code": 200,
  "result": [
    -0.15105919457265968,
    2.15874315,
    0,
    0.01532377,
    2.15874315,
    2.1554791,
    118099.39838795403,
    "BTC-PERPETUAL",
    null,
    -17840,
    -0.325874509,
    57446.33,
    0.015323772,
    -295249,
    177149
  ],
  "time": 1616448370170
}