{
  "code": 200,
  "result": [
    -0.19778015653424721,
    2.15660476,
    0,
    0.01323284,
    2.15660476,
    2.15233106,
    118313.18373917912,
    "BTC-PERPETUAL",
    null,
    -23400,
    -0.42637676,
    56627.28,
    0.013148374,
    -295783,
    177469
  ],
  "time": 1616463549863
}