{
  "code": 200,
  "result": [
    -0.15166100787037573,
    2.16043518,
    0,
    0.01701212,
    2.16043518,
    2.15715419,
    117630.76251773167,
    "BTC-PERPETUAL",
    null,
    -17840,
    -0.327562853,
    57446.33,
    0.017012116,
    -294077,
    176446
  ],
  "time": 1616456228663
}