{
  "code": 200,
  "result": [
    -0.14475523710631502,
    2.14263277,
    0,
    -0.00069887,
    2.14263277,
    2.13952945,
    123242.51858948266,
    "BTC-PERPETUAL",
    null,
    -17840,
    -0.309851865,
    57446.33,
    -0.000698872,
    -308107,
    184863
  ],
  "time": 1616400790101
}