{
  "code": 200,
  "result": [
    -0.1509508463189936,
    2.1586822,
    0,
    0.01525914,
    2.1586822,
    2.1554188,
    118184.16680023115,
    "BTC-PERPETUAL",
    null,
    -17840,
    -0.325809877,
    57446.33,
    0.01525914,
    -295461,
    177276
  ],
  "time": 1616454969919
}