{
  "code": 200,
  "result": [
    -0.14551877820596013,
    2.14457413,
    0,
    0.00122155,
    2.14457413,
    2.14145154,
    122595.86164714867,
    "BTC-PERPETUAL",
    null,
    -17840,
    -0.311772287,
    57446.33,
    0.00122155,
    -306490,
    183893
  ],
  "time": 1616406070008
}