{
  "code": 200,
  "result": [
    -0.19696115266596317,
    2.15438314,
    0,
    0.01101121,
    2.15438314,
    2.15013174,
    118805.1536217667,
    "BTC-PERPETUAL",
    null,
    -23400,
    -0.4242396,
    56627.28,
    0.011011214,
    -297013,
    178207
  ],
  "time": 1616463788511
}