{
  "code": 200,
  "result": [
    -0.1982890555805489,
    2.15773425,
    0,
    0.01436233,
    2.15773425,
    2.1534492,
    118009.53880933918,
    "BTC-PERPETUAL",
    null,
    -23400,
    -0.427590711,
    56627.28,
    0.014362325,
    -295024,
    177014
  ],
  "time": 1616461212185
}