{
  "code": 200,
  "result": [
    -0.14359702945697858,
    2.13979075,
    0,
    -0.00358286,
    2.13979075,
    2.13671636,
    124236.55327316385,
    "BTC-PERPETUAL",
    null,
    -17840,
    -0.306967878,
    57446.33,
    -0.003582859,
    -310592,
    186354
  ],
  "time": 1616410149086
}