{
  "code": 200,
  "result": [
    -0.14519900642424083,
    2.14381687,
    0,
    0.00047851,
    2.14381687,
    2.14070174,
    122865.85452158873,
    "BTC-PERPETUAL",
    null,
    -17840,
    -0.311029247,
    57446.33,
    0.00047851,
    -307165,
    184298
  ],
  "time": 1616402648903
}