{
  "code": 200,
  "result": [
    -0.15131902924552235,
    2.15953974,
    0,
    0.01611668,
    2.15953974,
    2.15626773,
    117896.60618991777,
    "BTC-PERPETUAL",
    null,
    -17840,
    -0.326667414,
    57446.33,
    0.016116677,
    -294742,
    176844
  ],
  "time": 1616456828638
}