{
  "code": 200,
  "result": [
    -0.14701539528932575,
    2.14868377,
    0,
    0.00526581,
    2.14868377,
    2.14552062,
    121347.83547594419,
    "BTC-PERPETUAL",
    null,
    -17840,
    -0.31581655,
    57446.33,
    0.005265813,
    -303370,
    182021
  ],
  "time": 1616439309409
}