{
  "code": 200,
  "result": [
    -0.1455898631643708,
    2.14495524,
    0,
    0.00154269,
    2.14495524,
    2.14182943,
    122536.00362175392,
    "BTC-PERPETUAL",
    null,
    -17840,
    -0.312093428,
    57446.33,
    0.001542691,
    -306341,
    183804
  ],
  "time": 1616418549314
}