{
  "code": 200,
  "result": [
    -0.19756477236807052,
    2.1561208,
    0,
    0.01274887,
    2.1561208,
    2.15185195,
    118442.16820397986,
    "BTC-PERPETUAL",
    null,
    -23400,
    -0.425977258,
    56627.28,
    0.012748872,
    -296106,
    177663
  ],
  "time": 1616465769670
}