{
  "code": 200,
  "result": [
    -0.14376199583337318,
    2.14014795,
    0,
    -0.00323809,
    2.14014795,
    2.1370701,
    124093.99227232061,
    "BTC-PERPETUAL",
    null,
    -17840,
    -0.307312646,
    57446.33,
    -0.003238091,
    -310235,
    186140
  ],
  "time": 1616412128483
}