{
  "code": 200,
  "result": [
    -0.1516743905243167,
    2.16027107,
    0,
    0.01684801,
    2.16027107,
    2.15699172,
    117620.38362791286,
    "BTC-PERPETUAL",
    null,
    -17840,
    -0.327398742,
    57446.33,
    0.016848005,
    -294051,
    176430
  ],
  "time": 1616455748597
}