{
  "code": 200,
  "result": [
    -0.1450159324983483,
    2.14360628,
    0,
    0.00019912,
    2.14360628,
    2.14049395,
    123020.96530119679,
    "BTC-PERPETUAL",
    null,
    -17840,
    -0.310749855,
    57446.33,
    0.000199118,
    -307553,
    184531
  ],
  "time": 1616416330225
}