{
  "code": 200,
  "result": [
    -0.14549371741345876,
    2.14455753,
    0,
    0.00113995,
    2.14455753,
    2.14143576,
    122616.97836273532,
    "BTC-PERPETUAL",
    null,
    -17840,
    -0.31169069,
    57446.33,
    0.001139953,
    -306543,
    183925
  ],
  "time": 1616424429013
}