{
  "code": 200,
  "result": [
    -0.1530542865763898,
    2.16358974,
    0,
    0.02016695,
    2.16358974,
    2.1602771,
    116559.95006122228,
    "BTC-PERPETUAL",
    null,
    -17840,
    -0.330717685,
    57446.33,
    0.020166948,
    -291400,
    174839
  ],
  "time": 1616450709037
}