{
  "code": 200,
  "result": [
    -0.14561996003717698,
    2.14541195,
    0,
    0.0019941,
    2.14541195,
    2.14228162,
    122510.67776316807,
    "BTC-PERPETUAL",
    null,
    -17840,
    -0.312544839,
    57446.33,
    0.001994102,
    -306277,
    183766
  ],
  "time": 1616426828884
}