{
  "code": 200,
  "result": [
    -0.14564005063208835,
    2.14506936,
    0,
    0.0016528,
    2.14506936,
    2.14194245,
    122493.77779376697,
    "BTC-PERPETUAL",
    null,
    -17840,
    -0.312203536,
    57446.33,
    0.001652799,
    -306235,
    183740
  ],
  "time": 1616420349256
}