{
  "code": 200,
  "result": [
    -0.14595497031760216,
    2.14573362,
    0,
    0.00231618,
    2.14573362,
    2.14260005,
    122229.47914126977,
    "BTC-PERPETUAL",
    null,
    -17840,
    -0.312866915,
    57446.33,
    0.002316178,
    -305574,
    183344
  ],
  "time": 1616423770446
}