{
  "code": 200,
  "result": [
    -0.1967409281332575,
    2.15389368,
    0,
    0.01052176,
    2.15389368,
    2.1496472,
    118938.13972530719,
    "BTC-PERPETUAL",
    null,
    -23400,
    -0.423750145,
    56627.28,
    0.010521759,
    -297346,
    178407
  ],
  "time": 1616464448688
}