{
  "code": 200,
  "result": [
    -0.19888287228147958,
    2.15965935,
    0,
    0.01628743,
    2.15965935,
    2.15535497,
    117657.19054420083,
    "BTC-PERPETUAL",
    null,
    -23400,
    -0.429515813,
    56627.28,
    0.016287427,
    -294143,
    176485
  ],
  "time": 1616470389841
}