{
  "code": 200,
  "result": [
    -0.15091177561915983,
    2.15832991,
    0,
    0.01490822,
    2.15832991,
    2.15507002,
    118214.76439996924,
    "BTC-PERPETUAL",
    null,
    -17840,
    -0.325458954,
    57446.33,
    0.014908217,
    -295537,
    177322
  ],
  "time": 1616449689028
}