{
  "code": 200,
  "result": [
    -0.14816153683281882,
    2.15152477,
    0,
    0.00810679,
    2.15152477,
    2.14833312,
    120409.1181919241,
    "BTC-PERPETUAL",
    null,
    -17840,
    -0.318657523,
    57446.33,
    0.008106786,
    -301023,
    180613
  ],
  "time": 1616442012721
}