{
  "code": 200,
  "result": [
    -0.15153788016633352,
    2.15987475,
    0,
    0.01645169,
    2.15987475,
    2.15659938,
    117726.33997795248,
    "BTC-PERPETUAL",
    null,
    -17840,
    -0.327002427,
    57446.33,
    0.01645169,
    -294316,
    176589
  ],
  "time": 1616454069932
}