{
  "code": 200,
  "result": [
    -0.14694164518022082,
    2.14832201,
    0,
    0.00490406,
    2.14832201,
    2.14516249,
    121408.74003499564,
    "BTC-PERPETUAL",
    null,
    -17840,
    -0.315462657,
    57446.33,
    0.00491192,
    -303522,
    182113
  ],
  "time": 1616439670110
}