{
  "code": 200,
  "result": [
    -0.1985946438489092,
    2.15899388,
    0,
    0.01562195,
    2.15899388,
    2.15469618,
    117827.95117980482,
    "BTC-PERPETUAL",
    null,
    -23400,
    -0.428850338,
    56627.28,
    0.015621952,
    -294570,
    176741
  ],
  "time": 1616472849124
}