{
  "code": 200,
  "result": [
    -0.1514516957556212,
    2.16001076,
    0,
    0.01658781,
    2.16001076,
    2.15673402,
    117793.33279163935,
    "BTC-PERPETUAL",
    null,
    -17840,
    -0.327138544,
    57446.33,
    0.016587807,
    -294484,
    176689
  ],
  "time": 1616450348415
}