{
  "code": 200,
  "result": [
    -0.1468554112245477,
    2.14834968,
    0,
    0.00493172,
    2.14834968,
    2.14518988,
    121480.03162595035,
    "BTC-PERPETUAL",
    null,
    -17840,
    -0.315482461,
    57446.33,
    0.004931724,
    -303701,
    182220
  ],
  "time": 1616438469732
}