{
  "code": 200,
  "result": [
    -0.14449660059173675,
    2.142262,
    0,
    -0.00113916,
    2.142262,
    2.1391631,
    123463.11212127026,
    "BTC-PERPETUAL",
    null,
    -17840,
    -0.309411575,
    57446.33,
    -0.001139162,
    -308658,
    185194
  ],
  "time": 1616414828492
}