{
  "code": 200,
  "result": [
    -0.15128605016797467,
    2.15944958,
    0,
    0.01603062,
    2.15944958,
    2.15617843,
    117922.30665148598,
    "BTC-PERPETUAL",
    null,
    -17840,
    -0.326581361,
    57446.33,
    0.016030624,
    -294806,
    176883
  ],
  "time": 1616446570647
}