{
  "code": 200,
  "result": [
    -0.14626746923475184,
    2.14678909,
    0,
    0.00337123,
    2.14678909,
    2.14364494,
    121968.33713836744,
    "BTC-PERPETUAL",
    null,
    -17840,
    -0.313921964,
    57446.33,
    0.003371227,
    -304921,
    182952
  ],
  "time": 1616430129213
}