{
  "code": 200,
  "result": [
    -0.14871509455141835,
    2.15295052,
    0,
    0.0095324,
    2.15295052,
    2.14974457,
    119960.9229568274,
    "BTC-PERPETUAL",
    null,
    -17840,
    -0.320083135,
    57446.33,
    0.009532398,
    -299903,
    179941
  ],
  "time": 1616443869568
}