{
  "code": 200,
  "result": [
    -0.1449384626235153,
    2.14337023,
    0,
    -3.67e-05,
    2.14337023,
    2.14026027,
    123086.72023340185,
    "BTC-PERPETUAL",
    null,
    -17840,
    -0.310311221,
    57446.33,
    -0.000239516,
    -307717,
    184630
  ],
  "time": 1616416269743
}