{
  "code": 200,
  "result": [
    -0.14927864948767963,
    2.15461908,
    0,
    0.01120109,
    2.15461908,
    2.15139638,
    119508.04794407242,
    "BTC-PERPETUAL",
    null,
    -17840,
    -0.321751831,
    57446.33,
    0.011201094,
    -298771,
    179262
  ],
  "time": 1616443269586
}