{
  "code": 200,
  "result": [
    -0.1439626069014471,
    2.14047403,
    0,
    -0.00288809,
    2.14047403,
    2.13739267,
    123921.06800492144,
    "BTC-PERPETUAL",
    null,
    -17840,
    -0.307662645,
    57446.33,
    -0.002888092,
    -309803,
    185881
  ],
  "time": 1616407870481
}