{
  "code": 200,
  "result": [
    -0.1459981540956766,
    2.14592556,
    0,
    0.00250823,
    2.14592556,
    2.14279007,
    122193.32573416618,
    "BTC-PERPETUAL",
    null,
    -17840,
    -0.313058963,
    57446.33,
    0.002508226,
    -305484,
    183289
  ],
  "time": 1616421489602
}