{
  "code": 200,
  "result": [
    -0.14355619089729837,
    2.13968307,
    0,
    -0.00369168,
    2.13968307,
    2.13660977,
    124271.89582344747,
    "BTC-PERPETUAL",
    null,
    -17840,
    -0.306859057,
    57446.33,
    -0.00369168,
    -310680,
    186407
  ],
  "time": 1616410328848
}