{
  "code": 200,
  "result": [
    -0.19846691185226242,
    2.15832929,
    0,
    0.01495736,
    2.15832929,
    2.15403826,
    117903.78447274283,
    "BTC-PERPETUAL",
    null,
    -23400,
    -0.428185748,
    56627.28,
    0.014957362,
    -294760,
    176855
  ],
  "time": 1616461688147
}