{
  "code": 200,
  "result": [
    -0.1465545273802399,
    2.14737245,
    0,
    0.00395459,
    2.14737245,
    2.14422245,
    121729.43626445335,
    "BTC-PERPETUAL",
    null,
    -17840,
    -0.314505324,
    57446.33,
    0.003954587,
    -304324,
    182594
  ],
  "time": 1616432348764
}