{
  "code": 200,
  "result": [
    -0.19903380644031146,
    2.15986404,
    0,
    0.01649211,
    2.15986404,
    2.1555576,
    117567.96706300977,
    "BTC-PERPETUAL",
    null,
    -23400,
    -0.429720498,
    56627.28,
    0.016492112,
    -293920,
    176351
  ],
  "time": 1616474829167
}