{
  "code": 200,
  "result": [
    -0.15183782137474938,
    2.16094703,
    0,
    0.01752396,
    2.16094703,
    2.1576609,
    117493.78276423816,
    "BTC-PERPETUAL",
    null,
    -17840,
    -0.328074698,
    57446.33,
    0.017523961,
    -293735,
    176240
  ],
  "time": 1616455688437
}