{
  "code": 200,
  "result": [
    -0.14340023574931793,
    2.13927262,
    0,
    -0.00409335,
    2.13927262,
    2.13620335,
    124407.04791578317,
    "BTC-PERPETUAL",
    null,
    -17840,
    -0.306457387,
    57446.33,
    -0.00409335,
    -311018,
    186610
  ],
  "time": 1616408589332
}