{
  "code": 200,
  "result": [
    -0.14523094746109297,
    2.14413881,
    0,
    0.00079828,
    2.14413881,
    2.14102047,
    122838.83230039035,
    "BTC-PERPETUAL",
    null,
    -17840,
    -0.311349021,
    57446.33,
    0.000798284,
    -307098,
    184258
  ],
  "time": 1616403248884
}