{
  "code": 200,
  "result": [
    -0.14593601571352924,
    2.14621922,
    0,
    0.00280137,
    2.14621922,
    2.14308079,
    122245.35466981446,
    "BTC-PERPETUAL",
    null,
    -17840,
    -0.313216214,
    57446.33,
    0.002665477,
    -305614,
    183368
  ],
  "time": 1616436849838
}