{
  "code": 200,
  "result": [
    -0.19863112628759447,
    2.15883172,
    0,
    0.01545979,
    2.15883172,
    2.15453565,
    117806.3098032257,
    "BTC-PERPETUAL",
    null,
    -23400,
    -0.428688179,
    56627.28,
    0.015459793,
    -294516,
    176709
  ],
  "time": 1616469248496
}