{
  "code": 200,
  "result": [
    -0.14352634392704888,
    2.13964158,
    0,
    -0.00373934,
    2.13964158,
    2.13656876,
    124297.73874172995,
    "BTC-PERPETUAL",
    null,
    -17840,
    -0.306811402,
    57446.33,
    -0.003739335,
    -310745,
    186446
  ],
  "time": 1616411288418
}