{
  "code": 200,
  "result": [
    -0.14811499346637388,
    2.15152631,
    0,
    0.00810832,
    2.15152631,
    2.14833464,
    120446.95531820122,
    "BTC-PERPETUAL",
    null,
    -17840,
    -0.31865906,
    57446.33,
    0.008108323,
    -301118,
    180670
  ],
  "time": 1616442909142
}