{
  "code": 200,
  "result": [
    -0.14849464101607898,
    2.15263097,
    0,
    0.00921238,
    2.15263097,
    2.14942822,
    120139.01564345535,
    "BTC-PERPETUAL",
    null,
    -17840,
    -0.319763117,
    57446.33,
    0.00921238,
    -300348,
    180208
  ],
  "time": 1616444708762
}