{
  "code": 200,
  "result": [
    -0.1467419653115247,
    2.15124535,
    0,
    0.00782739,
    2.15124535,
    2.1480565,
    121573.94758974854,
    "BTC-PERPETUAL",
    null,
    -17840,
    -0.318378128,
    57446.33,
    0.007827391,
    -303935,
    182360
  ],
  "time": 1616440388529
}