{
  "code": 200,
  "result": [
    -0.14542259680292977,
    2.14459896,
    0,
    0.00118162,
    2.14459896,
    2.14147678,
    122676.94562060376,
    "BTC-PERPETUAL",
    null,
    -17840,
    -0.311732355,
    57446.33,
    0.001181618,
    -306693,
    184015
  ],
  "time": 1616422149148
}