{
  "code": 200,
  "result": [
    -0.1462898487770839,
    2.14683152,
    0,
    0.00341366,
    2.14683152,
    2.14368694,
    121949.67832104705,
    "BTC-PERPETUAL",
    null,
    -17840,
    -0.313964394,
    57446.33,
    0.003413657,
    -304875,
    182924
  ],
  "time": 1616430489089
}