{
  "code": 200,
  "result": [
    -0.19752614959664078,
    2.1559615,
    0,
    0.01258958,
    2.1559615,
    2.15169425,
    118465.32749098832,
    "BTC-PERPETUAL",
    null,
    -23400,
    -0.425817962,
    56627.28,
    0.012589576,
    -296164,
    177697
  ],
  "time": 1616467509722
}