{
  "code": 200,
  "result": [
    -0.15140802851651813,
    2.15988021,
    0,
    0.01645715,
    2.15988021,
    2.15660478,
    117827.3052941424,
    "BTC-PERPETUAL",
    null,
    -17840,
    -0.327007882,
    57446.33,
    0.016457145,
    -294569,
    176740
  ],
  "time": 1616456589238
}