{
  "code": 200,
  "result": [
    -0.19857925289867526,
    2.15904529,
    0,
    0.01567336,
    2.15904529,
    2.15474707,
    117837.08347387031,
    "BTC-PERPETUAL",
    null,
    -23400,
    -0.428901746,
    56627.28,
    0.01567336,
    -294593,
    176755
  ],
  "time": 1616472791153
}