{
  "code": 200,
  "result": [
    -0.15073636590368603,
    2.15765813,
    0,
    0.01423885,
    2.15765813,
    2.15440496,
    118352.32920103024,
    "BTC-PERPETUAL",
    null,
    -17840,
    -0.324789583,
    57446.33,
    0.014238846,
    -295881,
    177528
  ],
  "time": 1616447469674
}