{
  "code": 200,
  "result": [
    -0.1436580101817797,
    2.1399447,
    0,
    -0.00344066,
    2.1399447,
    2.13686889,
    124183.81667284617,
    "BTC-PERPETUAL",
    null,
    -17840,
    -0.30711008,
    57446.33,
    -0.003440657,
    -310460,
    186275
  ],
  "time": 1616412009565
}