{
  "code": 200,
  "result": [
    -0.15154148234255657,
    2.15982825,
    0,
    0.01640518,
    2.15982825,
    2.15655334,
    117723.54159551526,
    "BTC-PERPETUAL",
    null,
    -17840,
    -0.326955921,
    57446.33,
    0.016405184,
    -294309,
    176585
  ],
  "time": 1616453589596
}