{
  "code": 200,
  "result": [
    -0.14665197420884651,
    2.14764669,
    0,
    0.00422883,
    2.14764669,
    2.14449394,
    121648.54988310028,
    "BTC-PERPETUAL",
    null,
    -17840,
    -0.314779571,
    57446.33,
    0.004228834,
    -304122,
    182472
  ],
  "time": 1616432472137
}