{
  "code": 200,
  "result": [
    -0.1457186495210888,
    2.14547724,
    0,
    0.00205938,
    2.14547724,
    2.14234626,
    122427.70612157059,
    "BTC-PERPETUAL",
    null,
    -17840,
    -0.312610121,
    57446.33,
    0.002059384,
    -306070,
    183641
  ],
  "time": 1616436309859
}