{
  "code": 200,
  "result": [
    -0.1452551485495218,
    2.14420017,
    0,
    0.00079231,
    2.14420017,
    2.14108189,
    122818.36601418513,
    "BTC-PERPETUAL",
    null,
    -17840,
    -0.311343044,
    57446.33,
    0.000792307,
    -307046,
    184227
  ],
  "time": 1616416629090
}