{
  "code": 200,
  "result": [
    -0.14486418232408538,
    2.14310865,
    0,
    -0.00029699,
    2.14310865,
    2.1400013,
    123149.83396026038,
    "BTC-PERPETUAL",
    null,
    -17840,
    -0.310253747,
    57446.33,
    -0.00029699,
    -307875,
    184724
  ],
  "time": 1616415910208
}