{
  "code": 200,
  "result": [
    -0.14463718987491933,
    2.14218119,
    0,
    -0.00121942,
    2.14218119,
    2.13908309,
    123343.1043248824,
    "BTC-PERPETUAL",
    null,
    -17840,
    -0.309331316,
    57446.33,
    -0.001219421,
    -308358,
    185014
  ],
  "time": 1616414710131
}