{
  "code": 200,
  "result": [
    -0.19859607913296998,
    2.1589325,
    0,
    0.01556058,
    2.1589325,
    2.15463542,
    117827.0996192857,
    "BTC-PERPETUAL",
    null,
    -23400,
    -0.428788964,
    56627.28,
    0.015560578,
    -294568,
    176740
  ],
  "time": 1616472970987
}