{
  "code": 200,
  "result": [
    -0.14852102910245543,
    2.15248485,
    0,
    0.00906687,
    2.15248485,
    2.14928357,
    120117.67025727576,
    "BTC-PERPETUAL",
    null,
    -17840,
    -0.319617605,
    57446.33,
    0.009066868,
    -300295,
    180176
  ],
  "time": 1616441469746
}