{
  "code": 200,
  "result": [
    -0.15200881273646513,
    2.16144897,
    0,
    0.01802591,
    2.16144897,
    2.15815781,
    117361.61659869601,
    "BTC-PERPETUAL",
    null,
    -17840,
    -0.328576646,
    57446.33,
    0.018025909,
    -293405,
    176042
  ],
  "time": 1616457308411
}