{
  "code": 200,
  "result": [
    -0.19867263745106023,
    2.15888166,
    0,
    0.01550975,
    2.15888166,
    2.15458509,
    117781.69505483215,
    "BTC-PERPETUAL",
    null,
    -23400,
    -0.428738134,
    56627.28,
    0.015509748,
    -294455,
    176672
  ],
  "time": 1616459771044
}