{
  "code": 200,
  "result": [
    -0.1453584487568239,
    2.14418469,
    0,
    0.00083263,
    2.14418469,
    2.14106601,
    122731.0841067468,
    "BTC-PERPETUAL",
    null,
    -17840,
    -0.311383366,
    57446.33,
    0.000832629,
    -306828,
    184096
  ],
  "time": 1616405889288
}