{
  "code": 200,
  "result": [
    -0.14871463049857683,
    2.15271345,
    0,
    0.00929539,
    2.15271345,
    2.14950988,
    119961.29728588287,
    "BTC-PERPETUAL",
    null,
    -17840,
    -0.31984613,
    57446.33,
    0.009295393,
    -299904,
    179941
  ],
  "time": 1616443388446
}