{
  "code": 200,
  "result": [
    -0.14553199227729455,
    2.14478313,
    0,
    0.0013653,
    2.14478313,
    2.1416591,
    122584.73013966525,
    "BTC-PERPETUAL",
    null,
    -17840,
    -0.311916032,
    57446.33,
    0.001365295,
    -306462,
    183877
  ],
  "time": 1616424670099
}