{
  "code": 200,
  "result": [
    -0.14489903782517788,
    2.1431381,
    0,
    -0.00019957,
    2.1431381,
    2.14002977,
    123120.21023579284,
    "BTC-PERPETUAL",
    null,
    -17840,
    -0.310351168,
    57446.33,
    -0.000199569,
    -307801,
    184680
  ],
  "time": 1616402289282
}