{
  "code": 200,
  "result": [
    -0.19740364734660795,
    2.15559251,
    0,
    0.01222059,
    2.15559251,
    2.15132897,
    118538.84320036648,
    "BTC-PERPETUAL",
    null,
    -23400,
    -0.425448976,
    56627.28,
    0.01222059,
    -296348,
    177808
  ],
  "time": 1616466069696
}