{
  "code": 200,
  "result": [
    -0.1510850373335875,
    2.15896252,
    0,
    0.01553946,
    2.15896252,
    2.1556963,
    118079.19774749273,
    "BTC-PERPETUAL",
    null,
    -17840,
    -0.326090195,
    57446.33,
    0.015539458,
    -295198,
    177118
  ],
  "time": 1616454188387
}