{
  "code": 200,
  "result": [
    -0.15200805903094403,
    2.16148026,
    0,
    0.0180572,
    2.16148026,
    2.15818879,
    117362.19851585857,
    "BTC-PERPETUAL",
    null,
    -17840,
    -0.328607936,
    57446.33,
    0.018057199,
    -293406,
    176043
  ],
  "time": 1616457249114
}