{
  "code": 200,
  "result": [
    -0.1457698862029163,
    2.145341,
    0,
    0.00192315,
    2.145341,
    2.14221138,
    122384.67398654722,
    "BTC-PERPETUAL",
    null,
    -17840,
    -0.312473891,
    57446.33,
    0.001923154,
    -305962,
    183577
  ],
  "time": 1616429528934
}