{
  "code": 200,
  "result": [
    -0.14541532618393418,
    2.14446326,
    0,
    0.00105083,
    2.14446326,
    2.14134239,
    122683.07934360638,
    "BTC-PERPETUAL",
    null,
    -17840,
    -0.311601569,
    57446.33,
    0.001050832,
    -306708,
    184024
  ],
  "time": 1616418489214
}