{
  "code": 200,
  "result": [
    -0.14681255218849532,
    2.15021104,
    0,
    0.00679308,
    2.15021104,
    2.14703256,
    121515.49533104566,
    "BTC-PERPETUAL",
    null,
    -17840,
    -0.317168299,
    57446.33,
    0.006617562,
    -303789,
    182273
  ],
  "time": 1616439970389
}