{
  "code": 200,
  "result": [
    -0.14365413856848303,
    2.1399424,
    0,
    -0.00342813,
    2.1399424,
    2.13686646,
    124187.16354277037,
    "BTC-PERPETUAL",
    null,
    -17840,
    -0.307122611,
    57446.33,
    -0.003428126,
    -310468,
    186280
  ],
  "time": 1616409609430
}