{
  "code": 200,
  "result": [
    -0.14600597878748503,
    2.14630411,
    0,
    0.00288626,
    2.14630411,
    2.14316483,
    122186.77720017562,
    "BTC-PERPETUAL",
    null,
    -17840,
    -0.313436995,
    57446.33,
    0.002886258,
    -305467,
    183280
  ],
  "time": 1616425988705
}