{
  "code": 200,
  "result": [
    -0.14390220147864904,
    2.14053347,
    0,
    -0.00285381,
    2.14053347,
    2.13745177,
    123973.08600346147,
    "BTC-PERPETUAL",
    null,
    -17840,
    -0.307696925,
    57446.33,
    -0.002853812,
    -309933,
    185959
  ],
  "time": 1616412309015
}