{
  "code": 200,
  "result": [
    -0.1984051536052616,
    2.15810249,
    0,
    0.01473058,
    2.15810249,
    2.15381374,
    117940.4847847634,
    "BTC-PERPETUAL",
    null,
    -23400,
    -0.427958961,
    56627.28,
    0.014730575,
    -294852,
    176910
  ],
  "time": 1616459948871
}