{
  "code": 200,
  "result": [
    -0.1478912112988069,
    2.15094758,
    0,
    0.0075296,
    2.15094758,
    2.14776172,
    120629.21010197936,
    "BTC-PERPETUAL",
    null,
    -17840,
    -0.318080335,
    57446.33,
    0.007529598,
    -301574,
    180943
  ],
  "time": 1616442728243
}