{
  "code": 200,
  "result": [
    -0.19830501229105624,
    2.1578833,
    0,
    0.01451138,
    2.1578833,
    2.15359676,
    118000.04311366245,
    "BTC-PERPETUAL",
    null,
    -23400,
    -0.427739765,
    56627.28,
    0.014511379,
    -295001,
    177000
  ],
  "time": 1616469610600
}