{
  "code": 200,
  "result": [
    -0.19845204967276525,
    2.15821695,
    0,
    0.01484504,
    2.15821695,
    2.15392705,
    117912.6143498397,
    "BTC-PERPETUAL",
    null,
    -23400,
    -0.428073421,
    56627.28,
    0.014845035,
    -294782,
    176868
  ],
  "time": 1616458988505
}