{
  "code": 200,
  "result": [
    -0.14551343098432937,
    2.14491741,
    0,
    0.00157491,
    2.14491741,
    2.14179128,
    122600.36671062498,
    "BTC-PERPETUAL",
    null,
    -17840,
    -0.312125644,
    57446.33,
    0.001574907,
    -306501,
    183900
  ],
  "time": 1616403670244
}