{
  "code": 200,
  "result": [
    -0.14552389875140526,
    2.14486371,
    0,
    0.00144587,
    2.14486371,
    2.14173888,
    122591.54786991801,
    "BTC-PERPETUAL",
    null,
    -17840,
    -0.311996602,
    57446.33,
    0.001445865,
    -306479,
    183887
  ],
  "time": 1616424728902
}