{
  "code": 200,
  "result": [
    -0.14653611396399413,
    2.14736494,
    0,
    0.00394821,
    2.14736494,
    2.144215,
    121744.73252636907,
    "BTC-PERPETUAL",
    null,
    -17840,
    -0.314498948,
    57446.33,
    0.003948211,
    -304362,
    182617
  ],
  "time": 1616420649209
}