{
  "code": 200,
  "result": [
    -0.14416910799073948,
    2.14120347,
    0,
    -0.00218666,
    2.14120347,
    2.13811507,
    123743.56926135611,
    "BTC-PERPETUAL",
    null,
    -17840,
    -0.308365095,
    57446.33,
    -0.002185642,
    -309359,
    185615
  ],
  "time": 1616412849098
}