{
  "code": 200,
  "result": [
    -0.15234895341252144,
    2.16210622,
    0,
    0.01868329,
    2.16210622,
    2.15880846,
    117099.59012119964,
    "BTC-PERPETUAL",
    null,
    -17840,
    -0.329234025,
    57446.33,
    0.018683288,
    -292749,
    175649
  ],
  "time": 1616452148514
}