{
  "code": 200,
  "result": [
    -0.19745953463339702,
    2.15584987,
    0,
    0.01247795,
    2.15584987,
    2.15158375,
    118505.29296265381,
    "BTC-PERPETUAL",
    null,
    -23400,
    -0.425706331,
    56627.28,
    0.012477945,
    -296264,
    177757
  ],
  "time": 1616466188610
}