{
  "code": 200,
  "result": [
    -0.198353918627683,
    2.15799036,
    0,
    0.01461845,
    2.15799036,
    2.15370274,
    117970.94890735479,
    "BTC-PERPETUAL",
    null,
    -23400,
    -0.427846832,
    56627.28,
    0.014618446,
    -294928,
    176956
  ],
  "time": 1616460428396
}