{
  "code": 200,
  "result": [
    -0.14885002114293322,
    2.15345238,
    0,
    0.01003379,
    2.15345238,
    2.15024139,
    119852.18317751626,
    "BTC-PERPETUAL",
    null,
    -17840,
    -0.320584528,
    57446.33,
    0.010033791,
    -299631,
    179778
  ],
  "time": 1616445428185
}