{
  "code": 200,
  "result": [
    -0.19940779111962875,
    2.16097372,
    0,
    0.0176019,
    2.16097372,
    2.15665614,
    117347.47107229059,
    "BTC-PERPETUAL",
    null,
    -23400,
    -0.430830289,
    56627.28,
    0.017601903,
    -293369,
    176021
  ],
  "time": 1616458028209
}