{
  "code": 200,
  "result": [
    -0.19778216449964334,
    2.15640426,
    0,
    0.01303234,
    2.15640426,
    2.15213257,
    118311.98257536613,
    "BTC-PERPETUAL",
    null,
    -23400,
    -0.426260721,
    56627.28,
    0.013032335,
    -295780,
    177467
  ],
  "time": 1616463069404
}