{
  "code": 200,
  "result": [
    -0.1435570527450355,
    2.13966447,
    0,
    -0.00371105,
    2.13966447,
    2.13659136,
    124271.14975454903,
    "BTC-PERPETUAL",
    null,
    -17840,
    -0.306839687,
    57446.33,
    -0.00371105,
    -310678,
    186406
  ],
  "time": 1616410449116
}