{
  "code": 200,
  "result": [
    -0.14336891182905795,
    2.13927006,
    0,
    -0.0040984,
    2.13927006,
    2.13620084,
    124434.22895802573,
    "BTC-PERPETUAL",
    null,
    -17840,
    -0.306452333,
    57446.33,
    -0.004098404,
    -311086,
    186651
  ],
  "time": 1616409189294
}