{
  "code": 200,
  "result": [
    -0.14572297471507747,
    2.14559127,
    0,
    0.00217342,
    2.14559127,
    2.14245914,
    122424.07235291055,
    "BTC-PERPETUAL",
    null,
    -17840,
    -0.312724157,
    57446.33,
    0.00217342,
    -306061,
    183636
  ],
  "time": 1616426410184
}