{
  "code": 200,
  "result": [
    -0.14854645347302523,
    2.15253832,
    0,
    0.00912036,
    2.15253832,
    2.14933649,
    120097.11159640437,
    "BTC-PERPETUAL",
    null,
    -17840,
    -0.319671097,
    57446.33,
    0.00912036,
    -300243,
    180145
  ],
  "time": 1616441288485
}