{
  "code": 200,
  "result": [
    -0.19799690834648562,
    2.15704902,
    0,
    0.0136771,
    2.15704902,
    2.15277085,
    118183.66355019575,
    "BTC-PERPETUAL",
    null,
    -23400,
    -0.426905481,
    56627.28,
    0.013677095,
    -295460,
    177275
  ],
  "time": 1616462708923
}