{
  "code": 200,
  "result": [
    -0.14618529189297366,
    2.14659438,
    0,
    0.00317652,
    2.14659438,
    2.14345218,
    122036.90103831487,
    "BTC-PERPETUAL",
    null,
    -17840,
    -0.313727256,
    57446.33,
    0.003176519,
    -305093,
    183055
  ],
  "time": 1616430429147
}