{
  "code": 200,
  "result": [
    -0.19824240551625327,
    2.15792913,
    0,
    0.0145572,
    2.15792913,
    2.15364212,
    118037.30861246792,
    "BTC-PERPETUAL",
    null,
    -23400,
    -0.427785588,
    56627.28,
    0.014557202,
    -295094,
    177055
  ],
  "time": 1616472010934
}