{
  "code": 200,
  "result": [
    -0.1456264293762759,
    2.1452556,
    0,
    0.00183774,
    2.1452556,
    2.14212684,
    122505.23532307608,
    "BTC-PERPETUAL",
    null,
    -17840,
    -0.31238848,
    57446.33,
    0.001837743,
    -306264,
    183757
  ],
  "time": 1616435228718
}