{
  "code": 200,
  "result": [
    -0.14364464450139233,
    2.13992498,
    0,
    -0.00345995,
    2.13992498,
    2.13684935,
    124195.37158468222,
    "BTC-PERPETUAL",
    null,
    -17840,
    -0.307090785,
    57446.33,
    -0.003459952,
    -310489,
    186293
  ],
  "time": 1616411949005
}