{
  "code": 200,
  "result": [
    -0.14426073891852534,
    2.14142755,
    0,
    -0.00197133,
    2.14142755,
    2.138337,
    123664.97034287037,
    "BTC-PERPETUAL",
    null,
    -17840,
    -0.308579407,
    57446.33,
    -0.00197133,
    -309163,
    185497
  ],
  "time": 1616414348836
}