{
  "code": 200,
  "result": [
    -0.1984043996534872,
    2.15821218,
    0,
    0.01484026,
    2.15821218,
    2.15392233,
    117940.93296755537,
    "BTC-PERPETUAL",
    null,
    -23400,
    -0.428068644,
    56627.28,
    0.014840258,
    -294853,
    176911
  ],
  "time": 1616467988823
}