{
  "code": 200,
  "result": [
    -0.19832518144275751,
    2.15792037,
    0,
    0.01454844,
    2.15792037,
    2.15363345,
    117988.0428182234,
    "BTC-PERPETUAL",
    null,
    -23400,
    -0.427776829,
    56627.28,
    0.014548443,
    -294971,
    176982
  ],
  "time": 1616471888246
}