{
  "code": 200,
  "result": [
    -0.14655689240186823,
    2.14741897,
    0,
    0.00400111,
    2.14741897,
    2.1442685,
    121727.47188908453,
    "BTC-PERPETUAL",
    null,
    -17840,
    -0.314551849,
    57446.33,
    0.004001112,
    -304319,
    182591
  ],
  "time": 1616433370077
}