{
  "code": 200,
  "result": [
    -0.14354974721632993,
    2.13971298,
    0,
    -0.00365689,
    2.13971298,
    2.13663933,
    124277.47415754806,
    "BTC-PERPETUAL",
    null,
    -17840,
    -0.306893844,
    57446.33,
    -0.003656893,
    -310694,
    186416
  ],
  "time": 1616409489104
}