{
  "code": 200,
  "result": [
    -0.14549447607391822,
    2.14474825,
    0,
    0.0013304,
    2.14474825,
    2.14162457,
    122616.33899376646,
    "BTC-PERPETUAL",
    null,
    -17840,
    -0.311881133,
    57446.33,
    0.001330396,
    -306541,
    183924
  ],
  "time": 1616428870425
}