{
  "code": 200,
  "result": [
    -0.1454126112306878,
    2.14446241,
    0,
    0.00105345,
    2.14446241,
    2.14134152,
    122685.36992089346,
    "BTC-PERPETUAL",
    null,
    -17840,
    -0.311604182,
    57446.33,
    0.001053445,
    -306714,
    184028
  ],
  "time": 1616417110897
}