{
  "code": 200,
  "result": [
    -0.1515838904604313,
    2.16046415,
    0,
    0.01704123,
    2.16046415,
    2.15718287,
    117690.60647415475,
    "BTC-PERPETUAL",
    null,
    -17840,
    -0.327591966,
    57446.33,
    0.017041229,
    -294227,
    176535
  ],
  "time": 1616451128719
}