{
  "code": 200,
  "result": [
    -0.15192158902444858,
    2.16078626,
    0,
    0.01736325,
    2.16078626,
    2.15750174,
    117428.99817305773,
    "BTC-PERPETUAL",
    null,
    -17840,
    -0.327913991,
    57446.33,
    0.017363254,
    -293573,
    176143
  ],
  "time": 1616453229241
}