{
  "code": 200,
  "result": [
    -0.14463256096201998,
    2.14226058,
    0,
    -0.00107454,
    2.14226058,
    2.13916103,
    123347.05187640784,
    "BTC-PERPETUAL",
    null,
    -17840,
    -0.309476199,
    57446.33,
    -0.001074538,
    -308368,
    185020
  ],
  "time": 1616401509637
}