{
  "code": 200,
  "result": [
    -0.1976442068300348,
    2.15638011,
    0,
    0.01300819,
    2.15638011,
    2.15210866,
    118394.5655443519,
    "BTC-PERPETUAL",
    null,
    -23400,
    -0.426236573,
    56627.28,
    0.013008187,
    -295987,
    177591
  ],
  "time": 1616467269309
}