{
  "code": 200,
  "result": [
    -0.14621259282170804,
    2.14640167,
    0,
    0.00298464,
    2.14640167,
    2.1432614,
    122014.11421350099,
    "BTC-PERPETUAL",
    null,
    -17840,
    -0.313535379,
    57446.33,
    0.002984642,
    -305036,
    183021
  ],
  "time": 1616420828900
}