{
  "code": 200,
  "result": [
    -0.15093822379503147,
    2.15856033,
    0,
    0.01513727,
    2.15856033,
    2.15529815,
    118194.05019782174,
    "BTC-PERPETUAL",
    null,
    -17840,
    -0.325688002,
    57446.33,
    0.015137265,
    -295486,
    177291
  ],
  "time": 1616454309819
}