{
  "code": 200,
  "result": [
    -0.14573741195425588,
    2.14563288,
    0,
    0.00221503,
    2.14563288,
    2.14250033,
    122411.94461172142,
    "BTC-PERPETUAL",
    null,
    -17840,
    -0.31276577,
    57446.33,
    0.002215033,
    -306030,
    183617
  ],
  "time": 1616428989727
}