{
  "code": 200,
  "result": [
    -0.19766870528345004,
    2.15616896,
    0,
    0.01279703,
    2.15616896,
    2.15189963,
    118379.89208481542,
    "BTC-PERPETUAL",
    null,
    -23400,
    -0.42602542,
    56627.28,
    0.012797034,
    -295950,
    177569
  ],
  "time": 1616463671140
}