{
  "code": 200,
  "result": [
    -0.14578293482058202,
    2.14535419,
    0,
    0.00193684,
    2.14535419,
    2.14222443,
    122373.71968094926,
    "BTC-PERPETUAL",
    null,
    -17840,
    -0.312487575,
    57446.33,
    0.001936838,
    -305935,
    183560
  ],
  "time": 1616423589412
}