{
  "code": 200,
  "result": [
    -0.19723928546605612,
    2.154986,
    0,
    0.01161408,
    2.154986,
    2.15072855,
    118637.62305114932,
    "BTC-PERPETUAL",
    null,
    -23400,
    -0.424842463,
    56627.28,
    0.011614077,
    -296595,
    177956
  ],
  "time": 1616467688419
}