{
  "code": 200,
  "result": [
    -0.14588885967761311,
    2.14557646,
    0,
    0.00215911,
    2.14557646,
    2.14244447,
    122284.86835405415,
    "BTC-PERPETUAL",
    null,
    -17840,
    -0.31270985,
    57446.33,
    0.002159113,
    -305713,
    183427
  ],
  "time": 1616423529651
}