{
  "code": 200,
  "result": [
    -0.14352457562480464,
    2.13950817,
    0,
    -0.00386782,
    2.13950817,
    2.13643663,
    124299.27015869749,
    "BTC-PERPETUAL",
    null,
    -17840,
    -0.30668292,
    57446.33,
    -0.003867817,
    -310749,
    186448
  ],
  "time": 1616410509516
}