{
  "code": 200,
  "result": [
    -0.19894448315682345,
    2.15926015,
    0,
    0.01588824,
    2.15926015,
    2.15495978,
    117620.75343177175,
    "BTC-PERPETUAL",
    null,
    -23400,
    -0.429116627,
    56627.28,
    0.015888241,
    -294052,
    176431
  ],
  "time": 1616458269654
}