{
  "code": 200,
  "result": [
    -0.15188392087896574,
    2.16094256,
    0,
    0.01751956,
    2.16094256,
    2.15765648,
    117458.12128603434,
    "BTC-PERPETUAL",
    null,
    -17840,
    -0.328070294,
    57446.33,
    0.017519557,
    -293646,
    176187
  ],
  "time": 1616453348532
}