{
  "code": 200,
  "result": [
    -0.14721725843111966,
    2.14922719,
    0,
    0.00580934,
    2.14922719,
    2.14605859,
    121181.44428254665,
    "BTC-PERPETUAL",
    null,
    -17840,
    -0.316360072,
    57446.33,
    0.005809335,
    -302954,
    181772
  ],
  "time": 1616431389406
}