{
  "code": 200,
  "result": [
    -0.1459973754505295,
    2.14573479,
    0,
    0.00231766,
    2.14573479,
    2.14260121,
    122193.97742560788,
    "BTC-PERPETUAL",
    null,
    -17840,
    -0.312868396,
    57446.33,
    0.002317659,
    -305485,
    183290
  ],
  "time": 1616420888780
}