{
  "code": 200,
  "result": [
    -0.19759250092792988,
    2.15609226,
    0,
    0.01272034,
    2.15609226,
    2.1518237,
    118425.54697222514,
    "BTC-PERPETUAL",
    null,
    -23400,
    -0.425948723,
    56627.28,
    0.012720337,
    -296064,
    177638
  ],
  "time": 1616465409819
}