{
  "code": 200,
  "result": [
    -0.14661948268838687,
    2.14757595,
    0,
    0.00415809,
    2.14757595,
    2.14442391,
    121675.50773532386,
    "BTC-PERPETUAL",
    null,
    -17840,
    -0.314708827,
    57446.33,
    0.00415809,
    -304189,
    182513
  ],
  "time": 1616432890342
}