{
  "code": 200,
  "result": [
    -0.14688856189508867,
    2.14842206,
    0,
    0.0050041,
    2.14842206,
    2.14526153,
    121452.61530126326,
    "BTC-PERPETUAL",
    null,
    -17840,
    -0.315554837,
    57446.33,
    0.0050041,
    -303632,
    182178
  ],
  "time": 1616439548299
}