{
  "code": 200,
  "result": [
    -0.14566638574541269,
    2.14497418,
    0,
    0.00162974,
    2.14497418,
    2.1418475,
    122471.63207014503,
    "BTC-PERPETUAL",
    null,
    -17840,
    -0.312180481,
    57446.33,
    0.001629744,
    -306180,
    183707
  ],
  "time": 1616404089156
}