{
  "code": 200,
  "result": [
    -0.19887097746956972,
    2.15942454,
    0,
    0.01605261,
    2.15942454,
    2.15512251,
    117664.22782117897,
    "BTC-PERPETUAL",
    null,
    -23400,
    -0.429281,
    56627.28,
    0.016052614,
    -294161,
    176496
  ],
  "time": 1616469069354
}