{
  "code": 200,
  "result": [
    -0.19851760994653872,
    2.15926882,
    0,
    0.0158969,
    2.15926882,
    2.15496836,
    117873.67380809026,
    "BTC-PERPETUAL",
    null,
    -23400,
    -0.429125283,
    56627.28,
    0.015896897,
    -294685,
    176810
  ],
  "time": 1616473388993
}