{
  "code": 200,
  "result": [
    -0.14496661919752585,
    2.14332328,
    0,
    -1.308e-05,
    2.14332328,
    2.14021308,
    123062.81334802955,
    "BTC-PERPETUAL",
    null,
    -17840,
    -0.310537653,
    57446.33,
    -1.3084e-05,
    -307658,
    184594
  ],
  "time": 1616401928977
}