{
  "code": 200,
  "result": [
    -0.14713615382420914,
    2.14887623,
    0,
    0.00545837,
    2.14887623,
    2.14571114,
    121248.2420963262,
    "BTC-PERPETUAL",
    null,
    -17840,
    -0.316009103,
    57446.33,
    0.005458366,
    -303121,
    181872
  ],
  "time": 1616431270382
}