{
  "code": 200,
  "result": [
    -0.1456097191829078,
    2.14494673,
    0,
    0.00153068,
    2.14494673,
    2.14182105,
    122519.29404238646,
    "BTC-PERPETUAL",
    null,
    -17840,
    -0.312081417,
    57446.33,
    0.00153068,
    -306299,
    183778
  ],
  "time": 1616420110325
}