{
  "code": 200,
  "result": [
    -0.1452969711664113,
    2.14388273,
    0,
    0.00052792,
    2.14388273,
    2.1407671,
    122783.01369109422,
    "BTC-PERPETUAL",
    null,
    -17840,
    -0.311078655,
    57446.33,
    0.000527918,
    -306958,
    184174
  ],
  "time": 1616406610391
}