{
  "code": 200,
  "result": [
    -0.1999781101802694,
    2.16269268,
    0,
    0.01932075,
    2.16269268,
    2.15835783,
    117012.80694625112,
    "BTC-PERPETUAL",
    null,
    -23400,
    -0.432549138,
    56627.28,
    0.019320752,
    -292533,
    175519
  ],
  "time": 1616474170482
}