{
  "code": 200,
  "result": [
    -0.19869114357555018,
    2.15898366,
    0,
    0.01561174,
    2.15898366,
    2.15468606,
    117770.72484915463,
    "BTC-PERPETUAL",
    null,
    -23400,
    -0.428840121,
    56627.28,
    0.015611735,
    -294427,
    176656
  ],
  "time": 1616470928646
}