{
  "code": 200,
  "result": [
    -0.14692755168751565,
    2.14852808,
    0,
    0.00511013,
    2.14852808,
    2.14536649,
    121420.3857282123,
    "BTC-PERPETUAL",
    null,
    -17840,
    -0.315660866,
    57446.33,
    0.005110129,
    -303551,
    182130
  ],
  "time": 1616439789282
}