{
  "code": 200,
  "result": [
    -0.1511714496079195,
    2.1593287,
    0,
    0.01590937,
    2.1593287,
    2.15605877,
    118011.70158961951,
    "BTC-PERPETUAL",
    null,
    -17840,
    -0.326460104,
    57446.33,
    0.015909367,
    -295030,
    177017
  ],
  "time": 1616447948362
}