{
  "code": 200,
  "result": [
    -0.15101274363986264,
    2.15893362,
    0,
    0.01551055,
    2.15893362,
    2.15566769,
    118135.72530372065,
    "BTC-PERPETUAL",
    null,
    -17840,
    -0.326061289,
    57446.33,
    0.015510552,
    -295340,
    177203
  ],
  "time": 1616454788250
}