{
  "code": 200,
  "result": [
    -0.14619068570936056,
    2.14651501,
    0,
    0.00309715,
    2.14651501,
    2.14337361,
    122032.39839415917,
    "BTC-PERPETUAL",
    null,
    -17840,
    -0.313647885,
    57446.33,
    0.003097148,
    -305081,
    183048
  ],
  "time": 1616430188829
}