{
  "code": 200,
  "result": [
    -0.19770345628231545,
    2.15622644,
    0,
    0.01285452,
    2.15622644,
    2.15195653,
    118359.08405458224,
    "BTC-PERPETUAL",
    null,
    -23400,
    -0.426082902,
    56627.28,
    0.012854516,
    -295898,
    177538
  ],
  "time": 1616463188294
}