{
  "code": 200,
  "result": [
    -0.14543223835949942,
    2.14444681,
    0,
    0.00103135,
    2.14444681,
    2.14132613,
    122668.81264593227,
    "BTC-PERPETUAL",
    null,
    -17840,
    -0.311582086,
    57446.33,
    0.001031349,
    -306673,
    184003
  ],
  "time": 1616419928888
}