{
  "code": 200,
  "result": [
    -0.14455096190206726,
    2.14200362,
    0,
    -0.00133046,
    2.14200362,
    2.13890663,
    123416.6813229962,
    "BTC-PERPETUAL",
    null,
    -17840,
    -0.309220276,
    57446.33,
    -0.001330461,
    -308542,
    185125
  ],
  "time": 1616401270204
}