{
  "code": 200,
  "result": [
    -0.14826010908784393,
    2.15171142,
    0,
    0.0082929,
    2.15171142,
    2.1485179,
    120329.06295401294,
    "BTC-PERPETUAL",
    null,
    -17840,
    -0.318843641,
    57446.33,
    0.008292904,
    -300823,
    180493
  ],
  "time": 1616444109819
}