{
  "code": 200,
  "result": [
    -0.1469706563172582,
    2.1485992,
    0,
    0.00518125,
    2.1485992,
    2.1454369,
    121384.77466882698,
    "BTC-PERPETUAL",
    null,
    -17840,
    -0.315731983,
    57446.33,
    0.005181246,
    -303462,
    182077
  ],
  "time": 1616439488885
}