{
  "code": 200,
  "result": [
    -0.14573445184734857,
    2.14557851,
    0,
    0.00216065,
    2.14557851,
    2.1424465,
    122414.43100006811,
    "BTC-PERPETUAL",
    null,
    -17840,
    -0.312711385,
    57446.33,
    0.002160648,
    -306037,
    183621
  ],
  "time": 1616435169806
}