{
  "code": 200,
  "result": [
    -0.1985536555509793,
    2.15876592,
    0,
    0.01539399,
    2.15876592,
    2.15447051,
    117852.27491816171,
    "BTC-PERPETUAL",
    null,
    -23400,
    -0.428622377,
    56627.28,
    0.015393991,
    -294631,
    176778
  ],
  "time": 1616471529058
}