{
  "code": 200,
  "result": [
    -0.19728373774404065,
    2.15530519,
    0,
    0.01193326,
    2.15530519,
    2.15104453,
    118610.89143779082,
    "BTC-PERPETUAL",
    null,
    -23400,
    -0.425161648,
    56627.28,
    0.011933262,
    -296528,
    177916
  ],
  "time": 1616465170156
}