{
  "code": 200,
  "result": [
    -0.19828478451582388,
    2.15787611,
    0,
    0.01450419,
    2.15787611,
    2.15358964,
    118012.08074103433,
    "BTC-PERPETUAL",
    null,
    -23400,
    -0.427732571,
    56627.28,
    0.014504185,
    -295031,
    177018
  ],
  "time": 1616469669634
}