{
  "code": 200,
  "result": [
    -0.19869424588675466,
    2.15896888,
    0,
    0.01559696,
    2.15896888,
    2.15467143,
    117768.8860367742,
    "BTC-PERPETUAL",
    null,
    -23400,
    -0.428825347,
    56627.28,
    0.015596961,
    -294423,
    176653
  ],
  "time": 1616459588221
}