{
  "code": 200,
  "result": [
    -0.14557437030460896,
    2.14511098,
    0,
    0.00169313,
    2.14511098,
    2.14198366,
    122549.04460634427,
    "BTC-PERPETUAL",
    null,
    -17840,
    -0.312243862,
    57446.33,
    0.001693125,
    -306373,
    183823
  ],
  "time": 1616428148888
}