{
  "code": 200,
  "result": [
    -0.14707741270254213,
    2.14883145,
    0,
    0.00541359,
    2.14883145,
    2.14566682,
    121296.66732770618,
    "BTC-PERPETUAL",
    null,
    -17840,
    -0.315964328,
    57446.33,
    0.005413591,
    -303242,
    181945
  ],
  "time": 1616430970671
}