{
  "code": 200,
  "result": [
    -0.14666303571961176,
    2.14756074,
    0,
    0.00414288,
    2.14756074,
    2.14440885,
    121639.37499634367,
    "BTC-PERPETUAL",
    null,
    -17840,
    -0.314693616,
    57446.33,
    0.004142879,
    -304099,
    182459
  ],
  "time": 1616432711089
}