{
  "code": 200,
  "result": [
    -0.1508524241579162,
    2.15827548,
    0,
    0.01485242,
    2.15827548,
    2.15501615,
    118261.27488229575,
    "BTC-PERPETUAL",
    null,
    -17840,
    -0.325447198,
    57446.33,
    0.014896461,
    -295654,
    177391
  ],
  "time": 1616454669147
}