{
  "code": 200,
  "result": [
    -0.144972199003171,
    2.14346221,
    0,
    5.942e-05,
    2.14346221,
    2.14035128,
    123058.07680829747,
    "BTC-PERPETUAL",
    null,
    -17840,
    -0.310610157,
    57446.33,
    5.942e-05,
    -307646,
    184587
  ],
  "time": 1616415309821
}