{
  "code": 200,
  "result": [
    -0.1480200829146626,
    2.15118664,
    0,
    0.00776865,
    2.15118664,
    2.14799838,
    120524.18596661117,
    "BTC-PERPETUAL",
    null,
    -17840,
    -0.318319388,
    57446.33,
    0.007768651,
    -301311,
    180786
  ],
  "time": 1616442548069
}