{
  "code": 200,
  "result": [
    -0.19855135247326305,
    2.15873899,
    0,
    0.01536706,
    2.15873899,
    2.15444385,
    117853.64193452697,
    "BTC-PERPETUAL",
    null,
    -23400,
    -0.428595449,
    56627.28,
    0.015367063,
    -294635,
    176780
  ],
  "time": 1616473088654
}