{
  "code": 200,
  "result": [
    -0.14344296354011005,
    2.13945347,
    0,
    -0.0039122,
    2.13945347,
    2.13638238,
    124369.9904109379,
    "BTC-PERPETUAL",
    null,
    -17840,
    -0.306638535,
    57446.33,
    -0.003912202,
    -310925,
    186554
  ],
  "time": 1616408529724
}