{
  "code": 200,
  "result": [
    -0.1518311362996232,
    2.16086505,
    0,
    0.01744211,
    2.16086505,
    2.15757974,
    117498.95597695184,
    "BTC-PERPETUAL",
    null,
    -17840,
    -0.327992847,
    57446.33,
    0.01744211,
    -293748,
    176248
  ],
  "time": 1616452869727
}