{
  "code": 200,
  "result": [
    -0.1453524595300781,
    2.14443151,
    0,
    0.0010197,
    2.14443151,
    2.14131095,
    122736.14122304088,
    "BTC-PERPETUAL",
    null,
    -17840,
    -0.311570441,
    57446.33,
    0.001019704,
    -306841,
    184104
  ],
  "time": 1616418189048
}