{
  "code": 200,
  "result": [
    -0.1457652385187479,
    2.14567298,
    0,
    0.00225512,
    2.14567298,
    2.14254003,
    122388.57618790554,
    "BTC-PERPETUAL",
    null,
    -17840,
    -0.312805858,
    57446.33,
    0.002255121,
    -305972,
    183582
  ],
  "time": 1616436548735
}