{
  "code": 200,
  "result": [
    -0.19850284079518227,
    2.15870194,
    0,
    0.01533001,
    2.15870194,
    2.15440717,
    117882.44393008166,
    "BTC-PERPETUAL",
    null,
    -23400,
    -0.428558399,
    56627.28,
    0.015330013,
    -294707,
    176823
  ],
  "time": 1616473030669
}