{
  "code": 200,
  "result": [
    -0.15139802218227932,
    2.15948675,
    0,
    0.01606369,
    2.15948675,
    2.15621527,
    117835.0928423695,
    "BTC-PERPETUAL",
    null,
    -17840,
    -0.326614425,
    57446.33,
    0.016063688,
    -294588,
    176752
  ],
  "time": 1616455928067
}