{
  "code": 200,
  "result": [
    -0.19854875688183618,
    2.1587108,
    0,
    0.01533888,
    2.1587108,
    2.15441594,
    117855.18261353919,
    "BTC-PERPETUAL",
    null,
    -23400,
    -0.428567268,
    56627.28,
    0.015338882,
    -294638,
    176782
  ],
  "time": 1616459889005
}