{
  "code": 200,
  "result": [
    -0.15111277436892667,
    2.15871858,
    0,
    0.01529758,
    2.15871858,
    2.15545479,
    118057.52408757602,
    "BTC-PERPETUAL",
    null,
    -17840,
    -0.32584832,
    57446.33,
    0.015297583,
    -295144,
    177086
  ],
  "time": 1616449569777
}