{
  "code": 200,
  "result": [
    -0.1471311846577736,
    2.1488596,
    0,
    0.00544174,
    2.1488596,
    2.14569468,
    121252.33709968251,
    "BTC-PERPETUAL",
    null,
    -17840,
    -0.315992479,
    57446.33,
    0.005441742,
    -303131,
    181878
  ],
  "time": 1616431330187
}