{
  "code": 200,
  "result": [
    -0.14594809355056326,
    2.14586965,
    0,
    0.00245231,
    2.14586965,
    2.14273473,
    122235.2383371105,
    "BTC-PERPETUAL",
    null,
    -17840,
    -0.313003048,
    57446.33,
    0.002452311,
    -305589,
    183352
  ],
  "time": 1616423229309
}