{
  "code": 200,
  "result": [
    -0.14803369376691775,
    2.15121015,
    0,
    0.00779217,
    2.15121015,
    2.14802166,
    120513.10445640482,
    "BTC-PERPETUAL",
    null,
    -17840,
    -0.318342904,
    57446.33,
    0.007792167,
    -301283,
    180769
  ],
  "time": 1616442609669
}