{
  "code": 200,
  "result": [
    -0.19943463824865013,
    2.16109864,
    0,
    0.01772671,
    2.16109864,
    2.1567798,
    117331.67420408416,
    "BTC-PERPETUAL",
    null,
    -23400,
    -0.4309551,
    56627.28,
    0.017726714,
    -293330,
    175997
  ],
  "time": 1616473869821
}