{
  "code": 200,
  "result": [
    -0.1437122977831069,
    2.13997583,
    0,
    -0.00338688,
    2.13997583,
    2.13689947,
    124136.90599342054,
    "BTC-PERPETUAL",
    null,
    -17840,
    -0.307163857,
    57446.33,
    -0.00338688,
    -310343,
    186205
  ],
  "time": 1616407988656
}