{
  "code": 200,
  "result": [
    -0.15109758021339648,
    2.15898399,
    0,
    0.01556467,
    2.15898399,
    2.15571752,
    118069.39578254269,
    "BTC-PERPETUAL",
    null,
    -17840,
    -0.32611541,
    57446.33,
    0.015564673,
    -295174,
    177104
  ],
  "time": 1616447888645
}