{
  "code": 200,
  "result": [
    -0.14813548590634798,
    2.15150468,
    0,
    0.0080867,
    2.15150468,
    2.14831323,
    120430.2931930742,
    "BTC-PERPETUAL",
    null,
    -17840,
    -0.318637432,
    57446.33,
    0.008086695,
    -301076,
    180645
  ],
  "time": 1616442488357
}