{
  "code": 200,
  "result": [
    -0.14978742112848326,
    2.15571341,
    0,
    0.01229482,
    2.15571341,
    2.15247974,
    119102.12396738824,
    "BTC-PERPETUAL",
    null,
    -17840,
    -0.322845558,
    57446.33,
    0.012294821,
    -297756,
    178653
  ],
  "time": 1616445789576
}