{
  "code": 200,
  "result": [
    -0.1993408589480869,
    2.16095979,
    0,
    0.01758786,
    2.16095979,
    2.15664235,
    117386.87253321166,
    "BTC-PERPETUAL",
    null,
    -23400,
    -0.43081625,
    56627.28,
    0.017587864,
    -293468,
    176080
  ],
  "time": 1616473690600
}