{
  "code": 200,
  "result": [
    -0.14344263921526662,
    2.13936638,
    0,
    -0.00401389,
    2.13936638,
    2.13629631,
    124370.27161238459,
    "BTC-PERPETUAL",
    null,
    -17840,
    -0.306536847,
    57446.33,
    -0.00401389,
    -310926,
    186555
  ],
  "time": 1616411169333
}