{
  "code": 200,
  "result": [
    -0.14568440145333283,
    2.14547051,
    0,
    0.00205265,
    2.14547051,
    2.14233959,
    122456.48691301173,
    "BTC-PERPETUAL",
    null,
    -17840,
    -0.312603383,
    57446.33,
    0.002052646,
    -306142,
    183684
  ],
  "time": 1616436370442
}