{
  "code": 200,
  "result": [
    -0.15170376484875128,
    2.16049485,
    0,
    0.01707179,
    2.16049485,
    2.15721326,
    117597.6088516095,
    "BTC-PERPETUAL",
    null,
    -17840,
    -0.327622527,
    57446.33,
    0.01707179,
    -293995,
    176396
  ],
  "time": 1616455449930
}