{
  "code": 200,
  "result": [
    -0.14568713359318278,
    2.14543095,
    0,
    0.0020131,
    2.14543095,
    2.14230043,
    122454.19042848679,
    "BTC-PERPETUAL",
    null,
    -17840,
    -0.31256384,
    57446.33,
    0.002013103,
    -306136,
    183681
  ],
  "time": 1616425148727
}