{
  "code": 200,
  "result": [
    -0.14549725408373695,
    2.14480491,
    0,
    0.00138706,
    2.14480491,
    2.14168066,
    122613.99785409475,
    "BTC-PERPETUAL",
    null,
    -17840,
    -0.311937793,
    57446.33,
    0.001387056,
    -306535,
    183920
  ],
  "time": 1616427189247
}