{
  "code": 200,
  "result": [
    -0.14507908658933455,
    2.14326304,
    0,
    -9.425e-05,
    2.14326304,
    2.14015365,
    122967.4132874745,
    "BTC-PERPETUAL",
    null,
    -17840,
    -0.310456484,
    57446.33,
    -9.4253e-05,
    -307419,
    184451
  ],
  "time": 1616407149190
}