{
  "code": 200,
  "result": [
    -0.1455755535078063,
    2.1450466,
    0,
    0.00162925,
    2.1450466,
    2.14191992,
    122548.04855709069,
    "BTC-PERPETUAL",
    null,
    -17840,
    -0.312179989,
    57446.33,
    0.001629252,
    -306371,
    183822
  ],
  "time": 1616422629229
}