{
  "code": 200,
  "result": [
    -0.19854995174797055,
    2.15859561,
    0,
    0.01522369,
    2.15859561,
    2.15430191,
    117854.47336548739,
    "BTC-PERPETUAL",
    null,
    -23400,
    -0.428452074,
    56627.28,
    0.015223688,
    -294637,
    176781
  ],
  "time": 1616468528460
}