{
  "code": 200,
  "result": [
    -0.1473379076823942,
    2.14950452,
    0,
    0.00608666,
    2.14950452,
    2.14633313,
    121082.21353635899,
    "BTC-PERPETUAL",
    null,
    -17840,
    -0.316637396,
    57446.33,
    0.006086659,
    -302706,
    181623
  ],
  "time": 1616431149756
}