{
  "code": 200,
  "result": [
    -0.15152345493930122,
    2.16011803,
    0,
    0.0166951,
    2.16011803,
    2.15684021,
    117737.54767634175,
    "BTC-PERPETUAL",
    null,
    -17840,
    -0.327245839,
    57446.33,
    0.016695102,
    -294344,
    176606
  ],
  "time": 1616451309808
}