{
  "code": 200,
  "result": [
    -0.19849975446669188,
    2.15846284,
    0,
    0.01509092,
    2.15846284,
    2.15417047,
    117884.27679857158,
    "BTC-PERPETUAL",
    null,
    -23400,
    -0.428319301,
    56627.28,
    0.015090915,
    -294711,
    176826
  ],
  "time": 1616469969675
}