{
  "code": 200,
  "result": [
    -0.15119813028553422,
    2.15917624,
    0,
    0.01575334,
    2.15917624,
    2.15590788,
    117990.87704530185,
    "BTC-PERPETUAL",
    null,
    -17840,
    -0.326304078,
    57446.33,
    0.015753341,
    -294978,
    176986
  ],
  "time": 1616450229112
}