{
  "code": 200,
  "result": [
    -0.1446275018355684,
    2.1420567,
    0,
    -0.0013035,
    2.1420567,
    2.13895945,
    123351.36660441567,
    "BTC-PERPETUAL",
    null,
    -17840,
    -0.309247238,
    57446.33,
    -0.001303499,
    -308379,
    185027
  ],
  "time": 1616407570620
}