{
  "code": 200,
  "result": [
    -0.14799014536453356,
    2.15103965,
    0,
    0.00762167,
    2.15103965,
    2.14785287,
    120548.56731207338,
    "BTC-PERPETUAL",
    null,
    -17840,
    -0.318254765,
    57446.33,
    0.007704028,
    -301372,
    180822
  ],
  "time": 1616442670819
}