{
  "code": 200,
  "result": [
    -0.19741681360732602,
    2.15562864,
    0,
    0.01225672,
    2.15562864,
    2.15136474,
    118530.93752462247,
    "BTC-PERPETUAL",
    null,
    -23400,
    -0.425485103,
    56627.28,
    0.012256717,
    -296328,
    177796
  ],
  "time": 1616467569903
}