{
  "code": 200,
  "result": [
    -0.14548457876252008,
    2.1444698,
    0,
    0.00112171,
    2.1444698,
    2.14134821,
    122624.6805795197,
    "BTC-PERPETUAL",
    null,
    -17840,
    -0.311672448,
    57446.33,
    0.001121711,
    -306562,
    183937
  ],
  "time": 1616405049847
}