{
  "code": 200,
  "result": [
    -0.1454109052750027,
    2.14424355,
    0,
    0.00089417,
    2.14424355,
    2.14112425,
    122686.8092613879,
    "BTC-PERPETUAL",
    null,
    -17840,
    -0.311444902,
    57446.33,
    0.000894165,
    -306718,
    184030
  ],
  "time": 1616405289800
}