{
  "code": 200,
  "result": [
    -0.14535160818487233,
    2.14408293,
    0,
    0.00073385,
    2.14408293,
    2.14096524,
    122736.86010621465,
    "BTC-PERPETUAL",
    null,
    -17840,
    -0.31128459,
    57446.33,
    0.000733853,
    -306843,
    184105
  ],
  "time": 1616405229369
}