{
  "code": 200,
  "result": [
    -0.1508270185682364,
    2.1582905,
    0,
    0.01486743,
    2.1582905,
    2.15503102,
    118281.1950362124,
    "BTC-PERPETUAL",
    null,
    -17840,
    -0.325402617,
    57446.33,
    0.01485188,
    -295703,
    177421
  ],
  "time": 1616454729085
}