{
  "code": 200,
  "result": [
    -0.19859483289279253,
    2.15905928,
    0,
    0.01568735,
    2.15905928,
    2.15476092,
    117827.83901851074,
    "BTC-PERPETUAL",
    null,
    -23400,
    -0.42891574,
    56627.28,
    0.015687354,
    -294570,
    176741
  ],
  "time": 1616472910576
}