{
  "code": 200,
  "result": [
    -0.19653854281107141,
    2.15337114,
    0,
    0.00999921,
    2.15337114,
    2.1491299,
    119060.61612807395,
    "BTC-PERPETUAL",
    null,
    -23400,
    -0.423227599,
    56627.28,
    0.009999213,
    -297652,
    178590
  ],
  "time": 1616464209716
}