{
  "code": 200,
  "result": [
    -0.14559049393229312,
    2.14501367,
    0,
    0.00160074,
    2.14501367,
    2.14188728,
    122535.47273695284,
    "BTC-PERPETUAL",
    null,
    -17840,
    -0.312151476,
    57446.33,
    0.001600739,
    -306339,
    183803
  ],
  "time": 1616418671092
}