{
  "code": 200,
  "result": [
    -0.1469738848033269,
    2.14857613,
    0,
    0.00515817,
    2.14857613,
    2.14541405,
    121382.10828320008,
    "BTC-PERPETUAL",
    null,
    -17840,
    -0.315708907,
    57446.33,
    0.00515817,
    -303456,
    182073
  ],
  "time": 1616439248677
}