{
  "code": 200,
  "result": [
    -0.14569518420315825,
    2.14511908,
    0,
    0.00177441,
    2.14511908,
    2.14199095,
    122447.42403512662,
    "BTC-PERPETUAL",
    null,
    -17840,
    -0.312325149,
    57446.33,
    0.001774412,
    -306119,
    183671
  ],
  "time": 1616404149649
}