{
  "code": 200,
  "result": [
    -0.14623087745140959,
    2.14671061,
    0,
    0.00329275,
    2.14671061,
    2.14356725,
    121998.8576347562,
    "BTC-PERPETUAL",
    null,
    -17840,
    -0.313843489,
    57446.33,
    0.003292752,
    -304998,
    182998
  ],
  "time": 1616430728912
}