{
  "code": 200,
  "result": [
    -0.19664139951650936,
    2.15373628,
    0,
    0.01036435,
    2.15373628,
    2.14949138,
    118998.33940123791,
    "BTC-PERPETUAL",
    null,
    -23400,
    -0.42359274,
    56627.28,
    0.010364354,
    -297496,
    178497
  ],
  "time": 1616464388312
}