{
  "code": 200,
  "result": [
    -0.14546645893623822,
    2.14465791,
    0,
    0.00124057,
    2.14465791,
    2.14153514,
    122639.95515158407,
    "BTC-PERPETUAL",
    null,
    -17840,
    -0.311791304,
    57446.33,
    0.001240567,
    -306600,
    183959
  ],
  "time": 1616422749302
}