{
  "code": 200,
  "result": [
    -0.19791730149437203,
    2.15689409,
    0,
    0.01352216,
    2.15689409,
    2.15261747,
    118231.19971482332,
    "BTC-PERPETUAL",
    null,
    -23400,
    -0.426750548,
    56627.28,
    0.013522162,
    -295578,
    177346
  ],
  "time": 1616462770530
}