{
  "code": 200,
  "result": [
    -0.14585728813960744,
    2.14555054,
    0,
    0.00213313,
    2.14555054,
    2.14241882,
    122311.33752414501,
    "BTC-PERPETUAL",
    null,
    -17840,
    -0.31268387,
    57446.33,
    0.002133133,
    -305779,
    183467
  ],
  "time": 1616423710089
}