{
  "code": 200,
  "result": [
    -0.1456159080292244,
    2.14495752,
    0,
    0.00154782,
    2.14495752,
    2.14183166,
    122514.0868291643,
    "BTC-PERPETUAL",
    null,
    -17840,
    -0.31209856,
    57446.33,
    0.001547823,
    -306286,
    183771
  ],
  "time": 1616417528466
}