{
  "code": 200,
  "result": [
    -0.15147457430705674,
    2.15982623,
    0,
    0.0164065,
    2.15982623,
    2.15655131,
    117775.54141750699,
    "BTC-PERPETUAL",
    null,
    -17840,
    -0.32695724,
    57446.33,
    0.016406503,
    -294439,
    176663
  ],
  "time": 1616448788924
}