{
  "code": 200,
  "result": [
    -0.1461311759979447,
    2.14622401,
    0,
    0.00280681,
    2.14622401,
    2.14308552,
    122082.09424285285,
    "BTC-PERPETUAL",
    null,
    -17840,
    -0.313357551,
    57446.33,
    0.002806814,
    -305206,
    183123
  ],
  "time": 1616421070726
}