{
  "code": 200,
  "result": [
    -0.19757390939043148,
    2.15627284,
    0,
    0.01290092,
    2.15627284,
    2.15200247,
    118436.69071587072,
    "BTC-PERPETUAL",
    null,
    -23400,
    -0.426129302,
    56627.28,
    0.012900916,
    -296092,
    177655
  ],
  "time": 1616466488571
}