{
  "code": 200,
  "result": [
    -0.14522286404608256,
    2.1437391,
    0,
    0.00038879,
    2.1437391,
    2.14062487,
    122845.66977235042,
    "BTC-PERPETUAL",
    null,
    -17840,
    -0.310939529,
    57446.33,
    0.000388792,
    -307115,
    184268
  ],
  "time": 1616405470013
}