{
  "code": 200,
  "result": [
    -0.19741577570653335,
    2.15553489,
    0,
    0.01216297,
    2.15553489,
    2.15127193,
    118531.56069343243,
    "BTC-PERPETUAL",
    null,
    -23400,
    -0.425391356,
    56627.28,
    0.01216297,
    -296329,
    177797
  ],
  "time": 1616465709321
}