{
  "code": 200,
  "result": [
    -0.19741116687635227,
    2.15555013,
    0,
    0.01217821,
    2.15555013,
    2.15128701,
    118534.32797272559,
    "BTC-PERPETUAL",
    null,
    -23400,
    -0.425406591,
    56627.28,
    0.012178205,
    -296336,
    177801
  ],
  "time": 1616465588390
}