{
  "code": 200,
  "result": [
    -0.19875851781552586,
    2.15917535,
    0,
    0.01580343,
    2.15917535,
    2.15487583,
    117730.80347539263,
    "BTC-PERPETUAL",
    null,
    -23400,
    -0.429031813,
    56627.28,
    0.015803427,
    -294328,
    176596
  ],
  "time": 1616471348678
}