{
  "code": 200,
  "result": [
    -0.19832573371146622,
    2.1580485,
    0,
    0.01467658,
    2.1580485,
    2.1537603,
    117987.71426225222,
    "BTC-PERPETUAL",
    null,
    -23400,
    -0.427904963,
    56627.28,
    0.014676577,
    -294970,
    176981
  ],
  "time": 1616462109828
}