{
  "code": 200,
  "result": [
    -0.1518825128376252,
    2.1610003,
    0,
    0.01757736,
    2.1610003,
    2.15771363,
    117459.21019276536,
    "BTC-PERPETUAL",
    null,
    -17840,
    -0.328128101,
    57446.33,
    0.017577364,
    -293649,
    176188
  ],
  "time": 1616451848970
}