{
  "code": 200,
  "result": [
    -0.1450260288640456,
    2.1435375,
    0,
    0.00019971,
    2.1435375,
    2.14042517,
    123012.40087545993,
    "BTC-PERPETUAL",
    null,
    -17840,
    -0.31075045,
    57446.33,
    0.000199713,
    -307532,
    184518
  ],
  "time": 1616402349462
}