{
  "code": 200,
  "result": [
    -0.1462703856871753,
    2.14680649,
    0,
    0.00338863,
    2.14680649,
    2.14366216,
    121965.905239041,
    "BTC-PERPETUAL",
    null,
    -17840,
    -0.313939365,
    57446.33,
    0.003388628,
    -304915,
    182948
  ],
  "time": 1616434089529
}