{
  "code": 200,
  "result": [
    -0.1454099952077659,
    2.14442048,
    0,
    0.00101187,
    2.14442048,
    2.1413,
    122687.57711263042,
    "BTC-PERPETUAL",
    null,
    -17840,
    -0.311562605,
    57446.33,
    0.001011868,
    -306719,
    184031
  ],
  "time": 1616416988978
}