{
  "code": 200,
  "result": [
    -0.14693177527971618,
    2.14846632,
    0,
    0.00504837,
    2.14846632,
    2.14530535,
    121416.89546755786,
    "BTC-PERPETUAL",
    null,
    -17840,
    -0.315599105,
    57446.33,
    0.005048368,
    -303543,
    182125
  ],
  "time": 1616439729932
}