{
  "code": 200,
  "result": [
    -0.14569054170281484,
    2.14510965,
    0,
    0.00169231,
    2.14510965,
    2.14198235,
    122451.32588216137,
    "BTC-PERPETUAL",
    null,
    -17840,
    -0.312243043,
    57446.33,
    0.001692306,
    -306129,
    183676
  ],
  "time": 1616421910415
}