{
  "code": 200,
  "result": [
    -0.1483269223676542,
    2.15216442,
    0,
    0.00874635,
    2.15216442,
    2.14896635,
    120274.86120004863,
    "BTC-PERPETUAL",
    null,
    -17840,
    -0.319297088,
    57446.33,
    0.008746351,
    -300688,
    180412
  ],
  "time": 1616443569532
}