{
  "code": 200,
  "result": [
    -0.19718050758143552,
    2.15505273,
    0,
    0.01168081,
    2.15505273,
    2.15079461,
    118672.98794905376,
    "BTC-PERPETUAL",
    null,
    -23400,
    -0.424909194,
    56627.28,
    0.011680808,
    -296683,
    178009
  ],
  "time": 1616465109333
}