{
  "code": 200,
  "result": [
    -0.14474306041954538,
    2.14275318,
    0,
    -0.00065091,
    2.14275318,
    2.13964938,
    123252.88651690673,
    "BTC-PERPETUAL",
    null,
    -17840,
    -0.309899823,
    57446.33,
    -0.000650914,
    -308133,
    184879
  ],
  "time": 1616415548269
}