{
  "code": 200,
  "result": [
    -0.14571589427747664,
    2.14524553,
    0,
    0.00183621,
    2.14524553,
    2.14211678,
    122430.02102453237,
    "BTC-PERPETUAL",
    null,
    -17840,
    -0.312386948,
    57446.33,
    0.001836211,
    -306076,
    183645
  ],
  "time": 1616417348927
}