{
  "code": 200,
  "result": [
    -0.19768068230280816,
    2.15620045,
    0,
    0.01282853,
    2.15620045,
    2.1519308,
    118372.7197185397,
    "BTC-PERPETUAL",
    null,
    -23400,
    -0.426056912,
    56627.28,
    0.012828526,
    -295932,
    177559
  ],
  "time": 1616463128721
}