{
  "code": 200,
  "result": [
    -0.19858209452275868,
    2.15875123,
    0,
    0.01537931,
    2.15875123,
    2.15445597,
    117835.3972760531,
    "BTC-PERPETUAL",
    null,
    -23400,
    -0.428607695,
    56627.28,
    0.015379309,
    -294589,
    176753
  ],
  "time": 1616460788614
}