{
  "code": 200,
  "result": [
    -0.14556020728170915,
    2.14516257,
    0,
    0.00174472,
    2.14516257,
    2.14203474,
    122560.96864078692,
    "BTC-PERPETUAL",
    null,
    -17840,
    -0.312295461,
    57446.33,
    0.001744724,
    -306403,
    183841
  ],
  "time": 1616426949144
}