{
  "code": 200,
  "result": [
    -0.14462011304473563,
    2.1422469,
    0,
    -0.00108748,
    2.1422469,
    2.13914748,
    123357.6687530421,
    "BTC-PERPETUAL",
    null,
    -17840,
    -0.309463262,
    57446.33,
    -0.001087475,
    -308395,
    185036
  ],
  "time": 1616401329430
}