{
  "code": 200,
  "result": [
    -0.1516812036582703,
    2.16076829,
    0,
    0.01734535,
    2.16076829,
    2.15748395,
    117615.1004193807,
    "BTC-PERPETUAL",
    null,
    -17840,
    -0.327896091,
    57446.33,
    0.017345354,
    -294038,
    176422
  ],
  "time": 1616451788512
}