{
  "code": 200,
  "result": [
    -0.14482244855940216,
    2.14297835,
    0,
    -0.00042681,
    2.14297835,
    2.13987231,
    123185.32228574029,
    "BTC-PERPETUAL",
    null,
    -17840,
    -0.31012393,
    57446.33,
    -0.000426807,
    -307964,
    184777
  ],
  "time": 1616415788784
}