{
  "code": 200,
  "result": [
    -0.1456432513581604,
    2.14525609,
    0,
    0.00183824,
    2.14525609,
    2.14212732,
    122491.08581164907,
    "BTC-PERPETUAL",
    null,
    -17840,
    -0.312388972,
    57446.33,
    0.001838235,
    -306228,
    183736
  ],
  "time": 1616426589074
}