{
  "code": 200,
  "result": [
    -0.14564291285486464,
    2.1452207,
    0,
    0.00180285,
    2.1452207,
    2.14209228,
    122491.37050546242,
    "BTC-PERPETUAL",
    null,
    -17840,
    -0.312353584,
    57446.33,
    0.001802847,
    -306229,
    183737
  ],
  "time": 1616424970117
}