{
  "code": 200,
  "result": [
    -0.1982250654424587,
    2.15776644,
    0,
    0.01439452,
    2.15776644,
    2.15348107,
    118047.63412623323,
    "BTC-PERPETUAL",
    null,
    -23400,
    -0.427622905,
    56627.28,
    0.014394519,
    -295120,
    177071
  ],
  "time": 1616462169406
}