{
  "code": 200,
  "result": [
    -0.14641273944738595,
    2.14721955,
    0,
    0.00380169,
    2.14721955,
    2.14407108,
    121847.32057698355,
    "BTC-PERPETUAL",
    null,
    -17840,
    -0.314352426,
    57446.33,
    0.003801689,
    -304619,
    182770
  ],
  "time": 1616432412198
}