{
  "code": 200,
  "result": [
    -0.19799613206804878,
    2.15702417,
    0,
    0.01365225,
    2.15702417,
    2.15274626,
    118184.12690990203,
    "BTC-PERPETUAL",
    null,
    -23400,
    -0.426880637,
    56627.28,
    0.013652251,
    -295461,
    177276
  ],
  "time": 1616462888333
}