{
  "code": 200,
  "result": [
    -0.14543597241995465,
    2.14436716,
    0,
    0.00101987,
    2.14436716,
    2.1412466,
    122665.66313103051,
    "BTC-PERPETUAL",
    null,
    -17840,
    -0.311570604,
    57446.33,
    0.001019867,
    -306665,
    183998
  ],
  "time": 1616404869873
}