{
  "code": 200,
  "result": [
    -0.1453381607827997,
    2.14415766,
    0,
    0.00074705,
    2.14415766,
    2.14103984,
    122748.21632469223,
    "BTC-PERPETUAL",
    null,
    -17840,
    -0.311297789,
    57446.33,
    0.000747052,
    -306871,
    184122
  ],
  "time": 1616417829800
}