{
  "code": 200,
  "result": [
    -0.19836769775759985,
    2.15816567,
    0,
    0.01479375,
    2.15816567,
    2.15387629,
    117962.75434216205,
    "BTC-PERPETUAL",
    null,
    -23400,
    -0.428022134,
    56627.28,
    0.014793748,
    -294907,
    176944
  ],
  "time": 1616471709706
}