{
  "code": 200,
  "result": [
    -0.15137860684793214,
    2.15971984,
    0,
    0.01630018,
    2.15971984,
    2.15644599,
    117850.20599324995,
    "BTC-PERPETUAL",
    null,
    -17840,
    -0.326850912,
    57446.33,
    0.016300175,
    -294626,
    176775
  ],
  "time": 1616448669852
}