{
  "code": 200,
  "result": [
    -0.14530135195551935,
    2.1439163,
    0,
    0.00056128,
    2.1439163,
    2.14080034,
    122779.31182265464,
    "BTC-PERPETUAL",
    null,
    -17840,
    -0.311112018,
    57446.33,
    0.000561281,
    -306949,
    184168
  ],
  "time": 1616406670414
}