{
  "code": 200,
  "result": [
    -0.14476389881991905,
    2.14265609,
    0,
    -0.00067525,
    2.14265609,
    2.13955254,
    123235.14457283512,
    "BTC-PERPETUAL",
    null,
    -17840,
    -0.309875492,
    57446.33,
    -0.000675245,
    -308088,
    184852
  ],
  "time": 1616400729346
}