{
  "code": 200,
  "result": [
    -0.14551231750014954,
    2.14478565,
    0,
    0.00137108,
    2.14478565,
    2.14166156,
    122601.30486879,
    "BTC-PERPETUAL",
    null,
    -17840,
    -0.311921813,
    57446.33,
    0.001371076,
    -306504,
    183901
  ],
  "time": 1616419389782
}