{
  "code": 200,
  "result": [
    -0.14472657987293325,
    2.14268268,
    0,
    -0.00072083,
    2.14268268,
    2.13957959,
    123266.92177527533,
    "BTC-PERPETUAL",
    null,
    -17840,
    -0.30982991,
    57446.33,
    -0.000720827,
    -308168,
    184900
  ],
  "time": 1616415428347
}