{
  "code": 200,
  "result": [
    -0.19884628390873907,
    2.1591247,
    0,
    0.01575278,
    2.1591247,
    2.15482569,
    117678.83985571227,
    "BTC-PERPETUAL",
    null,
    -23400,
    -0.428981161,
    56627.28,
    0.015752775,
    -294198,
    176518
  ],
  "time": 1616475009631
}