{
  "code": 200,
  "result": [
    -0.1983661922924704,
    2.15811322,
    0,
    0.0147413,
    2.15811322,
    2.15382437,
    117963.6495996209,
    "BTC-PERPETUAL",
    null,
    -23400,
    -0.427969684,
    56627.28,
    0.014741298,
    -294910,
    176945
  ],
  "time": 1616468709086
}