{
  "code": 200,
  "result": [
    -0.14547089174383113,
    2.14482012,
    0,
    0.00140227,
    2.14482012,
    2.14169573,
    122636.21805120699,
    "BTC-PERPETUAL",
    null,
    -17840,
    -0.311953011,
    57446.33,
    0.001402274,
    -306591,
    183954
  ],
  "time": 1616427310763
}