{
  "code": 200,
  "result": [
    -0.1985488326204403,
    2.15872658,
    0,
    0.01535466,
    2.15872658,
    2.15443157,
    117855.13765640245,
    "BTC-PERPETUAL",
    null,
    -23400,
    -0.428619707,
    56627.28,
    0.015391321,
    -294638,
    176782
  ],
  "time": 1616461149438
}