{
  "code": 200,
  "result": [
    -0.15212373622624423,
    2.16187744,
    0,
    0.01845451,
    2.16187744,
    2.15858197,
    117272.95452083607,
    "BTC-PERPETUAL",
    null,
    -17840,
    -0.329005242,
    57446.33,
    0.018454505,
    -293183,
    175909
  ],
  "time": 1616451970235
}