{
  "code": 200,
  "result": [
    -0.14526090696934651,
    2.14407752,
    0,
    0.00066375,
    2.14407752,
    2.14096053,
    122813.49725955285,
    "BTC-PERPETUAL",
    null,
    -17840,
    -0.311214485,
    57446.33,
    0.000663748,
    -307034,
    184220
  ],
  "time": 1616418969917
}