{
  "code": 200,
  "result": [
    -0.14596649179544147,
    2.14619402,
    0,
    0.0027761,
    2.14619402,
    2.14305585,
    122219.83128155953,
    "BTC-PERPETUAL",
    null,
    -17840,
    -0.313326841,
    57446.33,
    0.002776104,
    -305550,
    183329
  ],
  "time": 1616437870145
}