{
  "code": 200,
  "result": [
    -0.19849715276341862,
    2.15840858,
    0,
    0.01503667,
    2.15840858,
    2.15411676,
    117885.82190843609,
    "BTC-PERPETUAL",
    null,
    -23400,
    -0.428265054,
    56627.28,
    0.015036668,
    -294715,
    176828
  ],
  "time": 1616460308708
}