{
  "code": 200,
  "result": [
    -0.14668548970290218,
    2.14784199,
    0,
    0.00442413,
    2.14784199,
    2.14468728,
    121620.75496447031,
    "BTC-PERPETUAL",
    null,
    -17840,
    -0.314974866,
    57446.33,
    0.004424129,
    -304052,
    182431
  ],
  "time": 1616433010412
}