{
  "code": 200,
  "result": [
    -0.14546603389034088,
    2.14456567,
    0,
    0.00115351,
    2.14456567,
    2.14144377,
    122640.31350059787,
    "BTC-PERPETUAL",
    null,
    -17840,
    -0.31170425,
    57446.33,
    0.001153513,
    -306601,
    183960
  ],
  "time": 1616418309776
}