{
  "code": 200,
  "result": [
    -0.14436055524760524,
    2.14184105,
    0,
    -0.00155878,
    2.14184105,
    2.13874635,
    123579.46372124349,
    "BTC-PERPETUAL",
    null,
    -17840,
    -0.308990676,
    57446.33,
    -0.001560061,
    -308949,
    185369
  ],
  "time": 1616414529614
}