{
  "code": 200,
  "result": [
    -0.19864540488613916,
    2.15881601,
    0,
    0.01544409,
    2.15881601,
    2.1545201,
    117797.84190534164,
    "BTC-PERPETUAL",
    null,
    -23400,
    -0.428672473,
    56627.28,
    0.015444087,
    -294495,
    176696
  ],
  "time": 1616471170960
}