{
  "code": 200,
  "result": [
    -0.1984093200481194,
    2.15834903,
    0,
    0.01497711,
    2.15834903,
    2.15405781,
    117938.00812544941,
    "BTC-PERPETUAL",
    null,
    -23400,
    -0.428205493,
    56627.28,
    0.014977107,
    -294846,
    176907
  ],
  "time": 1616468829451
}