{
  "code": 200,
  "result": [
    -0.19916372939286048,
    2.16023794,
    0,
    0.01686602,
    2.16023794,
    2.15592775,
    117491.27248888939,
    "BTC-PERPETUAL",
    null,
    -23400,
    -0.430094404,
    56627.28,
    0.016866018,
    -293729,
    176236
  ],
  "time": 1616475548690
}