{
  "code": 200,
  "result": [
    -0.1967302329547907,
    2.15398057,
    0,
    0.01060864,
    2.15398057,
    2.14973321,
    118944.60576060723,
    "BTC-PERPETUAL",
    null,
    -23400,
    -0.423837029,
    56627.28,
    0.010608643,
    -297362,
    178416
  ],
  "time": 1616464628413
}