{
  "code": 200,
  "result": [
    -0.15216996261714352,
    2.16147437,
    0,
    0.01805145,
    2.16147437,
    2.15818295,
    117237.32918884308,
    "BTC-PERPETUAL",
    null,
    -17840,
    -0.328602186,
    57446.33,
    0.018051449,
    -293094,
    175855
  ],
  "time": 1616450948599
}