{
  "code": 200,
  "result": [
    -0.14553510327357194,
    2.1449641,
    0,
    0.00154624,
    2.1449641,
    2.14183826,
    122582.10973654222,
    "BTC-PERPETUAL",
    null,
    -17840,
    -0.312101454,
    57446.33,
    0.001550717,
    -306456,
    183873
  ],
  "time": 1616435949551
}