{
  "code": 200,
  "result": [
    -0.1512186786599416,
    2.15916694,
    0,
    0.01574636,
    2.15916694,
    2.15589865,
    117974.8438360471,
    "BTC-PERPETUAL",
    null,
    -17840,
    -0.326297095,
    57446.33,
    0.015746358,
    -294938,
    176962
  ],
  "time": 1616449388733
}