{
  "code": 200,
  "result": [
    -0.1456297273905911,
    2.14524192,
    0,
    0.00182407,
    2.14524192,
    2.14211329,
    122502.46099926857,
    "BTC-PERPETUAL",
    null,
    -17840,
    -0.312348881,
    57446.33,
    0.001798144,
    -306257,
    183753
  ],
  "time": 1616428812482
}