{
  "code": 200,
  "result": [
    -0.1522318553589642,
    2.16189055,
    0,
    0.01846761,
    2.16189055,
    2.15859496,
    117189.6641339167,
    "BTC-PERPETUAL",
    null,
    -17840,
    -0.329018349,
    57446.33,
    0.018467612,
    -292975,
    175784
  ],
  "time": 1616453109336
}