{
  "code": 200,
  "result": [
    -0.19874603803724367,
    2.15921115,
    0,
    0.01583922,
    2.15921115,
    2.15491126,
    117738.1960973481,
    "BTC-PERPETUAL",
    null,
    -23400,
    -0.429067607,
    56627.28,
    0.015839221,
    -294346,
    176607
  ],
  "time": 1616470688933
}