{
  "code": 200,
  "result": [
    -0.14550960742878846,
    2.14473222,
    0,
    0.00131437,
    2.14473222,
    2.1416087,
    122603.58828011264,
    "BTC-PERPETUAL",
    null,
    -17840,
    -0.311865104,
    57446.33,
    0.001314367,
    -306509,
    183905
  ],
  "time": 1616428629693
}