{
  "code": 200,
  "result": [
    -0.1507663675641542,
    2.15809993,
    0,
    0.01468062,
    2.15809993,
    2.15484233,
    118328.77775216487,
    "BTC-PERPETUAL",
    null,
    -17840,
    -0.325231354,
    57446.33,
    0.014680617,
    -295822,
    177493
  ],
  "time": 1616447770181
}