{
  "code": 200,
  "result": [
    -0.19822305852211652,
    2.15770065,
    0,
    0.01432873,
    2.15770065,
    2.15341594,
    118048.82930604751,
    "BTC-PERPETUAL",
    null,
    -23400,
    -0.427557116,
    56627.28,
    0.01432873,
    -295123,
    177073
  ],
  "time": 1616461748340
}