{
  "code": 200,
  "result": [
    -0.1463927793549257,
    2.14699709,
    0,
    0.00357923,
    2.14699709,
    2.14385086,
    121863.93399053758,
    "BTC-PERPETUAL",
    null,
    -17840,
    -0.314129967,
    57446.33,
    0.00357923,
    -304660,
    182795
  ],
  "time": 1616433249109
}