{
  "code": 200,
  "result": [
    -0.1515151286875823,
    2.16010228,
    0,
    0.0166828,
    2.16010228,
    2.15682459,
    117744.01773954413,
    "BTC-PERPETUAL",
    null,
    -17840,
    -0.327233534,
    57446.33,
    0.016682797,
    -294361,
    176616
  ],
  "time": 1616448549142
}