{
  "code": 200,
  "result": [
    -0.14816985857027293,
    2.15148419,
    0,
    0.00806564,
    2.15148419,
    2.14829295,
    120402.35559473773,
    "BTC-PERPETUAL",
    null,
    -17840,
    -0.318616376,
    57446.33,
    0.008065639,
    -301006,
    180603
  ],
  "time": 1616444170088
}