{
  "code": 200,
  "result": [
    -0.14675418797495052,
    2.15106618,
    0,
    0.00764823,
    2.15106618,
    2.14787913,
    121563.82210397368,
    "BTC-PERPETUAL",
    null,
    -17840,
    -0.318198965,
    57446.33,
    0.007648228,
    -303910,
    182345
  ],
  "time": 1616440328437
}