{
  "code": 200,
  "result": [
    -0.1458985971856931,
    2.14591256,
    0,
    0.00250317,
    2.14591256,
    2.14277712,
    122276.70686438512,
    "BTC-PERPETUAL",
    null,
    -17840,
    -0.31303364,
    57446.33,
    0.002482903,
    -305692,
    183415
  ],
  "time": 1616417410155
}