{
  "code": 200,
  "result": [
    -0.15146028986688373,
    2.16009752,
    0,
    0.01667445,
    2.16009752,
    2.15681991,
    117786.64900007335,
    "BTC-PERPETUAL",
    null,
    -17840,
    -0.327225191,
    57446.33,
    0.016674454,
    -294467,
    176679
  ],
  "time": 1616455148795
}