{
  "code": 200,
  "result": [
    -0.14695176413717706,
    2.14856184,
    0,
    0.00514398,
    2.14856184,
    2.14539991,
    121400.37994607982,
    "BTC-PERPETUAL",
    null,
    -17840,
    -0.315694717,
    57446.33,
    0.00514398,
    -303501,
    182100
  ],
  "time": 1616431510369
}