{
  "code": 200,
  "result": [
    -0.1972794559166739,
    2.15507272,
    0,
    0.01170079,
    2.15507272,
    2.1508144,
    118613.4658131032,
    "BTC-PERPETUAL",
    null,
    -23400,
    -0.424929178,
    56627.28,
    0.011700792,
    -296534,
    177920
  ],
  "time": 1616467028793
}