{
  "code": 200,
  "result": [
    -0.14646593814480582,
    2.14719834,
    0,
    0.00378048,
    2.14719834,
    2.14405008,
    121803.06374279463,
    "BTC-PERPETUAL",
    null,
    -17840,
    -0.314331213,
    57446.33,
    0.003780476,
    -304508,
    182704
  ],
  "time": 1616433609971
}