{
  "code": 200,
  "result": [
    -0.1433324774344342,
    2.13898795,
    0,
    -0.00437747,
    2.13898795,
    2.13592153,
    124465.85951296841,
    "BTC-PERPETUAL",
    null,
    -17840,
    -0.30617327,
    57446.33,
    -0.004377467,
    -311165,
    186698
  ],
  "time": 1616408470392
}