{
  "code": 200,
  "result": [
    -0.19824941564819368,
    2.15778823,
    0,
    0.01441632,
    2.15778823,
    2.15350264,
    118033.13479382357,
    "BTC-PERPETUAL",
    null,
    -23400,
    -0.427644708,
    56627.28,
    0.014416322,
    -295083,
    177049
  ],
  "time": 1616458569477
}