{
  "code": 200,
  "result": [
    -0.14569647155801205,
    2.14521328,
    0,
    0.00180416,
    2.14521328,
    2.14208485,
    122446.34210579791,
    "BTC-PERPETUAL",
    null,
    -17840,
    -0.312354897,
    57446.33,
    0.00180416,
    -306116,
    183669
  ],
  "time": 1616417229035
}