{
  "code": 200,
  "result": [
    -0.14839338416067802,
    2.15193125,
    0,
    0.00851285,
    2.15193125,
    2.14873552,
    120220.99301059896,
    "BTC-PERPETUAL",
    null,
    -17840,
    -0.319063584,
    57446.33,
    0.008512847,
    -300553,
    180331
  ],
  "time": 1616444048394
}