{
  "code": 200,
  "result": [
    -0.19986431806227212,
    2.16213442,
    0,
    0.0187625,
    2.16213442,
    2.15780518,
    117079.4278181722,
    "BTC-PERPETUAL",
    null,
    -23400,
    -0.431990882,
    56627.28,
    0.018762496,
    -292699,
    175619
  ],
  "time": 1616474109202
}