{
  "code": 200,
  "result": [
    -0.1995407671568401,
    2.16150324,
    0,
    0.01813132,
    2.16150324,
    2.15718034,
    117269.2695002394,
    "BTC-PERPETUAL",
    null,
    -23400,
    -0.431359703,
    56627.28,
    0.018131317,
    -293174,
    175903
  ],
  "time": 1616474469777
}