{
  "code": 200,
  "result": [
    -0.15091176570527653,
    2.15842897,
    0,
    0.01501002,
    2.15842897,
    2.15516806,
    118214.77216588048,
    "BTC-PERPETUAL",
    null,
    -17840,
    -0.325560753,
    57446.33,
    0.015010016,
    -295537,
    177322
  ],
  "time": 1616446509018
}