{
  "code": 200,
  "result": [
    -0.14547041976984476,
    2.14444914,
    0,
    0.00110293,
    2.14444914,
    2.14132775,
    122636.61594037784,
    "BTC-PERPETUAL",
    null,
    -17840,
    -0.311653663,
    57446.33,
    0.001102926,
    -306592,
    183954
  ],
  "time": 1616404570523
}