{
  "code": 200,
  "result": [
    -0.1510694086906208,
    2.15881394,
    0,
    0.01539087,
    2.15881394,
    2.15554921,
    118091.41344118866,
    "BTC-PERPETUAL",
    null,
    -17840,
    -0.325941609,
    57446.33,
    0.015390872,
    -295229,
    177137
  ],
  "time": 1616454908576
}