{
  "code": 200,
  "result": [
    -0.14675021472085692,
    2.15112442,
    0,
    0.00770647,
    2.15112442,
    2.14793679,
    121567.11343785506,
    "BTC-PERPETUAL",
    null,
    -17840,
    -0.318257206,
    57446.33,
    0.007706469,
    -303918,
    182350
  ],
  "time": 1616440269648
}