{
  "code": 200,
  "result": [
    -0.1453982858808623,
    2.14458742,
    0,
    0.00117988,
    2.14458742,
    2.14146525,
    122697.45748321885,
    "BTC-PERPETUAL",
    null,
    -17840,
    -0.311730612,
    57446.33,
    0.001179875,
    -306744,
    184046
  ],
  "time": 1616416508596
}