{
  "code": 200,
  "result": [
    -0.1512974061034905,
    2.15952541,
    0,
    0.01610549,
    2.15952541,
    2.15625351,
    117913.45575215663,
    "BTC-PERPETUAL",
    null,
    -17840,
    -0.326656229,
    57446.33,
    0.016105492,
    -294784,
    176870
  ],
  "time": 1616449028390
}