{
  "code": 200,
  "result": [
    -0.19895566544747645,
    2.15983381,
    0,
    0.01646189,
    2.15983381,
    2.15552768,
    117614.14256472889,
    "BTC-PERPETUAL",
    null,
    -23400,
    -0.429690276,
    56627.28,
    0.01646189,
    -294036,
    176421
  ],
  "time": 1616469009713
}