{
  "code": 200,
  "result": [
    -0.14430704446480014,
    2.14154962,
    0,
    -0.00184286,
    2.14154962,
    2.13845777,
    123625.28846851682,
    "BTC-PERPETUAL",
    null,
    -17840,
    -0.308707881,
    57446.33,
    -0.001842856,
    -309064,
    185437
  ],
  "time": 1616413269342
}