{
  "code": 200,
  "result": [
    -0.1434121913164505,
    2.13924761,
    0,
    -0.00411862,
    2.13924761,
    2.1361786,
    124396.67671372938,
    "BTC-PERPETUAL",
    null,
    -17840,
    -0.30643212,
    57446.33,
    -0.004118617,
    -310992,
    186595
  ],
  "time": 1616408649838
}