{
  "code": 200,
  "result": [
    -0.14576542854955904,
    2.14605397,
    0,
    0.00263612,
    2.14605397,
    2.14291719,
    122388.416632923,
    "BTC-PERPETUAL",
    null,
    -17840,
    -0.313186852,
    57446.33,
    0.002636115,
    -305972,
    183582
  ],
  "time": 1616425212181
}