{
  "code": 200,
  "result": [
    -0.1436140901642044,
    2.13988521,
    0,
    -0.00349838,
    2.13988521,
    2.13680998,
    124221.7945300648,
    "BTC-PERPETUAL",
    null,
    -17840,
    -0.307052359,
    57446.33,
    -0.003498378,
    -310555,
    186332
  ],
  "time": 1616411769480
}