{
  "code": 200,
  "result": [
    -0.1458322547141761,
    2.14544646,
    0,
    0.00202899,
    2.14544646,
    2.14231578,
    122332.33337141707,
    "BTC-PERPETUAL",
    null,
    -17840,
    -0.312579722,
    57446.33,
    0.002028985,
    -305831,
    183498
  ],
  "time": 1616424129633
}