{
  "code": 200,
  "result": [
    -0.15219791095782484,
    2.16173181,
    0,
    0.01830871,
    2.16173181,
    2.15843781,
    117215.80071452883,
    "BTC-PERPETUAL",
    null,
    -17840,
    -0.328859444,
    57446.33,
    0.018308707,
    -293040,
    175823
  ],
  "time": 1616457548618
}