{
  "code": 200,
  "result": [
    -0.14512347254294833,
    2.14363446,
    0,
    0.00029441,
    2.14363446,
    2.14052117,
    122929.80375535302,
    "BTC-PERPETUAL",
    null,
    -17840,
    -0.31084515,
    57446.33,
    0.000294413,
    -307325,
    184394
  ],
  "time": 1616403129059
}