{
  "code": 200,
  "result": [
    -0.1506819270752737,
    2.15794884,
    0,
    0.01452659,
    2.15794884,
    2.15469278,
    118395.08789324126,
    "BTC-PERPETUAL",
    null,
    -17840,
    -0.325077329,
    57446.33,
    0.014526592,
    -295988,
    177592
  ],
  "time": 1616449928872
}