{
  "code": 200,
  "result": [
    -0.19741211329664393,
    2.15545719,
    0,
    0.01208527,
    2.15545719,
    2.15119501,
    118533.75970317323,
    "BTC-PERPETUAL",
    null,
    -23400,
    -0.425313651,
    56627.28,
    0.012085265,
    -296335,
    177800
  ],
  "time": 1616465528888
}