{
  "code": 200,
  "result": [
    -0.14574616938714346,
    2.14540457,
    0,
    0.00198671,
    2.14540457,
    2.14227431,
    122404.58925964539,
    "BTC-PERPETUAL",
    null,
    -17840,
    -0.312537447,
    57446.33,
    0.00198671,
    -306012,
    183606
  ],
  "time": 1616437211443
}