{
  "code": 200,
  "result": [
    -0.14665161075902278,
    2.14770675,
    0,
    0.00428889,
    2.14770675,
    2.14455339,
    121648.85136730343,
    "BTC-PERPETUAL",
    null,
    -17840,
    -0.314839623,
    57446.33,
    0.004288886,
    -304123,
    182473
  ],
  "time": 1616432109881
}