{
  "code": 200,
  "result": [
    -0.1517455356649795,
    2.16084865,
    0,
    0.01742559,
    2.16084865,
    2.15756351,
    117565.23789527993,
    "BTC-PERPETUAL",
    null,
    -17840,
    -0.327886268,
    57446.33,
    0.017335531,
    -293914,
    176347
  ],
  "time": 1616455209088
}