{
  "code": 200,
  "result": [
    -0.14537636848038052,
    2.14445876,
    0,
    0.00104142,
    2.14445876,
    2.14133798,
    122715.9557394476,
    "BTC-PERPETUAL",
    null,
    -17840,
    -0.311592154,
    57446.33,
    0.001041417,
    -306790,
    184073
  ],
  "time": 1616422270041
}