{
  "code": 200,
  "result": [
    -0.14595414718219565,
    2.14611611,
    0,
    0.00269826,
    2.14611611,
    2.14297871,
    122230.1684770231,
    "BTC-PERPETUAL",
    null,
    -17840,
    -0.313248993,
    57446.33,
    0.002698256,
    -305576,
    183345
  ],
  "time": 1616429170443
}