{
  "code": 200,
  "result": [
    -0.14567910765172826,
    2.14504097,
    0,
    0.00162363,
    2.14504097,
    2.14191435,
    122460.93683282084,
    "BTC-PERPETUAL",
    null,
    -17840,
    -0.312174363,
    57446.33,
    0.001623626,
    -306153,
    183691
  ],
  "time": 1616421970789
}