{
  "code": 200,
  "result": [
    -0.1457198665718996,
    2.14542427,
    0,
    0.00200642,
    2.14542427,
    2.14229382,
    122426.68360664175,
    "BTC-PERPETUAL",
    null,
    -17840,
    -0.312557159,
    57446.33,
    0.002006422,
    -306067,
    183640
  ],
  "time": 1616425690525
}