{
  "code": 200,
  "result": [
    -0.14843097267936042,
    2.15214517,
    0,
    0.00872721,
    2.15214517,
    2.14894729,
    120190.54836040082,
    "BTC-PERPETUAL",
    null,
    -17840,
    -0.319277945,
    57446.33,
    0.008727208,
    -300477,
    180285
  ],
  "time": 1616441348302
}