{
  "code": 200,
  "result": [
    -0.14582144662023463,
    2.14546202,
    0,
    0.00204416,
    2.14546202,
    2.14233118,
    122341.40048316093,
    "BTC-PERPETUAL",
    null,
    -17840,
    -0.312679815,
    57446.33,
    0.002129078,
    -305854,
    183512
  ],
  "time": 1616434328921
}