{
  "code": 200,
  "result": [
    -0.19847164688434607,
    2.15834504,
    0,
    0.01497311,
    2.15834504,
    2.15405385,
    117900.97158631284,
    "BTC-PERPETUAL",
    null,
    -23400,
    -0.428201497,
    56627.28,
    0.014973111,
    -294753,
    176851
  ],
  "time": 1616468588072
}