{
  "code": 200,
  "result": [
    -0.14523024584614594,
    2.14368614,
    0,
    0.00033466,
    2.14368614,
    2.14057246,
    122839.42574124226,
    "BTC-PERPETUAL",
    null,
    -17840,
    -0.310885398,
    57446.33,
    0.000334661,
    -307099,
    184259
  ],
  "time": 1616405709283
}