{
  "code": 200,
  "result": [
    -0.14458386302035026,
    2.14236688,
    0,
    -0.00103454,
    2.14236688,
    2.13926692,
    123388.59695213019,
    "BTC-PERPETUAL",
    null,
    -17840,
    -0.309516201,
    57446.33,
    -0.001034536,
    -308472,
    185082
  ],
  "time": 1616414888994
}