{
  "code": 200,
  "result": [
    -0.14577194230076368,
    2.14528599,
    0,
    0.00186865,
    2.14528599,
    2.14215692,
    122382.94776364889,
    "BTC-PERPETUAL",
    null,
    -17840,
    -0.312419389,
    57446.33,
    0.001868652,
    -305958,
    183574
  ],
  "time": 1616421849404
}