{
  "code": 200,
  "result": [
    -0.1458980680152503,
    2.14562098,
    0,
    0.00220368,
    2.14562098,
    2.14248855,
    122277.15036045054,
    "BTC-PERPETUAL",
    null,
    -17840,
    -0.31275442,
    57446.33,
    0.002203683,
    -305693,
    183415
  ],
  "time": 1616421429328
}