{
  "code": 200,
  "result": [
    -0.14528052090944457,
    2.14419152,
    0,
    0.0008535,
    2.14419152,
    2.14107263,
    122796.91653308379,
    "BTC-PERPETUAL",
    null,
    -17840,
    -0.311404238,
    57446.33,
    0.000853501,
    -306993,
    184195
  ],
  "time": 1616402470628
}