{
  "code": 200,
  "result": [
    -0.19680948261447337,
    2.15408715,
    0,
    0.01071522,
    2.15408715,
    2.14983873,
    118896.71010333301,
    "BTC-PERPETUAL",
    null,
    -23400,
    -0.42394361,
    56627.28,
    0.010715224,
    -297242,
    178345
  ],
  "time": 1616464569902
}