{
  "code": 200,
  "result": [
    -0.1516557952481115,
    2.15996778,
    0,
    0.01654882,
    2.15996778,
    2.15669143,
    117634.80565192678,
    "BTC-PERPETUAL",
    null,
    -17840,
    -0.327099557,
    57446.33,
    0.01654882,
    -294088,
    176452
  ],
  "time": 1616446870204
}