{
  "code": 200,
  "result": [
    -0.14546418288649027,
    2.14461359,
    0,
    0.00120335,
    2.14461359,
    2.14149119,
    122641.8740750845,
    "BTC-PERPETUAL",
    null,
    -17840,
    -0.31175409,
    57446.33,
    0.001203353,
    -306605,
    183962
  ],
  "time": 1616417709163
}