{
  "code": 200,
  "result": [
    -0.14588008221267254,
    2.14577442,
    0,
    0.00235657,
    2.14577442,
    2.14264045,
    122292.22611755731,
    "BTC-PERPETUAL",
    null,
    -17840,
    -0.312907303,
    57446.33,
    0.002356566,
    -305731,
    183438
  ],
  "time": 1616429289618
}