{
  "code": 200,
  "result": [
    -0.1442203214344359,
    2.14138927,
    0,
    -0.00200223,
    2.14138927,
    2.13829903,
    123699.627227015,
    "BTC-PERPETUAL",
    null,
    -17840,
    -0.30849355,
    57446.33,
    -0.002057187,
    -309250,
    185549
  ],
  "time": 1616413089075
}