{
  "code": 200,
  "result": [
    -0.1455850226226369,
    2.14487552,
    0,
    0.0015321,
    2.14487552,
    2.14174982,
    122540.07780897974,
    "BTC-PERPETUAL",
    null,
    -17840,
    -0.312082836,
    57446.33,
    0.001532099,
    -306351,
    183810
  ],
  "time": 1616403849596
}