{
  "code": 200,
  "result": [
    -0.15167117783751335,
    2.16028319,
    0,
    0.01686026,
    2.16028319,
    2.15700373,
    117622.87505350652,
    "BTC-PERPETUAL",
    null,
    -17840,
    -0.327410999,
    57446.33,
    0.016860262,
    -294058,
    176434
  ],
  "time": 1616451728516
}