{
  "code": 200,
  "result": [
    -0.1514101304069975,
    2.15975037,
    0,
    0.01632731,
    2.15975037,
    2.15647625,
    117825.66960377914,
    "BTC-PERPETUAL",
    null,
    -17840,
    -0.326878042,
    57446.33,
    0.016327305,
    -294565,
    176738
  ],
  "time": 1616457070217
}