{
  "code": 200,
  "result": [
    -0.14501480895213661,
    2.14351891,
    0,
    0.00011659,
    2.14351891,
    2.14040741,
    123021.9184434346,
    "BTC-PERPETUAL",
    null,
    -17840,
    -0.31066733,
    57446.33,
    0.000116593,
    -307555,
    184532
  ],
  "time": 1616415188742
}