{
  "code": 200,
  "result": [
    -0.15130016437598473,
    2.15915845,
    0,
    0.0157395,
    2.15915845,
    2.15589022,
    117911.306134917,
    "BTC-PERPETUAL",
    null,
    -17840,
    -0.326290232,
    57446.33,
    0.015739495,
    -294779,
    176866
  ],
  "time": 1616446928847
}