{
  "code": 200,
  "result": [
    -0.14700232614080488,
    2.14861854,
    0,
    0.00520058,
    2.14861854,
    2.14545604,
    121358.6238282523,
    "BTC-PERPETUAL",
    null,
    -17840,
    -0.315751318,
    57446.33,
    0.005200581,
    -303397,
    182037
  ],
  "time": 1616438648925
}