{
  "code": 200,
  "result": [
    -0.14650982088076647,
    2.14720188,
    0,
    0.00378402,
    2.14720188,
    2.14405359,
    121766.58119402561,
    "BTC-PERPETUAL",
    null,
    -17840,
    -0.314334757,
    57446.33,
    0.00378402,
    -304417,
    182649
  ],
  "time": 1616433189805
}