{
  "code": 200,
  "result": [
    -0.1989488754487493,
    2.1599953,
    0,
    0.01662339,
    2.1599953,
    2.15568754,
    117618.15666069453,
    "BTC-PERPETUAL",
    null,
    -23400,
    -0.429851773,
    56627.28,
    0.016623387,
    -294046,
    176427
  ],
  "time": 1616459170092
}