{
  "code": 200,
  "result": [
    -0.1456268910087411,
    2.14519784,
    0,
    0.00177999,
    2.14519784,
    2.14206965,
    122504.8469855006,
    "BTC-PERPETUAL",
    null,
    -17840,
    -0.312330726,
    57446.33,
    0.001779989,
    -306263,
    183757
  ],
  "time": 1616428449647
}