{
  "code": 200,
  "result": [
    -0.14548693357832018,
    2.14454085,
    0,
    0.00118652,
    2.14454085,
    2.14141862,
    122622.69580653556,
    "BTC-PERPETUAL",
    null,
    -17840,
    -0.311737257,
    57446.33,
    0.00118652,
    -306557,
    183934
  ],
  "time": 1616406489536
}