{
  "code": 200,
  "result": [
    -0.14617424496046763,
    2.14653001,
    0,
    0.00311215,
    2.14653001,
    2.14338846,
    122046.12382177703,
    "BTC-PERPETUAL",
    null,
    -17840,
    -0.313662884,
    57446.33,
    0.003112147,
    -305116,
    183069
  ],
  "time": 1616430249483
}