{
  "code": 200,
  "result": [
    -0.14662277714431393,
    2.14759146,
    0,
    0.00417475,
    2.14759146,
    2.14443925,
    121672.77381767856,
    "BTC-PERPETUAL",
    null,
    -17840,
    -0.314725483,
    57446.33,
    0.004174746,
    -304182,
    182509
  ],
  "time": 1616420589037
}