{
  "code": 200,
  "result": [
    -0.14559964259687697,
    2.14518811,
    0,
    0.00177026,
    2.14518811,
    2.14206003,
    122527.77329539035,
    "BTC-PERPETUAL",
    null,
    -17840,
    -0.312320993,
    57446.33,
    0.001770256,
    -306320,
    183791
  ],
  "time": 1616435529023
}