{
  "code": 200,
  "result": [
    -0.19655486555749666,
    2.15348101,
    0,
    0.01010909,
    2.15348101,
    2.14923867,
    119050.72883151285,
    "BTC-PERPETUAL",
    null,
    -23400,
    -0.423337473,
    56627.28,
    0.010109087,
    -297627,
    178576
  ],
  "time": 1616464269901
}