{
  "code": 200,
  "result": [
    -0.14531078926679467,
    2.14397216,
    0,
    0.00062548,
    2.14397216,
    2.14085556,
    122771.33783400807,
    "BTC-PERPETUAL",
    null,
    -17840,
    -0.311176215,
    57446.33,
    0.000625478,
    -306929,
    184157
  ],
  "time": 1616404689314
}