{
  "code": 200,
  "result": [
    -0.1434190491576033,
    2.13925896,
    0,
    -0.00412167,
    2.13925896,
    2.13618997,
    124390.7284617095,
    "BTC-PERPETUAL",
    null,
    -17840,
    -0.306430173,
    57446.33,
    -0.004120564,
    -310977,
    186586
  ],
  "time": 1616411229075
}