{
  "code": 200,
  "result": [
    -0.1484497386609946,
    2.1521745,
    0,
    0.00875652,
    2.1521745,
    2.14897633,
    120175.3547087078,
    "BTC-PERPETUAL",
    null,
    -17840,
    -0.319307261,
    57446.33,
    0.008756524,
    -300439,
    180263
  ],
  "time": 1616441409810
}