{
  "code": 200,
  "result": [
    -0.14808112572061188,
    2.15140506,
    0,
    0.00798707,
    2.15140506,
    2.14821461,
    120474.50283204319,
    "BTC-PERPETUAL",
    null,
    -17840,
    -0.318537811,
    57446.33,
    0.007987074,
    -301187,
    180711
  ],
  "time": 1616442428506
}