{
  "code": 200,
  "result": [
    -0.14535021813215207,
    2.1440574,
    0,
    0.00070773,
    2.1440574,
    2.14093997,
    122738.03389672187,
    "BTC-PERPETUAL",
    null,
    -17840,
    -0.311258466,
    57446.33,
    0.000707729,
    -306846,
    184107
  ],
  "time": 1616405349350
}