{
  "code": 200,
  "result": [
    -0.14895583736341741,
    2.15363874,
    0,
    0.01022015,
    2.15363874,
    2.15042588,
    119767.04180095051,
    "BTC-PERPETUAL",
    null,
    -17840,
    -0.320770886,
    57446.33,
    0.010220149,
    -299418,
    179650
  ],
  "time": 1616445609301
}