{
  "code": 200,
  "result": [
    -0.19853401808307156,
    2.15845663,
    0,
    0.01508472,
    2.15845663,
    2.15416433,
    117863.93196459087,
    "BTC-PERPETUAL",
    null,
    -23400,
    -0.428313107,
    56627.28,
    0.015084721,
    -294660,
    176795
  ],
  "time": 1616458509228
}