{
  "code": 200,
  "result": [
    -0.1449354096478067,
    2.14338914,
    0,
    -1.741e-05,
    2.14338914,
    2.14027898,
    123089.31297983859,
    "BTC-PERPETUAL",
    null,
    -17840,
    -0.310533329,
    57446.33,
    -1.7408e-05,
    -307724,
    184633
  ],
  "time": 1616416148792
}