{
  "code": 200,
  "result": [
    -0.14372079038746904,
    2.14013597,
    0,
    -0.00324307,
    2.14013597,
    2.13705817,
    124129.57062025358,
    "BTC-PERPETUAL",
    null,
    -17840,
    -0.30730767,
    57446.33,
    -0.003243067,
    -310324,
    186194
  ],
  "time": 1616410988936
}