{
  "code": 200,
  "result": [
    -0.15154643390112,
    2.16027372,
    0,
    0.01685401,
    2.16027372,
    2.15699432,
    117719.69515059737,
    "BTC-PERPETUAL",
    null,
    -17840,
    -0.32740475,
    57446.33,
    0.016854013,
    -294300,
    176579
  ],
  "time": 1616448728514
}