{
  "code": 200,
  "result": [
    -0.14307258849197632,
    2.13820973,
    0,
    -0.00515469,
    2.13820973,
    2.1351511,
    124691.94964624889,
    "BTC-PERPETUAL",
    null,
    -17840,
    -0.305396043,
    57446.33,
    -0.005154694,
    -311730,
    187037
  ],
  "time": 1616408289677
}