{
  "code": 200,
  "result": [
    -0.1452101285802885,
    2.14388794,
    0,
    0.00047694,
    2.14388794,
    2.14077282,
    122856.44379232156,
    "BTC-PERPETUAL",
    null,
    -17840,
    -0.311027674,
    57446.33,
    0.000476937,
    -307142,
    184284
  ],
  "time": 1616417948565
}