{
  "code": 200,
  "result": [
    -0.14544905207180553,
    2.14477061,
    0,
    0.00135275,
    2.14477061,
    2.14164671,
    122654.63229827526,
    "BTC-PERPETUAL",
    null,
    -17840,
    -0.311903489,
    57446.33,
    0.001352752,
    -306637,
    183981
  ],
  "time": 1616435828510
}