{
  "code": 200,
  "result": [
    -0.14564729404210103,
    2.1452025,
    0,
    0.00178458,
    2.1452025,
    2.14207427,
    122487.68586694884,
    "BTC-PERPETUAL",
    null,
    -17840,
    -0.312286769,
    57446.33,
    0.001736032,
    -306220,
    183731
  ],
  "time": 1616437569877
}