{
  "code": 200,
  "result": [
    -0.14597174807578311,
    2.14588657,
    0,
    0.00246923,
    2.14588657,
    2.14275147,
    122215.43028133179,
    "BTC-PERPETUAL",
    null,
    -17840,
    -0.313019964,
    57446.33,
    0.002469227,
    -305539,
    183323
  ],
  "time": 1616423288848
}