{
  "code": 200,
  "result": [
    -0.14603655410146407,
    2.14629106,
    0,
    0.00287321,
    2.14629106,
    2.14315191,
    122161.19525529908,
    "BTC-PERPETUAL",
    null,
    -17840,
    -0.313423944,
    57446.33,
    0.002873207,
    -305403,
    183241
  ],
  "time": 1616429229607
}