{
  "code": 200,
  "result": [
    -0.14445764801270286,
    2.14175792,
    0,
    -0.00157563,
    2.14175792,
    2.13866339,
    123496.40358557717,
    "BTC-PERPETUAL",
    null,
    -17840,
    -0.308975103,
    57446.33,
    -0.001575634,
    -308742,
    185244
  ],
  "time": 1616401149184
}