{
  "code": 200,
  "result": [
    -0.14518903021420004,
    2.14384419,
    0,
    0.00043031,
    2.14384419,
    2.14072955,
    122874.29686444161,
    "BTC-PERPETUAL",
    null,
    -17840,
    -0.310981048,
    57446.33,
    0.000430311,
    -307186,
    184311
  ],
  "time": 1616419028550
}