{
  "code": 200,
  "result": [
    -0.14339253993256676,
    2.13925273,
    0,
    -0.00411377,
    2.13925273,
    2.13618367,
    124413.72478923673,
    "BTC-PERPETUAL",
    null,
    -17840,
    -0.306436963,
    57446.33,
    -0.004113774,
    -311035,
    186620
  ],
  "time": 1616408709088
}