{
  "code": 200,
  "result": [
    -0.19878177550754814,
    2.1592922,
    0,
    0.01592027,
    2.1592922,
    2.1549915,
    117717.02883854891,
    "BTC-PERPETUAL",
    null,
    -23400,
    -0.429148657,
    56627.28,
    0.015920271,
    -294293,
    176575
  ],
  "time": 1616468348510
}