{
  "code": 200,
  "result": [
    -0.14532898971691996,
    2.14404688,
    0,
    0.00069497,
    2.14404688,
    2.14092958,
    122755.96241843945,
    "BTC-PERPETUAL",
    null,
    -17840,
    -0.311245705,
    57446.33,
    0.000694968,
    -306890,
    184133
  ],
  "time": 1616405828695
}