{
  "code": 200,
  "result": [
    -0.14550174297747792,
    2.14448527,
    0,
    0.00113979,
    2.14448527,
    2.1413635,
    122610.215073241,
    "BTC-PERPETUAL",
    null,
    -17840,
    -0.311690526,
    57446.33,
    0.001139789,
    -306526,
    183915
  ],
  "time": 1616404329332
}