{
  "code": 200,
  "result": [
    -0.14302917840274748,
    2.13812992,
    0,
    -0.00523414,
    2.13812992,
    2.1350721,
    124729.79429250017,
    "BTC-PERPETUAL",
    null,
    -17840,
    -0.305316599,
    57446.33,
    -0.005234138,
    -311825,
    187094
  ],
  "time": 1616408229346
}