{
  "code": 200,
  "result": [
    -0.14547309948119694,
    2.14459145,
    0,
    0.0012507,
    2.14459145,
    2.14146857,
    122634.3568922576,
    "BTC-PERPETUAL",
    null,
    -17840,
    -0.31180144,
    57446.33,
    0.001250703,
    -306586,
    183951
  ],
  "time": 1616403309627
}