{
  "code": 200,
  "result": [
    -0.1483228183830484,
    2.15211642,
    0,
    0.00869847,
    2.15211642,
    2.14891884,
    120278.18911806025,
    "BTC-PERPETUAL",
    null,
    -17840,
    -0.319249206,
    57446.33,
    0.008698469,
    -300696,
    180417
  ],
  "time": 1616440809622
}