{
  "code": 200,
  "result": [
    -0.14512817645748305,
    2.1434437,
    0,
    8.479e-05,
    2.1434437,
    2.14033252,
    122925.8193375456,
    "BTC-PERPETUAL",
    null,
    -17840,
    -0.310635523,
    57446.33,
    8.4786e-05,
    -307315,
    184388
  ],
  "time": 1616407389528
}