{
  "code": 200,
  "result": [
    -0.14450529409924462,
    2.14193414,
    0,
    -0.00139412,
    2.14193414,
    2.1388378,
    123455.68452147981,
    "BTC-PERPETUAL",
    null,
    -17840,
    -0.309156616,
    57446.33,
    -0.001394121,
    -308640,
    185183
  ],
  "time": 1616399830763
}