{
  "code": 200,
  "result": [
    -0.14487336788731917,
    2.14296067,
    0,
    -0.00037591,
    2.14296067,
    2.13985411,
    123142.02575780351,
    "BTC-PERPETUAL",
    null,
    -17840,
    -0.31017483,
    57446.33,
    -0.000375907,
    -307856,
    184713
  ],
  "time": 1616401989241
}