{
  "code": 200,
  "result": [
    -0.14662919981494535,
    2.14763203,
    0,
    0.00421417,
    2.14763203,
    2.14447943,
    121667.44429155397,
    "BTC-PERPETUAL",
    null,
    -17840,
    -0.314764909,
    57446.33,
    0.004214172,
    -304169,
    182501
  ],
  "time": 1616432049556
}