{
  "code": 200,
  "result": [
    -0.14361582169880685,
    2.13988327,
    0,
    -0.00349991,
    2.13988327,
    2.13680805,
    124220.29682366266,
    "BTC-PERPETUAL",
    null,
    -17840,
    -0.306994607,
    57446.33,
    -0.00355613,
    -310551,
    186330
  ],
  "time": 1616411708700
}