{
  "code": 200,
  "result": [
    -0.19851933200574984,
    2.15854079,
    0,
    0.01516886,
    2.15854079,
    2.15424764,
    117872.65131096779,
    "BTC-PERPETUAL",
    null,
    -23400,
    -0.428397245,
    56627.28,
    0.015168859,
    -294682,
    176808
  ],
  "time": 1616472069761
}