{
  "code": 200,
  "result": [
    -0.19837796413986064,
    2.15824429,
    0,
    0.01487237,
    2.15824429,
    2.15395412,
    117956.6495777853,
    "BTC-PERPETUAL",
    null,
    -23400,
    -0.428100753,
    56627.28,
    0.014872367,
    -294892,
    176934
  ],
  "time": 1616472309235
}