{
  "code": 200,
  "result": [
    -0.1516015832089635,
    2.16004367,
    0,
    0.01662075,
    2.16004367,
    2.1567666,
    117676.87132534645,
    "BTC-PERPETUAL",
    null,
    -17840,
    -0.327171482,
    57446.33,
    0.016620745,
    -294193,
    176515
  ],
  "time": 1616451248745
}