{
  "code": 200,
  "result": [
    -0.19863411366867675,
    2.15891993,
    0,
    0.01554801,
    2.15891993,
    2.15462298,
    117804.53804139294,
    "BTC-PERPETUAL",
    null,
    -23400,
    -0.428776393,
    56627.28,
    0.015548007,
    -294512,
    176706
  ],
  "time": 1616471588472
}