{
  "code": 200,
  "result": [
    -0.14569913854189614,
    2.14523881,
    0,
    0.00182133,
    2.14523881,
    2.14211021,
    122444.10075815282,
    "BTC-PERPETUAL",
    null,
    -17840,
    -0.31237207,
    57446.33,
    0.001821333,
    -306111,
    183666
  ],
  "time": 1616424249361
}