{
  "code": 200,
  "result": [
    -0.19828841297857036,
    2.15776135,
    0,
    0.01438944,
    2.15776135,
    2.15347603,
    118009.9212480404,
    "BTC-PERPETUAL",
    null,
    -23400,
    -0.427617825,
    56627.28,
    0.014389439,
    -295025,
    177014
  ],
  "time": 1616460488237
}