{
  "code": 200,
  "result": [
    -0.14516428806101636,
    2.14386035,
    0,
    0.00052141,
    2.14386035,
    2.14074479,
    122895.2398574874,
    "BTC-PERPETUAL",
    null,
    -17840,
    -0.311072146,
    57446.33,
    0.000521409,
    -307239,
    184342
  ],
  "time": 1616402889715
}