{
  "code": 200,
  "result": [
    -0.19789391200146006,
    2.15650686,
    0,
    0.01313493,
    2.15650686,
    2.15223413,
    118245.17370613884,
    "BTC-PERPETUAL",
    null,
    -23400,
    -0.426452755,
    56627.28,
    0.013224369,
    -295613,
    177367
  ],
  "time": 1616462649864
}