{
  "code": 200,
  "result": [
    -0.14701758089744058,
    2.14871899,
    0,
    0.00530104,
    2.14871899,
    2.14555549,
    121346.03148207953,
    "BTC-PERPETUAL",
    null,
    -17840,
    -0.315743662,
    57446.33,
    0.005192925,
    -303366,
    182019
  ],
  "time": 1616438709958
}