{
  "code": 200,
  "result": [
    -0.14832649813860144,
    2.15194205,
    0,
    0.00852346,
    2.15194205,
    2.14874622,
    120275.20519853226,
    "BTC-PERPETUAL",
    null,
    -17840,
    -0.319074198,
    57446.33,
    0.008523461,
    -300689,
    180412
  ],
  "time": 1616444409288
}