{
  "code": 200,
  "result": [
    -0.14567891673592656,
    2.14528071,
    0,
    0.00186285,
    2.14528071,
    2.1421517,
    122461.0973208891,
    "BTC-PERPETUAL",
    null,
    -17840,
    -0.312413589,
    57446.33,
    0.001862852,
    -306153,
    183691
  ],
  "time": 1616436970082
}