{
  "code": 200,
  "result": [
    -0.14352328531387476,
    2.13955219,
    0,
    -0.00382179,
    2.13955219,
    2.13648019,
    124300.38764082947,
    "BTC-PERPETUAL",
    null,
    -17840,
    -0.306728952,
    57446.33,
    -0.003821785,
    -310751,
    186450
  ],
  "time": 1616410210001
}