{
  "code": 200,
  "result": [
    -0.15181778950100894,
    2.16065102,
    0,
    0.017228,
    2.16065102,
    2.15736786,
    117509.2856946217,
    "BTC-PERPETUAL",
    null,
    -17840,
    -0.327800174,
    57446.33,
    0.017249437,
    -293774,
    176263
  ],
  "time": 1616453528707
}