{
  "code": 200,
  "result": [
    -0.1457188600513786,
    2.14541741,
    0,
    0.00200007,
    2.14541741,
    2.14228702,
    122427.52924164961,
    "BTC-PERPETUAL",
    null,
    -17840,
    -0.312550807,
    57446.33,
    0.00200007,
    -306069,
    183641
  ],
  "time": 1616422870434
}