{
  "code": 200,
  "result": [
    -0.14553252143634351,
    2.14487181,
    0,
    0.00145405,
    2.14487181,
    2.1417469,
    122584.28441922711,
    "BTC-PERPETUAL",
    null,
    -17840,
    -0.312004786,
    57446.33,
    0.001454049,
    -306461,
    183876
  ],
  "time": 1616424548789
}