{
  "code": 200,
  "result": [
    -0.15137839615478446,
    2.15974778,
    0,
    0.01632485,
    2.15974778,
    2.15647368,
    117850.37002082249,
    "BTC-PERPETUAL",
    null,
    -17840,
    -0.326875586,
    57446.33,
    0.016324849,
    -294626,
    176775
  ],
  "time": 1616451548545
}