{
  "code": 200,
  "result": [
    -0.14587708886593218,
    2.14556419,
    0,
    0.00214684,
    2.14556419,
    2.14243232,
    122294.73551117947,
    "BTC-PERPETUAL",
    null,
    -17840,
    -0.312697572,
    57446.33,
    0.002146835,
    -305737,
    183442
  ],
  "time": 1616423649386
}