{
  "code": 200,
  "result": [
    -0.14542374612312214,
    2.14439049,
    0,
    0.00097569,
    2.14439049,
    2.14127038,
    122675.97607405788,
    "BTC-PERPETUAL",
    null,
    -17840,
    -0.311526425,
    57446.33,
    0.000975688,
    -306690,
    184013
  ],
  "time": 1616419688911
}