{
  "code": 200,
  "result": [
    -0.14557008591115916,
    2.14501728,
    0,
    0.00159943,
    2.14501728,
    2.1418909,
    122552.65144851038,
    "BTC-PERPETUAL",
    null,
    -17840,
    -0.312150165,
    57446.33,
    0.001599428,
    -306382,
    183828
  ],
  "time": 1616428211206
}