{
  "code": 200,
  "result": [
    -0.1448694796442882,
    2.14297155,
    0,
    -0.00036415,
    2.14297155,
    2.13986488,
    123145.33084404147,
    "BTC-PERPETUAL",
    null,
    -17840,
    -0.310186587,
    57446.33,
    -0.00036415,
    -307864,
    184717
  ],
  "time": 1616401629357
}