{
  "code": 200,
  "result": [
    -0.15125732825643087,
    2.15948755,
    0,
    0.01606859,
    2.15948755,
    2.15621602,
    117944.6986512636,
    "BTC-PERPETUAL",
    null,
    -17840,
    -0.326619329,
    57446.33,
    0.016068592,
    -294862,
    176917
  ],
  "time": 1616446748973
}