{
  "code": 200,
  "result": [
    -0.14861477160960138,
    2.15279009,
    0,
    0.00937151,
    2.15279009,
    2.14958575,
    120041.90301394934,
    "BTC-PERPETUAL",
    null,
    -17840,
    -0.319922243,
    57446.33,
    0.009371506,
    -300105,
    180062
  ],
  "time": 1616444889246
}