{
  "code": 200,
  "result": [
    -0.15132150248089668,
    2.15953262,
    0,
    0.01610956,
    2.15953262,
    2.15626069,
    117894.67925916331,
    "BTC-PERPETUAL",
    null,
    -17840,
    -0.326660296,
    57446.33,
    0.016109559,
    -294737,
    176842
  ],
  "time": 1616457008797
}