{
  "code": 200,
  "result": [
    -0.145660762744156,
    2.14526801,
    0,
    0.00185016,
    2.14526801,
    2.14213912,
    122476.3598920242,
    "BTC-PERPETUAL",
    null,
    -17840,
    -0.312400897,
    57446.33,
    0.00185016,
    -306191,
    183714
  ],
  "time": 1616425570371
}