{
  "code": 200,
  "result": [
    -0.14355211987560818,
    2.13975924,
    0,
    -0.00362231,
    2.13975924,
    2.13668525,
    124275.42007362098,
    "BTC-PERPETUAL",
    null,
    -17840,
    -0.306928428,
    57446.33,
    -0.003622309,
    -310689,
    186413
  ],
  "time": 1616411410065
}