{
  "code": 200,
  "result": [
    -0.1968682320258507,
    2.15407993,
    0,
    0.01070801,
    2.15407993,
    2.14983158,
    118861.2289509836,
    "BTC-PERPETUAL",
    null,
    -23400,
    -0.423936391,
    56627.28,
    0.010708005,
    -297154,
    178291
  ],
  "time": 1616463908465
}