{
  "code": 200,
  "result": [
    -0.1464690069372598,
    2.14728897,
    0,
    0.00387105,
    2.14728897,
    2.14413981,
    121800.51174677374,
    "BTC-PERPETUAL",
    null,
    -17840,
    -0.314421791,
    57446.33,
    0.003871054,
    -304502,
    182700
  ],
  "time": 1616438048915
}