{
  "code": 200,
  "result": [
    -0.14559120492330743,
    2.14517833,
    0,
    0.00176047,
    2.14517833,
    2.14205034,
    122534.87433803102,
    "BTC-PERPETUAL",
    null,
    -17840,
    -0.312311206,
    57446.33,
    0.001760469,
    -306338,
    183802
  ],
  "time": 1616434929007
}