{
  "code": 200,
  "result": [
    -0.19864800748693473,
    2.15903192,
    0,
    0.01566,
    2.15903192,
    2.15473384,
    117796.29856865814,
    "BTC-PERPETUAL",
    null,
    -23400,
    -0.428888382,
    56627.28,
    0.015659996,
    -294491,
    176694
  ],
  "time": 1616470748227
}