{
  "code": 200,
  "result": [
    -0.15157253257082642,
    2.16033703,
    0,
    0.01691411,
    2.16033703,
    2.15705702,
    117699.42546591528,
    "BTC-PERPETUAL",
    null,
    -17840,
    -0.327464848,
    57446.33,
    0.016914111,
    -294249,
    176549
  ],
  "time": 1616451428147
}