{
  "code": 200,
  "result": [
    -0.19811259750491952,
    2.1575732,
    0,
    0.01420127,
    2.1575732,
    2.15328977,
    118114.64942010531,
    "BTC-PERPETUAL",
    null,
    -23400,
    -0.427429659,
    56627.28,
    0.014201273,
    -295287,
    177171
  ],
  "time": 1616472188546
}