{
  "code": 200,
  "result": [
    -0.15089408972580753,
    2.15838638,
    0,
    0.01496742,
    2.15838638,
    2.1551259,
    118228.62003685762,
    "BTC-PERPETUAL",
    null,
    -17840,
    -0.325518161,
    57446.33,
    0.014967424,
    -295572,
    177342
  ],
  "time": 1616447229347
}