{
  "code": 200,
  "result": [
    -0.1460567130341146,
    2.14607407,
    0,
    0.00265673,
    2.14607407,
    2.14293709,
    122144.33441229841,
    "BTC-PERPETUAL",
    null,
    -17840,
    -0.313207471,
    57446.33,
    0.002656734,
    -305361,
    183216
  ],
  "time": 1616421549849
}