{
  "code": 200,
  "result": [
    -0.14439320080977344,
    2.14191203,
    0,
    -0.00148892,
    2.14191203,
    2.13881663,
    123551.52389413946,
    "BTC-PERPETUAL",
    null,
    -17840,
    -0.309061817,
    57446.33,
    -0.00148892,
    -308879,
    185327
  ],
  "time": 1616414771111
}