{
  "code": 200,
  "result": [
    -0.14425391838760512,
    2.14146935,
    0,
    -0.0019211,
    2.14146935,
    2.13837829,
    123670.81739897393,
    "BTC-PERPETUAL",
    null,
    -17840,
    -0.308629641,
    57446.33,
    -0.001921096,
    -309178,
    185506
  ],
  "time": 1616412909353
}