{
  "code": 200,
  "result": [
    -0.14583701673315425,
    2.14559176,
    0,
    0.00217391,
    2.14559176,
    2.14245963,
    122328.33885132743,
    "BTC-PERPETUAL",
    null,
    -17840,
    -0.31272465,
    57446.33,
    0.002173913,
    -305821,
    183492
  ],
  "time": 1616425329225
}