{
  "code": 200,
  "result": [
    -0.1445590147836521,
    2.14245945,
    0,
    -0.00094247,
    2.14245945,
    2.13935857,
    123409.80620751636,
    "BTC-PERPETUAL",
    null,
    -17840,
    -0.309608269,
    57446.33,
    -0.000942468,
    -308525,
    185114
  ],
  "time": 1616415010575
}