{
  "code": 200,
  "result": [
    -0.14839563374603867,
    2.15202321,
    0,
    0.00860526,
    2.15202321,
    2.14882656,
    120219.17053523974,
    "BTC-PERPETUAL",
    null,
    -17840,
    -0.319155997,
    57446.33,
    0.00860526,
    -300548,
    180328
  ],
  "time": 1616440628547
}