{
  "code": 200,
  "result": [
    -0.14565544799674823,
    2.14510861,
    0,
    0.00169072,
    2.14510861,
    2.14198133,
    122480.82886949947,
    "BTC-PERPETUAL",
    null,
    -17840,
    -0.312241458,
    57446.33,
    0.001690721,
    -306203,
    183721
  ],
  "time": 1616437510062
}