{
  "code": 200,
  "result": [
    -0.1441257237437211,
    2.14107456,
    0,
    -0.0023199,
    2.14107456,
    2.1379875,
    123780.81813987913,
    "BTC-PERPETUAL",
    null,
    -17840,
    -0.308230834,
    57446.33,
    -0.002319903,
    -309453,
    185671
  ],
  "time": 1616413569969
}