{
  "code": 200,
  "result": [
    -0.1519081119262901,
    2.16108952,
    0,
    0.01766659,
    2.16108952,
    2.15780196,
    117439.41632726266,
    "BTC-PERPETUAL",
    null,
    -17840,
    -0.328217325,
    57446.33,
    0.017666588,
    -293599,
    176159
  ],
  "time": 1616452088465
}