{
  "code": 200,
  "result": [
    -0.14582729838566713,
    2.14576318,
    0,
    0.00234532,
    2.14576318,
    2.14262932,
    122336.49116106392,
    "BTC-PERPETUAL",
    null,
    -17840,
    -0.312896053,
    57446.33,
    0.002345316,
    -305842,
    183504
  ],
  "time": 1616437149239
}