{
  "code": 200,
  "result": [
    -0.14652289473539676,
    2.14729933,
    0,
    0.00388147,
    2.14729933,
    2.14415006,
    121755.71628049634,
    "BTC-PERPETUAL",
    null,
    -17840,
    -0.314432209,
    57446.33,
    0.003881472,
    -304390,
    182633
  ],
  "time": 1616433309732
}