{
  "code": 200,
  "result": [
    -0.19911068100672338,
    2.16025526,
    0,
    0.01688333,
    2.16025526,
    2.15594489,
    117522.57529172857,
    "BTC-PERPETUAL",
    null,
    -23400,
    -0.430111717,
    56627.28,
    0.016883331,
    -293807,
    176283
  ],
  "time": 1616474771705
}