{
  "code": 200,
  "result": [
    -0.1455183016716439,
    2.14485013,
    0,
    0.00143555,
    2.14485013,
    2.1417254,
    122596.26311647886,
    "BTC-PERPETUAL",
    null,
    -17840,
    -0.311986289,
    57446.33,
    0.001435552,
    -306491,
    183894
  ],
  "time": 1616419450827
}