{
  "code": 200,
  "result": [
    -0.14562492725966317,
    2.14528531,
    0,
    0.00186745,
    2.14528531,
    2.14215625,
    122506.49896078282,
    "BTC-PERPETUAL",
    null,
    -17840,
    -0.312385635,
    57446.33,
    0.001834898,
    -306267,
    183759
  ],
  "time": 1616435049316
}