{
  "code": 200,
  "result": [
    -0.15187821667777746,
    2.16087894,
    0,
    0.01745592,
    2.16087894,
    2.1575935,
    117462.53274654307,
    "BTC-PERPETUAL",
    null,
    -17840,
    -0.328006657,
    57446.33,
    0.01745592,
    -293657,
    176193
  ],
  "time": 1616453469439
}