{
  "code": 200,
  "result": [
    -0.19791877189764692,
    2.15674455,
    0,
    0.01337263,
    2.15674455,
    2.15246944,
    118230.32133657963,
    "BTC-PERPETUAL",
    null,
    -23400,
    -0.426601016,
    56627.28,
    0.01337263,
    -295576,
    177345
  ],
  "time": 1616462948147
}