{
  "code": 200,
  "result": [
    -0.14588156902719607,
    2.14583599,
    0,
    0.0024181,
    2.14583599,
    2.1427014,
    122290.97972393049,
    "BTC-PERPETUAL",
    null,
    -17840,
    -0.312968839,
    57446.33,
    0.002418102,
    -305728,
    183436
  ],
  "time": 1616437449333
}