{
  "code": 200,
  "result": [
    -0.19922503029652364,
    2.16035601,
    0,
    0.01698415,
    2.16035601,
    2.15604463,
    117455.12080069348,
    "BTC-PERPETUAL",
    null,
    -23400,
    -0.43021254,
    56627.28,
    0.016984154,
    -293638,
    176182
  ],
  "time": 1616458088266
}