{
  "code": 200,
  "result": [
    -0.1486413411136576,
    2.15278716,
    0,
    0.00936892,
    2.15278716,
    2.14958285,
    120020.44563335017,
    "BTC-PERPETUAL",
    null,
    -17840,
    -0.319919661,
    57446.33,
    0.009368924,
    -300052,
    180030
  ],
  "time": 1616443988669
}