{
  "code": 200,
  "result": [
    -0.14674839394536016,
    2.15115111,
    0,
    0.00773316,
    2.15115111,
    2.14796321,
    121568.6217775064,
    "BTC-PERPETUAL",
    null,
    -17840,
    -0.318283893,
    57446.33,
    0.007733156,
    -303922,
    182352
  ],
  "time": 1616440448823
}