{
  "code": 200,
  "result": [
    -0.15151234509026443,
    2.15981764,
    0,
    0.01639458,
    2.15981764,
    2.15654284,
    117746.18094236287,
    "BTC-PERPETUAL",
    null,
    -17840,
    -0.326945315,
    57446.33,
    0.016394578,
    -294366,
    176619
  ],
  "time": 1616455869640
}