{
  "code": 200,
  "result": [
    -0.14578665265357296,
    2.14557932,
    0,
    0.00216147,
    2.14557932,
    2.14244731,
    122370.59892164808,
    "BTC-PERPETUAL",
    null,
    -17840,
    -0.312712207,
    57446.33,
    0.00216147,
    -305927,
    183555
  ],
  "time": 1616429469779
}