{
  "code": 200,
  "result": [
    -0.1453752630328216,
    2.14402686,
    0,
    0.0006707,
    2.14402686,
    2.1409098,
    122716.88888344253,
    "BTC-PERPETUAL",
    null,
    -17840,
    -0.311221434,
    57446.33,
    0.000670697,
    -306793,
    184075
  ],
  "time": 1616406970985
}