{
  "code": 200,
  "result": [
    -0.14543633066212444,
    2.14431564,
    0,
    0.00096106,
    2.14431564,
    2.14119567,
    122665.36097810132,
    "BTC-PERPETUAL",
    null,
    -17840,
    -0.311511793,
    57446.33,
    0.000961056,
    -306664,
    183998
  ],
  "time": 1616406548807
}