{
  "code": 200,
  "result": [
    -0.19858124238939512,
    2.15873177,
    0,
    0.01535984,
    2.15873177,
    2.1544367,
    117835.90292035375,
    "BTC-PERPETUAL",
    null,
    -23400,
    -0.428588227,
    56627.28,
    0.015359841,
    -294590,
    176753
  ],
  "time": 1616468411302
}