{
  "code": 200,
  "result": [
    -0.14678360243765018,
    2.14812434,
    0,
    0.00470638,
    2.14812434,
    2.1449668,
    121539.4615183802,
    "BTC-PERPETUAL",
    null,
    -17840,
    -0.315257119,
    57446.33,
    0.004706382,
    -303849,
    182309
  ],
  "time": 1616439128626
}