{
  "code": 200,
  "result": [
    -0.1456499456438425,
    2.14517602,
    0,
    0.00175817,
    2.14517602,
    2.14204806,
    122485.45594122028,
    "BTC-PERPETUAL",
    null,
    -17840,
    -0.31230891,
    57446.33,
    0.001758173,
    -306214,
    183728
  ],
  "time": 1616424910920
}