{
  "code": 200,
  "result": [
    -0.19846085469311872,
    2.15879323,
    0,
    0.01542131,
    2.15879323,
    2.15449754,
    117907.38297576904,
    "BTC-PERPETUAL",
    null,
    -23400,
    -0.4286497,
    56627.28,
    0.015421314,
    -294769,
    176861
  ],
  "time": 1616458688462
}