{
  "code": 200,
  "result": [
    -0.1448533144367943,
    2.14307653,
    0,
    -0.00032564,
    2.14307653,
    2.13996947,
    123159.07350386764,
    "BTC-PERPETUAL",
    null,
    -17840,
    -0.310225099,
    57446.33,
    -0.000325638,
    -307898,
    184738
  ],
  "time": 1616415129069
}