{
  "code": 200,
  "result": [
    -0.19873003672635312,
    2.15954349,
    0,
    0.01617156,
    2.15954349,
    2.15524027,
    117747.67612115567,
    "BTC-PERPETUAL",
    null,
    -23400,
    -0.42939995,
    56627.28,
    0.016171564,
    -294370,
    176621
  ],
  "time": 1616472670590
}