{
  "code": 200,
  "result": [
    -0.1441203732724903,
    2.14105434,
    0,
    -0.00233854,
    2.14105434,
    2.13796746,
    123785.41350479072,
    "BTC-PERPETUAL",
    null,
    -17840,
    -0.308163376,
    57446.33,
    -0.002387361,
    -309464,
    185678
  ],
  "time": 1616413329137
}