{
  "code": 200,
  "result": [
    -0.19842335793337712,
    2.15839613,
    0,
    0.01502421,
    2.15839613,
    2.15410444,
    117929.66434857338,
    "BTC-PERPETUAL",
    null,
    -23400,
    -0.428252592,
    56627.28,
    0.015024206,
    -294825,
    176894
  ],
  "time": 1616472369762
}