{
  "code": 200,
  "result": [
    -0.1466303528430234,
    2.14763348,
    0,
    0.00421562,
    2.14763348,
    2.14448086,
    121666.48755935814,
    "BTC-PERPETUAL",
    null,
    -17840,
    -0.314766353,
    57446.33,
    0.004215616,
    -304167,
    182499
  ],
  "time": 1616432171110
}