{
  "code": 200,
  "result": [
    -0.14348633397713162,
    2.13947892,
    0,
    -0.00389022,
    2.13947892,
    2.13640761,
    124332.39811425722,
    "BTC-PERPETUAL",
    null,
    -17840,
    -0.306660515,
    57446.33,
    -0.003890222,
    -310831,
    186498
  ],
  "time": 1616409370043
}