{
  "code": 200,
  "result": [
    -0.14545697085327702,
    2.14461998,
    0,
    0.0012112,
    2.14461998,
    2.1414975,
    122647.9548924147,
    "BTC-PERPETUAL",
    null,
    -17840,
    -0.311761936,
    57446.33,
    0.001211199,
    -306620,
    183971
  ],
  "time": 1616417048645
}