{
  "code": 200,
  "result": [
    -0.14572009374376,
    2.14539116,
    0,
    0.0019733,
    2.14539116,
    2.14226103,
    122426.49274828607,
    "BTC-PERPETUAL",
    null,
    -17840,
    -0.312524033,
    57446.33,
    0.001973296,
    -306067,
    183639
  ],
  "time": 1616429829027
}