{
  "code": 200,
  "result": [
    -0.1518288906907096,
    2.16089616,
    0,
    0.01747323,
    2.16089616,
    2.15761054,
    117500.69383265032,
    "BTC-PERPETUAL",
    null,
    -17840,
    -0.328023966,
    57446.33,
    0.017473229,
    -293752,
    176251
  ],
  "time": 1616452688827
}