{
  "code": 200,
  "result": [
    -0.19900960337079568,
    2.1596509,
    0,
    0.01627899,
    2.1596509,
    2.1553466,
    117582.26539651457,
    "BTC-PERPETUAL",
    null,
    -23400,
    -0.429507377,
    56627.28,
    0.016278991,
    -293956,
    176373
  ],
  "time": 1616458208903
}