{
  "code": 200,
  "result": [
    -0.14381308408256327,
    2.14024716,
    0,
    -0.0031397,
    2.14024716,
    2.13716832,
    124049.90904553604,
    "BTC-PERPETUAL",
    null,
    -17840,
    -0.307411036,
    57446.33,
    -0.003139701,
    -310125,
    186074
  ],
  "time": 1616412248664
}