{
  "code": 200,
  "result": [
    -0.14536446886272927,
    2.14420061,
    0,
    0.00084839,
    2.14420061,
    2.14108177,
    122726.0013370027,
    "BTC-PERPETUAL",
    null,
    -17840,
    -0.311399128,
    57446.33,
    0.000848391,
    -306816,
    184089
  ],
  "time": 1616405949141
}