{
  "code": 200,
  "result": [
    -0.19747859617068872,
    2.15580883,
    0,
    0.0124369,
    2.15580883,
    2.15154311,
    118493.85428978053,
    "BTC-PERPETUAL",
    null,
    -23400,
    -0.425665288,
    56627.28,
    0.012436902,
    -296235,
    177740
  ],
  "time": 1616467448732
}