{
  "code": 200,
  "result": [
    -0.15158043950697678,
    2.16004645,
    0,
    0.01662339,
    2.16004645,
    2.15676936,
    117693.28587531163,
    "BTC-PERPETUAL",
    null,
    -17840,
    -0.327174122,
    57446.33,
    0.016623385,
    -294234,
    176539
  ],
  "time": 1616455810317
}