{
  "code": 200,
  "result": [
    -0.14593409173799307,
    2.14619746,
    0,
    0.00278012,
    2.14619746,
    2.14305924,
    122246.96633621122,
    "BTC-PERPETUAL",
    null,
    -17840,
    -0.313330858,
    57446.33,
    0.002780121,
    -305618,
    183370
  ],
  "time": 1616421613418
}