{
  "code": 200,
  "result": [
    -0.1436857095215112,
    2.13993838,
    0,
    -0.00344737,
    2.13993838,
    2.13686263,
    124159.87685490167,
    "BTC-PERPETUAL",
    null,
    -17840,
    -0.307103366,
    57446.33,
    -0.003447371,
    -310400,
    186239
  ],
  "time": 1616412070370
}