{
  "code": 200,
  "result": [
    -0.1454129725656261,
    2.14444958,
    0,
    0.0010351,
    2.14444958,
    2.14132887,
    122685.06506150033,
    "BTC-PERPETUAL",
    null,
    -17840,
    -0.311585841,
    57446.33,
    0.001035104,
    -306713,
    184027
  ],
  "time": 1616419329423
}