{
  "code": 200,
  "result": [
    -0.14333341607954683,
    2.1390782,
    0,
    -0.00429053,
    2.1390782,
    2.13601091,
    124465.04442550367,
    "BTC-PERPETUAL",
    null,
    -17840,
    -0.306260206,
    57446.33,
    -0.004290531,
    -311163,
    186697
  ],
  "time": 1616409248871
}