{
  "code": 200,
  "result": [
    -0.1458782903253413,
    2.14586747,
    0,
    0.00244962,
    2.14586747,
    2.14273257,
    122293.72828686709,
    "BTC-PERPETUAL",
    null,
    -17840,
    -0.313000358,
    57446.33,
    0.002449621,
    -305735,
    183440
  ],
  "time": 1616426170165
}