{
  "code": 200,
  "result": [
    -0.14573156139484322,
    2.14547199,
    0,
    0.00205407,
    2.14547199,
    2.14234106,
    122416.85897857454,
    "BTC-PERPETUAL",
    null,
    -17840,
    -0.312604808,
    57446.33,
    0.002054071,
    -306043,
    183625
  ],
  "time": 1616437688957
}