{
  "code": 200,
  "result": [
    -0.19886322517628474,
    2.15947525,
    0,
    0.01610334,
    2.15947525,
    2.15517272,
    117668.81473061087,
    "BTC-PERPETUAL",
    null,
    -23400,
    -0.429331723,
    56627.28,
    0.016103337,
    -294173,
    176503
  ],
  "time": 1616459348548
}