{
  "code": 200,
  "result": [
    -0.1977395100814278,
    2.15661712,
    0,
    0.0132452,
    2.15661712,
    2.15234329,
    118337.50367017719,
    "BTC-PERPETUAL",
    null,
    -23400,
    -0.426473585,
    56627.28,
    0.013245199,
    -295844,
    177506
  ],
  "time": 1616467928703
}