{
  "code": 200,
  "result": [
    -0.1455919221919452,
    2.14509863,
    0,
    0.00168078,
    2.14509863,
    2.14197144,
    122534.27066152844,
    "BTC-PERPETUAL",
    null,
    -17840,
    -0.312231512,
    57446.33,
    0.001680775,
    -306336,
    183801
  ],
  "time": 1616435708886
}