{
  "code": 200,
  "result": [
    -0.19813864012154556,
    2.15779559,
    0,
    0.01442367,
    2.15779559,
    2.15350993,
    118099.12486350758,
    "BTC-PERPETUAL",
    null,
    -23400,
    -0.427662216,
    56627.28,
    0.01443383,
    -295248,
    177148
  ],
  "time": 1616462409667
}