{
  "code": 200,
  "result": [
    -0.19910104339022214,
    2.16025335,
    0,
    0.01688143,
    2.16025335,
    2.155943,
    117528.2640490129,
    "BTC-PERPETUAL",
    null,
    -23400,
    -0.43010982,
    56627.28,
    0.016881434,
    -293821,
    176292
  ],
  "time": 1616459228328
}