{
  "code": 200,
  "result": [
    -0.1985705079054807,
    2.15876128,
    0,
    0.01538936,
    2.15876128,
    2.15446592,
    117842.27298818398,
    "BTC-PERPETUAL",
    null,
    -23400,
    -0.428617744,
    56627.28,
    0.015389358,
    -294606,
    176763
  ],
  "time": 1616461028479
}