{
  "code": 200,
  "result": [
    -0.14633396823055314,
    2.14708252,
    0,
    0.00366466,
    2.14708252,
    2.14393542,
    121912.91069133447,
    "BTC-PERPETUAL",
    null,
    -17840,
    -0.314215393,
    57446.33,
    0.003664656,
    -304783,
    182869
  ],
  "time": 1616433669487
}