{
  "code": 200,
  "result": [
    -0.14562306655455154,
    2.14529598,
    0,
    0.00187812,
    2.14529598,
    2.14216681,
    122508.06429293945,
    "BTC-PERPETUAL",
    null,
    -17840,
    -0.312428854,
    57446.33,
    0.001878117,
    -306271,
    183762
  ],
  "time": 1616436013179
}