{
  "code": 200,
  "result": [
    -0.15120262049713742,
    2.15907402,
    0,
    0.01565096,
    2.15907402,
    2.15580668,
    117987.37311128643,
    "BTC-PERPETUAL",
    null,
    -17840,
    -0.326201694,
    57446.33,
    0.015650957,
    -294969,
    176981
  ],
  "time": 1616454127982
}