{
  "code": 200,
  "result": [
    -0.14429100931932415,
    2.14146685,
    0,
    -0.00193236,
    2.14146685,
    2.1383759,
    123639.02702017332,
    "BTC-PERPETUAL",
    null,
    -17840,
    -0.308618376,
    57446.33,
    -0.001932361,
    -309098,
    185458
  ],
  "time": 1616414413564
}