{
  "code": 200,
  "result": [
    -0.14683656392005293,
    2.14816941,
    0,
    0.00475146,
    2.14816941,
    2.14501142,
    121495.62427593456,
    "BTC-PERPETUAL",
    null,
    -17840,
    -0.315304257,
    57446.33,
    0.00475352,
    -303740,
    182243
  ],
  "time": 1616439432149
}