{
  "code": 200,
  "result": [
    -0.1516386915029956,
    2.16028235,
    0,
    0.01685942,
    2.16028235,
    2.15700289,
    117648.07400522559,
    "BTC-PERPETUAL",
    null,
    -17840,
    -0.327410158,
    57446.33,
    0.016859421,
    -294121,
    176472
  ],
  "time": 1616451669661
}