{
  "code": 200,
  "result": [
    -0.1519902340291774,
    2.1611921,
    0,
    0.01776915,
    2.1611921,
    2.15790351,
    117375.96243568698,
    "BTC-PERPETUAL",
    null,
    -17840,
    -0.328281286,
    57446.33,
    0.017730549,
    -293440,
    176063
  ],
  "time": 1616452988477
}