{
  "code": 200,
  "result": [
    -0.14559918432317218,
    2.14518494,
    0,
    0.00176709,
    2.14518494,
    2.14205688,
    122528.15895178581,
    "BTC-PERPETUAL",
    null,
    -17840,
    -0.312317822,
    57446.33,
    0.001767085,
    -306321,
    183792
  ],
  "time": 1616428509340
}