{
  "code": 200,
  "result": [
    -0.1513320787211111,
    2.15961911,
    0,
    0.01619619,
    2.15961911,
    2.1563463,
    117886.43987952627,
    "BTC-PERPETUAL",
    null,
    -17840,
    -0.326746928,
    57446.33,
    0.016196191,
    -294717,
    176829
  ],
  "time": 1616450288522
}