{
  "code": 200,
  "result": [
    -0.14461465008256288,
    2.14248905,
    0,
    -0.00091264,
    2.14248905,
    2.13938787,
    123362.32871161289,
    "BTC-PERPETUAL",
    null,
    -17840,
    -0.309638093,
    57446.33,
    -0.000912644,
    -308406,
    185043
  ],
  "time": 1616414948545
}