{
  "code": 200,
  "result": [
    -0.1977016906658395,
    2.15649691,
    0,
    0.01312499,
    2.15649691,
    2.15222429,
    118360.14108524384,
    "BTC-PERPETUAL",
    null,
    -23400,
    -0.426353376,
    56627.28,
    0.01312499,
    -295901,
    177540
  ],
  "time": 1616465948666
}