{
  "code": 200,
  "result": [
    -0.15199532586264292,
    2.1611482,
    0,
    0.01772964,
    2.1611482,
    2.15786001,
    117372.0303486298,
    "BTC-PERPETUAL",
    null,
    -17840,
    -0.328280379,
    57446.33,
    0.017729642,
    -293431,
    176058
  ],
  "time": 1616446089336
}