{
  "code": 200,
  "result": [
    -0.19842341679157216,
    2.15847922,
    0,
    0.0151073,
    2.15847922,
    2.15418669,
    117929.62936718209,
    "BTC-PERPETUAL",
    null,
    -23400,
    -0.428335687,
    56627.28,
    0.015107301,
    -294825,
    176894
  ],
  "time": 1616461509229
}