{
  "code": 200,
  "result": [
    -0.14557566023022156,
    2.1449731,
    0,
    0.00155525,
    2.1449731,
    2.14184717,
    122547.95871635972,
    "BTC-PERPETUAL",
    null,
    -17840,
    -0.312105986,
    57446.33,
    0.001555249,
    -306370,
    183821
  ],
  "time": 1616428571198
}