{
  "code": 200,
  "result": [
    -0.19887284299235702,
    2.15973884,
    0,
    0.01636691,
    2.15973884,
    2.15543366,
    117663.12407420704,
    "BTC-PERPETUAL",
    null,
    -23400,
    -0.429595297,
    56627.28,
    0.016366911,
    -294158,
    176494
  ],
  "time": 1616473449734
}