{
  "code": 200,
  "result": [
    -0.144764281682169,
    2.14277975,
    0,
    -0.00055727,
    2.14277975,
    2.13967501,
    123234.81864931188,
    "BTC-PERPETUAL",
    null,
    -17840,
    -0.309993467,
    57446.33,
    -0.00055727,
    -308088,
    184852
  ],
  "time": 1616402109970
}