{
  "code": 200,
  "result": [
    -0.15154641025854815,
    2.16022882,
    0,
    0.01680589,
    2.16022882,
    2.1569499,
    117719.71351590438,
    "BTC-PERPETUAL",
    null,
    -17840,
    -0.327356628,
    57446.33,
    0.016805891,
    -294300,
    176579
  ],
  "time": 1616452628827
}