{
  "code": 200,
  "result": [
    -0.1452608718204421,
    2.14416414,
    0,
    0.00075645,
    2.14416414,
    2.14104622,
    122813.52697684578,
    "BTC-PERPETUAL",
    null,
    -17840,
    -0.311307187,
    57446.33,
    0.00075645,
    -307034,
    184220
  ],
  "time": 1616416570657
}