{
  "code": 200,
  "result": [
    -0.19755800959179434,
    2.15603908,
    0,
    0.01266716,
    2.15603908,
    2.15177105,
    118446.22269859075,
    "BTC-PERPETUAL",
    null,
    -23400,
    -0.425895541,
    56627.28,
    0.012667155,
    -296116,
    177669
  ],
  "time": 1616466248526
}