{
  "code": 200,
  "result": [
    -0.14547404115320994,
    2.14453789,
    0,
    0.00112748,
    2.14453789,
    2.14141625,
    122633.56306443235,
    "BTC-PERPETUAL",
    null,
    -17840,
    -0.311689982,
    57446.33,
    0.001139245,
    -306584,
    183950
  ],
  "time": 1616417770115
}