{
  "code": 200,
  "result": [
    -0.14510417879599813,
    2.14339895,
    0,
    4.12e-05,
    2.14339895,
    2.14028821,
    122946.14909113848,
    "BTC-PERPETUAL",
    null,
    -17840,
    -0.310591934,
    57446.33,
    4.1197e-05,
    -307366,
    184419
  ],
  "time": 1616407212875
}