{
  "code": 200,
  "result": [
    -0.19849746028951223,
    2.15839957,
    0,
    0.01502766,
    2.15839957,
    2.15410784,
    117885.6392715084,
    "BTC-PERPETUAL",
    null,
    -23400,
    -0.428256041,
    56627.28,
    0.015027655,
    -294715,
    176828
  ],
  "time": 1616460128806
}