{
  "code": 200,
  "result": [
    -0.14844081706890966,
    2.15234603,
    0,
    0.00892744,
    2.15234603,
    2.14914614,
    120182.57748957457,
    "BTC-PERPETUAL",
    null,
    -17840,
    -0.319478176,
    57446.33,
    0.008927439,
    -300457,
    180273
  ],
  "time": 1616444588689
}