{
  "code": 200,
  "result": [
    -0.15158998320613873,
    2.15936526,
    0,
    0.01594671,
    2.15936526,
    2.15609496,
    117685.87622138848,
    "BTC-PERPETUAL",
    null,
    -17840,
    -0.326497446,
    57446.33,
    0.015946709,
    -294215,
    176528
  ],
  "time": 1616446032712
}