{
  "code": 200,
  "result": [
    -0.19880163277833085,
    2.15943383,
    0,
    0.01606191,
    2.15943383,
    2.15513171,
    117705.27069106937,
    "BTC-PERPETUAL",
    null,
    -23400,
    -0.429290293,
    56627.28,
    0.016061907,
    -294264,
    176557
  ],
  "time": 1616470869074
}