{
  "code": 200,
  "result": [
    -0.14481555917536815,
    2.14279139,
    0,
    -0.00061118,
    2.14279139,
    2.13968719,
    123191.18264354585,
    "BTC-PERPETUAL",
    null,
    -17840,
    -0.309939557,
    57446.33,
    -0.00061118,
    -307978,
    184786
  ],
  "time": 1616415248940
}