{
  "code": 200,
  "result": [
    -0.19933993004094774,
    2.16100064,
    0,
    0.01762872,
    2.16100064,
    2.15668279,
    117387.41954606511,
    "BTC-PERPETUAL",
    null,
    -23400,
    -0.430857102,
    56627.28,
    0.017628716,
    -293469,
    176081
  ],
  "time": 1616475849332
}