{
  "code": 200,
  "result": [
    -0.148604149203611,
    2.15268083,
    0,
    0.00926271,
    2.15268083,
    2.14947758,
    120050.48375571534,
    "BTC-PERPETUAL",
    null,
    -17840,
    -0.319813447,
    57446.33,
    0.00926271,
    -300127,
    180075
  ],
  "time": 1616443809288
}