{
  "code": 200,
  "result": [
    -0.14523442927094565,
    2.14373345,
    0,
    0.00038229,
    2.14373345,
    2.14061928,
    122835.88739635661,
    "BTC-PERPETUAL",
    null,
    -17840,
    -0.310933026,
    57446.33,
    0.000382289,
    -307090,
    184253
  ],
  "time": 1616405648978
}