{
  "code": 200,
  "result": [
    -0.14535928651122618,
    2.14425842,
    0,
    0.00084312,
    2.14425842,
    2.14113963,
    122730.37676627703,
    "BTC-PERPETUAL",
    null,
    -17840,
    -0.311393856,
    57446.33,
    0.000843119,
    -306826,
    184095
  ],
  "time": 1616419870164
}