{
  "code": 200,
  "result": [
    -0.19852786285525975,
    2.15873428,
    0,
    0.01536235,
    2.15873428,
    2.15443918,
    117867.58625946719,
    "BTC-PERPETUAL",
    null,
    -23400,
    -0.428590739,
    56627.28,
    0.015362353,
    -294669,
    176801
  ],
  "time": 1616460728753
}