{
  "code": 200,
  "result": [
    -0.1994009223504023,
    2.16013982,
    0,
    0.01676802,
    2.16013982,
    2.15583061,
    117351.51334395414,
    "BTC-PERPETUAL",
    null,
    -23400,
    -0.429996402,
    56627.28,
    0.016768016,
    -293379,
    176027
  ],
  "time": 1616457969711
}