{
  "code": 200,
  "result": [
    -0.1454061366231206,
    2.14464055,
    0,
    0.0012227,
    2.14464055,
    2.14151795,
    122690.8328239244,
    "BTC-PERPETUAL",
    null,
    -17840,
    -0.311773432,
    57446.33,
    0.001222695,
    -306728,
    184036
  ],
  "time": 1616427129056
}