{
  "code": 200,
  "result": [
    -0.15089782483183412,
    2.15824471,
    0,
    0.01482268,
    2.15824471,
    2.15498568,
    118225.6935769719,
    "BTC-PERPETUAL",
    null,
    -17840,
    -0.325373418,
    57446.33,
    0.014822681,
    -295565,
    177338
  ],
  "time": 1616449814084
}