{
  "code": 200,
  "result": [
    -0.15167403863510232,
    2.16019974,
    0,
    0.01677682,
    2.16019974,
    2.15692111,
    117620.65651142517,
    "BTC-PERPETUAL",
    null,
    -17840,
    -0.327327558,
    57446.33,
    0.016776821,
    -294052,
    176430
  ],
  "time": 1616451488385
}