{
  "code": 200,
  "result": [
    -0.15089166673604862,
    2.15807525,
    0,
    0.01465631,
    2.15807525,
    2.15481789,
    118230.51852960912,
    "BTC-PERPETUAL",
    null,
    -17840,
    -0.325207046,
    57446.33,
    0.014656309,
    -295577,
    177345
  ],
  "time": 1616446388308
}