{
  "code": 200,
  "result": [
    -0.14527302515518262,
    2.14417927,
    0,
    0.00076813,
    2.14417927,
    2.14106124,
    122803.25257179074,
    "BTC-PERPETUAL",
    null,
    -17840,
    -0.311318866,
    57446.33,
    0.000768129,
    -307009,
    184204
  ],
  "time": 1616418011887
}