{
  "code": 200,
  "result": [
    -0.14403892089595696,
    2.14080066,
    0,
    -0.00256176,
    2.14080066,
    2.13771602,
    123855.4127525455,
    "BTC-PERPETUAL",
    null,
    -17840,
    -0.307988982,
    57446.33,
    -0.002561755,
    -309639,
    185783
  ],
  "time": 1616407930567
}