{
  "code": 200,
  "result": [
    -0.14566935085376714,
    2.14529914,
    0,
    0.00188129,
    2.14529914,
    2.14216994,
    122469.13915274471,
    "BTC-PERPETUAL",
    null,
    -17840,
    -0.312432028,
    57446.33,
    0.001881291,
    -306173,
    183703
  ],
  "time": 1616425088857
}