{
  "code": 200,
  "result": [
    -0.1968305100732278,
    2.15422229,
    0,
    0.01085037,
    2.15422229,
    2.14997251,
    118884.00833435012,
    "BTC-PERPETUAL",
    null,
    -23400,
    -0.424078757,
    56627.28,
    0.010850371,
    -297211,
    178326
  ],
  "time": 1616464811468
}