{
  "code": 200,
  "result": [
    -0.19850053764056413,
    2.15852517,
    0,
    0.01515325,
    2.15852517,
    2.15423218,
    117883.81169209561,
    "BTC-PERPETUAL",
    null,
    -23400,
    -0.428381638,
    56627.28,
    0.015153252,
    -294710,
    176825
  ],
  "time": 1616461388520
}