{
  "code": 200,
  "result": [
    -0.14670785567883854,
    2.14787308,
    0,
    0.00445522,
    2.14787308,
    2.14471806,
    121602.21357916883,
    "BTC-PERPETUAL",
    null,
    -17840,
    -0.315005955,
    57446.33,
    0.004455218,
    -304006,
    182403
  ],
  "time": 1616432769986
}