{
  "code": 200,
  "result": [
    -0.14677232461957174,
    2.14800123,
    0,
    0.00458337,
    2.14800123,
    2.14484492,
    121548.80047202767,
    "BTC-PERPETUAL",
    null,
    -17840,
    -0.315134103,
    57446.33,
    0.004583366,
    -303873,
    182323
  ],
  "time": 1616431629105
}