{
  "code": 200,
  "result": [
    -0.14348066287663683,
    2.13950929,
    0,
    -0.00386023,
    2.13950929,
    2.13643768,
    124337.31237594466,
    "BTC-PERPETUAL",
    null,
    -17840,
    -0.306690512,
    57446.33,
    -0.003860225,
    -310844,
    186505
  ],
  "time": 1616409428674
}