{
  "code": 200,
  "result": [
    -0.14477779729362225,
    2.14270168,
    0,
    -0.0006289,
    2.14270168,
    2.13959766,
    123223.31416480175,
    "BTC-PERPETUAL",
    null,
    -17840,
    -0.309921842,
    57446.33,
    -0.000628895,
    -308059,
    184834
  ],
  "time": 1616400549711
}