{
  "code": 200,
  "result": [
    -0.14475436485590074,
    2.14263393,
    0,
    -0.00070065,
    2.14263393,
    2.13953063,
    123243.26121536482,
    "BTC-PERPETUAL",
    null,
    -17840,
    -0.309850089,
    57446.33,
    -0.000700648,
    -308109,
    184864
  ],
  "time": 1616401389412
}