{
  "code": 200,
  "result": [
    -0.1480325816603932,
    2.15133677,
    0,
    0.00791878,
    2.15133677,
    2.148147,
    120514.0098206716,
    "BTC-PERPETUAL",
    null,
    -17840,
    -0.318469518,
    57446.33,
    0.007918781,
    -301286,
    180771
  ],
  "time": 1616442788343
}