{
  "code": 200,
  "result": [
    -0.1973218515471054,
    2.15542874,
    0,
    0.01205682,
    2.15542874,
    2.15116685,
    118587.98109044635,
    "BTC-PERPETUAL",
    null,
    -23400,
    -0.425285205,
    56627.28,
    0.012056819,
    -296470,
    177881
  ],
  "time": 1616467148281
}