{
  "code": 200,
  "result": [
    -0.19844220388925046,
    2.15836877,
    0,
    0.01499686,
    2.15836877,
    2.15407735,
    117918.46462791461,
    "BTC-PERPETUAL",
    null,
    -23400,
    -0.428225241,
    56627.28,
    0.014996855,
    -294797,
    176877
  ],
  "time": 1616458869978
}