{
  "code": 200,
  "result": [
    -0.14891368300741398,
    2.15345084,
    0,
    0.01003281,
    2.15345084,
    2.15023987,
    119800.94535108503,
    "BTC-PERPETUAL",
    null,
    -17840,
    -0.320583548,
    57446.33,
    0.010032811,
    -299503,
    179701
  ],
  "time": 1616443329042
}