{
  "code": 200,
  "result": [
    -0.14594545409645718,
    2.14609796,
    0,
    0.00268011,
    2.14609796,
    2.14296074,
    122237.4489869984,
    "BTC-PERPETUAL",
    null,
    -17840,
    -0.313230843,
    57446.33,
    0.002680106,
    -305594,
    183356
  ],
  "time": 1616426049101
}