{
  "code": 200,
  "result": [
    -0.19857544735763774,
    2.15870523,
    0,
    0.01533331,
    2.15870523,
    2.15441043,
    117839.34172816544,
    "BTC-PERPETUAL",
    null,
    -23400,
    -0.428561696,
    56627.28,
    0.01533331,
    -294599,
    176759
  ],
  "time": 1616470028729
}