{
  "code": 200,
  "result": [
    -0.1466440141296595,
    2.14745908,
    0,
    0.00404122,
    2.14745908,
    2.14430821,
    121655.15316722204,
    "BTC-PERPETUAL",
    null,
    -17840,
    -0.314591953,
    57446.33,
    0.004041216,
    -304138,
    182482
  ],
  "time": 1616431810175
}