{
  "code": 200,
  "result": [
    -0.14558033732089942,
    2.14519697,
    0,
    0.00177911,
    2.14519697,
    2.1420688,
    122544.02159184241,
    "BTC-PERPETUAL",
    null,
    -17840,
    -0.312329851,
    57446.33,
    0.001779114,
    -306361,
    183816
  ],
  "time": 1616435348998
}