{
  "code": 200,
  "result": [
    -0.145349671717507,
    2.14424936,
    0,
    0.00083442,
    2.14424936,
    2.14113066,
    122738.4953071842,
    "BTC-PERPETUAL",
    null,
    -17840,
    -0.31138516,
    57446.33,
    0.000834423,
    -306847,
    184107
  ],
  "time": 1616419748520
}