{
  "code": 200,
  "result": [
    -0.1988514521054315,
    2.15961686,
    0,
    0.01624494,
    2.15961686,
    2.15531291,
    117675.78135458253,
    "BTC-PERPETUAL",
    null,
    -23400,
    -0.429473323,
    56627.28,
    0.016244937,
    -294190,
    176513
  ],
  "time": 1616471108808
}