{
  "code": 200,
  "result": [
    -0.14584294425159436,
    2.1455068,
    0,
    0.00208946,
    2.1455068,
    2.14237551,
    122323.36704080885,
    "BTC-PERPETUAL",
    null,
    -17840,
    -0.312640197,
    57446.33,
    0.00208946,
    -305809,
    183485
  ],
  "time": 1616421790602
}