{
  "code": 200,
  "result": [
    -0.14480564225838743,
    2.14282731,
    0,
    -0.00057472,
    2.14282731,
    2.13972275,
    123199.61930880266,
    "BTC-PERPETUAL",
    null,
    -17840,
    -0.309976015,
    57446.33,
    -0.000574722,
    -308000,
    184799
  ],
  "time": 1616415070673
}