{
  "code": 200,
  "result": [
    -0.19780824019639864,
    2.156657,
    0,
    0.01328508,
    2.156657,
    2.15238277,
    118296.38632226216,
    "BTC-PERPETUAL",
    null,
    -23400,
    -0.426513462,
    56627.28,
    0.013285076,
    -295741,
    177444
  ],
  "time": 1616463430051
}