{
  "code": 200,
  "result": [
    -0.15139128797138182,
    2.16021566,
    0,
    0.0167967,
    2.16021566,
    2.15693682,
    117840.33440135853,
    "BTC-PERPETUAL",
    null,
    -17840,
    -0.327081445,
    57446.33,
    0.016530708,
    -294601,
    176760
  ],
  "time": 1616446811953
}