{
  "code": 200,
  "result": [
    -0.19874615380904131,
    2.15931746,
    0,
    0.01594554,
    2.15931746,
    2.15501651,
    117738.12751356748,
    "BTC-PERPETUAL",
    null,
    -23400,
    -0.429173923,
    56627.28,
    0.015945537,
    -294346,
    176607
  ],
  "time": 1616470628620
}