{
  "code": 200,
  "result": [
    -0.14543570515926124,
    2.14447539,
    0,
    0.00112002,
    2.14447539,
    2.14135383,
    122665.88854823564,
    "BTC-PERPETUAL",
    null,
    -17840,
    -0.31167076,
    57446.33,
    0.001120023,
    -306665,
    183998
  ],
  "time": 1616406789190
}