{
  "code": 200,
  "result": [
    -0.1975741769973761,
    2.15620317,
    0,
    0.01283124,
    2.15620317,
    2.15193349,
    118436.53029773606,
    "BTC-PERPETUAL",
    null,
    -23400,
    -0.426059628,
    56627.28,
    0.012831242,
    -296092,
    177654
  ],
  "time": 1616467388376
}