{
  "code": 200,
  "result": [
    -0.14362064880770994,
    2.13992774,
    0,
    -0.00344737,
    2.13992774,
    2.13685199,
    124216.12176314232,
    "BTC-PERPETUAL",
    null,
    -17840,
    -0.307103366,
    57446.33,
    -0.003447371,
    -310541,
    186324
  ],
  "time": 1616410388465
}