{
  "code": 200,
  "result": [
    -0.14560387488671706,
    2.14487573,
    0,
    0.00145956,
    2.14487573,
    2.14175076,
    122524.21176208329,
    "BTC-PERPETUAL",
    null,
    -17840,
    -0.312010298,
    57446.33,
    0.001459561,
    -306311,
    183786
  ],
  "time": 1616420170105
}