{
  "code": 200,
  "result": [
    -0.14578719379876418,
    2.14568659,
    0,
    0.00226867,
    2.14568659,
    2.1425535,
    122370.14469614702,
    "BTC-PERPETUAL",
    null,
    -17840,
    -0.312819406,
    57446.33,
    0.002268669,
    -305926,
    183555
  ],
  "time": 1616437748412
}