{
  "code": 200,
  "result": [
    -0.14659866586209533,
    2.14772276,
    0,
    0.00430483,
    2.14772276,
    2.14456925,
    121692.7855044875,
    "BTC-PERPETUAL",
    null,
    -17840,
    -0.314855571,
    57446.33,
    0.004304834,
    -304232,
    182539
  ],
  "time": 1616438109315
}