{
  "code": 200,
  "result": [
    -0.15094764585113207,
    2.15859517,
    0,
    0.01517259,
    2.15859517,
    2.15533264,
    118186.6726003412,
    "BTC-PERPETUAL",
    null,
    -17840,
    -0.325723324,
    57446.33,
    0.015172587,
    -295467,
    177280
  ],
  "time": 1616450108931
}