{
  "code": 200,
  "result": [
    -0.14432364326786545,
    2.14164956,
    0,
    -0.00174753,
    2.14164956,
    2.13855676,
    123611.0702034376,
    "BTC-PERPETUAL",
    null,
    -17840,
    -0.308803211,
    57446.33,
    -0.001747526,
    -309028,
    185416
  ],
  "time": 1616414048596
}