{
  "code": 200,
  "result": [
    -0.1975234184249969,
    2.15594267,
    0,
    0.01257075,
    2.15594267,
    2.15167561,
    118466.96552027014,
    "BTC-PERPETUAL",
    null,
    -23400,
    -0.425799133,
    56627.28,
    0.012570747,
    -296168,
    177700
  ],
  "time": 1616466309149
}