{
  "code": 200,
  "result": [
    -0.1452856453406834,
    2.14417422,
    0,
    0.00083605,
    2.14417422,
    2.14105551,
    122792.58531127838,
    "BTC-PERPETUAL",
    null,
    -17840,
    -0.31138679,
    57446.33,
    0.000836053,
    -306982,
    184188
  ],
  "time": 1616402529105
}