{
  "code": 200,
  "result": [
    -0.19737560961663522,
    2.15540146,
    0,
    0.01202954,
    2.15540146,
    2.15113984,
    118555.68195812072,
    "BTC-PERPETUAL",
    null,
    -23400,
    -0.425257922,
    56627.28,
    0.012029536,
    -296390,
    177833
  ],
  "time": 1616466969867
}