{
  "code": 200,
  "result": [
    -0.1458119210991926,
    2.14577272,
    0,
    0.00235486,
    2.14577272,
    2.14263877,
    122349.39273493177,
    "BTC-PERPETUAL",
    null,
    -17840,
    -0.312905602,
    57446.33,
    0.002354865,
    -305874,
    183524
  ],
  "time": 1616436669689
}