{
  "code": 200,
  "result": [
    -0.15204361293148025,
    2.16143275,
    0,
    0.01800981,
    2.16143275,
    2.15814175,
    117334.75452230767,
    "BTC-PERPETUAL",
    null,
    -17840,
    -0.328560549,
    57446.33,
    0.018009812,
    -293337,
    176002
  ],
  "time": 1616453048330
}