{
  "code": 200,
  "result": [
    -0.1984739915845886,
    2.15840513,
    0,
    0.01503322,
    2.15840513,
    2.15411335,
    117899.57874670466,
    "BTC-PERPETUAL",
    null,
    -23400,
    -0.428261606,
    56627.28,
    0.01503322,
    -294749,
    176849
  ],
  "time": 1616458928536
}