{
  "code": 200,
  "result": [
    -0.1455664192213111,
    2.14507202,
    0,
    0.00165417,
    2.14507202,
    2.14194509,
    122555.73844182464,
    "BTC-PERPETUAL",
    null,
    -17840,
    -0.312204902,
    57446.33,
    0.001654165,
    -306390,
    183833
  ],
  "time": 1616428271124
}