{
  "code": 200,
  "result": [
    -0.19848824898474407,
    2.15854165,
    0,
    0.01516972,
    2.15854165,
    2.15424849,
    117891.11002636,
    "BTC-PERPETUAL",
    null,
    -23400,
    -0.428398108,
    56627.28,
    0.015169722,
    -294728,
    176836
  ],
  "time": 1616473209915
}