{
  "code": 200,
  "result": [
    -0.15060938362678203,
    2.15767607,
    0,
    0.01425712,
    2.15767607,
    2.15442272,
    118452.11480453606,
    "BTC-PERPETUAL",
    null,
    -17840,
    -0.324807855,
    57446.33,
    0.014257118,
    -296131,
    177678
  ],
  "time": 1616447169736
}