{
  "code": 200,
  "result": [
    -0.14354722458265065,
    2.13946074,
    0,
    -0.00391911,
    2.13946074,
    2.13638972,
    124279.65815339191,
    "BTC-PERPETUAL",
    null,
    -17840,
    -0.306631631,
    57446.33,
    -0.003919106,
    -310700,
    186419
  ],
  "time": 1616411109066
}