{
  "code": 200,
  "result": [
    -0.14530922911008237,
    2.14396811,
    0,
    0.00062162,
    2.14396811,
    2.14085154,
    122772.65600579916,
    "BTC-PERPETUAL",
    null,
    -17840,
    -0.311172361,
    57446.33,
    0.000621624,
    -306932,
    184158
  ],
  "time": 1616404629565
}