{
  "code": 200,
  "result": [
    -0.14543168838170223,
    2.14442953,
    0,
    0.00108268,
    2.14442953,
    2.14130834,
    122669.27654155306,
    "BTC-PERPETUAL",
    null,
    -17840,
    -0.311633412,
    57446.33,
    0.001082675,
    -306674,
    184003
  ],
  "time": 1616404749344
}