{
  "code": 200,
  "result": [
    -0.14545100631518013,
    2.14446113,
    0,
    0.00110554,
    2.14446113,
    2.14133972,
    122652.98434128547,
    "BTC-PERPETUAL",
    null,
    -17840,
    -0.311656277,
    57446.33,
    0.00110554,
    -306633,
    183979
  ],
  "time": 1616406849941
}