{
  "code": 200,
  "result": [
    -0.14620502017415501,
    2.14643623,
    0,
    0.00301837,
    2.14643623,
    2.14329562,
    122020.43389994085,
    "BTC-PERPETUAL",
    null,
    -17840,
    -0.313569105,
    57446.33,
    0.003018368,
    -305052,
    183030
  ],
  "time": 1616430069838
}