{
  "code": 200,
  "result": [
    -0.14474929312254922,
    2.14267138,
    0,
    -0.00065872,
    2.14267138,
    2.13956766,
    123247.57941923838,
    "BTC-PERPETUAL",
    null,
    -17840,
    -0.309892017,
    57446.33,
    -0.00065872,
    -308119,
    184871
  ],
  "time": 1616400429745
}