{
  "code": 200,
  "result": [
    -0.14574690182172034,
    2.14566875,
    0,
    0.0022509,
    2.14566875,
    2.14253584,
    122403.97412922121,
    "BTC-PERPETUAL",
    null,
    -17840,
    -0.312801635,
    57446.33,
    0.002250898,
    -306010,
    183605
  ],
  "time": 1616425749152
}