{
  "code": 200,
  "result": [
    -0.14352936407585626,
    2.13957158,
    0,
    -0.00379573,
    2.13957158,
    2.13649932,
    124295.12326530923,
    "BTC-PERPETUAL",
    null,
    -17840,
    -0.306755007,
    57446.33,
    -0.00379573,
    -310738,
    186442
  ],
  "time": 1616408949300
}