{
  "code": 200,
  "result": [
    -0.14576037363423872,
    2.14536083,
    0,
    0.00194335,
    2.14536083,
    2.142231,
    122392.66101750327,
    "BTC-PERPETUAL",
    null,
    -17840,
    -0.312494088,
    57446.33,
    0.001943351,
    -305982,
    183588
  ],
  "time": 1616424070144
}