{
  "code": 200,
  "result": [
    -0.15111594752174448,
    2.15921073,
    0,
    0.01578766,
    2.15921073,
    2.15594202,
    118055.04509994191,
    "BTC-PERPETUAL",
    null,
    -17840,
    -0.326338399,
    57446.33,
    0.015787662,
    -295138,
    177082
  ],
  "time": 1616454848479
}