{
  "code": 200,
  "result": [
    -0.14627200079348715,
    2.14678284,
    0,
    0.00336499,
    2.14678284,
    2.14363876,
    121964.55851579722,
    "BTC-PERPETUAL",
    null,
    -17840,
    -0.313915722,
    57446.33,
    0.003364985,
    -304912,
    182946
  ],
  "time": 1616430669572
}