{
  "code": 200,
  "result": [
    -0.19751111010576036,
    2.15586946,
    0,
    0.01249754,
    2.15586946,
    2.15160314,
    118474.34803778942,
    "BTC-PERPETUAL",
    null,
    -23400,
    -0.425725926,
    56627.28,
    0.01249754,
    -296186,
    177711
  ],
  "time": 1616465649281
}