{
  "code": 200,
  "result": [
    -0.1986310058824643,
    2.15889974,
    0,
    0.01552782,
    2.15889974,
    2.15460299,
    117806.38121445378,
    "BTC-PERPETUAL",
    null,
    -23400,
    -0.428756202,
    56627.28,
    0.015527816,
    -294516,
    176709
  ],
  "time": 1616460969871
}