{
  "code": 200,
  "result": [
    -0.15175148766020802,
    2.16057347,
    0,
    0.01715045,
    2.16057347,
    2.15729109,
    117560.62675277462,
    "BTC-PERPETUAL",
    null,
    -17840,
    -0.327701184,
    57446.33,
    0.017150447,
    -293902,
    176340
  ],
  "time": 1616453409170
}