{
  "code": 200,
  "result": [
    -0.14677818707024773,
    2.14788454,
    0,
    0.00446668,
    2.14788454,
    2.1447294,
    121543.94570537796,
    "BTC-PERPETUAL",
    null,
    -17840,
    -0.315017413,
    57446.33,
    0.004466676,
    -303860,
    182315
  ],
  "time": 1616431570284
}