{
  "code": 200,
  "result": [
    -0.14676469998873118,
    2.15091211,
    0,
    0.00749416,
    2.15091211,
    2.14772661,
    121555.11510172258,
    "BTC-PERPETUAL",
    null,
    -17840,
    -0.318044894,
    57446.33,
    0.007494157,
    -303888,
    182332
  ],
  "time": 1616440028800
}