{
  "code": 200,
  "result": [
    -0.1442730095858674,
    2.14146402,
    0,
    -0.00193145,
    2.14146402,
    2.13837307,
    123654.45242467278,
    "BTC-PERPETUAL",
    null,
    -17840,
    -0.308619283,
    57446.33,
    -0.001931454,
    -309137,
    185481
  ],
  "time": 1616413748899
}