{
  "code": 200,
  "result": [
    -0.14654105169813061,
    2.14763283,
    0,
    0.00421489,
    2.14763283,
    2.14448022,
    121740.63030985864,
    "BTC-PERPETUAL",
    null,
    -17840,
    -0.314765631,
    57446.33,
    0.004214894,
    -304352,
    182610
  ],
  "time": 1616438288818
}