{
  "code": 200,
  "result": [
    -0.14663208340329967,
    2.14768402,
    0,
    0.00426616,
    2.14768402,
    2.1445309,
    121665.05164447895,
    "BTC-PERPETUAL",
    null,
    -17840,
    -0.3148169,
    57446.33,
    0.004266163,
    -304163,
    182497
  ],
  "time": 1616433069608
}