{
  "code": 200,
  "result": [
    -0.19913582731631335,
    2.16000842,
    0,
    0.0166365,
    2.16000842,
    2.15570053,
    117507.73487299569,
    "BTC-PERPETUAL",
    null,
    -23400,
    -0.429864881,
    56627.28,
    0.016636495,
    -293770,
    176261
  ],
  "time": 1616475488868
}