{
  "code": 200,
  "result": [
    -0.1436245780527048,
    2.13984746,
    0,
    -0.00352274,
    2.13984746,
    2.13677246,
    124212.72348980127,
    "BTC-PERPETUAL",
    null,
    -17840,
    -0.307027998,
    57446.33,
    -0.003522739,
    -310532,
    186319
  ],
  "time": 1616409548688
}