{
  "code": 200,
  "result": [
    -0.1457286031143015,
    2.14550473,
    0,
    0.00208689,
    2.14550473,
    2.14237347,
    122419.3440323262,
    "BTC-PERPETUAL",
    null,
    -17840,
    -0.312637622,
    57446.33,
    0.002086885,
    -306049,
    183629
  ],
  "time": 1616426348956
}