{
  "code": 200,
  "result": [
    -0.14565585174125245,
    2.14532104,
    0,
    0.00190318,
    2.14532104,
    2.14219162,
    122480.48936400801,
    "BTC-PERPETUAL",
    null,
    -17840,
    -0.312453916,
    57446.33,
    0.001903179,
    -306202,
    183720
  ],
  "time": 1616434988474
}