{
  "code": 200,
  "result": [
    -0.1451765252496137,
    2.14345981,
    0,
    0.00010291,
    2.14345981,
    2.14034844,
    122884.88079822995,
    "BTC-PERPETUAL",
    null,
    -17840,
    -0.310653644,
    57446.33,
    0.000102907,
    -307213,
    184327
  ],
  "time": 1616407089234
}