{
  "code": 200,
  "result": [
    -0.19828587310189827,
    2.15794062,
    0,
    0.0145687,
    2.15794062,
    2.1536535,
    118011.43285671611,
    "BTC-PERPETUAL",
    null,
    -23400,
    -0.427797085,
    56627.28,
    0.014568699,
    -295029,
    177017
  ],
  "time": 1616460669867
}