{
  "code": 200,
  "result": [
    -0.1437830283458552,
    2.14004981,
    0,
    -0.00332854,
    2.14004981,
    2.13697287,
    124075.83986259995,
    "BTC-PERPETUAL",
    null,
    -17840,
    -0.307222202,
    57446.33,
    -0.003328535,
    -310190,
    186113
  ],
  "time": 1616410869565
}