{
  "code": 200,
  "result": [
    -0.14590494619062863,
    2.14561464,
    0,
    0.00219738,
    2.14561464,
    2.14248227,
    122271.38603438142,
    "BTC-PERPETUAL",
    null,
    -17840,
    -0.312748115,
    57446.33,
    0.002197378,
    -305679,
    183407
  ],
  "time": 1616421310505
}