{
  "code": 200,
  "result": [
    -0.14541042848830302,
    2.14429034,
    0,
    0.00094865,
    2.14429034,
    2.1411705,
    122687.21153954284,
    "BTC-PERPETUAL",
    null,
    -17840,
    -0.311499391,
    57446.33,
    0.000948654,
    -306719,
    184030
  ],
  "time": 1616403489587
}