{
  "code": 200,
  "result": [
    -0.14622318933691514,
    2.14658798,
    0,
    0.00317012,
    2.14658798,
    2.14344585,
    122005.27208372249,
    "BTC-PERPETUAL",
    null,
    -17840,
    -0.313720856,
    57446.33,
    0.003170119,
    -305014,
    183007
  ],
  "time": 1616433849162
}