{
  "code": 200,
  "result": [
    -0.14474610508285868,
    2.14254574,
    0,
    -0.00078619,
    2.14254574,
    2.1394433,
    123250.29395290218,
    "BTC-PERPETUAL",
    null,
    -17840,
    -0.309764546,
    57446.33,
    -0.000786191,
    -308126,
    184875
  ],
  "time": 1616400849226
}