{
  "code": 200,
  "result": [
    -0.14542079580478232,
    2.14433181,
    0,
    0.00098472,
    2.14433181,
    2.1412116,
    122678.46494217378,
    "BTC-PERPETUAL",
    null,
    -17840,
    -0.311535456,
    57446.33,
    0.000984719,
    -306697,
    184017
  ],
  "time": 1616404810778
}