{
  "code": 200,
  "result": [
    -0.151743342606775,
    2.16060379,
    0,
    0.01718073,
    2.16060379,
    2.15732111,
    117566.9369972313,
    "BTC-PERPETUAL",
    null,
    -17840,
    -0.327731464,
    57446.33,
    0.017180727,
    -293918,
    176350
  ],
  "time": 1616457188295
}