{
  "code": 200,
  "result": [
    -0.1513257379020697,
    2.15950903,
    0,
    0.0160897,
    2.15950903,
    2.15623729,
    117891.37953217936,
    "BTC-PERPETUAL",
    null,
    -17840,
    -0.326640439,
    57446.33,
    0.016089702,
    -294729,
    176837
  ],
  "time": 1616448069612
}