{
  "code": 200,
  "result": [
    -0.14621929851023588,
    2.14669052,
    0,
    0.00327266,
    2.14669052,
    2.14354736,
    122008.51858656082,
    "BTC-PERPETUAL",
    null,
    -17840,
    -0.313823393,
    57446.33,
    0.003272656,
    -305022,
    183012
  ],
  "time": 1616433909411
}