{
  "code": 200,
  "result": [
    -0.15159189198851128,
    2.1601761,
    0,
    0.01675304,
    2.1601761,
    2.15689771,
    117684.39436953556,
    "BTC-PERPETUAL",
    null,
    -17840,
    -0.327303776,
    57446.33,
    0.016753039,
    -294211,
    176526
  ],
  "time": 1616455328691
}