{
  "code": 200,
  "result": [
    -0.1434545587299444,
    2.13943511,
    0,
    -0.00393244,
    2.13943511,
    2.13636423,
    124359.9377945465,
    "BTC-PERPETUAL",
    null,
    -17840,
    -0.306618298,
    57446.33,
    -0.003932439,
    -310900,
    186539
  ],
  "time": 1616409010709
}