{
  "code": 200,
  "result": [
    -0.14560441063894936,
    2.14515197,
    0,
    0.00173412,
    2.14515197,
    2.14202424,
    122523.76093357008,
    "BTC-PERPETUAL",
    null,
    -17840,
    -0.312284856,
    57446.33,
    0.001734119,
    -306310,
    183785
  ],
  "time": 1616428929996
}