{
  "code": 200,
  "result": [
    -0.19828854372980786,
    2.15783077,
    0,
    0.01445884,
    2.15783077,
    2.15354475,
    118009.84343243415,
    "BTC-PERPETUAL",
    null,
    -23400,
    -0.427687228,
    56627.28,
    0.014458842,
    -295025,
    177014
  ],
  "time": 1616462048769
}