{
  "code": 200,
  "result": [
    -0.14584878859095038,
    2.14582358,
    0,
    0.00240569,
    2.14582358,
    2.14268912,
    122318.46539386983,
    "BTC-PERPETUAL",
    null,
    -17840,
    -0.312956431,
    57446.33,
    0.002405694,
    -305797,
    183477
  ],
  "time": 1616437328905
}