{
  "code": 200,
  "result": [
    -0.14672846685951474,
    2.1477999,
    0,
    0.00438204,
    2.1477999,
    2.14464561,
    121585.13192317971,
    "BTC-PERPETUAL",
    null,
    -17840,
    -0.314932774,
    57446.33,
    0.004382037,
    -303963,
    182377
  ],
  "time": 1616432830184
}