{
  "code": 200,
  "result": [
    -0.19831732330537824,
    2.15783451,
    0,
    0.01446259,
    2.15783451,
    2.15354845,
    117992.71798342897,
    "BTC-PERPETUAL",
    null,
    -23400,
    -0.42769098,
    56627.28,
    0.014462594,
    -294982,
    176989
  ],
  "time": 1616460370290
}