{
  "code": 200,
  "result": [
    -0.14539635124154207,
    2.14459428,
    0,
    0.00117693,
    2.14459428,
    2.14147214,
    122699.09009176583,
    "BTC-PERPETUAL",
    null,
    -17840,
    -0.31172767,
    57446.33,
    0.001176933,
    -306748,
    184048
  ],
  "time": 1616422389174
}