{
  "code": 200,
  "result": [
    -0.14571120790106123,
    2.14549772,
    0,
    0.00207987,
    2.14549772,
    2.14236653,
    122433.95862941076,
    "BTC-PERPETUAL",
    null,
    -17840,
    -0.31263061,
    57446.33,
    0.002079873,
    -306085,
    183650
  ],
  "time": 1616426889158
}