{
  "code": 200,
  "result": [
    -0.14811092392136727,
    2.15148288,
    0,
    0.0080649,
    2.15148288,
    2.14829165,
    120450.2647588056,
    "BTC-PERPETUAL",
    null,
    -17840,
    -0.318615636,
    57446.33,
    0.008064899,
    -301126,
    180675
  ],
  "time": 1616442848663
}