{
  "code": 200,
  "result": [
    -0.145502411270498,
    2.14482073,
    0,
    0.00140287,
    2.14482073,
    2.14169633,
    122609.65192414806,
    "BTC-PERPETUAL",
    null,
    -17840,
    -0.311953611,
    57446.33,
    0.001402874,
    -306525,
    183914
  ],
  "time": 1616434628815
}