{
  "code": 200,
  "result": [
    -0.14441329046837534,
    2.14204988,
    0,
    -0.00133839,
    2.14204988,
    2.13895298,
    123534.3363629453,
    "BTC-PERPETUAL",
    null,
    -17840,
    -0.30916701,
    57446.33,
    -0.001383727,
    -308836,
    185301
  ],
  "time": 1616412488966
}