{
  "code": 200,
  "result": [
    -0.1454087066248022,
    2.14415476,
    0,
    0.00080725,
    2.14415476,
    2.14103634,
    122688.66434547497,
    "BTC-PERPETUAL",
    null,
    -17840,
    -0.311357987,
    57446.33,
    0.00080725,
    -306722,
    184032
  ],
  "time": 1616404929183
}