{
  "code": 200,
  "result": [
    -0.1978540240509377,
    2.15683907,
    0,
    0.01346715,
    2.15683907,
    2.15256301,
    118269.01227935425,
    "BTC-PERPETUAL",
    null,
    -23400,
    -0.426622094,
    56627.28,
    0.013393708,
    -295673,
    177403
  ],
  "time": 1616463609878
}