{
  "code": 200,
  "result": [
    -0.14559865566755156,
    2.1452341,
    0,
    0.00181625,
    2.1452341,
    2.14210555,
    122528.60384050827,
    "BTC-PERPETUAL",
    null,
    -17840,
    -0.312366984,
    57446.33,
    0.001816247,
    -306322,
    183792
  ],
  "time": 1616425450094
}