{
  "code": 200,
  "result": [
    -0.15227052521715392,
    2.16206838,
    0,
    0.01864532,
    2.16206838,
    2.158771,
    117159.90323510257,
    "BTC-PERPETUAL",
    null,
    -17840,
    -0.329196055,
    57446.33,
    0.018645318,
    -292900,
    175739
  ],
  "time": 1616457488519
}