{
  "code": 200,
  "result": [
    -0.14627864153377276,
    2.14672341,
    0,
    0.00330622,
    2.14672341,
    2.14357991,
    121959.0215833465,
    "BTC-PERPETUAL",
    null,
    -17840,
    -0.313856961,
    57446.33,
    0.003306224,
    -304898,
    182938
  ],
  "time": 1616421011320
}