{
  "code": 200,
  "result": [
    -0.19752662580189242,
    2.15593725,
    0,
    0.01256532,
    2.15593725,
    2.15167025,
    118465.04188994157,
    "BTC-PERPETUAL",
    null,
    -23400,
    -0.425793709,
    56627.28,
    0.012565323,
    -296163,
    177697
  ],
  "time": 1616466728560
}