{
  "code": 200,
  "result": [
    -0.14561625033384412,
    2.1452472,
    0,
    0.00182932,
    2.1452472,
    2.14211852,
    122513.79883151426,
    "BTC-PERPETUAL",
    null,
    -17840,
    -0.312380056,
    57446.33,
    0.001829319,
    -306285,
    183770
  ],
  "time": 1616437270368
}