{
  "code": 200,
  "result": [
    -0.19876132437761845,
    2.1592257,
    0,
    0.01585378,
    2.1592257,
    2.15492567,
    117729.14108553283,
    "BTC-PERPETUAL",
    null,
    -23400,
    -0.429082162,
    56627.28,
    0.015853776,
    -294323,
    176593
  ],
  "time": 1616468948427
}