{
  "code": 200,
  "result": [
    -0.19845297706602275,
    2.15829599,
    0,
    0.01492407,
    2.15829599,
    2.1540053,
    117912.06333082683,
    "BTC-PERPETUAL",
    null,
    -23400,
    -0.428152451,
    56627.28,
    0.014924065,
    -294781,
    176868
  ],
  "time": 1616469428767
}