{
  "code": 200,
  "result": [
    -0.14517755581134065,
    2.14352521,
    0,
    0.00016708,
    2.14352521,
    2.14041321,
    122884.00848395063,
    "BTC-PERPETUAL",
    null,
    -17840,
    -0.310717814,
    57446.33,
    0.000167077,
    -307211,
    184326
  ],
  "time": 1616407270340
}