{
  "code": 200,
  "result": [
    -0.1451602945794587,
    2.14380182,
    0,
    0.00039042,
    2.14380182,
    2.14068758,
    122898.62080869942,
    "BTC-PERPETUAL",
    null,
    -17840,
    -0.310936494,
    57446.33,
    0.000385757,
    -307247,
    184347
  ],
  "time": 1616418070083
}