{
  "code": 200,
  "result": [
    -0.1442905998964606,
    2.14162902,
    0,
    -0.00177051,
    2.14162902,
    2.13853645,
    123639.37784444411,
    "BTC-PERPETUAL",
    null,
    -17840,
    -0.308780228,
    57446.33,
    -0.001770509,
    -309099,
    185459
  ],
  "time": 1616414469850
}