{
  "code": 200,
  "result": [
    -0.14466956063364608,
    2.14246797,
    0,
    -0.00086088,
    2.14246797,
    2.13936628,
    123315.5054999933,
    "BTC-PERPETUAL",
    null,
    -17840,
    -0.309689855,
    57446.33,
    -0.000860882,
    -308289,
    184973
  ],
  "time": 1616400070805
}