{
  "code": 200,
  "result": [
    -0.19861994059785035,
    2.15898877,
    0,
    0.01561684,
    2.15898877,
    2.15469112,
    117812.94430743203,
    "BTC-PERPETUAL",
    null,
    -23400,
    -0.42884523,
    56627.28,
    0.015616844,
    -294533,
    176719
  ],
  "time": 1616469309719
}