{
  "code": 200,
  "result": [
    -0.1454821240046124,
    2.1447262,
    0,
    0.00131797,
    2.1447262,
    2.14160265,
    122626.74965780947,
    "BTC-PERPETUAL",
    null,
    -17840,
    -0.311868702,
    57446.33,
    0.001317965,
    -306567,
    183940
  ],
  "time": 1616416749094
}