{
  "code": 200,
  "result": [
    -0.1449231177558776,
    2.14324781,
    0,
    -0.00015853,
    2.14324781,
    2.14013908,
    123099.75300180477,
    "BTC-PERPETUAL",
    null,
    -17840,
    -0.310392206,
    57446.33,
    -0.000158531,
    -307750,
    184649
  ],
  "time": 1616416089295
}