{
  "code": 200,
  "result": [
    -0.14884870212436982,
    2.15358251,
    0,
    0.01016393,
    2.15358251,
    2.15037022,
    119853.24524424724,
    "BTC-PERPETUAL",
    null,
    -17840,
    -0.320714662,
    57446.33,
    0.010163925,
    -299634,
    179779
  ],
  "time": 1616445129095
}