{
  "code": 200,
  "result": [
    -0.14690850763638702,
    2.14829602,
    0,
    0.00487806,
    2.14829602,
    2.14513676,
    121436.12570182627,
    "BTC-PERPETUAL",
    null,
    -17840,
    -0.3154288,
    57446.33,
    0.004878063,
    -303591,
    182154
  ],
  "time": 1616438828622
}