{
  "code": 200,
  "result": [
    -0.14558972856574443,
    2.14479503,
    0,
    0.00145405,
    2.14479503,
    2.14167011,
    122536.11690706555,
    "BTC-PERPETUAL",
    null,
    -17840,
    -0.312004786,
    57446.33,
    0.001454049,
    -306341,
    183804
  ],
  "time": 1616403371105
}