{
  "code": 200,
  "result": [
    -0.19844499393370074,
    2.15854792,
    0,
    0.015176,
    2.15854792,
    2.1542547,
    117916.80674906718,
    "BTC-PERPETUAL",
    null,
    -23400,
    -0.428404382,
    56627.28,
    0.015175996,
    -294793,
    176875
  ],
  "time": 1616472729134
}