{
  "code": 200,
  "result": [
    -0.1454886341619015,
    2.14468473,
    0,
    0.00127272,
    2.14468473,
    2.14156163,
    122621.26249771121,
    "BTC-PERPETUAL",
    null,
    -17840,
    -0.311823458,
    57446.33,
    0.001272721,
    -306554,
    183931
  ],
  "time": 1616418248649
}