{
  "code": 200,
  "result": [
    -0.14524817000469228,
    2.14346243,
    0,
    0.00010394,
    2.14346243,
    2.14035106,
    122824.26690417975,
    "BTC-PERPETUAL",
    null,
    -17840,
    -0.310654672,
    57446.33,
    0.000103935,
    -307061,
    184236
  ],
  "time": 1616407329145
}