{
  "code": 200,
  "result": [
    -0.19879684553543592,
    2.15911062,
    0,
    0.0157387,
    2.15911062,
    2.15481175,
    117708.10516120038,
    "BTC-PERPETUAL",
    null,
    -23400,
    -0.428967084,
    56627.28,
    0.015738698,
    -294271,
    176562
  ],
  "time": 1616475070582
}