{
  "code": 200,
  "result": [
    -0.1452131189676344,
    2.14410663,
    0,
    0.00076835,
    2.14410663,
    2.14098859,
    122853.91379807936,
    "BTC-PERPETUAL",
    null,
    -17840,
    -0.311319084,
    57446.33,
    0.000768347,
    -307135,
    184280
  ],
  "time": 1616402589098
}