{
  "code": 200,
  "result": [
    -0.15104763873093408,
    2.15884337,
    0,
    0.01542405,
    2.15884337,
    2.15557831,
    118108.43353717666,
    "BTC-PERPETUAL",
    null,
    -17840,
    -0.325974782,
    57446.33,
    0.015424045,
    -295272,
    177162
  ],
  "time": 1616448010728
}