{
  "code": 200,
  "result": [
    -0.1512100457258366,
    2.15905142,
    0,
    0.01563116,
    2.15905142,
    2.15578428,
    117981.57929497772,
    "BTC-PERPETUAL",
    null,
    -17840,
    -0.326181893,
    57446.33,
    0.015631156,
    -294954,
    176972
  ],
  "time": 1616449210603
}