{
  "code": 200,
  "result": [
    -0.14863740206323667,
    2.1527812,
    0,
    0.00936324,
    2.1527812,
    2.14957694,
    120023.6263037624,
    "BTC-PERPETUAL",
    null,
    -17840,
    -0.319913982,
    57446.33,
    0.009363245,
    -300060,
    180035
  ],
  "time": 1616441048737
}