{
  "code": 200,
  "result": [
    -0.19718800852643611,
    2.15481329,
    0,
    0.01144137,
    2.15481329,
    2.15055758,
    118668.47368085705,
    "BTC-PERPETUAL",
    null,
    -23400,
    -0.424669756,
    56627.28,
    0.01144137,
    -296672,
    178002
  ],
  "time": 1616467089322
}