{
  "code": 200,
  "result": [
    -0.14639247564384714,
    2.14690409,
    0,
    0.00348722,
    2.14690409,
    2.14375878,
    121864.18681382421,
    "BTC-PERPETUAL",
    null,
    -17840,
    -0.314037954,
    57446.33,
    0.003487217,
    -304661,
    182796
  ],
  "time": 1616420710401
}