{
  "code": 200,
  "result": [
    -0.1995638545246892,
    2.16155382,
    0,
    0.0181819,
    2.16155382,
    2.15723041,
    117255.70272098073,
    "BTC-PERPETUAL",
    null,
    -23400,
    -0.431410282,
    56627.28,
    0.018181896,
    -293140,
    175883
  ],
  "time": 1616473929503
}