{
  "code": 200,
  "result": [
    -0.14379721166721948,
    2.140175,
    0,
    -0.00321146,
    2.140175,
    2.13709688,
    124063.6017427511,
    "BTC-PERPETUAL",
    null,
    -17840,
    -0.307381215,
    57446.33,
    -0.003169522,
    -310160,
    186095
  ],
  "time": 1616412188890
}