{
  "code": 200,
  "result": [
    -0.14416677271794762,
    2.14123578,
    0,
    -0.00215211,
    2.14123578,
    2.13814703,
    123745.57371068251,
    "BTC-PERPETUAL",
    null,
    -17840,
    -0.308398625,
    57446.33,
    -0.002152112,
    -309364,
    185618
  ],
  "time": 1616412428557
}