{
  "code": 200,
  "result": [
    -0.1456633555270909,
    2.14489953,
    0,
    0.00155585,
    2.14489953,
    2.1417736,
    122474.17983366494,
    "BTC-PERPETUAL",
    null,
    -17840,
    -0.312106586,
    57446.33,
    0.001555849,
    -306186,
    183711
  ],
  "time": 1616403911381
}