{
  "code": 200,
  "result": [
    -0.14847318506236398,
    2.15238834,
    0,
    0.00897035,
    2.15238834,
    2.14918802,
    120156.37700845826,
    "BTC-PERPETUAL",
    null,
    -17840,
    -0.319521091,
    57446.33,
    0.008970354,
    -300391,
    180234
  ],
  "time": 1616441588463
}