{
  "code": 200,
  "result": [
    -0.1510111381269065,
    2.15855078,
    0,
    0.0151309,
    2.15855078,
    2.15528866,
    118136.98129344374,
    "BTC-PERPETUAL",
    null,
    -17840,
    -0.32568164,
    57446.33,
    0.015130903,
    -295343,
    177205
  ],
  "time": 1616448909651
}