{
  "code": 200,
  "result": [
    -0.1490359123113753,
    2.15394927,
    0,
    0.01053069,
    2.15394927,
    2.15073331,
    119702.6926149688,
    "BTC-PERPETUAL",
    null,
    -17840,
    -0.321081425,
    57446.33,
    0.010530688,
    -299257,
    179554
  ],
  "time": 1616445488388
}