{
  "code": 200,
  "result": [
    -0.19891352774649132,
    2.15975193,
    0,
    0.01638,
    2.15975193,
    2.15544662,
    117639.05786147699,
    "BTC-PERPETUAL",
    null,
    -23400,
    -0.42960839,
    56627.28,
    0.016380004,
    -294098,
    176458
  ],
  "time": 1616471288407
}