{
  "code": 200,
  "result": [
    -0.19765354823230083,
    2.15610296,
    0,
    0.01273104,
    2.15610296,
    2.1518343,
    118388.97004013378,
    "BTC-PERPETUAL",
    null,
    -23400,
    -0.425959424,
    56627.28,
    0.012731038,
    -295973,
    177583
  ],
  "time": 1616463248368
}