{
  "code": 200,
  "result": [
    -0.19877364322178917,
    2.15889134,
    0,
    0.01551941,
    2.15889134,
    2.15459467,
    117721.84491225817,
    "BTC-PERPETUAL",
    null,
    -23400,
    -0.428747796,
    56627.28,
    0.01551941,
    -294305,
    176582
  ],
  "time": 1616475249385
}