{
  "code": 200,
  "result": [
    -0.1513251600451119,
    2.15940766,
    0,
    0.0159846,
    2.15940766,
    2.15613698,
    117891.82971742224,
    "BTC-PERPETUAL",
    null,
    -17840,
    -0.326535334,
    57446.33,
    0.015984597,
    -294730,
    176837
  ],
  "time": 1616454009629
}