{
  "code": 200,
  "result": [
    -0.14564023621827224,
    2.14518575,
    0,
    0.00177305,
    2.14518575,
    2.14205763,
    122493.62170261137,
    "BTC-PERPETUAL",
    null,
    -17840,
    -0.312323782,
    57446.33,
    0.001773045,
    -306235,
    183740
  ],
  "time": 1616418610465
}