{
  "code": 200,
  "result": [
    -0.1452562293389667,
    2.14372743,
    0,
    0.00037091,
    2.14372743,
    2.14061338,
    122817.45217527967,
    "BTC-PERPETUAL",
    null,
    -17840,
    -0.310921646,
    57446.33,
    0.000370909,
    -307044,
    184226
  ],
  "time": 1616407029163
}