{
  "code": 200,
  "result": [
    -0.14678958672685322,
    2.14799203,
    0,
    0.00457407,
    2.14799203,
    2.14483581,
    121534.5066213502,
    "BTC-PERPETUAL",
    null,
    -17840,
    -0.315124807,
    57446.33,
    0.00457407,
    -303837,
    182301
  ],
  "time": 1616438888907
}