{
  "code": 200,
  "result": [
    -0.1512445115795458,
    2.15931972,
    0,
    0.01590076,
    2.15931972,
    2.15604988,
    117954.69345422958,
    "BTC-PERPETUAL",
    null,
    -17840,
    -0.326451501,
    57446.33,
    0.015900764,
    -294887,
    176932
  ],
  "time": 1616446628705
}