{
  "code": 200,
  "result": [
    -0.14522386368508472,
    2.14396954,
    0,
    0.00063101,
    2.14396954,
    2.14085288,
    122844.82417218779,
    "BTC-PERPETUAL",
    null,
    -17840,
    -0.311181751,
    57446.33,
    0.000631014,
    -307113,
    184267
  ],
  "time": 1616402709852
}