{
  "code": 200,
  "result": [
    -0.1438606282144037,
    2.14045294,
    0,
    -0.00292502,
    2.14045294,
    2.13737195,
    124008.91210771046,
    "BTC-PERPETUAL",
    null,
    -17840,
    -0.307625721,
    57446.33,
    -0.002925016,
    -310023,
    186013
  ],
  "time": 1616410811613
}