{
  "code": 200,
  "result": [
    -0.14829343159110508,
    2.15172354,
    0,
    0.00830556,
    2.15172354,
    2.14852989,
    120302.02422714775,
    "BTC-PERPETUAL",
    null,
    -17840,
    -0.319056851,
    57446.33,
    0.008506114,
    -300756,
    180453
  ],
  "time": 1616441890673
}