{
  "code": 200,
  "result": [
    -0.14636883516909488,
    2.14714368,
    0,
    0.00372582,
    2.14714368,
    2.14399598,
    121883.8694684566,
    "BTC-PERPETUAL",
    null,
    -17840,
    -0.314276559,
    57446.33,
    0.003725822,
    -304710,
    182825
  ],
  "time": 1616430789031
}