{
  "code": 200,
  "result": [
    -0.1433920817572086,
    2.13928764,
    0,
    -0.00408024,
    2.13928764,
    2.13621823,
    124414.12232376037,
    "BTC-PERPETUAL",
    null,
    -17840,
    -0.306470496,
    57446.33,
    -0.004080241,
    -311036,
    186621
  ],
  "time": 1616409070432
}