{
  "code": 200,
  "result": [
    -0.14365703603766142,
    2.13985727,
    0,
    -0.00351391,
    2.13985727,
    2.13678219,
    124184.65876828358,
    "BTC-PERPETUAL",
    null,
    -17840,
    -0.307036823,
    57446.33,
    -0.003513914,
    -310462,
    186276
  ],
  "time": 1616409729456
}