{
  "code": 200,
  "result": [
    -0.1454039297776674,
    2.14417051,
    0,
    0.00081714,
    2.14417051,
    2.14105198,
    122692.69494489308,
    "BTC-PERPETUAL",
    null,
    -17840,
    -0.311367877,
    57446.33,
    0.00081714,
    -306732,
    184039
  ],
  "time": 1616406249369
}