{
  "code": 200,
  "result": [
    -0.14614973465752912,
    2.14650657,
    0,
    0.00308871,
    2.14650657,
    2.14336526,
    122066.59178550172,
    "BTC-PERPETUAL",
    null,
    -17840,
    -0.313639448,
    57446.33,
    0.003088711,
    -305167,
    183099
  ],
  "time": 1616430370228
}