{
  "code": 200,
  "result": [
    -0.1462629541939056,
    2.14674468,
    0,
    0.00332682,
    2.14674468,
    2.14360098,
    121972.10222042233,
    "BTC-PERPETUAL",
    null,
    -17840,
    -0.313865464,
    57446.33,
    0.003314727,
    -304931,
    182958
  ],
  "time": 1616433788828
}