{
  "code": 200,
  "result": [
    -0.19863620853897676,
    2.15899984,
    0,
    0.01562793,
    2.15899984,
    2.15470208,
    117803.29564339429,
    "BTC-PERPETUAL",
    null,
    -23400,
    -0.428856312,
    56627.28,
    0.015627926,
    -294509,
    176704
  ],
  "time": 1616460248646
}