{
  "code": 200,
  "result": [
    -0.15172617418562717,
    2.16048613,
    0,
    0.01706307,
    2.16048613,
    2.15720463,
    117580.24016458697,
    "BTC-PERPETUAL",
    null,
    -17840,
    -0.327613804,
    57446.33,
    0.017063067,
    -293951,
    176370
  ],
  "time": 1616453648424
}