{
  "code": 200,
  "result": [
    -0.14542221809903255,
    2.14473429,
    0,
    0.00131644,
    2.14473429,
    2.14161075,
    122677.26509198861,
    "BTC-PERPETUAL",
    null,
    -17840,
    -0.311867175,
    57446.33,
    0.001316438,
    -306694,
    184015
  ],
  "time": 1616427671373
}