{
  "code": 200,
  "result": [
    -0.1532575857358259,
    2.16428681,
    0,
    0.02086402,
    2.16428681,
    2.16096718,
    116405.33102714585,
    "BTC-PERPETUAL",
    null,
    -17840,
    -0.331414756,
    57446.33,
    0.020864019,
    -291014,
    174607
  ],
  "time": 1616450588403
}