{
  "code": 200,
  "result": [
    -0.1505736722437289,
    2.15754036,
    0,
    0.01412104,
    2.15754036,
    2.15428837,
    118480.20795509955,
    "BTC-PERPETUAL",
    null,
    -17840,
    -0.324671779,
    57446.33,
    0.014121042,
    -296201,
    177720
  ],
  "time": 1616447528960
}