{
  "code": 200,
  "result": [
    -0.14558409239748518,
    2.14508256,
    0,
    0.00166471,
    2.14508256,
    2.14195553,
    122540.860791932,
    "BTC-PERPETUAL",
    null,
    -17840,
    -0.312215447,
    57446.33,
    0.00166471,
    -306353,
    183811
  ],
  "time": 1616427431239
}