{
  "code": 200,
  "result": [
    -0.14504617155673713,
    2.14353297,
    0,
    0.000195,
    2.14353297,
    2.14042068,
    122995.31803237977,
    "BTC-PERPETUAL",
    null,
    -17840,
    -0.310745741,
    57446.33,
    0.000195004,
    -307489,
    184492
  ],
  "time": 1616402411510
}