{
  "code": 200,
  "result": [
    -0.14453160415975363,
    2.14199099,
    0,
    -0.00134284,
    2.14199099,
    2.13889413,
    123433.21105244978,
    "BTC-PERPETUAL",
    null,
    -17840,
    -0.309161384,
    57446.33,
    -0.001389353,
    -308584,
    185149
  ],
  "time": 1616401210997
}