{
  "code": 200,
  "result": [
    -0.1513808889375922,
    2.15979032,
    0,
    0.01636989,
    2.15979032,
    2.15651577,
    117848.42938367646,
    "BTC-PERPETUAL",
    null,
    -17840,
    -0.326920631,
    57446.33,
    0.016369894,
    -294622,
    176772
  ],
  "time": 1616449270088
}