{
  "code": 200,
  "result": [
    -0.14539159516020195,
    2.14412549,
    0,
    0.00077188,
    2.14412549,
    2.14100742,
    122703.10385096693,
    "BTC-PERPETUAL",
    null,
    -17840,
    -0.311322615,
    57446.33,
    0.000771878,
    -306758,
    184054
  ],
  "time": 1616406310351
}