{
  "code": 200,
  "result": [
    -0.19780281402387595,
    2.15637452,
    0,
    0.0130026,
    2.15637452,
    2.15210313,
    118299.6314560797,
    "BTC-PERPETUAL",
    null,
    -23400,
    -0.426196592,
    56627.28,
    0.012968206,
    -295750,
    177449
  ],
  "time": 1616463009875
}