{
  "code": 200,
  "result": [
    -0.1509605768402407,
    2.15829555,
    0,
    0.01487414,
    2.15829555,
    2.155036,
    118176.54896006262,
    "BTC-PERPETUAL",
    null,
    -17840,
    -0.325424876,
    57446.33,
    0.014874139,
    -295442,
    177264
  ],
  "time": 1616449628670
}