{
  "code": 200,
  "result": [
    -0.1432422169883601,
    2.13880296,
    0,
    -0.00456185,
    2.13880296,
    2.13573839,
    124544.2885141165,
    "BTC-PERPETUAL",
    null,
    -17840,
    -0.305988892,
    57446.33,
    -0.004561845,
    -311361,
    186816
  ],
  "time": 1616408349138
}