{
  "code": 200,
  "result": [
    -0.19890712330800028,
    2.1594691,
    0,
    0.01609719,
    2.1594691,
    2.15516663,
    117642.84561979196,
    "BTC-PERPETUAL",
    null,
    -23400,
    -0.429325579,
    56627.28,
    0.016097193,
    -294108,
    176464
  ],
  "time": 1616458387923
}