{
  "code": 200,
  "result": [
    -0.14821322654940325,
    2.15178758,
    0,
    0.00836963,
    2.15178758,
    2.14859329,
    120367.12522450533,
    "BTC-PERPETUAL",
    null,
    -17840,
    -0.318920362,
    57446.33,
    0.008369625,
    -300918,
    180550
  ],
  "time": 1616440928812
}