{
  "code": 200,
  "result": [
    -0.14531008278215315,
    2.1441498,
    0,
    0.00073537,
    2.1441498,
    2.14103209,
    122771.93473728508,
    "BTC-PERPETUAL",
    null,
    -17840,
    -0.311286111,
    57446.33,
    0.000735374,
    -306930,
    184157
  ],
  "time": 1616419271352
}