{
  "code": 200,
  "result": [
    -0.19700832637692964,
    2.1544496,
    0,
    0.01107768,
    2.1544496,
    2.15019754,
    118776.70568719791,
    "BTC-PERPETUAL",
    null,
    -23400,
    -0.424306065,
    56627.28,
    0.011077679,
    -296942,
    178165
  ],
  "time": 1616463848344
}