{
  "code": 200,
  "result": [
    -0.19738319316299865,
    2.15569519,
    0,
    0.01232326,
    2.15569519,
    2.15143062,
    118551.12699831705,
    "BTC-PERPETUAL",
    null,
    -23400,
    -0.425551649,
    56627.28,
    0.012323263,
    -296378,
    177826
  ],
  "time": 1616466429442
}