{
  "code": 200,
  "result": [
    -0.14545347784757892,
    2.14469383,
    0,
    0.00127648,
    2.14469383,
    2.14157069,
    122650.90023281935,
    "BTC-PERPETUAL",
    null,
    -17840,
    -0.311827218,
    57446.33,
    0.001276481,
    -306628,
    183976
  ],
  "time": 1616422449324
}