{
  "code": 200,
  "result": [
    -0.14700906606063724,
    2.14873858,
    0,
    0.00532072,
    2.14873858,
    2.14557488,
    121353.05990340408,
    "BTC-PERPETUAL",
    null,
    -17840,
    -0.315871461,
    57446.33,
    0.005320724,
    -303383,
    182029
  ],
  "time": 1616430912116
}