{
  "code": 200,
  "result": [
    -0.14559767428649265,
    2.14515958,
    0,
    0.00174172,
    2.14515958,
    2.14203178,
    122529.42972767696,
    "BTC-PERPETUAL",
    null,
    -17840,
    -0.312292454,
    57446.33,
    0.001741717,
    -306324,
    183794
  ],
  "time": 1616435888973
}