{
  "code": 200,
  "result": [
    -0.1456662982795299,
    2.14512639,
    0,
    0.00170854,
    2.14512639,
    2.14199892,
    122471.70560870228,
    "BTC-PERPETUAL",
    null,
    -17840,
    -0.312259275,
    57446.33,
    0.001708538,
    -306180,
    183707
  ],
  "time": 1616425389853
}