{
  "code": 200,
  "result": [
    -0.15152810043176462,
    2.15999821,
    0,
    0.01657515,
    2.15999821,
    2.15672161,
    117733.93812214799,
    "BTC-PERPETUAL",
    null,
    -17840,
    -0.327125887,
    57446.33,
    0.01657515,
    -294335,
    176600
  ],
  "time": 1616456408703
}