{
  "code": 200,
  "result": [
    -0.14580166682511517,
    2.14574463,
    0,
    0.00232677,
    2.14574463,
    2.14261096,
    122357.99760368005,
    "BTC-PERPETUAL",
    null,
    -17840,
    -0.312877505,
    57446.33,
    0.002326768,
    -305895,
    183536
  ],
  "time": 1616437088945
}