{
  "code": 200,
  "result": [
    -0.1486710692243381,
    2.15288955,
    0,
    0.00947096,
    2.15288955,
    2.14968421,
    119996.44647123796,
    "BTC-PERPETUAL",
    null,
    -17840,
    -0.320021698,
    57446.33,
    0.009470961,
    -299992,
    179994
  ],
  "time": 1616444828170
}