{
  "code": 200,
  "result": [
    -0.15196107955694693,
    2.16128339,
    0,
    0.01786042,
    2.16128339,
    2.15799388,
    117398.48158498056,
    "BTC-PERPETUAL",
    null,
    -17840,
    -0.328411155,
    57446.33,
    0.017860418,
    -293497,
    176097
  ],
  "time": 1616450469943
}