{
  "code": 200,
  "result": [
    -0.198385554239741,
    2.15818298,
    0,
    0.01481105,
    2.15818298,
    2.15389342,
    117952.13663451542,
    "BTC-PERPETUAL",
    null,
    -23400,
    -0.428039437,
    56627.28,
    0.014811051,
    -294881,
    176928
  ],
  "time": 1616468228716
}