{
  "code": 200,
  "result": [
    -0.14561476409059979,
    2.14497251,
    0,
    0.00155503,
    2.14497251,
    2.14184658,
    122515.04929060739,
    "BTC-PERPETUAL",
    null,
    -17840,
    -0.312105767,
    57446.33,
    0.00155503,
    -306288,
    183772
  ],
  "time": 1616424310147
}