{
  "code": 200,
  "result": [
    -0.198619509008641,
    2.15880948,
    0,
    0.01543757,
    2.15880948,
    2.15451364,
    117813.20030844491,
    "BTC-PERPETUAL",
    null,
    -23400,
    -0.428665955,
    56627.28,
    0.015437569,
    -294534,
    176719
  ],
  "time": 1616459469389
}