{
  "code": 200,
  "result": [
    -0.14832538570298773,
    2.15205596,
    0,
    0.00863798,
    2.15205596,
    2.14885898,
    120276.10725869595,
    "BTC-PERPETUAL",
    null,
    -17840,
    -0.319188717,
    57446.33,
    0.00863798,
    -300691,
    180414
  ],
  "time": 1616442248573
}