{
  "code": 200,
  "result": [
    -0.19833952785106854,
    2.15803918,
    0,
    0.01466727,
    2.15803918,
    2.15375107,
    117979.50843954242,
    "BTC-PERPETUAL",
    null,
    -23400,
    -0.427895651,
    56627.28,
    0.014667265,
    -294949,
    176969
  ],
  "time": 1616458809026
}