{
  "code": 200,
  "result": [
    -0.1984769266058738,
    2.15847546,
    0,
    0.01510354,
    2.15847546,
    2.15418297,
    117897.83528070558,
    "BTC-PERPETUAL",
    null,
    -23400,
    -0.428331924,
    56627.28,
    0.015103538,
    -294745,
    176846
  ],
  "time": 1616469488924
}