{
  "code": 200,
  "result": [
    -0.14495733461414823,
    2.14337253,
    0,
    -3.335e-05,
    2.14337253,
    2.14026254,
    123070.69557733693,
    "BTC-PERPETUAL",
    null,
    -17840,
    -0.310517384,
    57446.33,
    -3.3353e-05,
    -307677,
    184606
  ],
  "time": 1616415969831
}