{
  "code": 200,
  "result": [
    -0.19782513703367285,
    2.15661549,
    0,
    0.01324357,
    2.15661549,
    2.15234168,
    118286.28227370803,
    "BTC-PERPETUAL",
    null,
    -23400,
    -0.426471952,
    56627.28,
    0.013243566,
    -295716,
    177429
  ],
  "time": 1616466009501
}