{
  "code": 200,
  "result": [
    -0.14371846954230347,
    2.14027391,
    0,
    -0.00310479,
    2.14027391,
    2.13719472,
    124131.5751330681,
    "BTC-PERPETUAL",
    null,
    -17840,
    -0.307445948,
    57446.33,
    -0.003104789,
    -310329,
    186197
  ],
  "time": 1616410929089
}