{
  "code": 200,
  "result": [
    -0.19880508059335777,
    2.15945587,
    0,
    0.01608396,
    2.15945587,
    2.15515353,
    117703.22936496328,
    "BTC-PERPETUAL",
    null,
    -23400,
    -0.429312346,
    56627.28,
    0.01608396,
    -294259,
    176554
  ],
  "time": 1616459108582
}