{
  "code": 200,
  "result": [
    -0.19851945548984423,
    2.15866325,
    0,
    0.01529132,
    2.15866325,
    2.15436887,
    117872.577991214,
    "BTC-PERPETUAL",
    null,
    -23400,
    -0.428519708,
    56627.28,
    0.015291322,
    -294682,
    176808
  ],
  "time": 1616468769623
}