{
  "code": 200,
  "result": [
    -0.19836479563773954,
    2.15819715,
    0,
    0.01482522,
    2.15819715,
    2.15390745,
    117964.48016276975,
    "BTC-PERPETUAL",
    null,
    -23400,
    -0.428053609,
    56627.28,
    0.014825223,
    -294912,
    176946
  ],
  "time": 1616471828335
}