{
  "code": 200,
  "result": [
    -0.19840156384681182,
    2.15821735,
    0,
    0.01484543,
    2.15821735,
    2.15392745,
    117942.61872888973,
    "BTC-PERPETUAL",
    null,
    -23400,
    -0.428073812,
    56627.28,
    0.014845426,
    -294857,
    176913
  ],
  "time": 1616461269191
}