{
  "code": 200,
  "result": [
    -0.14694071574292225,
    2.14826096,
    0,
    0.0048431,
    2.14826096,
    2.14510205,
    121409.50797607168,
    "BTC-PERPETUAL",
    null,
    -17840,
    -0.315393836,
    57446.33,
    0.004843099,
    -303524,
    182114
  ],
  "time": 1616430849870
}