{
  "code": 200,
  "result": [
    -0.1510890067176082,
    2.15881739,
    0,
    0.01539844,
    2.15881739,
    2.15555259,
    118076.09559141335,
    "BTC-PERPETUAL",
    null,
    -17840,
    -0.325949172,
    57446.33,
    0.015398435,
    -295191,
    177114
  ],
  "time": 1616446989072
}