{
  "code": 200,
  "result": [
    -0.1508639026050671,
    2.15831607,
    0,
    0.01489711,
    2.15831607,
    2.1550563,
    118252.27699896981,
    "BTC-PERPETUAL",
    null,
    -17840,
    -0.325447851,
    57446.33,
    0.014897114,
    -295631,
    177378
  ],
  "time": 1616447048721
}