{
  "code": 200,
  "result": [
    -0.19829715220304164,
    2.15783397,
    0,
    0.01446205,
    2.15783397,
    2.15354792,
    118004.72039074029,
    "BTC-PERPETUAL",
    null,
    -23400,
    -0.427690433,
    56627.28,
    0.014462047,
    -295012,
    177007
  ],
  "time": 1616468048853
}