{
  "code": 200,
  "result": [
    -0.19835424061366833,
    2.15811416,
    0,
    0.01474224,
    2.15811416,
    2.1538253,
    117970.75740657262,
    "BTC-PERPETUAL",
    null,
    -23400,
    -0.427970624,
    56627.28,
    0.014742238,
    -294927,
    176956
  ],
  "time": 1616473269949
}