{
  "code": 200,
  "result": [
    -0.1516876834951975,
    2.16050611,
    0,
    0.01708304,
    2.16050611,
    2.1572244,
    117610.07610459568,
    "BTC-PERPETUAL",
    null,
    -17840,
    -0.327633779,
    57446.33,
    0.017083042,
    -294026,
    176415
  ],
  "time": 1616457128491
}