{
  "code": 200,
  "result": [
    -0.14537513863106108,
    2.14432722,
    0,
    0.00090988,
    2.14432722,
    2.14120777,
    122716.99389587567,
    "BTC-PERPETUAL",
    null,
    -17840,
    -0.311460616,
    57446.33,
    0.000909879,
    -306793,
    184075
  ],
  "time": 1616422088822
}