{
  "code": 200,
  "result": [
    -0.14429218477928107,
    2.14157666,
    0,
    -0.00182186,
    2.14157666,
    2.13848461,
    123638.01980882922,
    "BTC-PERPETUAL",
    null,
    -17840,
    -0.308728876,
    57446.33,
    -0.001821861,
    -309096,
    185457
  ],
  "time": 1616414289512
}