{
  "code": 200,
  "result": [
    -0.1986854131466301,
    2.15936729,
    0,
    0.01599537,
    2.15936729,
    2.15506585,
    117774.12155934551,
    "BTC-PERPETUAL",
    null,
    -23400,
    -0.429223754,
    56627.28,
    0.015995368,
    -294436,
    176661
  ],
  "time": 1616472548868
}