{
  "code": 200,
  "result": [
    -0.1515047641463992,
    2.1598388,
    0,
    0.01641573,
    2.1598388,
    2.15656379,
    117752.07268572222,
    "BTC-PERPETUAL",
    null,
    -17840,
    -0.326966468,
    57446.33,
    0.016415731,
    -294381,
    176628
  ],
  "time": 1616453888220
}