{
  "code": 200,
  "result": [
    -0.1986903972981866,
    2.15900897,
    0,
    0.01563704,
    2.15900897,
    2.15471112,
    117771.16719376335,
    "BTC-PERPETUAL",
    null,
    -23400,
    -0.428865429,
    56627.28,
    0.015637043,
    -294428,
    176656
  ],
  "time": 1616470269994
}