{
  "code": 200,
  "result": [
    -0.14819536772553404,
    2.15158933,
    0,
    0.00817135,
    2.15158933,
    2.14839703,
    120381.63050440727,
    "BTC-PERPETUAL",
    null,
    -17840,
    -0.318722082,
    57446.33,
    0.008171345,
    -300955,
    180572
  ],
  "time": 1616441950997
}