{
  "code": 200,
  "result": [
    -0.19951144486444256,
    2.16119176,
    0,
    0.01781983,
    2.16119176,
    2.15687199,
    117286.50462082041,
    "BTC-PERPETUAL",
    null,
    -23400,
    -0.431048219,
    56627.28,
    0.017819833,
    -293217,
    175929
  ],
  "time": 1616473810375
}