{
  "code": 200,
  "result": [
    -0.14548255539793128,
    2.14446748,
    0,
    0.00112144,
    2.14446748,
    2.1413459,
    122626.38603785262,
    "BTC-PERPETUAL",
    null,
    -17840,
    -0.311672175,
    57446.33,
    0.001121438,
    -306566,
    183939
  ],
  "time": 1616404510410
}