{
  "code": 200,
  "result": [
    -0.15080684970879157,
    2.15799423,
    0,
    0.01457209,
    2.15799423,
    2.15473771,
    118297.01392509085,
    "BTC-PERPETUAL",
    null,
    -17840,
    -0.325122828,
    57446.33,
    0.014572091,
    -295743,
    177445
  ],
  "time": 1616449869525
}