{
  "code": 200,
  "result": [
    -0.14638438644414475,
    2.14708351,
    0,
    0.00366565,
    2.14708351,
    2.14393641,
    121870.92102754505,
    "BTC-PERPETUAL",
    null,
    -17840,
    -0.314216389,
    57446.33,
    0.003665652,
    -304678,
    182806
  ],
  "time": 1616430610643
}