{
  "code": 200,
  "result": [
    -0.1443088241127162,
    2.14160981,
    0,
    -0.00178831,
    2.14160981,
    2.13851742,
    123623.76389447674,
    "BTC-PERPETUAL",
    null,
    -17840,
    -0.308762432,
    57446.33,
    -0.001788305,
    -309060,
    185435
  ],
  "time": 1616414228526
}