{
  "code": 200,
  "result": [
    -0.14578266758492917,
    2.14562689,
    0,
    0.00220955,
    2.14562689,
    2.1424944,
    122373.94400542768,
    "BTC-PERPETUAL",
    null,
    -17840,
    -0.312760287,
    57446.33,
    0.00220955,
    -305935,
    183560
  ],
  "time": 1616422929008
}