{
  "code": 200,
  "result": [
    -0.19705135732685636,
    2.15495014,
    0,
    0.01157821,
    2.15495014,
    2.15069305,
    118750.76790861966,
    "BTC-PERPETUAL",
    null,
    -23400,
    -0.4248066,
    56627.28,
    0.011578214,
    -296877,
    178126
  ],
  "time": 1616464988867
}