{
  "code": 200,
  "result": [
    -0.1433794612265474,
    2.1391695,
    0,
    -0.00419865,
    2.1391695,
    2.13610128,
    124425.07348951341,
    "BTC-PERPETUAL",
    null,
    -17840,
    -0.306352083,
    57446.33,
    -0.004198654,
    -311063,
    186637
  ],
  "time": 1616409128856
}