{
  "code": 200,
  "result": [
    -0.19909938659030624,
    2.15991119,
    0,
    0.01653931,
    2.15991119,
    2.15560428,
    117529.24205713901,
    "BTC-PERPETUAL",
    null,
    -23400,
    -0.429767694,
    56627.28,
    0.016539308,
    -293824,
    176293
  ],
  "time": 1616458148007
}