{
  "code": 200,
  "result": [
    -0.19746702332347768,
    2.15571175,
    0,
    0.01233983,
    2.15571175,
    2.15144701,
    118500.79879751688,
    "BTC-PERPETUAL",
    null,
    -23400,
    -0.425568211,
    56627.28,
    0.012339825,
    -296252,
    177751
  ],
  "time": 1616466908856
}