{
  "code": 200,
  "result": [
    -0.15098513104307568,
    2.15868654,
    0,
    0.01526759,
    2.15868654,
    2.15542305,
    118157.33030632196,
    "BTC-PERPETUAL",
    null,
    -17840,
    -0.325818326,
    57446.33,
    0.015267589,
    -295394,
    177235
  ],
  "time": 1616446448942
}