{
  "code": 200,
  "result": [
    -0.19915747912372922,
    2.16033995,
    0,
    0.01696802,
    2.16033995,
    2.15602873,
    117494.95978236619,
    "BTC-PERPETUAL",
    null,
    -23400,
    -0.430196405,
    56627.28,
    0.016968019,
    -293738,
    176242
  ],
  "time": 1616475788494
}