{
  "code": 200,
  "result": [
    -0.20011032964153042,
    2.16249871,
    0,
    0.01912694,
    2.16249871,
    2.15816581,
    116935.4927450163,
    "BTC-PERPETUAL",
    null,
    -23400,
    -0.43235533,
    56627.28,
    0.019126944,
    -292339,
    175403
  ],
  "time": 1616457908766
}