{
  "code": 200,
  "result": [
    -0.14667406826074667,
    2.14772469,
    0,
    0.00430683,
    2.14772469,
    2.14457116,
    121630.2255166559,
    "BTC-PERPETUAL",
    null,
    -17840,
    -0.314943671,
    57446.33,
    0.004392934,
    -304076,
    182445
  ],
  "time": 1616433488807
}