{
  "code": 200,
  "result": [
    -0.14330484662936493,
    2.13889179,
    0,
    -0.00447333,
    2.13889179,
    2.13582633,
    124489.8579469563,
    "BTC-PERPETUAL",
    null,
    -17840,
    -0.306077404,
    57446.33,
    -0.004473333,
    -311225,
    186734
  ],
  "time": 1616408410440
}