{
  "code": 200,
  "result": [
    -0.15179323568466596,
    2.16082466,
    0,
    0.01740159,
    2.16082466,
    2.15753976,
    117528.2937973644,
    "BTC-PERPETUAL",
    null,
    -17840,
    -0.327952329,
    57446.33,
    0.017401592,
    -293821,
    176292
  ],
  "time": 1616455570133
}