{
  "code": 200,
  "result": [
    -0.19746281445213484,
    2.15574875,
    0,
    0.01237682,
    2.15574875,
    2.15148364,
    118503.32461290923,
    "BTC-PERPETUAL",
    null,
    -23400,
    -0.42560521,
    56627.28,
    0.012376824,
    -296259,
    177754
  ],
  "time": 1616466848528
}