{
  "code": 200,
  "result": [
    -0.15121911686102477,
    2.15928847,
    0,
    0.0158654,
    2.15928847,
    2.15601898,
    117974.50196985037,
    "BTC-PERPETUAL",
    null,
    -17840,
    -0.326416141,
    57446.33,
    0.015865404,
    -294937,
    176961
  ],
  "time": 1616456949437
}