{
  "code": 200,
  "result": [
    -0.14587450954084114,
    2.1460233,
    0,
    0.00260544,
    2.1460233,
    2.14288683,
    122296.89790323,
    "BTC-PERPETUAL",
    null,
    -17840,
    -0.313156175,
    57446.33,
    0.002605438,
    -305743,
    183445
  ],
  "time": 1616436912318
}