{
  "code": 200,
  "result": [
    -0.1507039838771386,
    2.1577221,
    0,
    0.01430278,
    2.1577221,
    2.15446828,
    118377.75977139435,
    "BTC-PERPETUAL",
    null,
    -17840,
    -0.324853515,
    57446.33,
    0.014302778,
    -295945,
    177566
  ],
  "time": 1616447588149
}