{
  "code": 200,
  "result": [
    -0.14873431111753924,
    2.1531679,
    0,
    0.00974992,
    2.1531679,
    2.14995976,
    119945.42393047229,
    "BTC-PERPETUAL",
    null,
    -17840,
    -0.320300652,
    57446.33,
    0.009749915,
    -299864,
    179918
  ],
  "time": 1616441708964
}