{
  "code": 200,
  "result": [
    -0.1992071887374497,
    2.16035901,
    0,
    0.01698708,
    2.16035901,
    2.1560476,
    117465.64041341218,
    "BTC-PERPETUAL",
    null,
    -23400,
    -0.430215466,
    56627.28,
    0.01698708,
    -293665,
    176198
  ],
  "time": 1616475728897
}