{
  "code": 200,
  "result": [
    -0.15220047405790055,
    2.16194649,
    0,
    0.01852339,
    2.16194649,
    2.15865034,
    117213.8267664873,
    "BTC-PERPETUAL",
    null,
    -17840,
    -0.329074123,
    57446.33,
    0.018523386,
    -293035,
    175820
  ],
  "time": 1616457669339
}