{
  "code": 200,
  "result": [
    -0.14858722195775256,
    2.15261274,
    0,
    0.00919416,
    2.15261274,
    2.14941018,
    120064.16005995727,
    "BTC-PERPETUAL",
    null,
    -17840,
    -0.319744892,
    57446.33,
    0.009194155,
    -300161,
    180096
  ],
  "time": 1616445188150
}