{
  "code": 200,
  "result": [
    -0.14424608885768117,
    2.14137375,
    0,
    -0.00201808,
    2.14137375,
    2.13828366,
    123677.53012424234,
    "BTC-PERPETUAL",
    null,
    -17840,
    -0.308515477,
    57446.33,
    -0.00203526,
    -309194,
    185516
  ],
  "time": 1616413149063
}