{
  "code": 200,
  "result": [
    -0.14554468696922782,
    2.14479343,
    0,
    0.00138117,
    2.14479343,
    2.14166924,
    122574.03806002118,
    "BTC-PERPETUAL",
    null,
    -17840,
    -0.311931902,
    57446.33,
    0.001381165,
    -306436,
    183861
  ],
  "time": 1616418428592
}