{
  "code": 200,
  "result": [
    -0.19787868475321463,
    2.15660492,
    0,
    0.013233,
    2.15660492,
    2.15233121,
    118254.27296115004,
    "BTC-PERPETUAL",
    null,
    -23400,
    -0.426461382,
    56627.28,
    0.013232996,
    -295636,
    177381
  ],
  "time": 1616462828399
}