{
  "code": 200,
  "result": [
    -0.1507235270903985,
    2.15797381,
    0,
    0.01455485,
    2.15797381,
    2.15471747,
    118362.4105963246,
    "BTC-PERPETUAL",
    null,
    -17840,
    -0.325105586,
    57446.33,
    0.014554849,
    -295907,
    177543
  ],
  "time": 1616447109476
}