{
  "code": 200,
  "result": [
    -0.1513379429321348,
    2.15951166,
    0,
    0.01609191,
    2.15951166,
    2.1562399,
    117881.87188456816,
    "BTC-PERPETUAL",
    null,
    -17840,
    -0.326642652,
    57446.33,
    0.016091915,
    -294705,
    176822
  ],
  "time": 1616448848777
}