{
  "code": 200,
  "result": [
    -0.15150346281637433,
    2.15980824,
    0,
    0.01638517,
    2.15980824,
    2.15653353,
    117753.08411017964,
    "BTC-PERPETUAL",
    null,
    -17840,
    -0.327048706,
    57446.33,
    0.016497969,
    -294383,
    176629
  ],
  "time": 1616456769472
}