{
  "code": 200,
  "result": [
    -0.1984946435804257,
    2.15848432,
    0,
    0.0151124,
    2.15848432,
    2.15419174,
    117887.31211035843,
    "BTC-PERPETUAL",
    null,
    -23400,
    -0.428340784,
    56627.28,
    0.015112398,
    -294719,
    176830
  ],
  "time": 1616469909058
}