{
  "code": 200,
  "result": [
    -0.14542051208859846,
    2.14459789,
    0,
    0.00118004,
    2.14459789,
    2.14147572,
    122678.70428850406,
    "BTC-PERPETUAL",
    null,
    -17840,
    -0.311730775,
    57446.33,
    0.001180038,
    -306697,
    184018
  ],
  "time": 1616427850376
}