{
  "code": 200,
  "result": [
    -0.14518204043427646,
    2.14392163,
    0,
    0.00058282,
    2.14392163,
    2.14080546,
    122880.21263949739,
    "BTC-PERPETUAL",
    null,
    -17840,
    -0.311133559,
    57446.33,
    0.000582822,
    -307201,
    184320
  ],
  "time": 1616402829400
}