{
  "code": 200,
  "result": [
    -0.14556875669773608,
    2.14471413,
    0,
    0.00137129,
    2.14471413,
    2.14159005,
    122553.77049790692,
    "BTC-PERPETUAL",
    null,
    -17840,
    -0.311922031,
    57446.33,
    0.001371294,
    -306385,
    183830
  ],
  "time": 1616403729329
}