{
  "code": 200,
  "result": [
    -0.14881714031334592,
    2.15325496,
    0,
    0.00983683,
    2.15325496,
    2.15004595,
    119878.6642616335,
    "BTC-PERPETUAL",
    null,
    -17840,
    -0.320387568,
    57446.33,
    0.009836831,
    -299697,
    179817
  ],
  "time": 1616443928478
}