{
  "code": 200,
  "result": [
    -0.1986825421676113,
    2.15912541,
    0,
    0.01575348,
    2.15912541,
    2.15482639,
    117775.8234050551,
    "BTC-PERPETUAL",
    null,
    -23400,
    -0.428981868,
    56627.28,
    0.015753482,
    -294440,
    176663
  ],
  "time": 1616468888618
}