{
  "code": 200,
  "result": [
    -0.1458067143689875,
    2.14571396,
    0,
    0.0022961,
    2.14571396,
    2.14258059,
    122353.76180861595,
    "BTC-PERPETUAL",
    null,
    -17840,
    -0.312846834,
    57446.33,
    0.002296097,
    -305885,
    183530
  ],
  "time": 1616436610049
}