{
  "code": 200,
  "result": [
    -0.1513777043462067,
    2.15971098,
    0,
    0.0162903,
    2.15971098,
    2.15643723,
    117850.90860672074,
    "BTC-PERPETUAL",
    null,
    -17840,
    -0.326841032,
    57446.33,
    0.016290295,
    -294628,
    176776
  ],
  "time": 1616449449109
}