{
  "code": 200,
  "result": [
    -0.14669499417181464,
    2.15193417,
    0,
    0.00851621,
    2.15193417,
    2.14873841,
    121612.87507264991,
    "BTC-PERPETUAL",
    null,
    -17840,
    -0.319066951,
    57446.33,
    0.008516214,
    -304033,
    182419
  ],
  "time": 1616440509609
}