{
  "code": 200,
  "result": [
    -0.14544611148005798,
    2.14463586,
    0,
    0.00121801,
    2.14463586,
    2.14151331,
    122657.11209780972,
    "BTC-PERPETUAL",
    null,
    -17840,
    -0.311768746,
    57446.33,
    0.001218009,
    -306643,
    183985
  ],
  "time": 1616427730276
}