{
  "code": 200,
  "result": [
    -0.14578086774967175,
    2.14556541,
    0,
    0.00214755,
    2.14556541,
    2.14243354,
    122375.45485484443,
    "BTC-PERPETUAL",
    null,
    -17840,
    -0.312698285,
    57446.33,
    0.002147548,
    -305939,
    183563
  ],
  "time": 1616436489111
}