{
  "code": 200,
  "result": [
    -0.14468304133103357,
    2.14250604,
    0,
    -0.00082384,
    2.14250604,
    2.13940398,
    123304.01570134424,
    "BTC-PERPETUAL",
    null,
    -17840,
    -0.309714264,
    57446.33,
    -0.000836473,
    -308261,
    184956
  ],
  "time": 1616400370778
}