{
  "code": 200,
  "result": [
    -0.14854011706769302,
    2.15257306,
    0,
    0.00915508,
    2.15257306,
    2.14937089,
    120102.23468364385,
    "BTC-PERPETUAL",
    null,
    -17840,
    -0.319705813,
    57446.33,
    0.009155076,
    -300256,
    180153
  ],
  "time": 1616441648065
}