{
  "code": 200,
  "result": [
    -0.19698493273120748,
    2.15461916,
    0,
    0.01124724,
    2.15461916,
    2.1503654,
    118790.81143698478,
    "BTC-PERPETUAL",
    null,
    -23400,
    -0.424475627,
    56627.28,
    0.011247241,
    -296978,
    178186
  ],
  "time": 1616464870041
}