{
  "code": 200,
  "result": [
    -0.14458597138832555,
    2.14218978,
    0,
    -0.00113964,
    2.14218978,
    2.13909089,
    123386.79768651797,
    "BTC-PERPETUAL",
    null,
    -17840,
    -0.309411092,
    57446.33,
    -0.001139645,
    -308467,
    185080
  ],
  "time": 1616400250432
}