{
  "code": 200,
  "result": [
    -0.19830015634502915,
    2.15829748,
    0,
    0.01492555,
    2.15829748,
    2.15400677,
    118002.93268193671,
    "BTC-PERPETUAL",
    null,
    -23400,
    -0.428153939,
    56627.28,
    0.014925553,
    -295008,
    177004
  ],
  "time": 1616462470047
}