{
  "code": 200,
  "result": [
    -0.1480995143276165,
    2.15130194,
    0,
    0.00788337,
    2.15130194,
    2.14811253,
    120459.54425303155,
    "BTC-PERPETUAL",
    null,
    -17840,
    -0.318434104,
    57446.33,
    0.007883367,
    -301149,
    180689
  ],
  "time": 1616444229402
}