{
  "code": 200,
  "result": [
    -0.1985832464848936,
    2.15889046,
    0,
    0.01551855,
    2.15889046,
    2.1545938,
    117834.71372435267,
    "BTC-PERPETUAL",
    null,
    -23400,
    -0.428746932,
    56627.28,
    0.015518546,
    -294587,
    176752
  ],
  "time": 1616459410252
}