{
  "code": 200,
  "result": [
    -0.1442139812809269,
    2.14119464,
    0,
    -0.00219859,
    2.14119464,
    2.13810637,
    123705.06549741469,
    "BTC-PERPETUAL",
    null,
    -17840,
    -0.308352143,
    57446.33,
    -0.002198594,
    -309263,
    185557
  ],
  "time": 1616413388709
}