{
  "code": 200,
  "result": [
    -0.14567188630463657,
    2.14542078,
    0,
    0.00200292,
    2.14542078,
    2.14229036,
    122467.00755073682,
    "BTC-PERPETUAL",
    null,
    -17840,
    -0.312553654,
    57446.33,
    0.002002917,
    -306168,
    183700
  ],
  "time": 1616435109391
}