{
  "code": 200,
  "result": [
    -0.1511606435495266,
    2.15898585,
    0,
    0.01556312,
    2.15898585,
    2.1557194,
    118020.13792138205,
    "BTC-PERPETUAL",
    null,
    -17840,
    -0.32611386,
    57446.33,
    0.015563123,
    -295051,
    177030
  ],
  "time": 1616450169280
}