{
  "code": 200,
  "result": [
    -0.14579711043036167,
    2.14562345,
    0,
    0.0022056,
    2.14562345,
    2.142491,
    122361.82148836943,
    "BTC-PERPETUAL",
    null,
    -17840,
    -0.312756339,
    57446.33,
    0.002205602,
    -305905,
    183542
  ],
  "time": 1616425810224
}