{
  "code": 200,
  "result": [
    -0.14825707762100443,
    2.15155834,
    0,
    0.00814026,
    2.15155834,
    2.14836635,
    120331.52336649393,
    "BTC-PERPETUAL",
    null,
    -17840,
    -0.318690995,
    57446.33,
    0.008140258,
    -300829,
    180497
  ],
  "time": 1616443628616
}