{
  "code": 200,
  "result": [
    -0.14820660183534975,
    2.1516712,
    0,
    0.00825325,
    2.1516712,
    2.14847808,
    120372.50553669238,
    "BTC-PERPETUAL",
    null,
    -17840,
    -0.318803985,
    57446.33,
    0.008253248,
    -300932,
    180558
  ],
  "time": 1616440870308
}