{
  "code": 200,
  "result": [
    -0.1485353668201049,
    2.15252746,
    0,
    0.00910948,
    2.15252746,
    2.14932575,
    120106.07562309719,
    "BTC-PERPETUAL",
    null,
    -17840,
    -0.319660214,
    57446.33,
    0.009109477,
    -300266,
    180159
  ],
  "time": 1616441528593
}