{
  "code": 200,
  "result": [
    -0.14370624950824398,
    2.14014893,
    0,
    -0.00322872,
    2.14014893,
    2.13707099,
    124142.13063835178,
    "BTC-PERPETUAL",
    null,
    -17840,
    -0.307322016,
    57446.33,
    -0.003228721,
    -310356,
    186213
  ],
  "time": 1616410748941
}