{
  "code": 200,
  "result": [
    -0.14447223632169653,
    2.14179328,
    0,
    -0.00153972,
    2.14179328,
    2.1386984,
    123483.93334395162,
    "BTC-PERPETUAL",
    null,
    -17840,
    -0.309011014,
    57446.33,
    -0.001539723,
    -308710,
    185225
  ],
  "time": 1616401029381
}