{
  "code": 200,
  "result": [
    -0.1454292229841432,
    2.14450903,
    0,
    0.00109133,
    2.14450903,
    2.14138776,
    122671.35609976527,
    "BTC-PERPETUAL",
    null,
    -17840,
    -0.311642067,
    57446.33,
    0.00109133,
    -306679,
    184007
  ],
  "time": 1616424489058
}