{
  "code": 200,
  "result": [
    -0.14865095434701142,
    2.15300377,
    0,
    0.00958582,
    2.15300377,
    2.14979728,
    120012.68393039865,
    "BTC-PERPETUAL",
    null,
    -17840,
    -0.320136553,
    57446.33,
    0.009585816,
    -300032,
    180019
  ],
  "time": 1616440988821
}