{
  "code": 200,
  "result": [
    -0.14832663674252586,
    2.15205842,
    0,
    0.00864044,
    2.15205842,
    2.14886141,
    120275.09280728671,
    "BTC-PERPETUAL",
    null,
    -17840,
    -0.319191172,
    57446.33,
    0.008640435,
    -300688,
    180412
  ],
  "time": 1616442129547
}