{
  "code": 200,
  "result": [
    -0.19860898073266986,
    2.15892535,
    0,
    0.01555343,
    2.15892535,
    2.15462834,
    117819.44559444011,
    "BTC-PERPETUAL",
    null,
    -23400,
    -0.428781814,
    56627.28,
    0.015553428,
    -294549,
    176729
  ],
  "time": 1616468288793
}