{
  "code": 200,
  "result": [
    -0.14672411693632142,
    2.15150704,
    0,
    0.00808908,
    2.15150704,
    2.14831556,
    121588.73655203253,
    "BTC-PERPETUAL",
    null,
    -17840,
    -0.318639822,
    57446.33,
    0.008089085,
    -303972,
    182383
  ],
  "time": 1616440148793
}