{
  "code": 200,
  "result": [
    -0.14428800781537302,
    2.1413124,
    0,
    -0.00204935,
    2.1413124,
    2.13822262,
    123641.59898047506,
    "BTC-PERPETUAL",
    null,
    -17840,
    -0.308501392,
    57446.33,
    -0.002049345,
    -309104,
    185462
  ],
  "time": 1616407809853
}