{
  "code": 200,
  "result": [
    -0.14429915315472433,
    2.14160322,
    0,
    -0.00179317,
    2.14160322,
    2.13851088,
    123632.04918376141,
    "BTC-PERPETUAL",
    null,
    -17840,
    -0.308757569,
    57446.33,
    -0.001793168,
    -309081,
    185448
  ],
  "time": 1616413928829
}