{
  "code": 200,
  "result": [
    -0.14580846116506826,
    2.14566007,
    0,
    0.00224218,
    2.14566007,
    2.14252724,
    122352.29600155728,
    "BTC-PERPETUAL",
    null,
    -17840,
    -0.312792915,
    57446.33,
    0.002242178,
    -305881,
    183528
  ],
  "time": 1616437388588
}