{
  "code": 200,
  "result": [
    -0.14415754967226982,
    2.14107856,
    0,
    -0.00231261,
    2.14107856,
    2.13799142,
    123753.4908199935,
    "BTC-PERPETUAL",
    null,
    -17840,
    -0.308238131,
    57446.33,
    -0.002312606,
    -309384,
    185630
  ],
  "time": 1616413028589
}