{
  "code": 200,
  "result": [
    -0.15186323642780925,
    2.16099765,
    0,
    0.01757459,
    2.16099765,
    2.15771102,
    117474.11960682496,
    "BTC-PERPETUAL",
    null,
    -17840,
    -0.328125325,
    57446.33,
    0.017574588,
    -293686,
    176211
  ],
  "time": 1616456169692
}