{
  "code": 200,
  "result": [
    -0.1442129941179544,
    2.14125076,
    0,
    -0.00214289,
    2.14125076,
    2.13816193,
    123705.91228005668,
    "BTC-PERPETUAL",
    null,
    -17840,
    -0.308407848,
    57446.33,
    -0.002142889,
    -309265,
    185558
  ],
  "time": 1616413448807
}