{
  "code": 200,
  "result": [
    -0.1513259472791024,
    2.15967025,
    0,
    0.01624719,
    2.15967025,
    2.15639693,
    117891.21641575637,
    "BTC-PERPETUAL",
    null,
    -17840,
    -0.326797924,
    57446.33,
    0.016247187,
    -294729,
    176836
  ],
  "time": 1616455088550
}