{
  "code": 200,
  "result": [
    -0.15184104495498985,
    2.16082525,
    0,
    0.01740232,
    2.16082525,
    2.15754034,
    117491.28837521041,
    "BTC-PERPETUAL",
    null,
    -17840,
    -0.327953053,
    57446.33,
    0.017402316,
    -293729,
    176236
  ],
  "time": 1616452509517
}