{
  "code": 200,
  "result": [
    -0.14838945949400043,
    2.15216282,
    0,
    0.00874469,
    2.15216282,
    2.14896476,
    120224.17266585767,
    "BTC-PERPETUAL",
    null,
    -17840,
    -0.319295431,
    57446.33,
    0.008744694,
    -300561,
    180336
  ],
  "time": 1616443688837
}