{
  "code": 200,
  "result": [
    -0.14526694455656863,
    2.14402348,
    0,
    0.00060882,
    2.14402348,
    2.14090704,
    122808.39288288946,
    "BTC-PERPETUAL",
    null,
    -17840,
    -0.311159552,
    57446.33,
    0.000608815,
    -307021,
    184212
  ],
  "time": 1616419570395
}