{
  "code": 200,
  "result": [
    -0.19893317555178794,
    2.15983224,
    0,
    0.01646031,
    2.15983224,
    2.15552612,
    117627.43913927175,
    "BTC-PERPETUAL",
    null,
    -23400,
    -0.429688698,
    56627.28,
    0.016460312,
    -294069,
    176441
  ],
  "time": 1616470569732
}