{
  "code": 200,
  "result": [
    -0.14359292435762477,
    2.13986685,
    0,
    -0.00350023,
    2.13986685,
    2.13679163,
    124240.10500384169,
    "BTC-PERPETUAL",
    null,
    -17840,
    -0.30705051,
    57446.33,
    -0.003500227,
    -310601,
    186360
  ],
  "time": 1616408889995
}