{
  "code": 200,
  "result": [
    -0.1512902927014442,
    2.15936195,
    0,
    0.01593888,
    2.15936195,
    2.15609172,
    117918.99983434762,
    "BTC-PERPETUAL",
    null,
    -17840,
    -0.326489618,
    57446.33,
    0.015938881,
    -294798,
    176878
  ],
  "time": 1616455988376
}