{
  "code": 200,
  "result": [
    -0.19737201642528676,
    2.15564853,
    0,
    0.0122766,
    2.15564853,
    2.15138442,
    118557.84028460711,
    "BTC-PERPETUAL",
    null,
    -23400,
    -0.425504987,
    56627.28,
    0.012276601,
    -296395,
    177836
  ],
  "time": 1616465348911
}