{
  "code": 200,
  "result": [
    -0.19939872168199188,
    2.16106269,
    0,
    0.01769076,
    2.16106269,
    2.15674421,
    117352.80849653162,
    "BTC-PERPETUAL",
    null,
    -23400,
    -0.430919149,
    56627.28,
    0.017690763,
    -293383,
    176029
  ],
  "time": 1616473571398
}