{
  "code": 200,
  "result": [
    -0.198708053389321,
    2.15909128,
    0,
    0.01571935,
    2.15909128,
    2.1547926,
    117760.70270364577,
    "BTC-PERPETUAL",
    null,
    -23400,
    -0.42894774,
    56627.28,
    0.015719354,
    -294402,
    176641
  ],
  "time": 1616470808805
}