{
  "code": 200,
  "result": [
    -0.14455417381502614,
    2.1419178,
    0,
    -0.00141485,
    2.1419178,
    2.13882166,
    123413.93907330793,
    "BTC-PERPETUAL",
    null,
    -17840,
    -0.309193105,
    57446.33,
    -0.001357632,
    -308535,
    185120
  ],
  "time": 1616400970812
}