{
  "code": 200,
  "result": [
    -0.14551960538191408,
    2.14469795,
    0,
    0.00128231,
    2.14469795,
    2.14157475,
    122595.16477645181,
    "BTC-PERPETUAL",
    null,
    -17840,
    -0.31183305,
    57446.33,
    0.001282313,
    -306488,
    183892
  ],
  "time": 1616419988747
}