{
  "code": 200,
  "result": [
    -0.19872470116491583,
    2.15902563,
    0,
    0.01565371,
    2.15902563,
    2.15472761,
    117750.83752965879,
    "BTC-PERPETUAL",
    null,
    -23400,
    -0.428882093,
    56627.28,
    0.015653707,
    -294378,
    176626
  ],
  "time": 1616469129018
}