{
  "code": 200,
  "result": [
    -0.14831247110244444,
    2.15203438,
    0,
    0.00861639,
    2.15203438,
    2.14883761,
    120286.58053763602,
    "BTC-PERPETUAL",
    null,
    -17840,
    -0.319167131,
    57446.33,
    0.008616394,
    -300717,
    180429
  ],
  "time": 1616442188551
}