{
  "code": 200,
  "result": [
    -0.1484136965488982,
    2.15260913,
    0,
    0.00919117,
    2.15260913,
    2.1494066,
    120204.53916881059,
    "BTC-PERPETUAL",
    null,
    -17840,
    -0.319741912,
    57446.33,
    0.009191175,
    -300512,
    180306
  ],
  "time": 1616440691573
}