{
  "code": 200,
  "result": [
    -0.1457024936164656,
    2.14530516,
    0,
    0.00188731,
    2.14530516,
    2.1421759,
    122441.28125192178,
    "BTC-PERPETUAL",
    null,
    -17840,
    -0.312438047,
    57446.33,
    0.00188731,
    -306104,
    183661
  ],
  "time": 1616425510674
}