{
  "code": 200,
  "result": [
    -0.14847919890033112,
    2.15276806,
    0,
    0.00935011,
    2.15276806,
    2.14956394,
    120151.51032687997,
    "BTC-PERPETUAL",
    null,
    -17840,
    -0.319789369,
    57446.33,
    0.009238632,
    -300379,
    180227
  ],
  "time": 1616440570375
}