{
  "code": 200,
  "result": [
    -0.15123958453352804,
    2.1591717,
    0,
    0.01575089,
    2.1591717,
    2.15590336,
    117958.53615324553,
    "BTC-PERPETUAL",
    null,
    -17840,
    -0.326301631,
    57446.33,
    0.015750894,
    -294897,
    176937
  ],
  "time": 1616449509635
}