{
  "code": 200,
  "result": [
    -0.14547853336150834,
    2.14480371,
    0,
    0.00138586,
    2.14480371,
    2.14167948,
    122629.77628230766,
    "BTC-PERPETUAL",
    null,
    -17840,
    -0.311936593,
    57446.33,
    0.001385856,
    -306575,
    183944
  ],
  "time": 1616428030362
}