{
  "code": 200,
  "result": [
    -0.1513723420908756,
    2.15968393,
    0,
    0.01626096,
    2.15968393,
    2.15641047,
    117855.08338960528,
    "BTC-PERPETUAL",
    null,
    -17840,
    -0.326811694,
    57446.33,
    0.016260957,
    -294638,
    176782
  ],
  "time": 1616450411694
}