{
  "code": 200,
  "result": [
    -0.15135220524418955,
    2.15980774,
    0,
    0.01638835,
    2.15980774,
    2.15653301,
    117870.76356910157,
    "BTC-PERPETUAL",
    null,
    -17840,
    -0.326939084,
    57446.33,
    0.016388347,
    -294677,
    176806
  ],
  "time": 1616448488513
}