{
  "code": 200,
  "result": [
    -0.19814782120702237,
    2.15772214,
    0,
    0.01435021,
    2.15772214,
    2.15343721,
    118093.65279647446,
    "BTC-PERPETUAL",
    null,
    -23400,
    -0.4275786,
    56627.28,
    0.014350214,
    -295235,
    177140
  ],
  "time": 1616461809774
}