{
  "code": 200,
  "result": [
    -0.1437435886496505,
    2.14039091,
    0,
    -0.00299157,
    2.14039091,
    2.13731059,
    124109.88321351734,
    "BTC-PERPETUAL",
    null,
    -17840,
    -0.307559163,
    57446.33,
    -0.002991574,
    -310275,
    186164
  ],
  "time": 1616411589674
}