{
  "code": 200,
  "result": [
    -0.19849873853268257,
    2.15860252,
    0,
    0.01523059,
    2.15860252,
    2.15430875,
    117884.88014067263,
    "BTC-PERPETUAL",
    null,
    -23400,
    -0.428458978,
    56627.28,
    0.015230592,
    -294713,
    176827
  ],
  "time": 1616473149121
}