{
  "code": 200,
  "result": [
    -0.14588524686589355,
    2.14557427,
    0,
    0.00215698,
    2.14557427,
    2.1424423,
    122287.89670829153,
    "BTC-PERPETUAL",
    null,
    -17840,
    -0.312707712,
    57446.33,
    0.002156975,
    -305720,
    183431
  ],
  "time": 1616421370564
}