{
  "code": 200,
  "result": [
    -0.14629535819915848,
    2.14666916,
    0,
    0.00325223,
    2.14666916,
    2.14352621,
    121945.08574710622,
    "BTC-PERPETUAL",
    null,
    -17840,
    -0.313802968,
    57446.33,
    0.003252231,
    -304863,
    182917
  ],
  "time": 1616420770492
}