{
  "code": 200,
  "result": [
    -0.14672949695828033,
    2.1479923,
    0,
    0.00457435,
    2.1479923,
    2.14483609,
    121584.27834774392,
    "BTC-PERPETUAL",
    null,
    -17840,
    -0.315125086,
    57446.33,
    0.004574349,
    -303961,
    182376
  ],
  "time": 1616438948116
}