{
  "code": 200,
  "result": [
    -0.14507663584358405,
    2.14350238,
    0,
    0.00016264,
    2.14350238,
    2.14039041,
    122969.49054728833,
    "BTC-PERPETUAL",
    null,
    -17840,
    -0.310713376,
    57446.33,
    0.000162639,
    -307424,
    184454
  ],
  "time": 1616403069900
}