{
  "code": 200,
  "result": [
    -0.1519605464004269,
    2.16127453,
    0,
    0.01785147,
    2.16127453,
    2.15798512,
    117398.89347982685,
    "BTC-PERPETUAL",
    null,
    -17840,
    -0.328402207,
    57446.33,
    0.01785147,
    -293498,
    176098
  ],
  "time": 1616457370386
}