{
  "code": 200,
  "result": [
    -0.14429497417312231,
    2.14151521,
    0,
    -0.00188153,
    2.14151521,
    2.13842375,
    123635.62973853762,
    "BTC-PERPETUAL",
    null,
    -17840,
    -0.30866921,
    57446.33,
    -0.001881527,
    -309090,
    185453
  ],
  "time": 1616413988668
}