{
  "code": 200,
  "result": [
    -0.19995308471648202,
    2.16235728,
    0,
    0.01898535,
    2.16235728,
    2.1580258,
    117027.45188042178,
    "BTC-PERPETUAL",
    null,
    -23400,
    -0.43221374,
    56627.28,
    0.018985354,
    -292569,
    175541
  ],
  "time": 1616474229852
}