{
  "code": 200,
  "result": [
    -0.14540451423138523,
    2.14440862,
    0,
    0.00099402,
    2.14440862,
    2.14128832,
    122692.2017813755,
    "BTC-PERPETUAL",
    null,
    -17840,
    -0.311544759,
    57446.33,
    0.000994022,
    -306731,
    184038
  ],
  "time": 1616419509753
}