{
  "code": 200,
  "result": [
    -0.14433314027118957,
    2.14167603,
    0,
    -0.00172181,
    2.14167603,
    2.13858297,
    123602.93669548222,
    "BTC-PERPETUAL",
    null,
    -17840,
    -0.308828924,
    57446.33,
    -0.001721813,
    -309008,
    185404
  ],
  "time": 1616414171536
}