{
  "code": 200,
  "result": [
    -0.1968180434566314,
    2.15409176,
    0,
    0.01071983,
    2.15409176,
    2.14984329,
    118891.53854512409,
    "BTC-PERPETUAL",
    null,
    -23400,
    -0.423948219,
    56627.28,
    0.010719833,
    -297229,
    178337
  ],
  "time": 1616463969562
}