{
  "code": 200,
  "result": [
    -0.14368749150548726,
    2.14010474,
    0,
    -0.00327805,
    2.14010474,
    2.13702729,
    124158.3370485573,
    "BTC-PERPETUAL",
    null,
    -17840,
    -0.307272683,
    57446.33,
    -0.003278054,
    -310396,
    186237
  ],
  "time": 1616411649200
}