{
  "code": 200,
  "result": [
    -0.19824660130793256,
    2.15752683,
    0,
    0.0141549,
    2.15752683,
    2.15324386,
    118034.81041096507,
    "BTC-PERPETUAL",
    null,
    -23400,
    -0.427383287,
    56627.28,
    0.014154901,
    -295088,
    177052
  ],
  "time": 1616472128327
}