{
  "code": 200,
  "result": [
    -0.14357393794742324,
    2.13966848,
    0,
    -0.00370477,
    2.13966848,
    2.13659531,
    124256.53468203265,
    "BTC-PERPETUAL",
    null,
    -17840,
    -0.306845967,
    57446.33,
    -0.00370477,
    -310642,
    186384
  ],
  "time": 1616410088964
}