{
  "code": 200,
  "result": [
    -0.19834075714831326,
    2.15803528,
    0,
    0.01466335,
    2.15803528,
    2.1537472,
    117978.77721371298,
    "BTC-PERPETUAL",
    null,
    -23400,
    -0.427891739,
    56627.28,
    0.014663353,
    -294947,
    176968
  ],
  "time": 1616461869927
}