{
  "code": 200,
  "result": [
    -0.14525623727550477,
    2.14410726,
    0,
    0.00069567,
    2.14410726,
    2.14098995,
    122817.44546475624,
    "BTC-PERPETUAL",
    null,
    -17840,
    -0.311246411,
    57446.33,
    0.000695674,
    -307044,
    184226
  ],
  "time": 1616418129434
}