{
  "code": 200,
  "result": [
    -0.14469420605606514,
    2.14240733,
    0,
    -0.00092753,
    2.14240733,
    2.1393063,
    123294.5014611537,
    "BTC-PERPETUAL",
    null,
    -17840,
    -0.309623207,
    57446.33,
    -0.00092753,
    -308237,
    184941
  ],
  "time": 1616401449633
}