{
  "code": 200,
  "result": [
    -0.14556914028480494,
    2.14491844,
    0,
    0.00150213,
    2.14491844,
    2.14179304,
    122553.44755829548,
    "BTC-PERPETUAL",
    null,
    -17840,
    -0.312052867,
    57446.33,
    0.00150213,
    -306384,
    183830
  ],
  "time": 1616420228470
}