{
  "code": 200,
  "result": [
    -0.1455006806972061,
    2.1446053,
    0,
    0.00119191,
    2.1446053,
    2.14148302,
    122611.11023340088,
    "BTC-PERPETUAL",
    null,
    -17840,
    -0.31174265,
    57446.33,
    0.001191913,
    -306528,
    183916
  ],
  "time": 1616418788716
}