{
  "code": 200,
  "result": [
    -0.14538494532049592,
    2.14415902,
    0,
    0.00080383,
    2.14415902,
    2.14104062,
    122708.71623380507,
    "BTC-PERPETUAL",
    null,
    -17840,
    -0.311354563,
    57446.33,
    0.000803826,
    -306772,
    184063
  ],
  "time": 1616406729346
}