{
  "code": 200,
  "result": [
    -0.14617741358071787,
    2.14660663,
    0,
    0.00318877,
    2.14660663,
    2.14346431,
    122043.4782843446,
    "BTC-PERPETUAL",
    null,
    -17840,
    -0.313739504,
    57446.33,
    0.003188767,
    -305109,
    183065
  ],
  "time": 1616434212230
}