{
  "code": 200,
  "result": [
    -0.14475755176331098,
    2.14257074,
    0,
    -0.00075844,
    2.14257074,
    2.13946802,
    123240.54795545095,
    "BTC-PERPETUAL",
    null,
    -17840,
    -0.309792302,
    57446.33,
    -0.000758435,
    -308102,
    184860
  ],
  "time": 1616400189831
}