{
  "code": 200,
  "result": [
    -0.19843061802100656,
    2.15861703,
    0,
    0.01524511,
    2.15861703,
    2.15432312,
    117925.34959258552,
    "BTC-PERPETUAL",
    null,
    -23400,
    -0.428473492,
    56627.28,
    0.015245106,
    -294814,
    176888
  ],
  "time": 1616473329676
}