{
  "code": 200,
  "result": [
    -0.15131500179033117,
    2.15936142,
    0,
    0.01594097,
    2.15936142,
    2.15609118,
    117899.74416892187,
    "BTC-PERPETUAL",
    null,
    -17840,
    -0.326491709,
    57446.33,
    0.015940972,
    -294750,
    176849
  ],
  "time": 1616449329452
}