{
  "code": 200,
  "result": [
    -0.14461176768899586,
    2.14230304,
    0,
    -0.00102509,
    2.14230304,
    2.13920299,
    123364.78756256516,
    "BTC-PERPETUAL",
    null,
    -17840,
    -0.309525652,
    57446.33,
    -0.001025085,
    -308412,
    185047
  ],
  "time": 1616399771450
}