{
  "code": 200,
  "result": [
    -0.14661406141522154,
    2.14760254,
    0,
    0.00418468,
    2.14760254,
    2.14445024,
    121680.00686834424,
    "BTC-PERPETUAL",
    null,
    -17840,
    -0.314730813,
    57446.33,
    0.004180076,
    -304201,
    182520
  ],
  "time": 1616433429093
}