{
  "code": 200,
  "result": [
    -0.14638047248831562,
    2.14700633,
    0,
    0.00358847,
    2.14700633,
    2.14386,
    121874.17964116781,
    "BTC-PERPETUAL",
    null,
    -17840,
    -0.314139205,
    57446.33,
    0.003588468,
    -304686,
    182811
  ],
  "time": 1616430548646
}