{
  "code": 200,
  "result": [
    -0.14592036561787747,
    2.14600586,
    0,
    0.00258801,
    2.14600586,
    2.14286957,
    122258.46559840534,
    "BTC-PERPETUAL",
    null,
    -17840,
    -0.313138751,
    57446.33,
    0.002588014,
    -305647,
    183387
  ],
  "time": 1616426110343
}