{
  "code": 200,
  "result": [
    -0.14577499455707335,
    2.14517798,
    0,
    0.00176063,
    2.14517798,
    2.14204998,
    122380.38529313984,
    "BTC-PERPETUAL",
    null,
    -17840,
    -0.31231137,
    57446.33,
    0.001760633,
    -305951,
    183570
  ],
  "time": 1616421729612
}