{
  "code": 200,
  "result": [
    -0.1466304788674791,
    2.14766169,
    0,
    0.00424383,
    2.14766169,
    2.14450879,
    121666.3829906969,
    "BTC-PERPETUAL",
    null,
    -17840,
    -0.314794568,
    57446.33,
    0.004243831,
    -304166,
    182499
  ],
  "time": 1616432229186
}