{
  "code": 200,
  "result": [
    -0.1451248111216495,
    2.14365859,
    0,
    0.0003183,
    2.14365859,
    2.14054507,
    122928.66989536193,
    "BTC-PERPETUAL",
    null,
    -17840,
    -0.310869038,
    57446.33,
    0.000318301,
    -307322,
    184393
  ],
  "time": 1616403190184
}