{
  "code": 200,
  "result": [
    -0.14417798699850173,
    2.14129525,
    0,
    -0.00209884,
    2.14129525,
    2.13820597,
    123735.94867977584,
    "BTC-PERPETUAL",
    null,
    -17840,
    -0.308451893,
    57446.33,
    -0.002098844,
    -309340,
    185603
  ],
  "time": 1616413509807
}