{
  "code": 200,
  "result": [
    -0.14474767120841747,
    2.14279526,
    0,
    -0.00060854,
    2.14279526,
    2.13969104,
    123248.96042239438,
    "BTC-PERPETUAL",
    null,
    -17840,
    -0.309942195,
    57446.33,
    -0.000608542,
    -308123,
    184873
  ],
  "time": 1616415488921
}