{
  "code": 200,
  "result": [
    -0.1460441622664098,
    2.14637267,
    0,
    0.00295533,
    2.14637267,
    2.1432327,
    122154.8312725897,
    "BTC-PERPETUAL",
    null,
    -17840,
    -0.313506066,
    57446.33,
    0.002955329,
    -305388,
    183232
  ],
  "time": 1616423109622
}