{
  "code": 200,
  "result": [
    -0.19887381109782087,
    2.15948629,
    0,
    0.01611436,
    2.15948629,
    2.15518365,
    117662.55129736588,
    "BTC-PERPETUAL",
    null,
    -23400,
    -0.429342751,
    56627.28,
    0.016114365,
    -294157,
    176493
  ],
  "time": 1616475308980
}