{
  "code": 200,
  "result": [
    -0.19743941322173397,
    2.15555662,
    0,
    0.0121847,
    2.15555662,
    2.15129344,
    118517.37005377277,
    "BTC-PERPETUAL",
    null,
    -23400,
    -0.425413087,
    56627.28,
    0.012184701,
    -296294,
    177776
  ],
  "time": 1616465229499
}