{
  "code": 200,
  "result": [
    -0.1985783097949378,
    2.15874032,
    0,
    0.0153684,
    2.15874032,
    2.15444517,
    117837.64311502122,
    "BTC-PERPETUAL",
    null,
    -23400,
    -0.428596783,
    56627.28,
    0.015368397,
    -294595,
    176756
  ],
  "time": 1616469369620
}