{
  "code": 200,
  "result": [
    -0.14828072531909361,
    2.15183639,
    0,
    0.00841781,
    2.15183639,
    2.14864162,
    120312.33298602432,
    "BTC-PERPETUAL",
    null,
    -17840,
    -0.318968544,
    57446.33,
    0.008417807,
    -300781,
    180468
  ],
  "time": 1616444470130
}