{
  "code": 200,
  "result": [
    -0.14607288580134922,
    2.14621277,
    0,
    0.00279542,
    2.14621277,
    2.14307439,
    122130.81094503315,
    "BTC-PERPETUAL",
    null,
    -17840,
    -0.313346158,
    57446.33,
    0.002795421,
    -305328,
    183196
  ],
  "time": 1616423349827
}