{
  "code": 200,
  "result": [
    -0.14558043345830088,
    2.14490832,
    0,
    0.00149187,
    2.14490832,
    2.14178303,
    122543.94066706757,
    "BTC-PERPETUAL",
    null,
    -17840,
    -0.312042606,
    57446.33,
    0.001491869,
    -306360,
    183815
  ],
  "time": 1616420289075
}