{
  "code": 200,
  "result": [
    -0.14574172745567068,
    2.14548584,
    0,
    0.00206799,
    2.14548584,
    2.14235476,
    122408.31991940178,
    "BTC-PERPETUAL",
    null,
    -17840,
    -0.312618722,
    57446.33,
    0.002067985,
    -306021,
    183612
  ],
  "time": 1616426289251
}