{
  "code": 200,
  "result": [
    -0.14474649753263336,
    2.14263987,
    0,
    -0.00068913,
    2.14263987,
    2.13953646,
    123249.95978557575,
    "BTC-PERPETUAL",
    null,
    -17840,
    -0.309861606,
    57446.33,
    -0.000689131,
    -308125,
    184874
  ],
  "time": 1616400130451
}