{
  "code": 200,
  "result": [
    -0.19877747499528692,
    2.15931132,
    0,
    0.0159394,
    2.15931132,
    2.15501044,
    117719.57562372106,
    "BTC-PERPETUAL",
    null,
    -23400,
    -0.429167783,
    56627.28,
    0.015939397,
    -294299,
    176579
  ],
  "time": 1616471048192
}