{
  "code": 200,
  "result": [
    -0.14477624451182194,
    2.14280466,
    0,
    -0.0005326,
    2.14280466,
    2.13969968,
    123224.6357830013,
    "BTC-PERPETUAL",
    null,
    -17840,
    -0.310018139,
    57446.33,
    -0.000532598,
    -308062,
    184836
  ],
  "time": 1616402170286
}