{
  "code": 200,
  "result": [
    -0.14590433723433785,
    2.14605177,
    0,
    0.00263392,
    2.14605177,
    2.14291501,
    122271.89635457558,
    "BTC-PERPETUAL",
    null,
    -17840,
    -0.313184653,
    57446.33,
    0.002633916,
    -305680,
    183407
  ],
  "time": 1616425869997
}