{
  "code": 200,
  "result": [
    -0.14553327455968237,
    2.14492551,
    0,
    0.00151709,
    2.14492551,
    2.14179997,
    122583.65005512135,
    "BTC-PERPETUAL",
    null,
    -17840,
    -0.312067824,
    57446.33,
    0.001517087,
    -306460,
    183875
  ],
  "time": 1616416810752
}