{
  "code": 200,
  "result": [
    -0.15082792559927763,
    2.15801058,
    0,
    0.01459147,
    2.15801058,
    2.15475387,
    118280.4837308287,
    "BTC-PERPETUAL",
    null,
    -17840,
    -0.325142204,
    57446.33,
    0.014591467,
    -295702,
    177420
  ],
  "time": 1616447409245
}