{
  "code": 200,
  "result": [
    -0.14423380657896298,
    2.14147672,
    0,
    -0.00191912,
    2.14147672,
    2.13838564,
    123688.06192626707,
    "BTC-PERPETUAL",
    null,
    -17840,
    -0.308631617,
    57446.33,
    -0.00191912,
    -309221,
    185532
  ],
  "time": 1616413809490
}