{
  "code": 200,
  "result": [
    -0.14488231830812914,
    2.14310364,
    0,
    -0.00022716,
    2.14310364,
    2.13999559,
    123134.41839092261,
    "BTC-PERPETUAL",
    null,
    -17840,
    -0.310245115,
    57446.33,
    -0.000305622,
    -307837,
    184701
  ],
  "time": 1616400610689
}