{
  "code": 200,
  "result": [
    -0.19830949401487694,
    2.15789636,
    0,
    0.01452444,
    2.15789636,
    2.15360969,
    117997.3763547829,
    "BTC-PERPETUAL",
    null,
    -23400,
    -0.427752822,
    56627.28,
    0.014524436,
    -294994,
    176996
  ],
  "time": 1616472249363
}