{
  "code": 200,
  "result": [
    -0.14354308987209338,
    2.13967204,
    0,
    -0.00370984,
    2.13967204,
    2.13659892,
    124283.23798725977,
    "BTC-PERPETUAL",
    null,
    -17840,
    -0.306840901,
    57446.33,
    -0.003709836,
    -310709,
    186424
  ],
  "time": 1616411469363
}