{
  "code": 200,
  "result": [
    -0.19662697198784443,
    2.15356144,
    0,
    0.01018952,
    2.15356144,
    2.1493183,
    119007.07091927652,
    "BTC-PERPETUAL",
    null,
    -23400,
    -0.423417905,
    56627.28,
    0.010189519,
    -297518,
    178510
  ],
  "time": 1616464028637
}