{
  "code": 200,
  "result": [
    -0.14679223199338884,
    2.15050869,
    0,
    0.00709074,
    2.15050869,
    2.14732723,
    121532.3165111589,
    "BTC-PERPETUAL",
    null,
    -17840,
    -0.317641476,
    57446.33,
    0.007090739,
    -303831,
    182298
  ],
  "time": 1616440209972
}