{
  "code": 200,
  "result": [
    -0.1483534375228014,
    2.15211565,
    0,
    0.00869767,
    2.15211565,
    2.14891807,
    120253.36451848685,
    "BTC-PERPETUAL",
    null,
    -17840,
    -0.319248406,
    57446.33,
    0.008697669,
    -300634,
    180380
  ],
  "time": 1616443088279
}