{
  "code": 200,
  "result": [
    -0.14374188174636174,
    2.14016832,
    0,
    -0.00320357,
    2.14016832,
    2.13709012,
    124111.35699113352,
    "BTC-PERPETUAL",
    null,
    -17840,
    -0.307347165,
    57446.33,
    -0.003203572,
    -310279,
    186167
  ],
  "time": 1616409849011
}