{
  "code": 200,
  "result": [
    -0.14662126567504508,
    2.1474848,
    0,
    0.00406812,
    2.1474848,
    2.14433366,
    121674.02810134359,
    "BTC-PERPETUAL",
    null,
    -17840,
    -0.314618861,
    57446.33,
    0.004068124,
    -304186,
    182511
  ],
  "time": 1616420529664
}