{
  "code": 200,
  "result": [
    -0.14554576868471358,
    2.14499298,
    0,
    0.00157513,
    2.14499298,
    2.14186685,
    122573.12707348877,
    "BTC-PERPETUAL",
    null,
    -17840,
    -0.312125862,
    57446.33,
    0.001575125,
    -306433,
    183859
  ],
  "time": 1616434811343
}