{
  "code": 200,
  "result": [
    -0.1512357663589081,
    2.15921978,
    0,
    0.01579972,
    2.15921978,
    2.15595095,
    117961.51419408726,
    "BTC-PERPETUAL",
    null,
    -17840,
    -0.326350458,
    57446.33,
    0.015799721,
    -294904,
    176942
  ],
  "time": 1616449148567
}