{
  "code": 200,
  "result": [
    -0.14585469043678087,
    2.14589735,
    0,
    0.0024795,
    2.14589735,
    2.14276214,
    122313.51591488621,
    "BTC-PERPETUAL",
    null,
    -17840,
    -0.313030234,
    57446.33,
    0.002479497,
    -305784,
    183470
  ],
  "time": 1616429110159
}