{
  "code": 200,
  "result": [
    -0.1455230068686943,
    2.14484986,
    0,
    0.00143206,
    2.14484986,
    2.14172516,
    122592.2992100972,
    "BTC-PERPETUAL",
    null,
    -17840,
    -0.311982798,
    57446.33,
    0.001432061,
    -306481,
    183888
  ],
  "time": 1616424611059
}