{
  "code": 200,
  "result": [
    -0.1456969444480116,
    2.14543983,
    0,
    0.00202198,
    2.14543983,
    2.14230922,
    122445.9446805061,
    "BTC-PERPETUAL",
    null,
    -17840,
    -0.312604917,
    57446.33,
    0.00205418,
    -306115,
    183668
  ],
  "time": 1616436249323
}