{
  "code": 200,
  "result": [
    -0.1457217742055981,
    2.14551548,
    0,
    0.00209762,
    2.14551548,
    2.14238411,
    122425.08092736805,
    "BTC-PERPETUAL",
    null,
    -17840,
    -0.312648361,
    57446.33,
    0.002097624,
    -306063,
    183637
  ],
  "time": 1616434389476
}