{
  "code": 200,
  "result": [
    -0.19781601545960958,
    2.15653894,
    0,
    0.01316702,
    2.15653894,
    2.1522659,
    118291.73662017196,
    "BTC-PERPETUAL",
    null,
    -23400,
    -0.426395406,
    56627.28,
    0.01316702,
    -295730,
    177437
  ],
  "time": 1616463369280
}