{
  "code": 200,
  "result": [
    -0.15085996890495373,
    2.15819657,
    0,
    0.01477782,
    2.15819657,
    2.154938,
    118255.36044780527,
    "BTC-PERPETUAL",
    null,
    -17840,
    -0.325328561,
    57446.33,
    0.014777824,
    -295639,
    177383
  ],
  "time": 1616446269629
}