{
  "code": 200,
  "result": [
    -0.14543717049404914,
    2.14434002,
    0,
    0.00098417,
    2.14434002,
    2.14121981,
    122664.65264277099,
    "BTC-PERPETUAL",
    null,
    -17840,
    -0.311534912,
    57446.33,
    0.000984175,
    -306662,
    183996
  ],
  "time": 1616406909527
}