{
  "code": 200,
  "result": [
    -0.1984127716763359,
    2.15801805,
    0,
    0.01464614,
    2.15801805,
    2.15373016,
    117935.95645229751,
    "BTC-PERPETUAL",
    null,
    -23400,
    -0.427874526,
    56627.28,
    0.01464614,
    -294840,
    176903
  ],
  "time": 1616459648747
}