{
  "code": 200,
  "result": [
    -0.14679393133872265,
    2.14808022,
    0,
    0.00466227,
    2.14808022,
    2.14492312,
    121530.90960439453,
    "BTC-PERPETUAL",
    null,
    -17840,
    -0.315213003,
    57446.33,
    0.004662266,
    -303828,
    182296
  ],
  "time": 1616439188972
}