{
  "code": 200,
  "result": [
    -0.19854116858766005,
    2.15864676,
    0,
    0.01527484,
    2.15864676,
    2.15435255,
    117859.68706872204,
    "BTC-PERPETUAL",
    null,
    -23400,
    -0.428503229,
    56627.28,
    0.015274843,
    -294650,
    176789
  ],
  "time": 1616459828834
}