{
  "code": 200,
  "result": [
    -0.1455643284664465,
    2.14484032,
    0,
    0.00142246,
    2.14484032,
    2.14171572,
    122557.49872203225,
    "BTC-PERPETUAL",
    null,
    -17840,
    -0.311973195,
    57446.33,
    0.001422458,
    -306394,
    183836
  ],
  "time": 1616436069996
}