{
  "code": 200,
  "result": [
    -0.15198148011564475,
    2.16122406,
    0,
    0.01780112,
    2.16122406,
    2.15793515,
    117382.72312143102,
    "BTC-PERPETUAL",
    null,
    -17840,
    -0.328351858,
    57446.33,
    0.017801121,
    -293457,
    176074
  ],
  "time": 1616452928756
}