{
  "code": 200,
  "result": [
    -0.15112454527526467,
    2.15901273,
    0,
    0.01559335,
    2.15901273,
    2.15574597,
    118048.32873114996,
    "BTC-PERPETUAL",
    null,
    -17840,
    -0.326144087,
    57446.33,
    0.01559335,
    -295121,
    177072
  ],
  "time": 1616448428780
}