{
  "code": 200,
  "result": [
    -0.14555683870183025,
    2.14490564,
    0,
    0.00149716,
    2.14490564,
    2.14178029,
    122563.80503388657,
    "BTC-PERPETUAL",
    null,
    -17840,
    -0.3120479,
    57446.33,
    0.001497163,
    -306410,
    183845
  ],
  "time": 1616416928647
}