{
  "code": 200,
  "result": [
    -0.14484097924584804,
    2.14305274,
    0,
    -0.00035261,
    2.14305274,
    2.13994595,
    123169.5621839107,
    "BTC-PERPETUAL",
    null,
    -17840,
    -0.310198129,
    57446.33,
    -0.000352608,
    -307924,
    184754
  ],
  "time": 1616415848801
}