{
  "code": 200,
  "result": [
    -0.14554996885359486,
    2.14502542,
    0,
    0.00160757,
    2.14502542,
    2.14189896,
    122569.58995260809,
    "BTC-PERPETUAL",
    null,
    -17840,
    -0.312158303,
    57446.33,
    0.001607566,
    -306424,
    183854
  ],
  "time": 1616428748658
}