{
  "code": 200,
  "result": [
    -0.1470185600530573,
    2.1485876,
    0,
    0.00516974,
    2.1485876,
    2.14542541,
    121345.22330759974,
    "BTC-PERPETUAL",
    null,
    -17840,
    -0.315720473,
    57446.33,
    0.005169736,
    -303364,
    182017
  ],
  "time": 1616431210330
}