{
  "code": 200,
  "result": [
    -0.14652720662409383,
    2.14743733,
    0,
    0.00401947,
    2.14743733,
    2.14428668,
    121752.13334795482,
    "BTC-PERPETUAL",
    null,
    -17840,
    -0.314570208,
    57446.33,
    0.004019471,
    -304381,
    182628
  ],
  "time": 1616431870207
}