{
  "code": 200,
  "result": [
    -0.15170373774422655,
    2.16040349,
    0,
    0.01698042,
    2.16040349,
    2.15712281,
    117597.62986247809,
    "BTC-PERPETUAL",
    null,
    -17840,
    -0.32753116,
    57446.33,
    0.016980423,
    -293995,
    176396
  ],
  "time": 1616456109253
}