{
  "code": 200,
  "result": [
    -0.14671736359584214,
    2.14792825,
    0,
    0.00451029,
    2.14792825,
    2.14477268,
    121594.33323204544,
    "BTC-PERPETUAL",
    null,
    -17840,
    -0.31506103,
    57446.33,
    0.004510293,
    -303986,
    182391
  ],
  "time": 1616439069785
}