{
  "code": 200,
  "result": [
    -0.14839150480494356,
    2.15222752,
    0,
    0.00880957,
    2.15222752,
    2.14902882,
    120222.51559110594,
    "BTC-PERPETUAL",
    null,
    -17840,
    -0.319360306,
    57446.33,
    0.008809569,
    -300557,
    180333
  ],
  "time": 1616441169690
}