{
  "code": 200,
  "result": [
    -0.14563620084688533,
    2.14521759,
    0,
    0.00179968,
    2.14521759,
    2.14208921,
    122497.01582614126,
    "BTC-PERPETUAL",
    null,
    -17840,
    -0.312350412,
    57446.33,
    0.001799675,
    -306243,
    183745
  ],
  "time": 1616437629034
}