{
  "code": 200,
  "result": [
    -0.14667455278948735,
    2.1478421,
    0,
    0.00442424,
    2.1478421,
    2.14468739,
    121629.82372003286,
    "BTC-PERPETUAL",
    null,
    -17840,
    -0.314974977,
    57446.33,
    0.00442424,
    -304075,
    182444
  ],
  "time": 1616431929275
}