{
  "code": 200,
  "result": [
    -0.19860779416162633,
    2.15872808,
    0,
    0.01535615,
    2.15872808,
    2.15443305,
    117820.14950006022,
    "BTC-PERPETUAL",
    null,
    -23400,
    -0.428584537,
    56627.28,
    0.015356151,
    -294551,
    176730
  ],
  "time": 1616471469840
}