{
  "code": 200,
  "result": [
    -0.14589744575903987,
    2.14590102,
    0,
    0.00248367,
    2.14590102,
    2.14276577,
    122277.67187551757,
    "BTC-PERPETUAL",
    null,
    -17840,
    -0.313034409,
    57446.33,
    0.002483672,
    -305695,
    183416
  ],
  "time": 1616422989376
}