{
  "code": 200,
  "result": [
    -0.1454695795414155,
    2.14466997,
    0,
    0.00125212,
    2.14466997,
    2.14154708,
    122637.32428621555,
    "BTC-PERPETUAL",
    null,
    -17840,
    -0.311802857,
    57446.33,
    0.00125212,
    -306594,
    183955
  ],
  "time": 1616427549556
}