{
  "code": 200,
  "result": [
    -0.14477776557908467,
    2.14278659,
    0,
    -0.00054881,
    2.14278659,
    2.13968177,
    123223.34115769263,
    "BTC-PERPETUAL",
    null,
    -17840,
    -0.309977846,
    57446.33,
    -0.000572891,
    -308059,
    184835
  ],
  "time": 1616401570906
}