{
  "code": 200,
  "result": [
    -0.14814895112269394,
    2.1514795,
    0,
    0.00806092,
    2.1514795,
    2.14828831,
    120419.34731772266,
    "BTC-PERPETUAL",
    null,
    -17840,
    -0.318611653,
    57446.33,
    0.008060916,
    -301049,
    180629
  ],
  "time": 1616444290006
}