{
  "code": 200,
  "result": [
    -0.1471078426002178,
    2.14900592,
    0,
    0.00558806,
    2.14900592,
    2.14583953,
    121271.57658400455,
    "BTC-PERPETUAL",
    null,
    -17840,
    -0.316138797,
    57446.33,
    0.00558806,
    -303179,
    181907
  ],
  "time": 1616431029350
}