{
  "code": 200,
  "result": [
    -0.1442667633791361,
    2.1414944,
    0,
    -0.0019031,
    2.1414944,
    2.13840316,
    123659.80619608206,
    "BTC-PERPETUAL",
    null,
    -17840,
    -0.308647635,
    57446.33,
    -0.001903102,
    -309150,
    185489
  ],
  "time": 1616414109559
}