{
  "code": 200,
  "result": [
    -0.14371466602993457,
    2.13987896,
    0,
    -0.00348432,
    2.13987896,
    2.13680359,
    124134.86036480144,
    "BTC-PERPETUAL",
    null,
    -17840,
    -0.307066418,
    57446.33,
    -0.003484319,
    -310338,
    186202
  ],
  "time": 1616408110481
}