{
  "code": 200,
  "result": [
    -0.14657917250793387,
    2.14749175,
    0,
    0.00407389,
    2.14749175,
    2.14434056,
    121708.96925369378,
    "BTC-PERPETUAL",
    null,
    -17840,
    -0.314624631,
    57446.33,
    0.004073894,
    -304273,
    182563
  ],
  "time": 1616432950622
}