{
  "code": 200,
  "result": [
    -0.15305062430555608,
    2.16357908,
    0,
    0.02015622,
    2.16357908,
    2.16026654,
    116562.73916520293,
    "BTC-PERPETUAL",
    null,
    -17840,
    -0.330706957,
    57446.33,
    0.02015622,
    -291407,
    174844
  ],
  "time": 1616450769924
}