{
  "code": 200,
  "result": [
    -0.19981295237990096,
    2.16221012,
    0,
    0.01883819,
    2.16221012,
    2.15788012,
    117109.52528998209,
    "BTC-PERPETUAL",
    null,
    -23400,
    -0.432066578,
    56627.28,
    0.018838192,
    -292774,
    175664
  ],
  "time": 1616473989171
}