{
  "code": 200,
  "result": [
    -0.14661074212743427,
    2.14757762,
    0,
    0.00415976,
    2.14757762,
    2.14442556,
    121682.76172078474,
    "BTC-PERPETUAL",
    null,
    -17840,
    -0.314710493,
    57446.33,
    0.004159756,
    -304207,
    182524
  ],
  "time": 1616433548680
}