{
  "code": 200,
  "result": [
    -0.19849573388999792,
    2.15851357,
    0,
    0.01514165,
    2.15851357,
    2.15422069,
    117886.66457168182,
    "BTC-PERPETUAL",
    null,
    -23400,
    -0.428370032,
    56627.28,
    0.015141646,
    -294717,
    176829
  ],
  "time": 1616469848661
}