{
  "code": 200,
  "result": [
    -0.1969249639481603,
    2.154504,
    0,
    0.01113208,
    2.154504,
    2.1502514,
    118826.98633455104,
    "BTC-PERPETUAL",
    null,
    -23400,
    -0.424360467,
    56627.28,
    0.011132081,
    -297068,
    178240
  ],
  "time": 1616464928812
}