{
  "code": 200,
  "result": [
    -0.14528273194714314,
    2.14392904,
    0,
    0.00057734,
    2.14392904,
    2.14081292,
    122795.04770388377,
    "BTC-PERPETUAL",
    null,
    -17840,
    -0.311128078,
    57446.33,
    0.000577341,
    -306988,
    184192
  ],
  "time": 1616405770567
}