{
  "code": 200,
  "result": [
    -0.1517196950831202,
    2.16054799,
    0,
    0.01712493,
    2.16054799,
    2.15726586,
    117585.2613612642,
    "BTC-PERPETUAL",
    null,
    -17840,
    -0.327675663,
    57446.33,
    0.017124926,
    -293964,
    176377
  ],
  "time": 1616456347836
}