{
  "code": 200,
  "result": [
    -0.15127661651134672,
    2.15936281,
    0,
    0.01594348,
    2.15936281,
    2.15609254,
    117929.66032302742,
    "BTC-PERPETUAL",
    null,
    -17840,
    -0.326494219,
    57446.33,
    0.015943482,
    -294825,
    176894
  ],
  "time": 1616448129179
}