{
  "code": 200,
  "result": [
    -0.15098145438243155,
    2.15860448,
    0,
    0.01518264,
    2.15860448,
    2.15534185,
    118160.20764253475,
    "BTC-PERPETUAL",
    null,
    -17840,
    -0.325733375,
    57446.33,
    0.015182638,
    -295401,
    177240
  ],
  "time": 1616449749487
}