{
  "code": 200,
  "result": [
    -0.15185210904514265,
    2.16107666,
    0,
    0.01765373,
    2.16107666,
    2.15778923,
    117482.72784737233,
    "BTC-PERPETUAL",
    null,
    -17840,
    -0.328204464,
    57446.33,
    0.017653727,
    -293707,
    176224
  ],
  "time": 1616452388660
}