{
  "code": 200,
  "result": [
    -0.1444783592986171,
    2.14182829,
    0,
    -0.00150498,
    2.14182829,
    2.13873306,
    123478.70010848579,
    "BTC-PERPETUAL",
    null,
    -17840,
    -0.309045755,
    57446.33,
    -0.001504982,
    -308697,
    185218
  ],
  "time": 1616401090154
}