{
  "code": 200,
  "result": [
    -0.14898674786435964,
    2.15352677,
    0,
    0.01010818,
    2.15352677,
    2.15031504,
    119742.19355564345,
    "BTC-PERPETUAL",
    null,
    -17840,
    -0.320658918,
    57446.33,
    0.010108181,
    -299356,
    179613
  ],
  "time": 1616445548588
}