{
  "code": 200,
  "result": [
    -0.1513615567893466,
    2.15945692,
    0,
    0.01603385,
    2.15945692,
    2.15618574,
    117863.48117988998,
    "BTC-PERPETUAL",
    null,
    -17840,
    -0.32658459,
    57446.33,
    0.016033853,
    -294659,
    176795
  ],
  "time": 1616453948701
}