{
  "code": 200,
  "result": [
    -0.14544232561540965,
    2.14457888,
    0,
    0.00116103,
    2.14457888,
    2.1414569,
    122660.30486320722,
    "BTC-PERPETUAL",
    null,
    -17840,
    -0.311711766,
    57446.33,
    0.001161029,
    -306651,
    183990
  ],
  "time": 1616427912505
}