{
  "code": 200,
  "result": [
    -0.15115751325343985,
    2.15867324,
    0,
    0.01525087,
    2.15867324,
    2.15540992,
    118022.58198101193,
    "BTC-PERPETUAL",
    null,
    -17840,
    -0.325801606,
    57446.33,
    0.015250869,
    -295057,
    177033
  ],
  "time": 1616450048345
}