{
  "code": 200,
  "result": [
    -0.148490521890697,
    2.15242059,
    0,
    0.009002,
    2.15242059,
    2.14921996,
    120142.34829837772,
    "BTC-PERPETUAL",
    null,
    -17840,
    -0.319552741,
    57446.33,
    0.009002004,
    -300356,
    180213
  ],
  "time": 1616444948571
}