{
  "code": 200,
  "result": [
    -0.19764886006754687,
    2.15610498,
    0,
    0.01273305,
    2.15610498,
    2.15183629,
    118391.77818684615,
    "BTC-PERPETUAL",
    null,
    -23400,
    -0.42596144,
    56627.28,
    0.012733054,
    -295980,
    177587
  ],
  "time": 1616463728337
}