{
  "code": 200,
  "result": [
    -0.14584973188857098,
    2.1458045,
    0,
    0.00238665,
    2.1458045,
    2.14267023,
    122317.67428705141,
    "BTC-PERPETUAL",
    null,
    -17840,
    -0.312937382,
    57446.33,
    0.002386645,
    -305795,
    183476
  ],
  "time": 1616429890043
}