{
  "code": 200,
  "result": [
    -0.19649949223956575,
    2.1532529,
    0,
    0.00988098,
    2.1532529,
    2.14901286,
    119084.27718210837,
    "BTC-PERPETUAL",
    null,
    -23400,
    -0.423109366,
    56627.28,
    0.00988098,
    -297711,
    178626
  ],
  "time": 1616464149572
}