{
  "code": 200,
  "result": [
    -0.15119404039801404,
    2.15917254,
    0,
    0.01575388,
    2.15917254,
    2.15590417,
    117994.06876776826,
    "BTC-PERPETUAL",
    null,
    -17840,
    -0.326304615,
    57446.33,
    0.015753878,
    -294986,
    176991
  ],
  "time": 1616446209016
}