{
  "code": 200,
  "result": [
    -0.14553241782283932,
    2.14502084,
    0,
    0.00160298,
    2.14502084,
    2.14189443,
    122584.37169453976,
    "BTC-PERPETUAL",
    null,
    -17840,
    -0.312141208,
    57446.33,
    0.001590471,
    -306461,
    183876
  ],
  "time": 1616434689227
}