{
  "code": 200,
  "result": [
    -0.1985787057975517,
    2.15883783,
    0,
    0.01546592,
    2.15883783,
    2.1545417,
    117837.40812499796,
    "BTC-PERPETUAL",
    null,
    -23400,
    -0.428607303,
    56627.28,
    0.015378917,
    -294594,
    176756
  ],
  "time": 1616459048740
}