{
  "code": 200,
  "result": [
    -0.14659141570616943,
    2.14767036,
    0,
    0.0042525,
    2.14767036,
    2.14451737,
    121698.80421755958,
    "BTC-PERPETUAL",
    null,
    -17840,
    -0.314803234,
    57446.33,
    0.004252497,
    -304248,
    182548
  ],
  "time": 1616432649675
}