{
  "code": 200,
  "result": [
    -0.14582197900383378,
    2.1457106,
    0,
    0.00229275,
    2.1457106,
    2.14257727,
    122340.95382514986,
    "BTC-PERPETUAL",
    null,
    -17840,
    -0.312843488,
    57446.33,
    0.002292751,
    -305853,
    183511
  ],
  "time": 1616429348601
}