{
  "code": 200,
  "result": [
    -0.14543379206917623,
    2.14435232,
    0,
    0.00093914,
    2.14435232,
    2.14123257,
    122667.50214086643,
    "BTC-PERPETUAL",
    null,
    -17840,
    -0.311489873,
    57446.33,
    0.000939136,
    -306669,
    184001
  ],
  "time": 1616418729295
}