{
  "code": 200,
  "result": [
    -0.14449522356125527,
    2.1423169,
    0,
    -0.00108345,
    2.1423169,
    2.13921744,
    123464.28871703957,
    "BTC-PERPETUAL",
    null,
    -17840,
    -0.309467288,
    57446.33,
    -0.001083449,
    -308661,
    185196
  ],
  "time": 1616414648918
}