{
  "code": 200,
  "result": [
    -0.14585068511908839,
    2.1459142,
    0,
    0.00249686,
    2.1459142,
    2.14277882,
    122316.8748602962,
    "BTC-PERPETUAL",
    null,
    -17840,
    -0.313047592,
    57446.33,
    0.002496855,
    -305793,
    183475
  ],
  "time": 1616423049170
}