{
  "code": 200,
  "result": [
    -0.14417356384642338,
    2.14138666,
    0,
    -0.00200095,
    2.14138666,
    2.1382964,
    123739.74481898452,
    "BTC-PERPETUAL",
    null,
    -17840,
    -0.308549787,
    57446.33,
    -0.00200095,
    -309350,
    185609
  ],
  "time": 1616412370018
}