{
  "code": 200,
  "result": [
    -0.14593137163399975,
    2.14560546,
    0,
    0.00218822,
    2.14560546,
    2.14247318,
    122249.24497210412,
    "BTC-PERPETUAL",
    null,
    -17840,
    -0.312738959,
    57446.33,
    0.002188222,
    -305624,
    183373
  ],
  "time": 1616421249349
}