{
  "code": 200,
  "result": [
    -0.1465983198583538,
    2.14763686,
    0,
    0.004219,
    2.14763686,
    2.14448421,
    121693.07272578131,
    "BTC-PERPETUAL",
    null,
    -17840,
    -0.314769741,
    57446.33,
    0.004219004,
    -304233,
    182539
  ],
  "time": 1616431988841
}