{
  "code": 200,
  "result": [
    -0.1465400585972066,
    2.14753445,
    0,
    0.00411651,
    2.14753445,
    2.14438283,
    121741.45534523537,
    "BTC-PERPETUAL",
    null,
    -17840,
    -0.314667251,
    57446.33,
    0.004116514,
    -304354,
    182612
  ],
  "time": 1616438228731
}