{
  "code": 200,
  "result": [
    -0.19737215324205065,
    2.15566315,
    0,
    0.01229123,
    2.15566315,
    2.1513989,
    118557.75810128097,
    "BTC-PERPETUAL",
    null,
    -23400,
    -0.425519611,
    56627.28,
    0.012291225,
    -296395,
    177836
  ],
  "time": 1616467748810
}