{
  "code": 200,
  "result": [
    -0.1457048579391875,
    2.14546858,
    0,
    0.00205073,
    2.14546858,
    2.14233768,
    122439.29442246763,
    "BTC-PERPETUAL",
    null,
    -17840,
    -0.312601466,
    57446.33,
    0.002050729,
    -306099,
    183658
  ],
  "time": 1616428388767
}