{
  "code": 200,
  "result": [
    -0.14858073837257108,
    2.15289115,
    0,
    0.0094732,
    2.15289115,
    2.1496858,
    120069.39927344832,
    "BTC-PERPETUAL",
    null,
    -17840,
    -0.320023937,
    57446.33,
    0.0094732,
    -300174,
    180104
  ],
  "time": 1616441228310
}