{
  "code": 200,
  "result": [
    -0.19818870582180476,
    2.15771198,
    0,
    0.01434006,
    2.15771198,
    2.15342716,
    118069.29109794676,
    "BTC-PERPETUAL",
    null,
    -23400,
    -0.427568444,
    56627.28,
    0.014340058,
    -295174,
    177103
  ],
  "time": 1616468108760
}