{
  "code": 200,
  "result": [
    -0.19982756364289553,
    2.1622082,
    0,
    0.01883644,
    2.1622082,
    2.15787822,
    117100.96231677667,
    "BTC-PERPETUAL",
    null,
    -23400,
    -0.432118361,
    56627.28,
    0.018889975,
    -292753,
    175651
  ],
  "time": 1616457728429
}