{
  "code": 200,
  "result": [
    -0.15149820473623193,
    2.15998736,
    0,
    0.01656429,
    2.15998736,
    2.15671086,
    117757.1709913037,
    "BTC-PERPETUAL",
    null,
    -17840,
    -0.327115031,
    57446.33,
    0.016564294,
    -294393,
    176635
  ],
  "time": 1616456048617
}