{
  "code": 200,
  "result": [
    -0.19850853689449938,
    2.15870076,
    0,
    0.01532884,
    2.15870076,
    2.15440601,
    117879.06135460721,
    "BTC-PERPETUAL",
    null,
    -23400,
    -0.428557222,
    56627.28,
    0.015328836,
    -294698,
    176818
  ],
  "time": 1616469728640
}