{
  "code": 200,
  "result": [
    -0.1485372824569586,
    2.15252239,
    0,
    0.00910381,
    2.15252239,
    2.14932074,
    120104.52665423891,
    "BTC-PERPETUAL",
    null,
    -17840,
    -0.319654544,
    57446.33,
    0.009103807,
    -300262,
    180156
  ],
  "time": 1616445308738
}