{
  "code": 200,
  "result": [
    -0.19860422736961972,
    2.15896227,
    0,
    0.01559036,
    2.15896227,
    2.15466489,
    117822.26546694078,
    "BTC-PERPETUAL",
    null,
    -23400,
    -0.428818745,
    56627.28,
    0.015590359,
    -294556,
    176733
  ],
  "time": 1616460010401
}