{
  "code": 200,
  "result": [
    -0.14566865578631713,
    2.14527046,
    0,
    0.00186061,
    2.14527046,
    2.14214147,
    122469.72352219466,
    "BTC-PERPETUAL",
    null,
    -17840,
    -0.312411346,
    57446.33,
    0.001860609,
    -306175,
    183704
  ],
  "time": 1616417588700
}