{
  "code": 200,
  "result": [
    -0.1455450938715214,
    2.14510732,
    0,
    0.00168946,
    2.14510732,
    2.14198005,
    122573.69537820421,
    "BTC-PERPETUAL",
    null,
    -17840,
    -0.312228233,
    57446.33,
    0.001677496,
    -306435,
    183860
  ],
  "time": 1616435289311
}