{
  "code": 200,
  "result": [
    -0.19894130806835914,
    2.15959842,
    0,
    0.01622649,
    2.15959842,
    2.15529465,
    117622.6306502389,
    "BTC-PERPETUAL",
    null,
    -23400,
    -0.429454879,
    56627.28,
    0.016226493,
    -294057,
    176433
  ],
  "time": 1616475129185
}