{
  "code": 200,
  "result": [
    -0.14427975011218433,
    2.14148769,
    0,
    -0.00183602,
    2.14148769,
    2.13839577,
    123648.67548029822,
    "BTC-PERPETUAL",
    null,
    -17840,
    -0.308714719,
    57446.33,
    -0.001836018,
    -309122,
    185473
  ],
  "time": 1616398418016
}