{
  "code": 200,
  "result": [
    -0.1461640259395899,
    2.14651411,
    0,
    0.00309676,
    2.14651411,
    2.14337271,
    122054.65664563271,
    "BTC-PERPETUAL",
    null,
    -17840,
    -0.313647499,
    57446.33,
    0.003096762,
    -305137,
    183081
  ],
  "time": 1616423170589
}