{
  "code": 200,
  "result": [
    -0.1986872920486098,
    2.15872037,
    0,
    0.01534846,
    2.15872037,
    2.15442542,
    117773.00781911646,
    "BTC-PERPETUAL",
    null,
    -23400,
    -0.428639964,
    56627.28,
    0.015411578,
    -294433,
    176659
  ],
  "time": 1616458328647
}