{
  "code": 200,
  "result": [
    -0.15174312115052047,
    2.16060506,
    0,
    0.01718199,
    2.16060506,
    2.15732236,
    117567.10857623487,
    "BTC-PERPETUAL",
    null,
    -17840,
    -0.327732729,
    57446.33,
    0.017181992,
    -293918,
    176350
  ],
  "time": 1616455508738
}