{
  "code": 200,
  "result": [
    -0.15130834064813214,
    2.15974546,
    0,
    0.01632239,
    2.15974546,
    2.15647138,
    117904.93454347608,
    "BTC-PERPETUAL",
    null,
    -17840,
    -0.326873131,
    57446.33,
    0.016322394,
    -294763,
    176857
  ],
  "time": 1616455028246
}