{
  "code": 200,
  "result": [
    -0.14805124766170058,
    2.15127163,
    0,
    0.00785364,
    2.15127163,
    2.14808251,
    120498.81565851223,
    "BTC-PERPETUAL",
    null,
    -17840,
    -0.31840438,
    57446.33,
    0.007853643,
    -301248,
    180748
  ],
  "time": 1616442370648
}