{
  "code": 200,
  "result": [
    -0.14553366904986426,
    2.14493301,
    0,
    0.00151567,
    2.14493301,
    2.14180748,
    122583.31777430468,
    "BTC-PERPETUAL",
    null,
    -17840,
    -0.312066404,
    57446.33,
    0.001515667,
    -306459,
    183874
  ],
  "time": 1616422811701
}