{
  "code": 200,
  "result": [
    -0.19785976948696796,
    2.15669999,
    0,
    0.01332807,
    2.15669999,
    2.15242533,
    118265.5779933133,
    "BTC-PERPETUAL",
    null,
    -23400,
    -0.426556457,
    56627.28,
    0.013328071,
    -295664,
    177398
  ],
  "time": 1616463488642
}