{
  "code": 200,
  "result": [
    -0.1460382180237701,
    2.14664674,
    0,
    0.00322889,
    2.14664674,
    2.14350403,
    122159.80338171648,
    "BTC-PERPETUAL",
    null,
    -17840,
    -0.313779622,
    57446.33,
    0.003228885,
    -305400,
    183239
  ],
  "time": 1616429949253
}