{
  "code": 200,
  "result": [
    -0.19947707116615304,
    2.16104944,
    0,
    0.01767751,
    2.16104944,
    2.15673109,
    117306.71531922149,
    "BTC-PERPETUAL",
    null,
    -23400,
    -0.430905897,
    56627.28,
    0.017677511,
    -293267,
    175960
  ],
  "time": 1616473749233
}