{
  "code": 200,
  "result": [
    -0.15220284305136234,
    2.16175765,
    0,
    0.01833472,
    2.16175765,
    2.15846339,
    117212.0023669973,
    "BTC-PERPETUAL",
    null,
    -17840,
    -0.328885453,
    57446.33,
    0.018334716,
    -293031,
    175818
  ],
  "time": 1616451908851
}