{
  "code": 200,
  "result": [
    -0.1974182353813025,
    2.15560102,
    0,
    0.0122291,
    2.15560102,
    2.1513374,
    118530.0838841163,
    "BTC-PERPETUAL",
    null,
    -23400,
    -0.425457485,
    56627.28,
    0.012229099,
    -296326,
    177795
  ],
  "time": 1616465470232
}