{
  "code": 200,
  "result": [
    -0.1444992125034729,
    2.14216991,
    0,
    -0.00121856,
    2.14216991,
    2.13907181,
    123460.88044992794,
    "BTC-PERPETUAL",
    null,
    -17840,
    -0.309332174,
    57446.33,
    -0.001218563,
    -308653,
    185191
  ],
  "time": 1616412548774
}