{
  "code": 200,
  "result": [
    -0.1451655414023205,
    2.14371414,
    0,
    0.0003033,
    2.14371414,
    2.14060077,
    122894.1787952084,
    "BTC-PERPETUAL",
    null,
    -17840,
    -0.310854033,
    57446.33,
    0.000303296,
    -307236,
    184341
  ],
  "time": 1616417890442
}