{
  "code": 200,
  "result": [
    -0.19838485477055745,
    2.15830899,
    0,
    0.01493707,
    2.15830899,
    2.15401817,
    117952.55251245532,
    "BTC-PERPETUAL",
    null,
    -23400,
    -0.428165456,
    56627.28,
    0.01493707,
    -294882,
    176928
  ],
  "time": 1616461988197
}