{
  "code": 200,
  "result": [
    -0.1454841538266571,
    2.14479165,
    0,
    0.0013738,
    2.14479165,
    2.14166754,
    122625.03874653028,
    "BTC-PERPETUAL",
    null,
    -17840,
    -0.311924539,
    57446.33,
    0.001373802,
    -306563,
    183937
  ],
  "time": 1616427610731
}