{
  "code": 200,
  "result": [
    -0.14664735348279595,
    2.14749603,
    0,
    0.00407817,
    2.14749603,
    2.14434479,
    121652.38291936113,
    "BTC-PERPETUAL",
    null,
    -17840,
    -0.314628904,
    57446.33,
    0.004078167,
    -304131,
    182478
  ],
  "time": 1616431748598
}