{
  "code": 200,
  "result": [
    -0.14564045764959577,
    2.14513154,
    0,
    0.00171936,
    2.14513154,
    2.14200396,
    122493.43546366916,
    "BTC-PERPETUAL",
    null,
    -17840,
    -0.312270097,
    57446.33,
    0.00171936,
    -306234,
    183740
  ],
  "time": 1616418371527
}