{
  "code": 200,
  "result": [
    -0.19886544553293795,
    2.15960039,
    0,
    0.01622846,
    2.15960039,
    2.1552966,
    117667.50094412091,
    "BTC-PERPETUAL",
    null,
    -23400,
    -0.429456849,
    56627.28,
    0.016228463,
    -294169,
    176501
  ],
  "time": 1616474889295
}