{
  "code": 200,
  "result": [
    -0.19810067017779542,
    2.15716697,
    0,
    0.01379504,
    2.15716697,
    2.15288762,
    118121.76091579342,
    "BTC-PERPETUAL",
    null,
    -23400,
    -0.42702343,
    56627.28,
    0.013795044,
    -295305,
    177182
  ],
  "time": 1616462588640
}