{
  "code": 200,
  "result": [
    -0.19855937739232235,
    2.15900581,
    0,
    0.0156339,
    2.15900581,
    2.15470799,
    117848.87879541067,
    "BTC-PERPETUAL",
    null,
    -23400,
    -0.428862285,
    56627.28,
    0.015633899,
    -294623,
    176773
  ],
  "time": 1616459529284
}