{
  "code": 200,
  "result": [
    -0.15148091579091913,
    2.15997338,
    0,
    0.01655032,
    2.15997338,
    2.15669702,
    117770.61095025054,
    "BTC-PERPETUAL",
    null,
    -17840,
    -0.327101056,
    57446.33,
    0.016550319,
    -294427,
    176655
  ],
  "time": 1616456709201
}