{
  "code": 200,
  "result": [
    -0.1974465155041454,
    2.1558103,
    0,
    0.01243837,
    2.1558103,
    2.15154457,
    118513.1069051898,
    "BTC-PERPETUAL",
    null,
    -23400,
    -0.42566676,
    56627.28,
    0.012438374,
    -296283,
    177769
  ],
  "time": 1616467210135
}