{
  "code": 200,
  "result": [
    -0.14546069219712582,
    2.14435701,
    0,
    0.0010086,
    2.14435701,
    2.14123657,
    122644.81717042526,
    "BTC-PERPETUAL",
    null,
    -17840,
    -0.311559341,
    57446.33,
    0.001008604,
    -306613,
    183967
  ],
  "time": 1616405110060
}