{
  "code": 200,
  "result": [
    -0.1453307181938256,
    2.14419189,
    0,
    0.00077834,
    2.14419189,
    2.14107375,
    122754.50243221833,
    "BTC-PERPETUAL",
    null,
    -17840,
    -0.31132908,
    57446.33,
    0.000778343,
    -306887,
    184131
  ],
  "time": 1616418849193
}