{
  "code": 200,
  "result": [
    -0.14513022545567505,
    2.14379764,
    0,
    0.00039031,
    2.14379764,
    2.1406834,
    122924.08382875835,
    "BTC-PERPETUAL",
    null,
    -17840,
    -0.310941046,
    57446.33,
    0.000390309,
    -307311,
    184386
  ],
  "time": 1616416388899
}