{
  "code": 200,
  "result": [
    -0.19897855612385634,
    2.1598975,
    0,
    0.01652557,
    2.1598975,
    2.15559072,
    117600.61212543133,
    "BTC-PERPETUAL",
    null,
    -23400,
    -0.42975396,
    56627.28,
    0.016525574,
    -294002,
    176400
  ],
  "time": 1616470448657
}