{
  "code": 200,
  "result": [
    -0.14470779515011892,
    2.14265702,
    0,
    -0.00074768,
    2.14265702,
    2.13955419,
    123282.92322810185,
    "BTC-PERPETUAL",
    null,
    -17840,
    -0.309803061,
    57446.33,
    -0.000747676,
    -308208,
    184924
  ],
  "time": 1616415670122
}