{
  "code": 200,
  "result": [
    -0.19660648270586195,
    2.15349855,
    0,
    0.01012663,
    2.15349855,
    2.14925604,
    119019.47320327253,
    "BTC-PERPETUAL",
    null,
    -23400,
    -0.423355012,
    56627.28,
    0.010126626,
    -297549,
    178529
  ],
  "time": 1616464088484
}