{
  "code": 200,
  "result": [
    -0.1448086059768903,
    2.14290447,
    0,
    -0.00043231,
    2.14290447,
    2.13979848,
    123197.09784960604,
    "BTC-PERPETUAL",
    null,
    -17840,
    -0.310118431,
    57446.33,
    -0.000432306,
    -307993,
    184795
  ],
  "time": 1616402049873
}