{
  "code": 200,
  "result": [
    -0.1987106915757997,
    2.15918023,
    0,
    0.0158083,
    2.15918023,
    2.15488066,
    117759.13925131649,
    "BTC-PERPETUAL",
    null,
    -23400,
    -0.42903669,
    56627.28,
    0.015808304,
    -294398,
    176638
  ],
  "time": 1616470328945
}