{
  "code": 200,
  "result": [
    -0.145524827849416,
    2.14469394,
    0,
    0.00127643,
    2.14469394,
    2.14157081,
    122590.76518860554,
    "BTC-PERPETUAL",
    null,
    -17840,
    -0.311827164,
    57446.33,
    0.001276427,
    -306477,
    183886
  ],
  "time": 1616424369887
}