{
  "code": 200,
  "result": [
    -0.14365660573097816,
    2.13996314,
    0,
    -0.00340914,
    2.13996314,
    2.13688701,
    124185.0307490105,
    "BTC-PERPETUAL",
    null,
    -17840,
    -0.307141593,
    57446.33,
    -0.003409144,
    -310463,
    186277
  ],
  "time": 1616409909770
}