{
  "code": 200,
  "result": [
    -0.14482725248472908,
    2.14283135,
    0,
    -0.00050474,
    2.14283135,
    2.13972608,
    123181.23622403933,
    "BTC-PERPETUAL",
    null,
    -17840,
    -0.310045994,
    57446.33,
    -0.000504743,
    -307954,
    184771
  ],
  "time": 1616401811326
}