{
  "code": 200,
  "result": [
    -0.1525135694855099,
    2.16257643,
    0,
    0.01915363,
    2.16257643,
    2.15927395,
    116973.1982549589,
    "BTC-PERPETUAL",
    null,
    -17840,
    -0.329704368,
    57446.33,
    0.019153631,
    -292433,
    175459
  ],
  "time": 1616450528539
}