{
  "code": 200,
  "result": [
    -0.19855209626052997,
    2.15853216,
    0,
    0.01516023,
    2.15853216,
    2.15423909,
    117853.2004481872,
    "BTC-PERPETUAL",
    null,
    -23400,
    -0.428388618,
    56627.28,
    0.015160232,
    -294634,
    176779
  ],
  "time": 1616469788218
}