{
  "code": 200,
  "result": [
    -0.19936714296965133,
    2.1607501,
    0,
    0.01737817,
    2.1607501,
    2.15643476,
    117371.3965673976,
    "BTC-PERPETUAL",
    null,
    -23400,
    -0.430606557,
    56627.28,
    0.017378171,
    -293429,
    176057
  ],
  "time": 1616474528975
}