{
  "code": 200,
  "result": [
    -0.14578036743451653,
    2.14535923,
    0,
    0.00194176,
    2.14535923,
    2.14222942,
    122375.87484483188,
    "BTC-PERPETUAL",
    null,
    -17840,
    -0.312492501,
    57446.33,
    0.001941764,
    -305940,
    183563
  ],
  "time": 1616423949480
}