{
  "code": 200,
  "result": [
    -0.19931388966023975,
    2.16063871,
    0,
    0.01726679,
    2.16063871,
    2.1563245,
    117402.75622481098,
    "BTC-PERPETUAL",
    null,
    -23400,
    -0.430495174,
    56627.28,
    0.017266788,
    -293507,
    176104
  ],
  "time": 1616474648788
}