{
  "code": 200,
  "result": [
    -0.14822766271838672,
    2.15164825,
    0,
    0.00822966,
    2.15164825,
    2.14845537,
    120355.40244531602,
    "BTC-PERPETUAL",
    null,
    -17840,
    -0.318780401,
    57446.33,
    0.008229664,
    -300889,
    180533
  ],
  "time": 1616444348621
}