{
  "code": 200,
  "result": [
    -0.19777776567398916,
    2.15685074,
    0,
    0.01347882,
    2.15685074,
    2.15257457,
    118314.61398230096,
    "BTC-PERPETUAL",
    null,
    -23400,
    -0.426707203,
    56627.28,
    0.013478817,
    -295787,
    177471
  ],
  "time": 1616466610208
}