{
  "code": 200,
  "result": [
    -0.1987592715227948,
    2.15882974,
    0,
    0.01545783,
    2.15882974,
    2.15453369,
    117730.35703301197,
    "BTC-PERPETUAL",
    null,
    -23400,
    -0.428686216,
    56627.28,
    0.01545783,
    -294326,
    176595
  ],
  "time": 1616458748320
}