{
  "code": 200,
  "result": [
    -0.1456399737435116,
    2.14511432,
    0,
    0.00169646,
    2.14511432,
    2.14198697,
    122493.84246263496,
    "BTC-PERPETUAL",
    null,
    -17840,
    -0.312247196,
    57446.33,
    0.001696459,
    -306235,
    183740
  ],
  "time": 1616437028860
}