{
  "code": 200,
  "result": [
    -0.19968289297770225,
    2.16174153,
    0,
    0.0183696,
    2.16174153,
    2.15741624,
    117185.80220396236,
    "BTC-PERPETUAL",
    null,
    -23400,
    -0.43159799,
    56627.28,
    0.018369604,
    -292965,
    175778
  ],
  "time": 1616474349088
}