{
  "code": 200,
  "result": [
    -0.15174266203534836,
    2.16074146,
    0,
    0.01731854,
    2.16074146,
    2.15745739,
    117567.46428927273,
    "BTC-PERPETUAL",
    null,
    -17840,
    -0.327869274,
    57446.33,
    0.017318537,
    -293919,
    176351
  ],
  "time": 1616451188873
}