{
  "code": 200,
  "result": [
    -0.14605747989862836,
    2.1463598,
    0,
    0.00294194,
    2.1463598,
    2.14321996,
    122143.69310207122,
    "BTC-PERPETUAL",
    null,
    -17840,
    -0.313492679,
    57446.33,
    0.002941942,
    -305360,
    183215
  ],
  "time": 1616436729238
}