{
  "code": 200,
  "result": [
    -0.14431798227083767,
    2.14136292,
    0,
    -0.00199812,
    2.14136292,
    2.13827264,
    123615.91895402301,
    "BTC-PERPETUAL",
    null,
    -17840,
    -0.308552615,
    57446.33,
    -0.001998122,
    -309040,
    185423
  ],
  "time": 1616407688957
}