{
  "code": 200,
  "result": [
    -0.15101227913407578,
    2.15868506,
    0,
    0.015262,
    2.15868506,
    2.15542163,
    118136.08868296606,
    "BTC-PERPETUAL",
    null,
    -17840,
    -0.325812733,
    57446.33,
    0.015261996,
    -295341,
    177204
  ],
  "time": 1616454249113
}