{
  "code": 200,
  "result": [
    -0.19845255826115057,
    2.15831956,
    0,
    0.01494765,
    2.15831956,
    2.15402863,
    117912.31216685618,
    "BTC-PERPETUAL",
    null,
    -23400,
    -0.428176032,
    56627.28,
    0.014947646,
    -294781,
    176868
  ],
  "time": 1616458448308
}