{
  "code": 200,
  "result": [
    -0.1455167213057098,
    2.14481603,
    0,
    0.00139818,
    2.14481603,
    2.14169168,
    122597.59455767776,
    "BTC-PERPETUAL",
    null,
    -17840,
    -0.31194892,
    57446.33,
    0.001398183,
    -306494,
    183896
  ],
  "time": 1616427490862
}