{
  "code": 200,
  "result": [
    -0.14583062388384962,
    2.14581679,
    0,
    0.00239894,
    2.14581679,
    2.1426824,
    122333.70141931988,
    "BTC-PERPETUAL",
    null,
    -17840,
    -0.312949679,
    57446.33,
    0.002398942,
    -305835,
    183500
  ],
  "time": 1616429409970
}