{
  "code": 200,
  "result": [
    -0.1455471895714495,
    2.14484205,
    0,
    0.0014242,
    2.14484205,
    2.14171744,
    122571.93046824377,
    "BTC-PERPETUAL",
    null,
    -17840,
    -0.311974941,
    57446.33,
    0.001424204,
    -306430,
    183857
  ],
  "time": 1616429650010
}