{
  "code": 200,
  "result": [
    -0.19759475371633603,
    2.15624685,
    0,
    0.01287492,
    2.15624685,
    2.15197673,
    118424.19679619974,
    "BTC-PERPETUAL",
    null,
    -23400,
    -0.426103307,
    56627.28,
    0.012874921,
    -296061,
    177636
  ],
  "time": 1616466788257
}