{
  "code": 200,
  "result": [
    -0.15195373032915344,
    2.16097012,
    0,
    0.01754719,
    2.16097012,
    2.15768376,
    117404.15955143726,
    "BTC-PERPETUAL",
    null,
    -17840,
    -0.328097928,
    57446.33,
    0.017547191,
    -293511,
    176106
  ],
  "time": 1616452269439
}