{
  "code": 200,
  "result": [
    -0.14354413133113422,
    2.13972629,
    0,
    -0.00365019,
    2.13972629,
    2.13665258,
    124282.33627222184,
    "BTC-PERPETUAL",
    null,
    -17840,
    -0.306900549,
    57446.33,
    -0.003650188,
    -310706,
    186423
  ],
  "time": 1616410569722
}