{
  "code": 200,
  "result": [
    -0.14570712160601507,
    2.14556058,
    0,
    0.00214272,
    2.14556058,
    2.14242875,
    122437.39223837314,
    "BTC-PERPETUAL",
    null,
    -17840,
    -0.312693462,
    57446.33,
    0.002142725,
    -306094,
    183656
  ],
  "time": 1616426528741
}