{
  "code": 200,
  "result": [
    -0.1455503739341007,
    2.14501821,
    0,
    0.00160036,
    2.14501821,
    2.14189182,
    122569.24882980532,
    "BTC-PERPETUAL",
    null,
    -17840,
    -0.312151094,
    57446.33,
    0.001600357,
    -306424,
    183853
  ],
  "time": 1616426710097
}