{
  "code": 200,
  "result": [
    -0.1516014987073848,
    2.16025034,
    0,
    0.01682728,
    2.16025034,
    2.1569712,
    117676.93691758327,
    "BTC-PERPETUAL",
    null,
    -17840,
    -0.327378014,
    57446.33,
    0.016827277,
    -294193,
    176515
  ],
  "time": 1616456648381
}