{
  "code": 200,
  "result": [
    -0.1455024534468665,
    2.14491229,
    0,
    0.00149443,
    2.14491229,
    2.14178697,
    122609.61638364867,
    "BTC-PERPETUAL",
    null,
    -17840,
    -0.312029616,
    57446.33,
    0.001478879,
    -306525,
    183914
  ],
  "time": 1616434749149
}