{
  "code": 200,
  "result": [
    -0.19760062449856278,
    2.15621333,
    0,
    0.0128414,
    2.15621333,
    2.15194355,
    118420.67837275584,
    "BTC-PERPETUAL",
    null,
    -23400,
    -0.42606979,
    56627.28,
    0.012841404,
    -296052,
    177631
  ],
  "time": 1616466548838
}