{
  "code": 200,
  "result": [
    -0.1990192381859412,
    2.16000375,
    0,
    0.01663184,
    2.16000375,
    2.15569591,
    117576.57306545245,
    "BTC-PERPETUAL",
    null,
    -23400,
    -0.429860222,
    56627.28,
    0.016631836,
    -293942,
    176364
  ],
  "time": 1616459288443
}