{
  "code": 200,
  "result": [
    -0.14666349256810807,
    2.14785753,
    0,
    0.00443959,
    2.14785753,
    2.14470266,
    121638.99609656032,
    "BTC-PERPETUAL",
    null,
    -17840,
    -0.314990326,
    57446.33,
    0.004439589,
    -304098,
    182458
  ],
  "time": 1616438348560
}