{
  "code": 200,
  "result": [
    -0.14620997169040012,
    2.14658787,
    0,
    0.00317001,
    2.14658787,
    2.14344574,
    122016.30158151068,
    "BTC-PERPETUAL",
    null,
    -17840,
    -0.313720746,
    57446.33,
    0.003170009,
    -305041,
    183024
  ],
  "time": 1616434149870
}