{
  "code": 200,
  "result": [
    -0.15080310249955772,
    2.15810795,
    0,
    0.01468489,
    2.15810795,
    2.15485031,
    118299.95341145134,
    "BTC-PERPETUAL",
    null,
    -17840,
    -0.325235623,
    57446.33,
    0.014684886,
    -295750,
    177449
  ],
  "time": 1616454370203
}