{
  "code": 200,
  "result": [
    -0.14368623696594457,
    2.14013186,
    0,
    -0.0032454,
    2.14013186,
    2.13705409,
    124159.42108796616,
    "BTC-PERPETUAL",
    null,
    -17840,
    -0.30730534,
    57446.33,
    -0.003245397,
    -310399,
    186239
  ],
  "time": 1616410688865
}