{
  "code": 200,
  "result": [
    -0.14586455693999253,
    2.14602666,
    0,
    0.00260874,
    2.14602666,
    2.14289016,
    122305.24244034984,
    "BTC-PERPETUAL",
    null,
    -17840,
    -0.313159474,
    57446.33,
    0.002608737,
    -305764,
    183457
  ],
  "time": 1616437811533
}