{
  "code": 200,
  "result": [
    -0.19923595202744643,
    2.16066857,
    0,
    0.01729665,
    2.16066857,
    2.15635406,
    117448.68213733059,
    "BTC-PERPETUAL",
    null,
    -23400,
    -0.430525034,
    56627.28,
    0.017296648,
    -293622,
    176173
  ],
  "time": 1616473511079
}