{
  "code": 200,
  "result": [
    -0.14507851909042926,
    2.14351955,
    0,
    0.00010534,
    2.14351955,
    2.14040817,
    122967.8942950893,
    "BTC-PERPETUAL",
    null,
    -17840,
    -0.310656078,
    57446.33,
    0.000105341,
    -307420,
    184451
  ],
  "time": 1616419148871
}