{
  "code": 200,
  "result": [
    -0.14483114843447792,
    2.14297716,
    0,
    -0.00035908,
    2.14297716,
    2.13987044,
    123177.92265571156,
    "BTC-PERPETUAL",
    null,
    -17840,
    -0.310191656,
    57446.33,
    -0.000359081,
    -307945,
    184766
  ],
  "time": 1616401870627
}