{
  "code": 200,
  "result": [
    -0.1455744897664092,
    2.14505256,
    0,
    0.00163472,
    2.14505256,
    2.14192584,
    122548.94403975797,
    "BTC-PERPETUAL",
    null,
    -17840,
    -0.312185452,
    57446.33,
    0.001634715,
    -306373,
    183823
  ],
  "time": 1616425029709
}