{
  "code": 200,
  "result": [
    -0.14545127961974902,
    2.14443606,
    0,
    0.00108371,
    2.14443606,
    2.14131486,
    122652.75387496645,
    "BTC-PERPETUAL",
    null,
    -17840,
    -0.311634446,
    57446.33,
    0.001083709,
    -306632,
    183979
  ],
  "time": 1616406010144
}