{
  "code": 200,
  "result": [
    -0.1985742694802173,
    2.1587356,
    0,
    0.01536369,
    2.1587356,
    2.1544405,
    117840.0407124811,
    "BTC-PERPETUAL",
    null,
    -23400,
    -0.428592073,
    56627.28,
    0.015363687,
    -294601,
    176760
  ],
  "time": 1616460188849
}