{
  "code": 200,
  "result": [
    -0.14559620730861078,
    2.14493545,
    0,
    0.00152544,
    2.14493545,
    2.14180982,
    122530.66429255067,
    "BTC-PERPETUAL",
    null,
    -17840,
    -0.312076176,
    57446.33,
    0.001525439,
    -306327,
    183795
  ],
  "time": 1616417649077
}