{
  "code": 200,
  "result": [
    -0.14464482512910212,
    2.1423996,
    0,
    -0.00092909,
    2.1423996,
    2.13929859,
    123336.59350811191,
    "BTC-PERPETUAL",
    null,
    -17840,
    -0.309621649,
    57446.33,
    -0.000929088,
    -308342,
    185004
  ],
  "time": 1616400013544
}