{
  "code": 200,
  "result": [
    -0.14558827725516846,
    2.14501284,
    0,
    0.0015955,
    2.14501284,
    2.14188651,
    122537.33841999063,
    "BTC-PERPETUAL",
    null,
    -17840,
    -0.312146233,
    57446.33,
    0.001595496,
    -306344,
    183806
  ],
  "time": 1616422689134
}