{
  "code": 200,
  "result": [
    -0.14646873664790813,
    2.14723587,
    0,
    0.00381925,
    2.14723587,
    2.14408723,
    121800.73651406613,
    "BTC-PERPETUAL",
    null,
    -17840,
    -0.314369986,
    57446.33,
    0.003819249,
    -304502,
    182701
  ],
  "time": 1616420469514
}