{
  "code": 200,
  "result": [
    -0.1997190752605507,
    2.16193251,
    0,
    0.01856058,
    2.16193251,
    2.1576053,
    117164.57213449787,
    "BTC-PERPETUAL",
    null,
    -23400,
    -0.431788968,
    56627.28,
    0.018560582,
    -292912,
    175746
  ],
  "time": 1616474288468
}