{
  "code": 200,
  "result": [
    -0.19820692839303006,
    2.15771831,
    0,
    0.01434639,
    2.15771831,
    2.15343342,
    118058.43614911122,
    "BTC-PERPETUAL",
    null,
    -23400,
    -0.427574772,
    56627.28,
    0.014346386,
    -295147,
    177087
  ],
  "time": 1616471769945
}