{
  "code": 200,
  "result": [
    -0.145210888729973,
    2.14389652,
    0,
    0.0005571,
    2.14389652,
    2.1407806,
    122855.80066364293,
    "BTC-PERPETUAL",
    null,
    -17840,
    -0.31110784,
    57446.33,
    0.000557103,
    -307140,
    184283
  ],
  "time": 1616403009538
}