{
  "code": 200,
  "result": [
    -0.1459067041472732,
    2.1455992,
    0,
    0.00218197,
    2.1455992,
    2.14246698,
    122269.9128478217,
    "BTC-PERPETUAL",
    null,
    -17840,
    -0.312732709,
    57446.33,
    0.002181972,
    -305675,
    183404
  ],
  "time": 1616421189065
}