{
  "code": 200,
  "result": [
    -0.14551607106193923,
    2.14494968,
    0,
    0.00154122,
    2.14494968,
    2.14182389,
    122598.14238941598,
    "BTC-PERPETUAL",
    null,
    -17840,
    -0.312091954,
    57446.33,
    0.001541217,
    -306496,
    183897
  ],
  "time": 1616416869604
}