{
  "code": 200,
  "result": [
    -0.1459729654452491,
    2.14617871,
    0,
    0.00276086,
    2.14617871,
    2.14304069,
    122214.41104237449,
    "BTC-PERPETUAL",
    null,
    -17840,
    -0.313311598,
    57446.33,
    0.002760861,
    -305537,
    183321
  ],
  "time": 1616425929254
}