{
  "code": 200,
  "result": [
    -0.14583416115872347,
    2.14589718,
    0,
    0.00247933,
    2.14589718,
    2.14276198,
    122330.73415894127,
    "BTC-PERPETUAL",
    null,
    -17840,
    -0.31303007,
    57446.33,
    0.002479333,
    -305827,
    183496
  ],
  "time": 1616429049150
}