{
  "code": 200,
  "result": [
    -0.14839909652313052,
    2.15231533,
    0,
    0.00889735,
    2.15231533,
    2.14911575,
    120216.36531472638,
    "BTC-PERPETUAL",
    null,
    -17840,
    -0.319448085,
    57446.33,
    0.008897348,
    -300541,
    180324
  ],
  "time": 1616443028791
}