{
  "code": 200,
  "result": [
    -0.15296018609893577,
    2.16284762,
    0,
    0.01942482,
    2.16284762,
    2.15954242,
    116631.65726315837,
    "BTC-PERPETUAL",
    null,
    -17840,
    -0.329975561,
    57446.33,
    0.019424824,
    -291580,
    174947
  ],
  "time": 1616450649296
}