{
  "code": 200,
  "result": [
    -0.14673566950025183,
    2.14797739,
    0,
    0.00455943,
    2.14797739,
    2.14482132,
    121579.16381721612,
    "BTC-PERPETUAL",
    null,
    -17840,
    -0.315115066,
    57446.33,
    0.004564329,
    -303948,
    182368
  ],
  "time": 1616439010150
}