{
  "code": 200,
  "result": [
    -0.1976933045747119,
    2.15637957,
    0,
    0.01300764,
    2.15637957,
    2.15210812,
    118365.16188719338,
    "BTC-PERPETUAL",
    null,
    -23400,
    -0.42623603,
    56627.28,
    0.013007644,
    -295913,
    177547
  ],
  "time": 1616465828903
}