{
  "code": 200,
  "result": [
    -0.14474876198470307,
    2.14288746,
    0,
    -0.00051697,
    2.14288746,
    2.13978231,
    123248.03166112963,
    "BTC-PERPETUAL",
    null,
    -17840,
    -0.309929326,
    57446.33,
    -0.000621411,
    -308121,
    184872
  ],
  "time": 1616415609551
}