{
  "code": 200,
  "result": [
    -0.15185587695343522,
    2.16082001,
    0,
    0.01739695,
    2.16082001,
    2.15753516,
    117479.81281929855,
    "BTC-PERPETUAL",
    null,
    -17840,
    -0.327947687,
    57446.33,
    0.01739695,
    -293700,
    176219
  ],
  "time": 1616455270127
}