{
  "code": 200,
  "result": [
    -0.14553011234067476,
    2.14472808,
    0,
    0.00131022,
    2.14472808,
    2.1416046,
    122586.31367120736,
    "BTC-PERPETUAL",
    null,
    -17840,
    -0.31186096,
    57446.33,
    0.001310223,
    -306466,
    183879
  ],
  "time": 1616429710070
}