{
  "code": 200,
  "result": [
    -0.1458655386691658,
    2.14598669,
    0,
    0.00256883,
    2.14598669,
    2.14285059,
    122304.41928070814,
    "BTC-PERPETUAL",
    null,
    -17840,
    -0.313120009,
    57446.33,
    0.002569272,
    -305762,
    183456
  ],
  "time": 1616436429485
}