{
  "code": 200,
  "result": [
    -0.14605309392983717,
    2.14619681,
    0,
    0.00277946,
    2.14619681,
    2.14305859,
    122147.36107247548,
    "BTC-PERPETUAL",
    null,
    -17840,
    -0.313330198,
    57446.33,
    0.002779461,
    -305369,
    183221
  ],
  "time": 1616423411543
}