{
  "code": 200,
  "result": [
    -0.14559509225630313,
    2.14475368,
    0,
    0.00140849,
    2.14475368,
    2.14162923,
    122531.60270398928,
    "BTC-PERPETUAL",
    null,
    -17840,
    -0.31195923,
    57446.33,
    0.001408493,
    -306330,
    183797
  ],
  "time": 1616404270563
}