{
  "code": 200,
  "result": [
    -0.1454775381767005,
    2.14469306,
    0,
    0.00127572,
    2.14469306,
    2.14156994,
    122630.61516982167,
    "BTC-PERPETUAL",
    null,
    -17840,
    -0.311826455,
    57446.33,
    0.001275718,
    -306577,
    183945
  ],
  "time": 1616422510279
}