{
  "code": 200,
  "result": [
    -0.14337735661326645,
    2.13928678,
    0,
    -0.00408219,
    2.13928678,
    2.1362174,
    124426.8999052623,
    "BTC-PERPETUAL",
    null,
    -17840,
    -0.306468548,
    57446.33,
    -0.004082189,
    -311068,
    186640
  ],
  "time": 1616409309012
}