{
  "code": 200,
  "result": [
    -0.14379101018350682,
    2.1401505,
    0,
    -0.00321247,
    2.1401505,
    2.13707239,
    124068.95241387138,
    "BTC-PERPETUAL",
    null,
    -17840,
    -0.30733827,
    57446.33,
    -0.003212467,
    -310173,
    186103
  ],
  "time": 1616408049209
}