{
  "code": 200,
  "result": [
    -0.19781727533417195,
    2.15678368,
    0,
    0.01341175,
    2.15678368,
    2.15250818,
    118290.98323425227,
    "BTC-PERPETUAL",
    null,
    -23400,
    -0.42664014,
    56627.28,
    0.013411754,
    -295728,
    177436
  ],
  "time": 1616462348606
}