{
  "code": 200,
  "result": [
    -0.14557183628919657,
    2.14519167,
    0,
    0.00177381,
    2.14519167,
    2.14206355,
    122551.17785667429,
    "BTC-PERPETUAL",
    null,
    -17840,
    -0.312324547,
    57446.33,
    0.00177381,
    -306378,
    183826
  ],
  "time": 1616435649311
}