{
  "code": 200,
  "result": [
    -0.15120239519202472,
    2.1593374,
    0,
    0.01591845,
    2.1593374,
    2.15606738,
    117987.54892304103,
    "BTC-PERPETUAL",
    null,
    -17840,
    -0.326469185,
    57446.33,
    0.015918448,
    -294969,
    176981
  ],
  "time": 1616446688641
}