{
  "code": 200,
  "result": [
    -0.20064275678939708,
    2.16428953,
    0,
    0.02091777,
    2.16428953,
    2.15993865,
    116625.19183068047,
    "BTC-PERPETUAL",
    null,
    -23400,
    -0.434146151,
    56627.28,
    0.020917765,
    -291563,
    174937
  ],
  "time": 1616457848755
}