{
  "code": 200,
  "result": [
    -0.15216024106784912,
    2.16153884,
    0,
    0.01811586,
    2.16153884,
    2.15824678,
    117244.81950606954,
    "BTC-PERPETUAL",
    null,
    -17840,
    -0.328666599,
    57446.33,
    0.018115862,
    -293113,
    175867
  ],
  "time": 1616453170610
}