{
  "code": 200,
  "result": [
    -0.14351319022902095,
    2.13962939,
    0,
    -0.00373749,
    2.13962939,
    2.13655655,
    124309.13124801005,
    "BTC-PERPETUAL",
    null,
    -17840,
    -0.306813249,
    57446.33,
    -0.003737488,
    -310773,
    186463
  ],
  "time": 1616408829901
}