{
  "code": 200,
  "result": [
    -0.19857381722332423,
    2.1589314,
    0,
    0.01555948,
    2.1589314,
    2.15463433,
    117840.30909615543,
    "BTC-PERPETUAL",
    null,
    -23400,
    -0.428787864,
    56627.28,
    0.015559478,
    -294601,
    176760
  ],
  "time": 1616461627988
}