{
  "code": 200,
  "result": [
    -0.15110253202181287,
    2.1588887,
    0,
    0.01546932,
    2.1588887,
    2.15562319,
    118065.5265090108,
    "BTC-PERPETUAL",
    null,
    -17840,
    -0.326020055,
    57446.33,
    0.015469318,
    -295164,
    177098
  ],
  "time": 1616448309179
}