{
  "code": 200,
  "result": [
    -0.1436658296562998,
    2.13995469,
    0,
    -0.00341686,
    2.13995469,
    2.13687864,
    124177.05756949777,
    "BTC-PERPETUAL",
    null,
    -17840,
    -0.307133873,
    57446.33,
    -0.003416864,
    -310443,
    186265
  ],
  "time": 1616409789236
}