{
  "code": 200,
  "result": [
    -0.14417455908370055,
    2.14126592,
    0,
    -0.00212924,
    2.14126592,
    2.13817695,
    123738.89064327213,
    "BTC-PERPETUAL",
    null,
    -17840,
    -0.308421497,
    57446.33,
    -0.00212924,
    -309348,
    185608
  ],
  "time": 1616413688690
}