{
  "code": 200,
  "result": [
    -0.1986575386718285,
    2.159,
    0,
    0.01562808,
    2.159,
    2.15470224,
    117790.64694169766,
    "BTC-PERPETUAL",
    null,
    -23400,
    -0.428856469,
    56627.28,
    0.015628083,
    -294477,
    176685
  ],
  "time": 1616460069939
}