{
  "code": 200,
  "result": [
    -0.15097871929899112,
    2.15878982,
    0,
    0.01537051,
    2.15878982,
    2.1555253,
    118162.34819604283,
    "BTC-PERPETUAL",
    null,
    -17840,
    -0.325921244,
    57446.33,
    0.015370507,
    -295406,
    177243
  ],
  "time": 1616447828110
}