{
  "code": 200,
  "result": [
    -0.14551720469689705,
    2.14500368,
    0,
    0.00158583,
    2.14500368,
    2.14187744,
    122597.18730276306,
    "BTC-PERPETUAL",
    null,
    -17840,
    -0.312136566,
    57446.33,
    0.001585829,
    -306493,
    183895
  ],
  "time": 1616426770335
}