{
  "code": 200,
  "result": [
    -0.19768033573910346,
    2.15638322,
    0,
    0.01301129,
    2.15638322,
    2.15211174,
    118372.92724392722,
    "BTC-PERPETUAL",
    null,
    -23400,
    -0.426239679,
    56627.28,
    0.013011293,
    -295933,
    177559
  ],
  "time": 1616466669385
}