{
  "code": 200,
  "result": [
    -0.14557987088174767,
    2.14507694,
    0,
    0.00165908,
    2.14507694,
    2.14194997,
    122544.41422393596,
    "BTC-PERPETUAL",
    null,
    -17840,
    -0.312209819,
    57446.33,
    0.001659082,
    -306362,
    183816
  ],
  "time": 1616435769631
}