{
  "code": 200,
  "result": [
    -0.19878133621616415,
    2.1591435,
    0,
    0.01577157,
    2.1591435,
    2.15484429,
    117717.2889840812,
    "BTC-PERPETUAL",
    null,
    -23400,
    -0.428999957,
    56627.28,
    0.015771571,
    -294294,
    176575
  ],
  "time": 1616469188315
}