{
  "code": 200,
  "result": [
    -0.14569127864794315,
    2.14509391,
    0,
    0.00174975,
    2.14509391,
    2.14196602,
    122450.70649087794,
    "BTC-PERPETUAL",
    null,
    -17840,
    -0.31230049,
    57446.33,
    0.001749753,
    -306127,
    183676
  ],
  "time": 1616404029034
}