{
  "code": 200,
  "result": [
    -0.1509087290352481,
    2.1580461,
    0,
    0.01462715,
    2.1580461,
    2.15478903,
    118217.15094978416,
    "BTC-PERPETUAL",
    null,
    -17840,
    -0.325177882,
    57446.33,
    0.014627145,
    -295543,
    177325
  ],
  "time": 1616447288961
}