{
  "code": 200,
  "result": [
    -0.14480416672130492,
    2.14269289,
    0,
    -0.00063815,
    2.14269289,
    2.13958896,
    123200.87469813957,
    "BTC-PERPETUAL",
    null,
    -17840,
    -0.309912582,
    57446.33,
    -0.000638155,
    -308003,
    184801
  ],
  "time": 1616400670124
}