{
  "code": 200,
  "result": [
    -0.1456566872030481,
    2.14527415,
    0,
    0.00185629,
    2.14527415,
    2.1421452,
    122479.7868369113,
    "BTC-PERPETUAL",
    null,
    -17840,
    -0.312407024,
    57446.33,
    0.001856287,
    -306200,
    183719
  ],
  "time": 1616436189656
}