{
  "code": 200,
  "result": [
    -0.14675074174562516,
    2.14800611,
    0,
    0.00458815,
    2.14800611,
    2.14484975,
    121566.67685485027,
    "BTC-PERPETUAL",
    null,
    -17840,
    -0.315138891,
    57446.33,
    0.004588154,
    -303917,
    182350
  ],
  "time": 1616438411283
}