{
  "code": 200,
  "result": [
    -0.14620385575468264,
    2.14659383,
    0,
    0.00317597,
    2.14659383,
    2.14345164,
    122021.40571404608,
    "BTC-PERPETUAL",
    null,
    -17840,
    -0.313726704,
    57446.33,
    0.003175967,
    -305054,
    183032
  ],
  "time": 1616430309893
}