{
  "code": 200,
  "result": [
    -0.14524987686973712,
    2.14422119,
    0,
    0.00081377,
    2.14422119,
    2.1411027,
    122822.82356768713,
    "BTC-PERPETUAL",
    null,
    -17840,
    -0.311364508,
    57446.33,
    0.000813771,
    -307058,
    184234
  ],
  "time": 1616416449189
}