{
  "code": 200,
  "result": [
    -0.14549772862505664,
    2.14491359,
    0,
    0.00149574,
    2.14491359,
    2.14178826,
    122613.59794813811,
    "BTC-PERPETUAL",
    null,
    -17840,
    -0.312046481,
    57446.33,
    0.001495744,
    -306534,
    183920
  ],
  "time": 1616427970900
}