{
  "code": 200,
  "result": [
    -0.14599081670853498,
    2.14578779,
    0,
    0.00237045,
    2.14578779,
    2.14265368,
    122199.46707755509,
    "BTC-PERPETUAL",
    null,
    -17840,
    -0.312921189,
    57446.33,
    0.002370452,
    -305499,
    183299
  ],
  "time": 1616421670450
}