{
  "code": 200,
  "result": [
    -0.14541505600156737,
    2.14461247,
    0,
    0.00119513,
    2.14461247,
    2.14149015,
    122683.3072897741,
    "BTC-PERPETUAL",
    null,
    -17840,
    -0.311745864,
    57446.33,
    0.001195127,
    -306709,
    184024
  ],
  "time": 1616422210567
}