{
  "code": 200,
  "result": [
    -0.198439384961519,
    2.15840703,
    0,
    0.0150351,
    2.15840703,
    2.15411522,
    117920.13971690995,
    "BTC-PERPETUAL",
    null,
    -23400,
    -0.428263487,
    56627.28,
    0.015035101,
    -294801,
    176880
  ],
  "time": 1616472428253
}