{
  "code": 200,
  "result": [
    -0.14555007730704,
    2.14489434,
    0,
    0.00147686,
    2.14489434,
    2.14176919,
    122569.49862256866,
    "BTC-PERPETUAL",
    null,
    -17840,
    -0.312027597,
    57446.33,
    0.00147686,
    -306424,
    183854
  ],
  "time": 1616424188979
}