{
  "code": 200,
  "result": [
    -0.19666832559625133,
    2.15385363,
    0,
    0.01048171,
    2.15385363,
    2.14960755,
    118982.04720590769,
    "BTC-PERPETUAL",
    null,
    -23400,
    -0.423710092,
    56627.28,
    0.010481706,
    -297456,
    178473
  ],
  "time": 1616464328327
}