{
  "code": 200,
  "result": [
    -0.15212898175063014,
    2.16143323,
    0,
    0.0180103,
    2.16143323,
    2.15814222,
    117268.91085909806,
    "BTC-PERPETUAL",
    null,
    -17840,
    -0.328561033,
    57446.33,
    0.018010296,
    -293173,
    175903
  ],
  "time": 1616452210195
}