{
  "code": 200,
  "result": [
    -0.1513424900665217,
    2.15959245,
    0,
    0.01616938,
    2.15959245,
    2.15631991,
    117878.33008534837,
    "BTC-PERPETUAL",
    null,
    -17840,
    -0.32672012,
    57446.33,
    0.016169383,
    -294696,
    176817
  ],
  "time": 1616456888503
}