{
  "code": 200,
  "result": [
    -0.14688660514590934,
    2.14912701,
    0,
    0.00570906,
    2.14912701,
    2.14595941,
    121454.23323167345,
    "BTC-PERPETUAL",
    null,
    -17840,
    -0.316259795,
    57446.33,
    0.005709058,
    -303636,
    182181
  ],
  "time": 1616439848599
}