{
  "code": 200,
  "result": [
    -0.15125989725175532,
    2.15934014,
    0,
    0.01592078,
    2.15934014,
    2.1560701,
    117942.69548066199,
    "BTC-PERPETUAL",
    null,
    -17840,
    -0.326471515,
    57446.33,
    0.015920778,
    -294857,
    176914
  ],
  "time": 1616448188416
}