{
  "code": 200,
  "result": [
    -0.1985652552115952,
    2.15897384,
    0,
    0.01560191,
    2.15897384,
    2.15467634,
    117845.39029783674,
    "BTC-PERPETUAL",
    null,
    -23400,
    -0.428830298,
    56627.28,
    0.015601912,
    -294614,
    176768
  ],
  "time": 1616472488902
}