{
  "code": 200,
  "result": [
    -0.19899806466823008,
    2.1595063,
    0,
    0.01613438,
    2.1595063,
    2.15520346,
    117589.08328587275,
    "BTC-PERPETUAL",
    null,
    -23400,
    -0.429362761,
    56627.28,
    0.016134375,
    -293973,
    176383
  ],
  "time": 1616475188862
}