{
  "code": 200,
  "result": [
    -0.19863390637586548,
    2.15883792,
    0,
    0.015466,
    2.15883792,
    2.15454179,
    117804.66098129941,
    "BTC-PERPETUAL",
    null,
    -23400,
    -0.428694384,
    56627.28,
    0.015465998,
    -294512,
    176706
  ],
  "time": 1616470088339
}