{
  "code": 200,
  "result": [
    -0.19857232715363232,
    2.1588856,
    0,
    0.01551368,
    2.1588856,
    2.15458899,
    117841.19335971616,
    "BTC-PERPETUAL",
    null,
    -23400,
    -0.428742062,
    56627.28,
    0.015513676,
    -294603,
    176761
  ],
  "time": 1616461328475
}