{
  "code": 200,
  "result": [
    -0.19816000280147902,
    2.15730096,
    0,
    0.01392904,
    2.15730096,
    2.15302026,
    118086.39316301698,
    "BTC-PERPETUAL",
    null,
    -23400,
    -0.427157428,
    56627.28,
    0.013929042,
    -295216,
    177129
  ],
  "time": 1616460547874
}