{
  "code": 200,
  "result": [
    -0.15093915778316822,
    2.15844497,
    0,
    0.01502267,
    2.15844497,
    2.15518393,
    118193.31883134044,
    "BTC-PERPETUAL",
    null,
    -17840,
    -0.325573408,
    57446.33,
    0.015022671,
    -295484,
    177289
  ],
  "time": 1616449988835
}