{
  "code": 200,
  "result": [
    -0.14820320560541717,
    2.15169169,
    0,
    0.0082737,
    2.15169169,
    2.14849836,
    120375.263997312,
    "BTC-PERPETUAL",
    null,
    -17840,
    -0.318824439,
    57446.33,
    0.008273702,
    -300939,
    180562
  ],
  "time": 1616442309574
}