{
  "code": 200,
  "result": [
    -0.1453632631881117,
    2.14408001,
    0,
    0.00073804,
    2.14408001,
    2.14096228,
    122727.01925323189,
    "BTC-PERPETUAL",
    null,
    -17840,
    -0.311288772,
    57446.33,
    0.000738035,
    -306818,
    184090
  ],
  "time": 1616403549470
}