{
  "code": 200,
  "result": [
    -0.14365474392304609,
    2.13994478,
    0,
    -0.00343965,
    2.13994478,
    2.13686895,
    124186.64022370642,
    "BTC-PERPETUAL",
    null,
    -17840,
    -0.307071386,
    57446.33,
    -0.003479351,
    -310467,
    186279
  ],
  "time": 1616411888841
}