{
  "code": 200,
  "result": [
    -0.14693549084324137,
    2.14841977,
    0,
    0.00500181,
    2.14841977,
    2.14525926,
    121413.8251937557,
    "BTC-PERPETUAL",
    null,
    -17840,
    -0.315552549,
    57446.33,
    0.005001812,
    -303535,
    182120
  ],
  "time": 1616438529450
}