{
  "code": 200,
  "result": [
    -0.14570949557598367,
    2.14510657,
    0,
    0.00176348,
    2.14510657,
    2.14197855,
    122435.39742883063,
    "BTC-PERPETUAL",
    null,
    -17840,
    -0.312314213,
    57446.33,
    0.001763476,
    -306089,
    183653
  ],
  "time": 1616403789143
}