{
  "code": 200,
  "result": [
    -0.14542354322740847,
    2.14425237,
    0,
    0.00089949,
    2.14425237,
    2.14113302,
    122676.14723224289,
    "BTC-PERPETUAL",
    null,
    -17840,
    -0.31145023,
    57446.33,
    0.000899493,
    -306691,
    184014
  ],
  "time": 1616406129752
}