{
  "code": 200,
  "result": [
    -0.19872849039258306,
    2.15905354,
    0,
    0.01568161,
    2.15905354,
    2.15475524,
    117748.59233205012,
    "BTC-PERPETUAL",
    null,
    -23400,
    -0.42891,
    56627.28,
    0.015681614,
    -294372,
    176622
  ],
  "time": 1616471409523
}