{
  "code": 200,
  "result": [
    -0.1436285438063984,
    2.13995523,
    0,
    -0.00342601,
    2.13995523,
    2.13687926,
    124209.29382983316,
    "BTC-PERPETUAL",
    null,
    -17840,
    -0.307124726,
    57446.33,
    -0.003426011,
    -310524,
    186313
  ],
  "time": 1616411348776
}