{
  "code": 200,
  "result": [
    -0.1507249867872946,
    2.15802727,
    0,
    0.01460421,
    2.15802727,
    2.15477044,
    118361.26431496114,
    "BTC-PERPETUAL",
    null,
    -17840,
    -0.325154945,
    57446.33,
    0.014604208,
    -295904,
    177541
  ],
  "time": 1616454428143
}