{
  "code": 200,
  "result": [
    -0.14687001371052058,
    2.14936979,
    0,
    0.00595184,
    2.14936979,
    2.14619976,
    121467.95352768518,
    "BTC-PERPETUAL",
    null,
    -17840,
    -0.316502576,
    57446.33,
    0.005951839,
    -303670,
    182201
  ],
  "time": 1616439910453
}