{
  "code": 200,
  "result": [
    -0.19853043682368487,
    2.15849514,
    0,
    0.01512322,
    2.15849514,
    2.15420245,
    117866.05809355856,
    "BTC-PERPETUAL",
    null,
    -23400,
    -0.428351604,
    56627.28,
    0.015123218,
    -294666,
    176799
  ],
  "time": 1616468469549
}