{
  "code": 200,
  "result": [
    -0.19767890305205513,
    2.15614414,
    0,
    0.01277222,
    2.15614414,
    2.15187506,
    118373.78515722559,
    "BTC-PERPETUAL",
    null,
    -23400,
    -0.426000601,
    56627.28,
    0.012772215,
    -295935,
    177560
  ],
  "time": 1616463308645
}