{
  "code": 200,
  "result": [
    -0.1515517923199904,
    2.15999478,
    0,
    0.01657185,
    2.15999478,
    2.15671821,
    117715.53293366639,
    "BTC-PERPETUAL",
    null,
    -17840,
    -0.327122588,
    57446.33,
    0.016571851,
    -294289,
    176573
  ],
  "time": 1616451609337
}