{
  "code": 200,
  "result": [
    -0.14539671573613708,
    2.14430815,
    0,
    0.00089302,
    2.14430815,
    2.14118886,
    122698.78249778117,
    "BTC-PERPETUAL",
    null,
    -17840,
    -0.31144376,
    57446.33,
    0.000893023,
    -306747,
    184048
  ],
  "time": 1616419811272
}