{
  "code": 200,
  "result": [
    -0.14598330532148812,
    2.14583929,
    0,
    0.00242184,
    2.14583929,
    2.14270467,
    122205.75469717104,
    "BTC-PERPETUAL",
    null,
    -17840,
    -0.312972573,
    57446.33,
    0.002421836,
    -305515,
    183308
  ],
  "time": 1616423828860
}