{
  "code": 200,
  "result": [
    -0.19721630330536843,
    2.15507735,
    0,
    0.01170542,
    2.15507735,
    2.15081898,
    118651.44822113207,
    "BTC-PERPETUAL",
    null,
    -23400,
    -0.424933808,
    56627.28,
    0.011705422,
    -296629,
    177977
  ],
  "time": 1616465288781
}