{
  "code": 200,
  "result": [
    0.8563596893945469,
    0,
    134374.12039018,
    null,
    null,
    0,
    134374.12039018,
    "BTC-PERP",
    null,
    2.03,
    115072.58,
    46698.24289725408,
    84546.7273,
    -4,
    5,
    56686
  ],
  "time": 1616432107771
}