{
  "code": 200,
  "result": [
    0.855446427085077,
    0,
    135898.67970591,
    null,
    null,
    0,
    135898.67970591,
    "BTC-PERP",
    null,
    2.03,
    116268.25,
    46698.24289725408,
    85742.3973,
    -4,
    5,
    57268
  ],
  "time": 1616404447257
}