{
  "code": 200,
  "result": [
    0.8006860688724936,
    0,
    129493.67652419,
    null,
    null,
    0,
    129493.67652419,
    "BTC-PERP",
    null,
    1.9076,
    103685.6904,
    46698.24289725408,
    79785.3497,
    -4,
    5,
    54353
  ],
  "time": 1616473506734
}