{
  "code": 200,
  "result": [
    0.8015343654915005,
    0,
    129842.13488611,
    null,
    null,
    0,
    129842.13488611,
    "BTC-PERP",
    null,
    1.9076,
    104055.7648,
    46698.24289725408,
    80155.4241,
    -4,
    5,
    54557
  ],
  "time": 1616459767568
}