{
  "code": 200,
  "result": [
    0.8031716469710486,
    0,
    131128.37884303,
    null,
    null,
    0,
    131128.37884303,
    "BTC-PERP",
    null,
    1.9076,
    105341.4872,
    46698.24289725408,
    81441.1465,
    -4,
    5,
    55210
  ],
  "time": 1616464386214
}