{
  "code": 200,
  "result": [
    0.8573921657062763,
    0,
    136916.15656798,
    null,
    null,
    0,
    136916.15656798,
    "BTC-PERP",
    null,
    2.03,
    117390.84,
    46698.24289725408,
    86864.9873,
    -4,
    5,
    57828
  ],
  "time": 1616413807262
}