{
  "code": 200,
  "result": [
    0.8015444397495943,
    0,
    129983.29728611,
    null,
    null,
    0,
    129983.29728611,
    "BTC-PERP",
    null,
    1.9076,
    104196.9272,
    46698.24289725408,
    80296.5865,
    -4,
    5,
    54617
  ],
  "time": 1616458986400
}