{
  "code": 200,
  "result": [
    0.8526330123484706,
    0,
    129980.68148305,
    null,
    null,
    0,
    129980.68148305,
    "BTC-PERP",
    null,
    2.03,
    110844.09,
    46698.24289725408,
    80318.2373,
    -4,
    5,
    54594
  ],
  "time": 1616446626618
}