{
  "code": 200,
  "result": [
    0.8520740135358157,
    0,
    129872.97845265,
    null,
    null,
    0,
    129872.97845265,
    "BTC-PERP",
    null,
    2.03,
    110706.05,
    46698.24289725408,
    80180.1973,
    -4,
    5,
    54513
  ],
  "time": 1616450346305
}