{
  "code": 200,
  "result": [
    0.800619062176698,
    0,
    129335.34572419,
    null,
    null,
    0,
    129335.34572419,
    "BTC-PERP",
    null,
    1.9076,
    103567.4192,
    46698.24289725408,
    79667.0785,
    -4,
    5,
    54282
  ],
  "time": 1616475847192
}