{
  "code": 200,
  "result": [
    0.8570553953116925,
    0,
    135333.27091164,
    null,
    null,
    0,
    135333.27091164,
    "BTC-PERP",
    null,
    2.03,
    115988.11,
    46698.24289725408,
    85462.2573,
    -4,
    5,
    57137
  ],
  "time": 1616425508335
}