{
  "code": 200,
  "result": [
    0.8031135365846503,
    0,
    131002.47724303,
    null,
    null,
    0,
    131002.47724303,
    "BTC-PERP",
    null,
    1.9076,
    105209.8628,
    46698.24289725408,
    81309.5221,
    -4,
    5,
    55153
  ],
  "time": 1616464746284
}