{
  "code": 200,
  "result": [
    0.8575607534442694,
    0,
    137526.01145321,
    null,
    null,
    0,
    137526.01145321,
    "BTC-PERP",
    null,
    2.03,
    117936.91,
    46698.24289725408,
    87411.0573,
    -4,
    5,
    58097
  ],
  "time": 1616408108215
}