{
  "code": 200,
  "result": [
    0.8529634706552572,
    0,
    130520.54845265,
    null,
    null,
    0,
    130520.54845265,
    "BTC-PERP",
    null,
    2.03,
    111353.62,
    46698.24289725408,
    80827.7673,
    -4,
    5,
    54842
  ],
  "time": 1616447768068
}