{
  "code": 200,
  "result": [
    0.8564854097742322,
    0,
    134944.56377309,
    null,
    null,
    0,
    134944.56377309,
    "BTC-PERP",
    null,
    2.03,
    115561.81,
    46698.24289725408,
    85035.9573,
    -4,
    5,
    56935
  ],
  "time": 1616423168445
}