{
  "code": 200,
  "result": [
    0.8575735398905915,
    0,
    135353.28995203,
    null,
    null,
    0,
    135353.28995203,
    "BTC-PERP",
    null,
    2.03,
    116075.4,
    46698.24289725408,
    85549.5473,
    -4,
    5,
    57180
  ],
  "time": 1616434686292
}