{
  "code": 200,
  "result": [
    0.8578506762173927,
    0,
    137548.15758879,
    null,
    null,
    0,
    137548.15758879,
    "BTC-PERP",
    null,
    2.03,
    117997.81,
    46698.24289725408,
    87471.9573,
    -4,
    5,
    58126
  ],
  "time": 1616411346666
}