{
  "code": 200,
  "result": [
    0.8561189587616815,
    0,
    134219.84039018,
    null,
    null,
    0,
    134219.84039018,
    "BTC-PERP",
    null,
    2.03,
    114918.3,
    46698.24289725408,
    84392.4473,
    -4,
    5,
    56605
  ],
  "time": 1616432288098
}