{
  "code": 200,
  "result": [
    0.8554291756899377,
    0,
    132733.36148305,
    null,
    null,
    0,
    132733.36148305,
    "BTC-PERP",
    null,
    2.03,
    113566.32,
    46698.24289725408,
    83040.4673,
    -4,
    5,
    55933
  ],
  "time": 1616444107740
}