{
  "code": 200,
  "result": [
    0.8566647789806547,
    0,
    135226.73377309,
    null,
    null,
    0,
    135226.73377309,
    "BTC-PERP",
    null,
    2.03,
    115843.98,
    46698.24289725408,
    85318.1273,
    -4,
    5,
    57066
  ],
  "time": 1616422926830
}