{
  "code": 200,
  "result": [
    0.8559382035901907,
    0,
    136038.79288434,
    null,
    null,
    0,
    136038.79288434,
    "BTC-PERP",
    null,
    2.03,
    116440.8,
    46698.24289725408,
    85914.9473,
    -4,
    5,
    57360
  ],
  "time": 1616406608323
}