{
  "code": 200,
  "result": [
    0.8025875798496365,
    0,
    130665.25402704,
    null,
    null,
    0,
    130665.25402704,
    "BTC-PERP",
    null,
    1.9076,
    104877.9404,
    46698.24289725408,
    80977.5997,
    -4,
    5,
    54975
  ],
  "time": 1616467326510
}