{
  "code": 200,
  "result": [
    0.8575019033511776,
    0,
    135243.86307106,
    null,
    null,
    0,
    135243.86307106,
    "BTC-PERP",
    null,
    2.03,
    115971.87,
    46698.24289725408,
    85446.0173,
    -4,
    5,
    57129
  ],
  "time": 1616434926851
}