{
  "code": 200,
  "result": [
    0.856328334805997,
    0,
    134305.55235108,
    null,
    null,
    0,
    134305.55235108,
    "BTC-PERP",
    null,
    2.03,
    115005.59,
    46698.24289725408,
    84479.7373,
    -4,
    5,
    56655
  ],
  "time": 1616431927135
}