{
  "code": 200,
  "result": [
    0.8570032429602726,
    0,
    136234.51364864,
    null,
    null,
    0,
    136234.51364864,
    "BTC-PERP",
    null,
    2.03,
    116753.42,
    46698.24289725408,
    86227.5673,
    -4,
    5,
    57514
  ],
  "time": 1616416026943
}