{
  "code": 200,
  "result": [
    0.8518906983562501,
    0,
    129395.74315425,
    null,
    null,
    0,
    129395.74315425,
    "BTC-PERP",
    null,
    2.03,
    110214.79,
    46698.24289725408,
    79688.9373,
    -4,
    5,
    54301
  ],
  "time": 1616451067422
}