{
  "code": 200,
  "result": [
    0.8524003834769135,
    0,
    129542.23407267,
    null,
    null,
    0,
    129542.23407267,
    "BTC-PERP",
    null,
    2.03,
    110377.19,
    46698.24289725408,
    79851.3373,
    -4,
    5,
    54395
  ],
  "time": 1616455267978
}