{
  "code": 200,
  "result": [
    0.8021240451163927,
    0,
    130257.99168611,
    null,
    null,
    0,
    130257.99168611,
    "BTC-PERP",
    null,
    1.9076,
    104471.6216,
    46698.24289725408,
    80571.2809,
    -4,
    5,
    54772
  ],
  "time": 1616460545744
}