{
  "code": 200,
  "result": [
    0.8023415129227222,
    0,
    130365.33884303,
    null,
    null,
    0,
    130365.33884303,
    "BTC-PERP",
    null,
    1.9076,
    104578.4472,
    46698.24289725408,
    80678.1065,
    -4,
    5,
    54832
  ],
  "time": 1616462768411
}