{
  "code": 200,
  "result": [
    0.8560559466005219,
    0,
    136190.81844239,
    null,
    null,
    0,
    136190.81844239,
    "BTC-PERP",
    null,
    2.03,
    116601.17,
    46698.24289725408,
    86075.3173,
    -4,
    5,
    57432
  ],
  "time": 1616407210660
}