{
  "code": 200,
  "result": [
    0.8013635012158347,
    0,
    129884.10208611,
    null,
    null,
    0,
    129884.10208611,
    "BTC-PERP",
    null,
    1.9076,
    104086.2864,
    46698.24289725408,
    80185.9457,
    -4,
    5,
    54563
  ],
  "time": 1616460186673
}