{
  "code": 200,
  "result": [
    0.8575729905388442,
    0,
    135225.55080371,
    null,
    null,
    0,
    135225.55080371,
    "BTC-PERP",
    null,
    2.03,
    115963.75,
    46698.24289725408,
    85437.8973,
    -4,
    5,
    57126
  ],
  "time": 1616435886876
}