{
  "code": 200,
  "result": [
    0.8532988342658352,
    0,
    130666.70845265,
    null,
    null,
    0,
    130666.70845265,
    "BTC-PERP",
    null,
    2.03,
    111499.78,
    46698.24289725408,
    80973.9273,
    -4,
    5,
    54925
  ],
  "time": 1616447167629
}