{
  "code": 200,
  "result": [
    0.8574137591587859,
    0,
    134933.4073126,
    null,
    null,
    0,
    134933.4073126,
    "BTC-PERP",
    null,
    2.03,
    115693.76,
    46698.24289725408,
    85167.9073,
    -4,
    5,
    56992
  ],
  "time": 1616436908659
}