{
  "code": 200,
  "result": [
    0.8565186259243747,
    0,
    135003.32216968,
    null,
    null,
    0,
    135003.32216968,
    "BTC-PERP",
    null,
    2.03,
    115612.56,
    46698.24289725408,
    85086.7073,
    -4,
    5,
    56962
  ],
  "time": 1616421611309
}