{
  "code": 200,
  "result": [
    0.8564234001318544,
    0,
    134906.9280244,
    null,
    null,
    0,
    134906.9280244,
    "BTC-PERP",
    null,
    2.03,
    115507,
    46698.24289725408,
    84981.1473,
    -4,
    5,
    56915
  ],
  "time": 1616420826794
}