{
  "code": 200,
  "result": [
    0.8523551232678093,
    0,
    129651.52315425,
    null,
    null,
    0,
    129651.52315425,
    "BTC-PERP",
    null,
    2.03,
    110486.81,
    46698.24289725408,
    79960.9573,
    -4,
    5,
    54438
  ],
  "time": 1616453646320
}