{
  "code": 200,
  "result": [
    0.8523891098355567,
    0,
    129846.40315425,
    null,
    null,
    0,
    129846.40315425,
    "BTC-PERP",
    null,
    2.03,
    110681.69,
    46698.24289725408,
    80155.8373,
    -4,
    5,
    54522
  ],
  "time": 1616451607260
}