{
  "code": 200,
  "result": [
    0.8015964979216749,
    0,
    129977.23551704,
    null,
    null,
    0,
    129977.23551704,
    "BTC-PERP",
    null,
    1.9076,
    104189.2968,
    46698.24289725408,
    80288.9561,
    -4,
    5,
    54618
  ],
  "time": 1616469367495
}