{
  "code": 200,
  "result": [
    0.8546549885266492,
    0,
    132110.15148305,
    null,
    null,
    0,
    132110.15148305,
    "BTC-PERP",
    null,
    2.03,
    112943.11,
    46698.24289725408,
    82417.2573,
    -4,
    5,
    55620
  ],
  "time": 1616445546497
}