{
  "code": 200,
  "result": [
    0.8014243405174617,
    0,
    129883.76311704,
    null,
    null,
    0,
    129883.76311704,
    "BTC-PERP",
    null,
    1.9076,
    104095.8244,
    46698.24289725408,
    80195.4837,
    -4,
    5,
    54567
  ],
  "time": 1616469186042
}