{
  "code": 200,
  "result": [
    0.8014983789901984,
    0,
    129905.08568611,
    null,
    null,
    0,
    129905.08568611,
    "BTC-PERP",
    null,
    1.9076,
    104118.7156,
    46698.24289725408,
    80218.3749,
    -4,
    5,
    54581
  ],
  "time": 1616459826707
}