{
  "code": 200,
  "result": [
    0.8017956328689784,
    0,
    130223.31591704,
    null,
    null,
    0,
    130223.31591704,
    "BTC-PERP",
    null,
    1.9076,
    104435.3772,
    46698.24289725408,
    80535.0365,
    -4,
    5,
    54735
  ],
  "time": 1616472186434
}