{
  "code": 200,
  "result": [
    0.8016119954299648,
    0,
    129979.48208611,
    null,
    null,
    0,
    129979.48208611,
    "BTC-PERP",
    null,
    1.9076,
    104193.112,
    46698.24289725408,
    80292.7713,
    -4,
    5,
    54620
  ],
  "time": 1616458867829
}