{
  "code": 200,
  "result": [
    0.8026220497724543,
    0,
    130531.30004303,
    null,
    null,
    0,
    130531.30004303,
    "BTC-PERP",
    null,
    1.9076,
    104744.4084,
    46698.24289725408,
    80844.0677,
    -4,
    5,
    54921
  ],
  "time": 1616463726229
}