{
  "code": 200,
  "result": [
    0.8556790747682368,
    0,
    132808.47148305,
    null,
    null,
    0,
    132808.47148305,
    "BTC-PERP",
    null,
    2.03,
    113619.1,
    46698.24289725408,
    83093.2473,
    -4,
    5,
    55981
  ],
  "time": 1616444346237
}