{
  "code": 200,
  "result": [
    0.8580255042844929,
    0,
    137671.54870123,
    null,
    null,
    0,
    137671.54870123,
    "BTC-PERP",
    null,
    2.03,
    118129.76,
    46698.24289725408,
    87603.9073,
    -4,
    5,
    58190
  ],
  "time": 1616411467183
}