{
  "code": 200,
  "result": [
    0.8573053218296925,
    0,
    136918.18656798,
    null,
    null,
    0,
    136918.18656798,
    "BTC-PERP",
    null,
    2.03,
    117376.63,
    46698.24289725408,
    86850.7773,
    -4,
    5,
    57823
  ],
  "time": 1616413267237
}