{
  "code": 200,
  "result": [
    0.8019269688440726,
    0,
    130059.26231704,
    null,
    null,
    0,
    130059.26231704,
    "BTC-PERP",
    null,
    1.9076,
    104271.3236,
    46698.24289725408,
    80370.9829,
    -4,
    5,
    54675
  ],
  "time": 1616469546299
}