{
  "code": 200,
  "result": [
    0.8572952304553023,
    0,
    134762.63006694,
    null,
    null,
    0,
    134762.63006694,
    "BTC-PERP",
    null,
    2.03,
    115519.18,
    46698.24289725408,
    84993.3273,
    -4,
    5,
    56912
  ],
  "time": 1616436727123
}