{
  "code": 200,
  "result": [
    0.8568173036605097,
    0,
    135235.83091164,
    null,
    null,
    0,
    135235.83091164,
    "BTC-PERP",
    null,
    2.03,
    115890.67,
    46698.24289725408,
    85364.8173,
    -4,
    5,
    57080
  ],
  "time": 1616425627203
}