{
  "code": 200,
  "result": [
    0.8570291259294626,
    0,
    135413.21582757,
    null,
    null,
    0,
    135413.21582757,
    "BTC-PERP",
    null,
    2.03,
    116053.07,
    46698.24289725408,
    85527.2173,
    -4,
    5,
    57169
  ],
  "time": 1616424968006
}