{
  "code": 200,
  "result": [
    0.8016368497975651,
    0,
    129875.50762704,
    null,
    null,
    0,
    129875.50762704,
    "BTC-PERP",
    null,
    1.9076,
    104088.194,
    46698.24289725408,
    80187.8533,
    -4,
    5,
    54578
  ],
  "time": 1616469126811
}