{
  "code": 200,
  "result": [
    0.852441788577672,
    0,
    129881.24407267,
    null,
    null,
    0,
    129881.24407267,
    "BTC-PERP",
    null,
    2.03,
    110716.2,
    46698.24289725408,
    80190.3473,
    -4,
    5,
    54540
  ],
  "time": 1616456587062
}