{
  "code": 200,
  "result": [
    0.8577011033090007,
    0,
    135195.8853179,
    null,
    null,
    0,
    135195.8853179,
    "BTC-PERP",
    null,
    2.03,
    115959.69,
    46698.24289725408,
    85433.8373,
    -4,
    5,
    57122
  ],
  "time": 1616437268241
}