{
  "code": 200,
  "result": [
    0.8565500145267196,
    0,
    135465.25950865,
    null,
    null,
    0,
    135465.25950865,
    "BTC-PERP",
    null,
    2.03,
    116059.16,
    46698.24289725408,
    85533.3073,
    -4,
    5,
    57159
  ],
  "time": 1616420346961
}