{
  "code": 200,
  "result": [
    0.8571019609374477,
    0,
    135482.23582757,
    null,
    null,
    0,
    135482.23582757,
    "BTC-PERP",
    null,
    2.03,
    116122.09,
    46698.24289725408,
    85596.2373,
    -4,
    5,
    57203
  ],
  "time": 1616424308013
}