{
  "code": 200,
  "result": [
    0.8025568055248931,
    0,
    130596.58042704,
    null,
    null,
    0,
    130596.58042704,
    "BTC-PERP",
    null,
    1.9076,
    104811.1744,
    46698.24289725408,
    80910.8337,
    -4,
    5,
    54944
  ],
  "time": 1616465646489
}