{
  "code": 200,
  "result": [
    0.8027467668463605,
    0,
    130732.02002704,
    null,
    null,
    0,
    130732.02002704,
    "BTC-PERP",
    null,
    1.9076,
    104944.7064,
    46698.24289725408,
    81044.3657,
    -4,
    5,
    55014
  ],
  "time": 1616466967753
}