{
  "code": 200,
  "result": [
    0.8578601513885395,
    0,
    137468.54870123,
    null,
    null,
    0,
    137468.54870123,
    "BTC-PERP",
    null,
    2.03,
    117926.76,
    46698.24289725408,
    87400.9073,
    -4,
    5,
    58093
  ],
  "time": 1616412186741
}