{
  "code": 200,
  "result": [
    0.8532733389255521,
    0,
    130630.16845265,
    null,
    null,
    0,
    130630.16845265,
    "BTC-PERP",
    null,
    2.03,
    111463.24,
    46698.24289725408,
    80937.3873,
    -4,
    5,
    54908
  ],
  "time": 1616447586014
}