{
  "code": 200,
  "result": [
    0.8577931539942354,
    0,
    137360.95870123,
    null,
    null,
    0,
    137360.95870123,
    "BTC-PERP",
    null,
    2.03,
    117819.17,
    46698.24289725408,
    87293.3173,
    -4,
    5,
    58043
  ],
  "time": 1616411586413
}