{
  "code": 200,
  "result": [
    0.8565861303067046,
    0,
    135272.3280244,
    null,
    null,
    0,
    135272.3280244,
    "BTC-PERP",
    null,
    2.03,
    115872.4,
    46698.24289725408,
    85346.5473,
    -4,
    5,
    57080
  ],
  "time": 1616421368456
}