{
  "code": 200,
  "result": [
    0.8013837485193622,
    0,
    129823.69132419,
    null,
    null,
    0,
    129823.69132419,
    "BTC-PERP",
    null,
    1.9076,
    104036.6888,
    46698.24289725408,
    80136.3481,
    -4,
    5,
    54539
  ],
  "time": 1616474947166
}