{
  "code": 200,
  "result": [
    0.8569346358007524,
    0,
    135063.33524709,
    null,
    null,
    0,
    135063.33524709,
    "BTC-PERP",
    null,
    2.03,
    115752.63,
    46698.24289725408,
    85226.7773,
    -4,
    5,
    57015
  ],
  "time": 1616429047026
}