{
  "code": 200,
  "result": [
    0.8011295880246496,
    0,
    129662.48151704,
    null,
    null,
    0,
    129662.48151704,
    "BTC-PERP",
    null,
    1.9076,
    103874.5428,
    46698.24289725408,
    79974.2021,
    -4,
    5,
    54454
  ],
  "time": 1616470506345
}