{
  "code": 200,
  "result": [
    0.8574624027697644,
    0,
    136691.87082885,
    null,
    null,
    0,
    136691.87082885,
    "BTC-PERP",
    null,
    2.03,
    117171.6,
    46698.24289725408,
    86645.7473,
    -4,
    5,
    57738
  ],
  "time": 1616414586986
}