{
  "code": 200,
  "result": [
    0.8566836745914572,
    0,
    134692.96009992,
    null,
    null,
    0,
    134692.96009992,
    "BTC-PERP",
    null,
    2.03,
    115389.26,
    46698.24289725408,
    84863.4073,
    -4,
    5,
    56842
  ],
  "time": 1616430486973
}