{
  "code": 200,
  "result": [
    0.8567041526857031,
    0,
    133931.4857297,
    null,
    null,
    0,
    133931.4857297,
    "BTC-PERP",
    null,
    2.03,
    114739.66,
    46698.24289725408,
    84213.8073,
    -4,
    5,
    56522
  ],
  "time": 1616438646746
}