{
  "code": 200,
  "result": [
    0.8570835764131707,
    0,
    135634.35725428,
    null,
    null,
    0,
    135634.35725428,
    "BTC-PERP",
    null,
    2.03,
    116249.98,
    46698.24289725408,
    85724.1273,
    -4,
    5,
    57266
  ],
  "time": 1616422147013
}