{
  "code": 200,
  "result": [
    0.8578801169864194,
    0,
    137562.36758879,
    null,
    null,
    0,
    137562.36758879,
    "BTC-PERP",
    null,
    2.03,
    118012.02,
    46698.24289725408,
    87486.1673,
    -4,
    5,
    58134
  ],
  "time": 1616410146906
}