{
  "code": 200,
  "result": [
    0.8557851547684218,
    0,
    132588.00923078,
    null,
    null,
    0,
    132588.00923078,
    "BTC-PERP",
    null,
    2.03,
    113395.8,
    46698.24289725408,
    82869.9473,
    -4,
    5,
    55895
  ],
  "time": 1616440807521
}