{
  "code": 200,
  "result": [
    0.85291477204938,
    0,
    130282.85315425,
    null,
    null,
    0,
    130282.85315425,
    "BTC-PERP",
    null,
    2.03,
    111118.14,
    46698.24289725408,
    80592.2873,
    -4,
    5,
    54739
  ],
  "time": 1616454967794
}