{
  "code": 200,
  "result": [
    0.8524491587065651,
    0,
    129996.80845265,
    null,
    null,
    0,
    129996.80845265,
    "BTC-PERP",
    null,
    2.03,
    110829.88,
    46698.24289725408,
    80304.0273,
    -4,
    5,
    54589
  ],
  "time": 1616448667718
}