{
  "code": 200,
  "result": [
    0.8013150195277511,
    0,
    129946.71391704,
    null,
    null,
    0,
    129946.71391704,
    "BTC-PERP",
    null,
    1.9076,
    104158.7752,
    46698.24289725408,
    80258.4345,
    -4,
    5,
    54586
  ],
  "time": 1616470026633
}