{
  "code": 200,
  "result": [
    0.8559273088080684,
    0,
    136087.95840643,
    null,
    null,
    0,
    136087.95840643,
    "BTC-PERP",
    null,
    2.03,
    116481.4,
    46698.24289725408,
    85955.5473,
    -4,
    5,
    57380
  ],
  "time": 1616405467873
}