{
  "code": 200,
  "result": [
    0.8569339312084205,
    0,
    135648.56725428,
    null,
    null,
    0,
    135648.56725428,
    "BTC-PERP",
    null,
    2.03,
    116264.19,
    46698.24289725408,
    85738.3373,
    -4,
    5,
    57262
  ],
  "time": 1616422208166
}