{
  "code": 200,
  "result": [
    0.8572503728233317,
    0,
    135361.69091164,
    null,
    null,
    0,
    135361.69091164,
    "BTC-PERP",
    null,
    2.03,
    116016.53,
    46698.24289725408,
    85490.6773,
    -4,
    5,
    57162
  ],
  "time": 1616425447939
}