{
  "code": 200,
  "result": [
    0.8573551041073708,
    0,
    136742.12638188,
    null,
    null,
    0,
    136742.12638188,
    "BTC-PERP",
    null,
    2.03,
    117210.17,
    46698.24289725408,
    86684.3173,
    -4,
    5,
    57752
  ],
  "time": 1616412546650
}