{
  "code": 200,
  "result": [
    0.8577754809171468,
    0,
    137832.372958,
    null,
    null,
    0,
    137832.372958,
    "BTC-PERP",
    null,
    2.03,
    118251.56,
    46698.24289725408,
    87725.7073,
    -4,
    5,
    58241
  ],
  "time": 1616408468262
}