{
  "code": 200,
  "result": [
    0.8581306578940172,
    0,
    138035.54145321,
    null,
    null,
    0,
    138035.54145321,
    "BTC-PERP",
    null,
    2.03,
    118446.44,
    46698.24289725408,
    87920.5873,
    -4,
    5,
    58351
  ],
  "time": 1616408168227
}