{
  "code": 200,
  "result": [
    0.8520027894207629,
    0,
    129564.56407267,
    null,
    null,
    0,
    129564.56407267,
    "BTC-PERP",
    null,
    2.03,
    110399.52,
    46698.24289725408,
    79873.6673,
    -4,
    5,
    54379
  ],
  "time": 1616455626191
}