{
  "code": 200,
  "result": [
    0.8560492813986433,
    0,
    136156.30844239,
    null,
    null,
    0,
    136156.30844239,
    "BTC-PERP",
    null,
    2.03,
    116566.66,
    46698.24289725408,
    86040.8073,
    -4,
    5,
    57417
  ],
  "time": 1616407268221
}