{
  "code": 200,
  "result": [
    0.8020697094474291,
    0,
    129990.92768611,
    null,
    null,
    0,
    129990.92768611,
    "BTC-PERP",
    null,
    1.9076,
    104204.5576,
    46698.24289725408,
    80304.2169,
    -4,
    5,
    54656
  ],
  "time": 1616458446167
}