{
  "code": 200,
  "result": [
    0.853063710038464,
    0,
    130457.61845265,
    null,
    null,
    0,
    130457.61845265,
    "BTC-PERP",
    null,
    2.03,
    111290.69,
    46698.24289725408,
    80764.8373,
    -4,
    5,
    54822
  ],
  "time": 1616449809964
}