{
  "code": 200,
  "result": [
    0.8575663666835333,
    0,
    135067.9953179,
    null,
    null,
    0,
    135067.9953179,
    "BTC-PERP",
    null,
    2.03,
    115831.8,
    46698.24289725408,
    85305.9473,
    -4,
    5,
    57059
  ],
  "time": 1616437386450
}