{
  "code": 200,
  "result": [
    0.8525786533173354,
    0,
    129836.58407267,
    null,
    null,
    0,
    129836.58407267,
    "BTC-PERP",
    null,
    2.03,
    110671.54,
    46698.24289725408,
    80145.6873,
    -4,
    5,
    54530
  ],
  "time": 1616456406581
}