{
  "code": 200,
  "result": [
    0.855046427072151,
    0,
    132346.43923078,
    null,
    null,
    0,
    132346.43923078,
    "BTC-PERP",
    null,
    2.03,
    113154.23,
    46698.24289725408,
    82628.3773,
    -4,
    5,
    55745
  ],
  "time": 1616441046653
}