{
  "code": 200,
  "result": [
    0.8016197900058359,
    0,
    129992.49631704,
    null,
    null,
    0,
    129992.49631704,
    "BTC-PERP",
    null,
    1.9076,
    104204.5576,
    46698.24289725408,
    80304.2169,
    -4,
    5,
    54626
  ],
  "time": 1616471646443
}