{
  "code": 200,
  "result": [
    0.8015495887289167,
    0,
    130049.09922704,
    null,
    null,
    0,
    130049.09922704,
    "BTC-PERP",
    null,
    1.9076,
    104261.7856,
    46698.24289725408,
    80361.4449,
    -4,
    5,
    54645
  ],
  "time": 1616468826531
}