{
  "code": 200,
  "result": [
    0.8015934189734035,
    0,
    129980.11452419,
    null,
    null,
    0,
    129980.11452419,
    "BTC-PERP",
    null,
    1.9076,
    104202.65,
    46698.24289725408,
    80302.3093,
    -4,
    5,
    54619
  ],
  "time": 1616473327085
}