{
  "code": 200,
  "result": [
    0.8023826219542819,
    0,
    130517.94684303,
    null,
    null,
    0,
    130517.94684303,
    "BTC-PERP",
    null,
    1.9076,
    104731.0552,
    46698.24289725408,
    80830.7145,
    -4,
    5,
    54899
  ],
  "time": 1616463668363
}