{
  "code": 200,
  "result": [
    0.8578586918162018,
    0,
    137695.95287298,
    null,
    null,
    0,
    137695.95287298,
    "BTC-PERP",
    null,
    2.03,
    118123.67,
    46698.24289725408,
    87597.8173,
    -4,
    5,
    58189
  ],
  "time": 1616409426555
}