{
  "code": 200,
  "result": [
    0.855848535106242,
    0,
    136024.58288434,
    null,
    null,
    0,
    136024.58288434,
    "BTC-PERP",
    null,
    2.03,
    116426.59,
    46698.24289725408,
    85900.7373,
    -4,
    5,
    57348
  ],
  "time": 1616406668296
}