{
  "code": 200,
  "result": [
    0.8568622842945831,
    0,
    134648.30009992,
    null,
    null,
    0,
    134648.30009992,
    "BTC-PERP",
    null,
    2.03,
    115340.54,
    46698.24289725408,
    84814.6873,
    -4,
    5,
    56835
  ],
  "time": 1616430546494
}