{
  "code": 200,
  "result": [
    0.8557128247852984,
    0,
    135956.00840643,
    null,
    null,
    0,
    135956.00840643,
    "BTC-PERP",
    null,
    2.03,
    116349.45,
    46698.24289725408,
    85823.5973,
    -4,
    5,
    57310
  ],
  "time": 1616405826588
}