{
  "code": 200,
  "result": [
    0.801529502702549,
    0,
    129933.36071704,
    null,
    null,
    0,
    129933.36071704,
    "BTC-PERP",
    null,
    1.9076,
    104145.422,
    46698.24289725408,
    80245.0813,
    -4,
    5,
    54595
  ],
  "time": 1616471467710
}