{
  "code": 200,
  "result": [
    0.8557525281453298,
    0,
    136739.63692939,
    null,
    null,
    0,
    136739.63692939,
    "BTC-PERP",
    null,
    2.03,
    117049.8,
    46698.24289725408,
    86523.9473,
    -4,
    5,
    57643
  ],
  "time": 1616400011112
}