{
  "code": 200,
  "result": [
    0.8024242818650393,
    0,
    130653.80842704,
    null,
    null,
    0,
    130653.80842704,
    "BTC-PERP",
    null,
    1.9076,
    104853.1416,
    46698.24289725408,
    80952.8009,
    -4,
    5,
    54959
  ],
  "time": 1616467446628
}