{
  "code": 200,
  "result": [
    0.8571935881468696,
    0,
    136623.43211547,
    null,
    null,
    0,
    136623.43211547,
    "BTC-PERP",
    null,
    2.03,
    117112.73,
    46698.24289725408,
    86586.8773,
    -4,
    5,
    57691
  ],
  "time": 1616414826374
}