{
  "code": 200,
  "result": [
    0.8551313992001416,
    0,
    132435.36619744,
    null,
    null,
    0,
    132435.36619744,
    "BTC-PERP",
    null,
    2.03,
    113239.49,
    46698.24289725408,
    82713.6373,
    -4,
    5,
    55788
  ],
  "time": 1616441286360
}