{
  "code": 200,
  "result": [
    0.8513697859795858,
    0,
    129122.02407267,
    null,
    null,
    0,
    129122.02407267,
    "BTC-PERP",
    null,
    2.03,
    109956.98,
    46698.24289725408,
    79431.1273,
    -4,
    5,
    54153
  ],
  "time": 1616457486372
}