{
  "code": 200,
  "result": [
    0.8568365159092244,
    0,
    135197.26091164,
    null,
    null,
    0,
    135197.26091164,
    "BTC-PERP",
    null,
    2.03,
    115839.92,
    46698.24289725408,
    85314.0673,
    -4,
    5,
    57065
  ],
  "time": 1616425747047
}