{
  "code": 200,
  "result": [
    0.8551254107624513,
    0,
    132441.04148305,
    null,
    null,
    0,
    132441.04148305,
    "BTC-PERP",
    null,
    2.03,
    113253.7,
    46698.24289725408,
    82727.8473,
    -4,
    5,
    55790
  ],
  "time": 1616444706611
}