{
  "code": 200,
  "result": [
    0.8556200069449478,
    0,
    133925.62009992,
    null,
    null,
    0,
    133925.62009992,
    "BTC-PERP",
    null,
    2.03,
    114617.86,
    46698.24289725408,
    84092.0073,
    -4,
    5,
    56448
  ],
  "time": 1616431027245
}