{
  "code": 200,
  "result": [
    0.8528030217525796,
    0,
    130461.79148305,
    null,
    null,
    0,
    130461.79148305,
    "BTC-PERP",
    null,
    2.03,
    111294.75,
    46698.24289725408,
    80768.8973,
    -4,
    5,
    54807
  ],
  "time": 1616446386198
}