{
  "code": 200,
  "result": [
    0.8011435429942069,
    0,
    129748.32351704,
    null,
    null,
    0,
    129748.32351704,
    "BTC-PERP",
    null,
    1.9076,
    103960.3848,
    46698.24289725408,
    80060.0441,
    -4,
    5,
    54491
  ],
  "time": 1616470866916
}