{
  "code": 200,
  "result": [
    0.8521358629338688,
    0,
    130106.54148305,
    null,
    null,
    0,
    130106.54148305,
    "BTC-PERP",
    null,
    2.03,
    110896.87,
    46698.24289725408,
    80371.0173,
    -4,
    5,
    54615
  ],
  "time": 1616446206859
}