{
  "code": 200,
  "result": [
    0.8010621157635819,
    0,
    129637.68271704,
    null,
    null,
    0,
    129637.68271704,
    "BTC-PERP",
    null,
    1.9076,
    103849.744,
    46698.24289725408,
    79949.4033,
    -4,
    5,
    54439
  ],
  "time": 1616470446535
}