{
  "code": 200,
  "result": [
    0.8574448021261034,
    0,
    137513.83145321,
    null,
    null,
    0,
    137513.83145321,
    "BTC-PERP",
    null,
    2.03,
    117924.73,
    46698.24289725408,
    87398.8773,
    -4,
    5,
    58084
  ],
  "time": 1616407986457
}