{
  "code": 200,
  "result": [
    0.8522850569239233,
    0,
    129273.94315425,
    null,
    null,
    0,
    129273.94315425,
    "BTC-PERP",
    null,
    2.03,
    110109.23,
    46698.24289725408,
    79583.3773,
    -4,
    5,
    54275
  ],
  "time": 1616453168506
}