{
  "code": 200,
  "result": [
    0.8526613939289026,
    0,
    129452.58315425,
    null,
    null,
    0,
    129452.58315425,
    "BTC-PERP",
    null,
    2.03,
    110287.87,
    46698.24289725408,
    79762.0173,
    -4,
    5,
    54374
  ],
  "time": 1616452267314
}