{
  "code": 200,
  "result": [
    0.8564484189100418,
    0,
    135599.84166682,
    null,
    null,
    0,
    135599.84166682,
    "BTC-PERP",
    null,
    2.03,
    116136.3,
    46698.24289725408,
    85610.4473,
    -4,
    5,
    57209
  ],
  "time": 1616416926498
}