{
  "code": 200,
  "result": [
    0.8525796866170627,
    0,
    130029.28845265,
    null,
    null,
    0,
    130029.28845265,
    "BTC-PERP",
    null,
    2.03,
    110862.36,
    46698.24289725408,
    80336.5073,
    -4,
    5,
    54611
  ],
  "time": 1616448067497
}