{
  "code": 200,
  "result": [
    0.8560227936372763,
    0,
    134813.5480244,
    null,
    null,
    0,
    134813.5480244,
    "BTC-PERP",
    null,
    2.03,
    115413.62,
    46698.24289725408,
    84887.7673,
    -4,
    5,
    56849
  ],
  "time": 1616421008197
}