{
  "code": 200,
  "result": [
    0.8579154871855861,
    0,
    136856.30082885,
    null,
    null,
    0,
    136856.30082885,
    "BTC-PERP",
    null,
    2.03,
    117336.03,
    46698.24289725408,
    86810.1773,
    -4,
    5,
    57838
  ],
  "time": 1616414410934
}