{
  "code": 200,
  "result": [
    0.8555102980037282,
    0,
    136030.90491319,
    null,
    null,
    0,
    136030.90491319,
    "BTC-PERP",
    null,
    2.03,
    116377.87,
    46698.24289725408,
    85852.0173,
    -4,
    5,
    57328
  ],
  "time": 1616402526992
}