{
  "code": 200,
  "result": [
    0.8519673369523569,
    0,
    129462.73315425,
    null,
    null,
    0,
    129462.73315425,
    "BTC-PERP",
    null,
    2.03,
    110298.02,
    46698.24289725408,
    79772.1673,
    -4,
    5,
    54334
  ],
  "time": 1616453346442
}