{
  "code": 200,
  "result": [
    0.8578822142104656,
    0,
    137564.39758879,
    null,
    null,
    0,
    137564.39758879,
    "BTC-PERP",
    null,
    2.03,
    118014.05,
    46698.24289725408,
    87488.1973,
    -4,
    5,
    58135
  ],
  "time": 1616410567583
}