{
  "code": 200,
  "result": [
    0.8540428625003357,
    0,
    131375.29148305,
    null,
    null,
    0,
    131375.29148305,
    "BTC-PERP",
    null,
    2.03,
    112208.25,
    46698.24289725408,
    81682.3973,
    -4,
    5,
    55271
  ],
  "time": 1616445786326
}