{
  "code": 200,
  "result": [
    0.857845021463952,
    0,
    137539.59870123,
    null,
    null,
    0,
    137539.59870123,
    "BTC-PERP",
    null,
    2.03,
    117997.81,
    46698.24289725408,
    87471.9573,
    -4,
    5,
    58122
  ],
  "time": 1616411526724
}