{
  "code": 200,
  "result": [
    0.8014278720984903,
    0,
    129906.99328611,
    null,
    null,
    0,
    129906.99328611,
    "BTC-PERP",
    null,
    1.9076,
    104112.9928,
    46698.24289725408,
    80212.6521,
    -4,
    5,
    54577
  ],
  "time": 1616461026294
}