{
  "code": 200,
  "result": [
    0.8014506918531387,
    0,
    129891.39351704,
    null,
    null,
    0,
    129891.39351704,
    "BTC-PERP",
    null,
    1.9076,
    104103.4548,
    46698.24289725408,
    80203.1141,
    -4,
    5,
    54572
  ],
  "time": 1616472486764
}