{
  "code": 200,
  "result": [
    0.8014114300748909,
    0,
    129990.58871704,
    null,
    null,
    0,
    129990.58871704,
    "BTC-PERP",
    null,
    1.9076,
    104202.65,
    46698.24289725408,
    80302.3093,
    -4,
    5,
    54611
  ],
  "time": 1616469726535
}