{
  "code": 200,
  "result": [
    0.8518035433749171,
    0,
    129401.83315425,
    null,
    null,
    0,
    129401.83315425,
    "BTC-PERP",
    null,
    2.03,
    110237.12,
    46698.24289725408,
    79711.2673,
    -4,
    5,
    54298
  ],
  "time": 1616452986364
}