{
  "code": 200,
  "result": [
    0.8571048593625518,
    0,
    135990.99191514,
    null,
    null,
    0,
    135990.99191514,
    "BTC-PERP",
    null,
    2.03,
    116560.57,
    46698.24289725408,
    86034.7173,
    -4,
    5,
    57418
  ],
  "time": 1616419086949
}