{
  "code": 200,
  "result": [
    0.8565516871854227,
    0,
    135239.8480244,
    null,
    null,
    0,
    135239.8480244,
    "BTC-PERP",
    null,
    2.03,
    115839.92,
    46698.24289725408,
    85314.0673,
    -4,
    5,
    57064
  ],
  "time": 1616421308311
}