{
  "code": 200,
  "result": [
    0.8566902496899815,
    0,
    134727.47009992,
    null,
    null,
    0,
    134727.47009992,
    "BTC-PERP",
    null,
    2.03,
    115419.71,
    46698.24289725408,
    84893.8573,
    -4,
    5,
    56857
  ],
  "time": 1616430667409
}