{
  "code": 200,
  "result": [
    0.8558625353199334,
    0,
    133664.71282358,
    null,
    null,
    0,
    133664.71282358,
    "BTC-PERP",
    null,
    2.03,
    114358.02,
    46698.24289725408,
    83832.1673,
    -4,
    5,
    56354
  ],
  "time": 1616431147600
}