{
  "code": 200,
  "result": [
    0.8569142594226224,
    0,
    136137.31912759,
    null,
    null,
    0,
    136137.31912759,
    "BTC-PERP",
    null,
    2.03,
    116662.07,
    46698.24289725408,
    86136.2173,
    -4,
    5,
    57467
  ],
  "time": 1616415307553
}