{
  "code": 200,
  "result": [
    0.800994618661732,
    0,
    129598.59452419,
    null,
    null,
    0,
    129598.59452419,
    "BTC-PERP",
    null,
    1.9076,
    103817.3148,
    46698.24289725408,
    79916.9741,
    -4,
    5,
    54418
  ],
  "time": 1616474706660
}