{
  "code": 200,
  "result": [
    0.8550426783335052,
    0,
    135799.03429652,
    null,
    null,
    0,
    135799.03429652,
    "BTC-PERP",
    null,
    2.03,
    116152.54,
    46698.24289725408,
    85626.6873,
    -4,
    5,
    57199
  ],
  "time": 1616403307483
}