{
  "code": 200,
  "result": [
    0.8004832692402558,
    0,
    129362.05212419,
    null,
    null,
    0,
    129362.05212419,
    "BTC-PERP",
    null,
    1.9076,
    103575.0496,
    46698.24289725408,
    79674.7089,
    -4,
    5,
    54284
  ],
  "time": 1616473567723
}