{
  "code": 200,
  "result": [
    0.8575298780637943,
    0,
    134995.62284801,
    null,
    null,
    0,
    134995.62284801,
    "BTC-PERP",
    null,
    2.03,
    115762.78,
    46698.24289725408,
    85236.9273,
    -4,
    5,
    57026
  ],
  "time": 1616437746284
}