{
  "code": 200,
  "result": [
    0.855795031956543,
    0,
    132830.80148305,
    null,
    null,
    0,
    132830.80148305,
    "BTC-PERP",
    null,
    2.03,
    113663.76,
    46698.24289725408,
    83137.9073,
    -4,
    5,
    55998
  ],
  "time": 1616444168002
}