{
  "code": 200,
  "result": [
    0.857162293847045,
    0,
    135908.46311864,
    null,
    null,
    0,
    135908.46311864,
    "BTC-PERP",
    null,
    2.03,
    116495.61,
    46698.24289725408,
    85969.7573,
    -4,
    5,
    57387
  ],
  "time": 1616419567996
}