{
  "code": 200,
  "result": [
    0.8013241578995156,
    0,
    129914.28471704,
    null,
    null,
    0,
    129914.28471704,
    "BTC-PERP",
    null,
    1.9076,
    104126.346,
    46698.24289725408,
    80226.0053,
    -4,
    5,
    54573
  ],
  "time": 1616470986509
}