{
  "code": 200,
  "result": [
    0.80258960472635,
    0,
    130693.44604303,
    null,
    null,
    0,
    130693.44604303,
    "BTC-PERP",
    null,
    1.9076,
    104914.1848,
    46698.24289725408,
    81013.8441,
    -4,
    5,
    54987
  ],
  "time": 1616465526754
}