{
  "code": 200,
  "result": [
    0.8564775442681649,
    0,
    135092.75377309,
    null,
    null,
    0,
    135092.75377309,
    "BTC-PERP",
    null,
    2.03,
    115710,
    46698.24289725408,
    85184.1473,
    -4,
    5,
    56997
  ],
  "time": 1616423047057
}