{
  "code": 200,
  "result": [
    0.8531188889697856,
    0,
    130396.83148305,
    null,
    null,
    0,
    130396.83148305,
    "BTC-PERP",
    null,
    2.03,
    111229.79,
    46698.24289725408,
    80703.9373,
    -4,
    5,
    54800
  ],
  "time": 1616447046343
}