{
  "code": 200,
  "result": [
    0.8580225873610154,
    0,
    137700.40758879,
    null,
    null,
    0,
    137700.40758879,
    "BTC-PERP",
    null,
    2.03,
    118150.06,
    46698.24289725408,
    87624.2073,
    -4,
    5,
    58202
  ],
  "time": 1616410267361
}