{
  "code": 200,
  "result": [
    0.8563831659033647,
    0,
    134455.77235108,
    null,
    null,
    0,
    134455.77235108,
    "BTC-PERP",
    null,
    2.03,
    115155.81,
    46698.24289725408,
    84629.9573,
    -4,
    5,
    56722
  ],
  "time": 1616431868021
}