{
  "code": 200,
  "result": [
    0.8527946845816479,
    0,
    130122.66845265,
    null,
    null,
    0,
    130122.66845265,
    "BTC-PERP",
    null,
    2.03,
    110955.74,
    46698.24289725408,
    80429.8873,
    -4,
    5,
    54664
  ],
  "time": 1616449327316
}