{
  "code": 200,
  "result": [
    0.8573071295751112,
    0,
    135352.7294909,
    null,
    null,
    0,
    135352.7294909,
    "BTC-PERP",
    null,
    2.03,
    116038.86,
    46698.24289725408,
    85513.0073,
    -4,
    5,
    57162
  ],
  "time": 1616424067987
}