{
  "code": 200,
  "result": [
    0.8569532314860571,
    0,
    135832.65191514,
    null,
    null,
    0,
    135832.65191514,
    "BTC-PERP",
    null,
    2.03,
    116402.23,
    46698.24289725408,
    85876.3773,
    -4,
    5,
    57341
  ],
  "time": 1616418847062
}