{
  "code": 200,
  "result": [
    0.8025521557228401,
    0,
    130535.53722704,
    null,
    null,
    0,
    130535.53722704,
    "BTC-PERP",
    null,
    1.9076,
    104748.2236,
    46698.24289725408,
    80847.8829,
    -4,
    5,
    54918
  ],
  "time": 1616466246395
}