{
  "code": 200,
  "result": [
    0.857878880686536,
    0,
    137775.532958,
    null,
    null,
    0,
    137775.532958,
    "BTC-PERP",
    null,
    2.03,
    118194.72,
    46698.24289725408,
    87668.8673,
    -4,
    5,
    58224
  ],
  "time": 1616408587243
}