{
  "code": 200,
  "result": [
    0.8571959722569444,
    0,
    136930.91638188,
    null,
    null,
    0,
    136930.91638188,
    "BTC-PERP",
    null,
    2.03,
    117398.96,
    46698.24289725408,
    86873.1073,
    -4,
    5,
    57821
  ],
  "time": 1616412907230
}