{
  "code": 200,
  "result": [
    0.856813980178295,
    0,
    134667.73730278,
    null,
    null,
    0,
    134667.73730278,
    "BTC-PERP",
    null,
    2.03,
    115370.99,
    46698.24289725408,
    84845.1373,
    -4,
    5,
    56840
  ],
  "time": 1616434087407
}