{
  "code": 200,
  "result": [
    0.857051049218118,
    0,
    135215.52783317,
    null,
    null,
    0,
    135215.52783317,
    "BTC-PERP",
    null,
    2.03,
    115886.61,
    46698.24289725408,
    85360.7573,
    -4,
    5,
    57087
  ],
  "time": 1616426887040
}