{
  "code": 200,
  "result": [
    0.8017246632207666,
    0,
    130051.63191704,
    null,
    null,
    0,
    130051.63191704,
    "BTC-PERP",
    null,
    1.9076,
    104263.6932,
    46698.24289725408,
    80363.3525,
    -4,
    5,
    54658
  ],
  "time": 1616469426562
}