{
  "code": 200,
  "result": [
    0.8558110317050783,
    0,
    136469.36727061,
    null,
    null,
    0,
    136469.36727061,
    "BTC-PERP",
    null,
    2.03,
    116798.08,
    46698.24289725408,
    86272.2273,
    -4,
    5,
    57533
  ],
  "time": 1616401627248
}