{
  "code": 200,
  "result": [
    0.8564023689025534,
    0,
    135735.13364864,
    null,
    null,
    0,
    135735.13364864,
    "BTC-PERP",
    null,
    2.03,
    116254.04,
    46698.24289725408,
    85728.1873,
    -4,
    5,
    57263
  ],
  "time": 1616416506447
}