{
  "code": 200,
  "result": [
    0.8011908580907352,
    0,
    129707.32772419,
    null,
    null,
    0,
    129707.32772419,
    "BTC-PERP",
    null,
    1.9076,
    103920.3252,
    46698.24289725408,
    80019.9845,
    -4,
    5,
    54477
  ],
  "time": 1616475367915
}