{
  "code": 200,
  "result": [
    0.8555913543070226,
    0,
    132786.4984003,
    null,
    null,
    0,
    132786.4984003,
    "BTC-PERP",
    null,
    2.03,
    113602.86,
    46698.24289725408,
    83077.0073,
    -4,
    5,
    55966
  ],
  "time": 1616441946674
}