{
  "code": 200,
  "result": [
    0.8554065041576286,
    0,
    132670.43148305,
    null,
    null,
    0,
    132670.43148305,
    "BTC-PERP",
    null,
    2.03,
    113503.39,
    46698.24289725408,
    82977.5373,
    -4,
    5,
    55905
  ],
  "time": 1616444467450
}