{
  "code": 200,
  "result": [
    0.8016925425332089,
    0,
    130040.18631704,
    null,
    null,
    0,
    130040.18631704,
    "BTC-PERP",
    null,
    1.9076,
    104252.2476,
    46698.24289725408,
    80351.9069,
    -4,
    5,
    54651
  ],
  "time": 1616472307114
}