{
  "code": 200,
  "result": [
    0.8569570933742143,
    0,
    136305.80912759,
    null,
    null,
    0,
    136305.80912759,
    "BTC-PERP",
    null,
    2.03,
    116808.23,
    46698.24289725408,
    86282.3773,
    -4,
    5,
    57541
  ],
  "time": 1616415126942
}