{
  "code": 200,
  "result": [
    0.8010346501815263,
    0,
    129668.32330719,
    null,
    null,
    0,
    129668.32330719,
    "BTC-PERP",
    null,
    1.9076,
    103887.896,
    46698.24289725408,
    79987.5553,
    -4,
    5,
    54450
  ],
  "time": 1616458206766
}