{
  "code": 200,
  "result": [
    0.8579849024205245,
    0,
    137663.86758879,
    null,
    null,
    0,
    137663.86758879,
    "BTC-PERP",
    null,
    2.03,
    118113.52,
    46698.24289725408,
    87587.6673,
    -4,
    5,
    58184
  ],
  "time": 1616410207872
}