{
  "code": 200,
  "result": [
    0.8551805973076883,
    0,
    132323.30148305,
    null,
    null,
    0,
    132323.30148305,
    "BTC-PERP",
    null,
    2.03,
    113156.26,
    46698.24289725408,
    82630.4073,
    -4,
    5,
    55744
  ],
  "time": 1616445067201
}