{
  "code": 200,
  "result": [
    0.8553029078271451,
    0,
    135776.70429652,
    null,
    null,
    0,
    135776.70429652,
    "BTC-PERP",
    null,
    2.03,
    116130.21,
    46698.24289725408,
    85604.3573,
    -4,
    5,
    57207
  ],
  "time": 1616403367754
}