{
  "code": 200,
  "result": [
    0.8521215916746634,
    0,
    129570.32315425,
    null,
    null,
    0,
    129570.32315425,
    "BTC-PERP",
    null,
    2.03,
    110405.61,
    46698.24289725408,
    79879.7573,
    -4,
    5,
    54389
  ],
  "time": 1616453526534
}