{
  "code": 200,
  "result": [
    0.8527741018061905,
    0,
    130173.41845265,
    null,
    null,
    0,
    130173.41845265,
    "BTC-PERP",
    null,
    2.03,
    111006.49,
    46698.24289725408,
    80480.6373,
    -4,
    5,
    54684
  ],
  "time": 1616449386637
}