{
  "code": 200,
  "result": [
    0.8573359248184268,
    0,
    135397.90721424,
    null,
    null,
    0,
    135397.90721424,
    "BTC-PERP",
    null,
    2.03,
    116075.4,
    46698.24289725408,
    85549.5473,
    -4,
    5,
    57183
  ],
  "time": 1616427367688
}