{
  "code": 200,
  "result": [
    0.8012592476366571,
    0,
    129934.33212419,
    null,
    null,
    0,
    129934.33212419,
    "BTC-PERP",
    null,
    1.9076,
    104147.3296,
    46698.24289725408,
    80246.9889,
    -4,
    5,
    54577
  ],
  "time": 1616472786572
}