{
  "code": 200,
  "result": [
    0.8557537138152351,
    0,
    132913.12461024,
    null,
    null,
    0,
    132913.12461024,
    "BTC-PERP",
    null,
    2.03,
    113746.99,
    46698.24289725408,
    83221.1373,
    -4,
    5,
    56030
  ],
  "time": 1616442545968
}