{
  "code": 200,
  "result": [
    0.8566894668454448,
    0,
    135530.88311864,
    null,
    null,
    0,
    135530.88311864,
    "BTC-PERP",
    null,
    2.03,
    116118.03,
    46698.24289725408,
    85592.1773,
    -4,
    5,
    57196
  ],
  "time": 1616420167981
}