{
  "code": 200,
  "result": [
    0.8569385772617788,
    0,
    135330.3994909,
    null,
    null,
    0,
    135330.3994909,
    "BTC-PERP",
    null,
    2.03,
    115961.72,
    46698.24289725408,
    85435.8673,
    -4,
    5,
    57128
  ],
  "time": 1616423587291
}