{
  "code": 200,
  "result": [
    0.8569751644318314,
    0,
    135687.04768369,
    null,
    null,
    0,
    135687.04768369,
    "BTC-PERP",
    null,
    2.03,
    116272.31,
    46698.24289725408,
    85746.4573,
    -4,
    5,
    57281
  ],
  "time": 1616419327171
}