{
  "code": 200,
  "result": [
    0.8032157575124992,
    0,
    131109.30284303,
    null,
    null,
    0,
    131109.30284303,
    "BTC-PERP",
    null,
    1.9076,
    105322.4112,
    46698.24289725408,
    81422.0705,
    -4,
    5,
    55205
  ],
  "time": 1616464446578
}