{
  "code": 200,
  "result": [
    0.856013508721175,
    0,
    136643.40434854,
    null,
    null,
    0,
    136643.40434854,
    "BTC-PERP",
    null,
    2.03,
    116964.54,
    46698.24289725408,
    86438.6873,
    -4,
    5,
    57620
  ],
  "time": 1616400368446
}