{
  "code": 200,
  "result": [
    0.8559689474895757,
    0,
    136508.22304091,
    null,
    null,
    0,
    136508.22304091,
    "BTC-PERP",
    null,
    2.03,
    116844.77,
    46698.24289725408,
    86318.9173,
    -4,
    5,
    57560
  ],
  "time": 1616401809171
}