{
  "code": 200,
  "result": [
    0.85581500990635,
    0,
    135866.24288434,
    null,
    null,
    0,
    135866.24288434,
    "BTC-PERP",
    null,
    2.03,
    116268.25,
    46698.24289725408,
    85742.3973,
    -4,
    5,
    57279
  ],
  "time": 1616406186912
}