{
  "code": 200,
  "result": [
    0.8016461078290622,
    0,
    130000.12671704,
    null,
    null,
    0,
    130000.12671704,
    "BTC-PERP",
    null,
    1.9076,
    104212.188,
    46698.24289725408,
    80311.8473,
    -4,
    5,
    54631
  ],
  "time": 1616472426132
}