{
  "code": 200,
  "result": [
    0.8554957466915858,
    0,
    132639.98148305,
    null,
    null,
    0,
    132639.98148305,
    "BTC-PERP",
    null,
    2.03,
    113472.94,
    46698.24289725408,
    82947.0873,
    -4,
    5,
    55898
  ],
  "time": 1616444646809
}