{
  "code": 200,
  "result": [
    0.8011495771724214,
    0,
    129718.77332419,
    null,
    null,
    0,
    129718.77332419,
    "BTC-PERP",
    null,
    1.9076,
    103931.7708,
    46698.24289725408,
    80031.4301,
    -4,
    5,
    54479
  ],
  "time": 1616475127081
}