{
  "code": 200,
  "result": [
    0.8564084807924087,
    0,
    134437.57573894,
    null,
    null,
    0,
    134437.57573894,
    "BTC-PERP",
    null,
    2.03,
    115135.51,
    46698.24289725408,
    84609.6573,
    -4,
    5,
    56716
  ],
  "time": 1616433367921
}