{
  "code": 200,
  "result": [
    0.8572504149017897,
    0,
    135333.26783317,
    null,
    null,
    0,
    135333.26783317,
    "BTC-PERP",
    null,
    2.03,
    116012.47,
    46698.24289725408,
    85486.6173,
    -4,
    5,
    57150
  ],
  "time": 1616426947029
}