{
  "code": 200,
  "result": [
    0.8574162445843713,
    0,
    134982.7353179,
    null,
    null,
    0,
    134982.7353179,
    "BTC-PERP",
    null,
    2.03,
    115746.54,
    46698.24289725408,
    85220.6873,
    -4,
    5,
    57013
  ],
  "time": 1616437326627
}