{
  "code": 200,
  "result": [
    0.8016548392796726,
    0,
    130005.84951704,
    null,
    null,
    0,
    130005.84951704,
    "BTC-PERP",
    null,
    1.9076,
    104217.9108,
    46698.24289725408,
    80317.5701,
    -4,
    5,
    54634
  ],
  "time": 1616469846401
}