{
  "code": 200,
  "result": [
    0.8554709523894161,
    0,
    132620.09619744,
    null,
    null,
    0,
    132620.09619744,
    "BTC-PERP",
    null,
    2.03,
    113430.31,
    46698.24289725408,
    82904.4573,
    -4,
    5,
    55888
  ],
  "time": 1616441826907
}