{
  "code": 200,
  "result": [
    0.8570768268643688,
    0,
    135339.36091164,
    null,
    null,
    0,
    135339.36091164,
    "BTC-PERP",
    null,
    2.03,
    115994.2,
    46698.24289725408,
    85468.3473,
    -4,
    5,
    57141
  ],
  "time": 1616425568226
}