{
  "code": 200,
  "result": [
    0.8016369668021841,
    0,
    129861.21088611,
    null,
    null,
    0,
    129861.21088611,
    "BTC-PERP",
    null,
    1.9076,
    104074.8408,
    46698.24289725408,
    80174.5001,
    -4,
    5,
    54572
  ],
  "time": 1616459467283
}