{
  "code": 200,
  "result": [
    0.856461587482589,
    0,
    135443.69262487,
    null,
    null,
    0,
    135443.69262487,
    "BTC-PERP",
    null,
    2.03,
    116000.29,
    46698.24289725408,
    85474.4373,
    -4,
    5,
    57144
  ],
  "time": 1616417286597
}