{
  "code": 200,
  "result": [
    0.8571174656917718,
    0,
    135808.99311864,
    null,
    null,
    0,
    135808.99311864,
    "BTC-PERP",
    null,
    2.03,
    116396.14,
    46698.24289725408,
    85870.2873,
    -4,
    5,
    57342
  ],
  "time": 1616419746356
}