{
  "code": 200,
  "result": [
    0.857423218942763,
    0,
    135230.23104386,
    null,
    null,
    0,
    135230.23104386,
    "BTC-PERP",
    null,
    2.03,
    115961.72,
    46698.24289725408,
    85435.8673,
    -4,
    5,
    57118
  ],
  "time": 1616435526867
}