{
  "code": 200,
  "result": [
    0.8025317706166439,
    0,
    130531.72202704,
    null,
    null,
    0,
    130531.72202704,
    "BTC-PERP",
    null,
    1.9076,
    104755.854,
    46698.24289725408,
    80855.5133,
    -4,
    5,
    54915
  ],
  "time": 1616466546693
}