{
  "code": 200,
  "result": [
    0.8563661169184396,
    0,
    134366.00039018,
    null,
    null,
    0,
    134366.00039018,
    "BTC-PERP",
    null,
    2.03,
    115062.43,
    46698.24289725408,
    84536.5773,
    -4,
    5,
    56683
  ],
  "time": 1616432227017
}