{
  "code": 200,
  "result": [
    0.8570456527756868,
    0,
    135062.42009992,
    null,
    null,
    0,
    135062.42009992,
    "BTC-PERP",
    null,
    2.03,
    115754.66,
    46698.24289725408,
    85228.8073,
    -4,
    5,
    57022
  ],
  "time": 1616429887122
}