{
  "code": 200,
  "result": [
    0.8560912394212117,
    0,
    136706.87727061,
    null,
    null,
    0,
    136706.87727061,
    "BTC-PERP",
    null,
    2.03,
    117035.59,
    46698.24289725408,
    86509.7373,
    -4,
    5,
    57652
  ],
  "time": 1616401507548
}