{
  "code": 200,
  "result": [
    0.8518227977431296,
    0,
    129761.14315425,
    null,
    null,
    0,
    129761.14315425,
    "BTC-PERP",
    null,
    2.03,
    110596.43,
    46698.24289725408,
    80070.5773,
    -4,
    5,
    54450
  ],
  "time": 1616451426018
}