{
  "code": 200,
  "result": [
    0.8009889784136728,
    0,
    129566.16532419,
    null,
    null,
    0,
    129566.16532419,
    "BTC-PERP",
    null,
    1.9076,
    103779.1628,
    46698.24289725408,
    79878.8221,
    -4,
    5,
    54404
  ],
  "time": 1616475786358
}