{
  "code": 200,
  "result": [
    0.8552196668798782,
    0,
    132575.98531808,
    null,
    null,
    0,
    132575.98531808,
    "BTC-PERP",
    null,
    2.03,
    113403.92,
    46698.24289725408,
    82878.0673,
    -4,
    5,
    55853
  ],
  "time": 1616442246418
}