{
  "code": 200,
  "result": [
    0.8035737820177552,
    0,
    131212.31324303,
    null,
    null,
    0,
    131212.31324303,
    "BTC-PERP",
    null,
    1.9076,
    105425.4216,
    46698.24289725408,
    81525.0809,
    -4,
    5,
    55273
  ],
  "time": 1616464086354
}