{
  "code": 200,
  "result": [
    0.8563953912553869,
    0,
    134411.18573894,
    null,
    null,
    0,
    134411.18573894,
    "BTC-PERP",
    null,
    2.03,
    115111.15,
    46698.24289725408,
    84585.2973,
    -4,
    5,
    56704
  ],
  "time": 1616432708982
}