{
  "code": 200,
  "result": [
    0.856748569004977,
    0,
    134796.49009992,
    null,
    null,
    0,
    134796.49009992,
    "BTC-PERP",
    null,
    2.03,
    115488.73,
    46698.24289725408,
    84962.8773,
    -4,
    5,
    56890
  ],
  "time": 1616430307345
}