{
  "code": 200,
  "result": [
    0.8547960182736778,
    0,
    132140.60148305,
    null,
    null,
    0,
    132140.60148305,
    "BTC-PERP",
    null,
    2.03,
    112973.56,
    46698.24289725408,
    82447.7073,
    -4,
    5,
    55642
  ],
  "time": 1616445426049
}