{
  "code": 200,
  "result": [
    0.802581636203465,
    0,
    130949.06444303,
    null,
    null,
    0,
    130949.06444303,
    "BTC-PERP",
    null,
    1.9076,
    105162.1728,
    46698.24289725408,
    81261.8321,
    -4,
    5,
    55094
  ],
  "time": 1616464506671
}