{
  "code": 200,
  "result": [
    0.8579597680108071,
    0,
    137639.50758879,
    null,
    null,
    0,
    137639.50758879,
    "BTC-PERP",
    null,
    2.03,
    118089.16,
    46698.24289725408,
    87563.3073,
    -4,
    5,
    58172
  ],
  "time": 1616411286311
}