{
  "code": 200,
  "result": [
    0.8529845481709244,
    0,
    130414.98845265,
    null,
    null,
    0,
    130414.98845265,
    "BTC-PERP",
    null,
    2.03,
    111248.06,
    46698.24289725408,
    80722.2073,
    -4,
    5,
    54799
  ],
  "time": 1616447226323
}