{
  "code": 200,
  "result": [
    0.8022610735304777,
    0,
    130447.36564303,
    null,
    null,
    0,
    130447.36564303,
    "BTC-PERP",
    null,
    1.9076,
    104660.474,
    46698.24289725408,
    80760.1333,
    -4,
    5,
    54861
  ],
  "time": 1616462646379
}