{
  "code": 200,
  "result": [
    0.8563159219222047,
    0,
    135616.08166682,
    null,
    null,
    0,
    135616.08166682,
    "BTC-PERP",
    null,
    2.03,
    116152.54,
    46698.24289725408,
    85626.6873,
    -4,
    5,
    57207
  ],
  "time": 1616416808479
}