{
  "code": 200,
  "result": [
    0.8521624741962226,
    0,
    129702.27315425,
    null,
    null,
    0,
    129702.27315425,
    "BTC-PERP",
    null,
    2.03,
    110537.56,
    46698.24289725408,
    80011.7073,
    -4,
    5,
    54447
  ],
  "time": 1616453706333
}