{
  "code": 200,
  "result": [
    0.8570002479348799,
    0,
    135877.31191514,
    null,
    null,
    0,
    135877.31191514,
    "BTC-PERP",
    null,
    2.03,
    116446.89,
    46698.24289725408,
    85921.0373,
    -4,
    5,
    57363
  ],
  "time": 1616418967666
}