{
  "code": 200,
  "result": [
    0.8527176690300766,
    0,
    129917.78407267,
    null,
    null,
    0,
    129917.78407267,
    "BTC-PERP",
    null,
    2.03,
    110752.74,
    46698.24289725408,
    80226.8873,
    -4,
    5,
    54573
  ],
  "time": 1616456467395
}