{
  "code": 200,
  "result": [
    0.8505037491950747,
    0,
    128616.22315425,
    null,
    null,
    0,
    128616.22315425,
    "BTC-PERP",
    null,
    2.03,
    109429.18,
    46698.24289725408,
    78903.3273,
    -4,
    5,
    53886
  ],
  "time": 1616450706865
}