{
  "code": 200,
  "result": [
    0.8575757213838271,
    0,
    135341.10995203,
    null,
    null,
    0,
    135341.10995203,
    "BTC-PERP",
    null,
    2.03,
    116020.59,
    46698.24289725408,
    85494.7373,
    -4,
    5,
    57175
  ],
  "time": 1616434567834
}