{
  "code": 200,
  "result": [
    0.8004690071556166,
    0,
    129228.52012419,
    null,
    null,
    0,
    129228.52012419,
    "BTC-PERP",
    null,
    1.9076,
    103449.148,
    46698.24289725408,
    79548.8073,
    -4,
    5,
    54227
  ],
  "time": 1616474046492
}