{
  "code": 200,
  "result": [
    0.8554654505795065,
    0,
    136140.07429652,
    null,
    null,
    0,
    136140.07429652,
    "BTC-PERP",
    null,
    2.03,
    116493.58,
    46698.24289725408,
    85967.7273,
    -4,
    5,
    57371
  ],
  "time": 1616402767769
}