{
  "code": 200,
  "result": [
    0.8021275015811202,
    0,
    130388.23004303,
    null,
    null,
    0,
    130388.23004303,
    "BTC-PERP",
    null,
    1.9076,
    104587.9852,
    46698.24289725408,
    80687.6445,
    -4,
    5,
    54827
  ],
  "time": 1616462346424
}