{
  "code": 200,
  "result": [
    0.8524335671805263,
    0,
    130120.63845265,
    null,
    null,
    0,
    130120.63845265,
    "BTC-PERP",
    null,
    2.03,
    110953.71,
    46698.24289725408,
    80427.8573,
    -4,
    5,
    54640
  ],
  "time": 1616450226910
}