{
  "code": 200,
  "result": [
    0.8555421601704836,
    0,
    136142.10429652,
    null,
    null,
    0,
    136142.10429652,
    "BTC-PERP",
    null,
    2.03,
    116495.61,
    46698.24289725408,
    85969.7573,
    -4,
    5,
    57377
  ],
  "time": 1616402887534
}