{
  "code": 200,
  "result": [
    0.8527420574181674,
    0,
    130214.01845265,
    null,
    null,
    0,
    130214.01845265,
    "BTC-PERP",
    null,
    2.03,
    111000.4,
    46698.24289725408,
    80474.5473,
    -4,
    5,
    54699
  ],
  "time": 1616447886379
}