{
  "code": 200,
  "result": [
    0.8574989261164929,
    0,
    135303.51638509,
    null,
    null,
    0,
    135303.51638509,
    "BTC-PERP",
    null,
    2.03,
    115990.14,
    46698.24289725408,
    85464.2873,
    -4,
    5,
    57154
  ],
  "time": 1616428927762
}