{
  "code": 200,
  "result": [
    0.8575667407555768,
    0,
    135280.98104386,
    null,
    null,
    0,
    135280.98104386,
    "BTC-PERP",
    null,
    2.03,
    116012.47,
    46698.24289725408,
    85486.6173,
    -4,
    5,
    57149
  ],
  "time": 1616435767525
}