{
  "code": 200,
  "result": [
    0.8572425325857816,
    0,
    136975.57638188,
    null,
    null,
    0,
    136975.57638188,
    "BTC-PERP",
    null,
    2.03,
    117443.62,
    46698.24289725408,
    86917.7673,
    -4,
    5,
    57843
  ],
  "time": 1616413086907
}