{
  "code": 200,
  "result": [
    0.8567800284707593,
    0,
    135644.50166682,
    null,
    null,
    0,
    135644.50166682,
    "BTC-PERP",
    null,
    2.03,
    116180.96,
    46698.24289725408,
    85655.1073,
    -4,
    5,
    57250
  ],
  "time": 1616416746771
}