{
  "code": 200,
  "result": [
    0.8559153168093274,
    0,
    136184.73429652,
    null,
    null,
    0,
    136184.73429652,
    "BTC-PERP",
    null,
    2.03,
    116554.48,
    46698.24289725408,
    86028.6273,
    -4,
    5,
    57420
  ],
  "time": 1616403126919
}