{
  "code": 200,
  "result": [
    0.8562608913184782,
    0,
    134228.41235108,
    null,
    null,
    0,
    134228.41235108,
    "BTC-PERP",
    null,
    2.03,
    114928.45,
    46698.24289725408,
    84402.5973,
    -4,
    5,
    56618
  ],
  "time": 1616431626374
}