{
  "code": 200,
  "result": [
    0.8016847580978453,
    0,
    130027.17208611,
    null,
    null,
    0,
    130027.17208611,
    "BTC-PERP",
    null,
    1.9076,
    104219.8184,
    46698.24289725408,
    80319.4777,
    -4,
    5,
    54645
  ],
  "time": 1616460846333
}