{
  "code": 200,
  "result": [
    0.8564785687875219,
    0,
    135642.47166682,
    null,
    null,
    0,
    135642.47166682,
    "BTC-PERP",
    null,
    2.03,
    116178.93,
    46698.24289725408,
    85653.0773,
    -4,
    5,
    57229
  ],
  "time": 1616417168221
}