{
  "code": 200,
  "result": [
    0.8017636698154263,
    0,
    130050.06328611,
    null,
    null,
    0,
    130050.06328611,
    "BTC-PERP",
    null,
    1.9076,
    104267.5084,
    46698.24289725408,
    80367.1677,
    -4,
    5,
    54660
  ],
  "time": 1616460606457
}