{
  "code": 200,
  "result": [
    0.8565686043079682,
    0,
    135699.31166682,
    null,
    null,
    0,
    135699.31166682,
    "BTC-PERP",
    null,
    2.03,
    116235.77,
    46698.24289725408,
    85709.9173,
    -4,
    5,
    57259
  ],
  "time": 1616417046505
}