{
  "code": 200,
  "result": [
    0.8574435207445442,
    0,
    137040.53638188,
    null,
    null,
    0,
    137040.53638188,
    "BTC-PERP",
    null,
    2.03,
    117508.58,
    46698.24289725408,
    86982.7273,
    -4,
    5,
    57884
  ],
  "time": 1616412846936
}