{
  "code": 200,
  "result": [
    0.8575631661082933,
    0,
    135182.12369835,
    null,
    null,
    0,
    135182.12369835,
    "BTC-PERP",
    null,
    2.03,
    115929.24,
    46698.24289725408,
    85403.3873,
    -4,
    5,
    57107
  ],
  "time": 1616436367749
}