{
  "code": 200,
  "result": [
    0.8568554456108058,
    0,
    135255.87144677,
    null,
    null,
    0,
    135255.87144677,
    "BTC-PERP",
    null,
    2.03,
    115921.12,
    46698.24289725408,
    85395.2673,
    -4,
    5,
    57091
  ],
  "time": 1616426346783
}