{
  "code": 200,
  "result": [
    0.8575902343679217,
    0,
    135199.16080371,
    null,
    null,
    0,
    135199.16080371,
    "BTC-PERP",
    null,
    2.03,
    115937.36,
    46698.24289725408,
    85411.5073,
    -4,
    5,
    57116
  ],
  "time": 1616436011086
}