{
  "code": 200,
  "result": [
    0.8556973178671246,
    0,
    134551.6780244,
    null,
    null,
    0,
    134551.6780244,
    "BTC-PERP",
    null,
    2.03,
    115167.99,
    46698.24289725408,
    84642.1373,
    -4,
    5,
    56717
  ],
  "time": 1616420527481
}