{
  "code": 200,
  "result": [
    0.8566972289656586,
    0,
    135821.11166682,
    null,
    null,
    0,
    135821.11166682,
    "BTC-PERP",
    null,
    2.03,
    116357.57,
    46698.24289725408,
    85831.7173,
    -4,
    5,
    57319
  ],
  "time": 1616416686575
}