{
  "code": 200,
  "result": [
    0.8026756141493366,
    0,
    130501.20042704,
    null,
    null,
    0,
    130501.20042704,
    "BTC-PERP",
    null,
    1.9076,
    104713.8868,
    46698.24289725408,
    80813.5461,
    -4,
    5,
    54912
  ],
  "time": 1616467267149
}