{
  "code": 200,
  "result": [
    0.8566565227908371,
    0,
    135782.54166682,
    null,
    null,
    0,
    135782.54166682,
    "BTC-PERP",
    null,
    2.03,
    116319,
    46698.24289725408,
    85793.1473,
    -4,
    5,
    57300
  ],
  "time": 1616417107963
}