{
  "code": 200,
  "result": [
    0.8570297557073667,
    0,
    136874.57082885,
    null,
    null,
    0,
    136874.57082885,
    "BTC-PERP",
    null,
    2.03,
    117354.3,
    46698.24289725408,
    86828.4473,
    -4,
    5,
    57786
  ],
  "time": 1616414467564
}