{
  "code": 200,
  "result": [
    0.8555692950072149,
    0,
    135936.10789763,
    null,
    null,
    0,
    135936.10789763,
    "BTC-PERP",
    null,
    2.03,
    116312.91,
    46698.24289725408,
    85787.0573,
    -4,
    5,
    57292
  ],
  "time": 1616404987261
}