{
  "code": 200,
  "result": [
    0.8573079745112695,
    0,
    135485.19721424,
    null,
    null,
    0,
    135485.19721424,
    "BTC-PERP",
    null,
    2.03,
    116162.69,
    46698.24289725408,
    85636.8373,
    -4,
    5,
    57218
  ],
  "time": 1616427667908
}