{
  "code": 200,
  "result": [
    0.8017022140185063,
    0,
    130043.37642704,
    null,
    null,
    0,
    130043.37642704,
    "BTC-PERP",
    null,
    1.9076,
    104256.0628,
    46698.24289725408,
    80355.7221,
    -4,
    5,
    54653
  ],
  "time": 1616468585969
}