{
  "code": 200,
  "result": [
    0.852964872840916,
    0,
    130356.11845265,
    null,
    null,
    0,
    130356.11845265,
    "BTC-PERP",
    null,
    2.03,
    111189.19,
    46698.24289725408,
    80663.3373,
    -4,
    5,
    54773
  ],
  "time": 1616449746094
}