{
  "code": 200,
  "result": [
    0.8031075762085296,
    0,
    131008.20004303,
    null,
    null,
    0,
    131008.20004303,
    "BTC-PERP",
    null,
    1.9076,
    105221.3084,
    46698.24289725408,
    81320.9677,
    -4,
    5,
    55155
  ],
  "time": 1616464809375
}