{
  "code": 200,
  "result": [
    0.8570463305120647,
    0,
    136135.28912759,
    null,
    null,
    0,
    136135.28912759,
    "BTC-PERP",
    null,
    2.03,
    116637.71,
    46698.24289725408,
    86111.8573,
    -4,
    5,
    57475
  ],
  "time": 1616415186657
}