{
  "code": 200,
  "result": [
    0.8563866525846061,
    0,
    135254.0580244,
    null,
    null,
    0,
    135254.0580244,
    "BTC-PERP",
    null,
    2.03,
    115854.13,
    46698.24289725408,
    85328.2773,
    -4,
    5,
    57059
  ],
  "time": 1616421247213
}