{
  "code": 200,
  "result": [
    0.8567830400350096,
    0,
    134814.76009992,
    null,
    null,
    0,
    134814.76009992,
    "BTC-PERP",
    null,
    2.03,
    115507,
    46698.24289725408,
    84981.1473,
    -4,
    5,
    56900
  ],
  "time": 1616430247368
}