{
  "code": 200,
  "result": [
    0.8019645116419584,
    0,
    130136.42684303,
    null,
    null,
    0,
    130136.42684303,
    "BTC-PERP",
    null,
    1.9076,
    104349.5352,
    46698.24289725408,
    80449.1945,
    -4,
    5,
    54710
  ],
  "time": 1616462167273
}