{
  "code": 200,
  "result": [
    0.8570419633875703,
    0,
    135396.97582757,
    null,
    null,
    0,
    135396.97582757,
    "BTC-PERP",
    null,
    2.03,
    116036.83,
    46698.24289725408,
    85510.9773,
    -4,
    5,
    57163
  ],
  "time": 1616424907491
}