{
  "code": 200,
  "result": [
    0.8547046371222218,
    0,
    131945.72148305,
    null,
    null,
    0,
    131945.72148305,
    "BTC-PERP",
    null,
    2.03,
    112778.68,
    46698.24289725408,
    82252.8273,
    -4,
    5,
    55554
  ],
  "time": 1616445486252
}