{
  "code": 200,
  "result": [
    0.8529536167802573,
    0,
    130167.44148305,
    null,
    null,
    0,
    130167.44148305,
    "BTC-PERP",
    null,
    2.03,
    111000.4,
    46698.24289725408,
    80474.5473,
    -4,
    5,
    54693
  ],
  "time": 1616446986874
}