{
  "code": 200,
  "result": [
    0.8014685092919409,
    0,
    129874.22511704,
    null,
    null,
    0,
    129874.22511704,
    "BTC-PERP",
    null,
    1.9076,
    104086.2864,
    46698.24289725408,
    80185.9457,
    -4,
    5,
    54566
  ],
  "time": 1616470926465
}