{
  "code": 200,
  "result": [
    0.8570705398346901,
    0,
    135906.43311864,
    null,
    null,
    0,
    135906.43311864,
    "BTC-PERP",
    null,
    2.03,
    116493.58,
    46698.24289725408,
    85967.7273,
    -4,
    5,
    57380
  ],
  "time": 1616419627220
}