{
  "code": 200,
  "result": [
    0.8011435516031439,
    0,
    129510.21248611,
    null,
    null,
    0,
    129510.21248611,
    "BTC-PERP",
    null,
    1.9076,
    103756.2716,
    46698.24289725408,
    79855.9309,
    -4,
    5,
    54391
  ],
  "time": 1616459226255
}