{
  "code": 200,
  "result": [
    0.8558177185328798,
    0,
    135925.11288434,
    null,
    null,
    0,
    135925.11288434,
    "BTC-PERP",
    null,
    2.03,
    116327.12,
    46698.24289725408,
    85801.2673,
    -4,
    5,
    57304
  ],
  "time": 1616406247250
}