{
  "code": 200,
  "result": [
    0.856708455606405,
    0,
    135911.74364864,
    null,
    null,
    0,
    135911.74364864,
    "BTC-PERP",
    null,
    2.03,
    116414.41,
    46698.24289725408,
    85888.5573,
    -4,
    5,
    57358
  ],
  "time": 1616416626977
}