{
  "code": 200,
  "result": [
    0.8525868654322614,
    0,
    129690.09315425,
    null,
    null,
    0,
    129690.09315425,
    "BTC-PERP",
    null,
    2.03,
    110521.32,
    46698.24289725408,
    79995.4673,
    -4,
    5,
    54469
  ],
  "time": 1616451667538
}