{
  "code": 200,
  "result": [
    0.8558384164325641,
    0,
    134655.2080244,
    null,
    null,
    0,
    134655.2080244,
    "BTC-PERP",
    null,
    2.03,
    115255.28,
    46698.24289725408,
    84729.4273,
    -4,
    5,
    56770
  ],
  "time": 1616420467329
}