{
  "code": 200,
  "result": [
    0.8525703277644998,
    0,
    129980.71407267,
    null,
    null,
    0,
    129980.71407267,
    "BTC-PERP",
    null,
    2.03,
    110815.67,
    46698.24289725408,
    80289.8173,
    -4,
    5,
    54590
  ],
  "time": 1616455986263
}