{
  "code": 200,
  "result": [
    0.856157020496601,
    0,
    136430.81491319,
    null,
    null,
    0,
    136430.81491319,
    "BTC-PERP",
    null,
    2.03,
    116777.78,
    46698.24289725408,
    86251.9273,
    -4,
    5,
    57540
  ],
  "time": 1616401987123
}