{
  "code": 200,
  "result": [
    0.802861545047456,
    0,
    130805.99444303,
    null,
    null,
    0,
    130805.99444303,
    "BTC-PERP",
    null,
    1.9076,
    105019.1028,
    46698.24289725408,
    81118.7621,
    -4,
    5,
    55053
  ],
  "time": 1616465107219
}