{
  "code": 200,
  "result": [
    0.8525372409427532,
    0,
    129964.32845265,
    null,
    null,
    0,
    129964.32845265,
    "BTC-PERP",
    null,
    2.03,
    110797.4,
    46698.24289725408,
    80271.5473,
    -4,
    5,
    54581
  ],
  "time": 1616450286388
}