{
  "code": 200,
  "result": [
    0.85740896462474,
    0,
    136896.90082885,
    null,
    null,
    0,
    136896.90082885,
    "BTC-PERP",
    null,
    2.03,
    117376.63,
    46698.24289725408,
    86850.7773,
    -4,
    5,
    57821
  ],
  "time": 1616414346713
}