{
  "code": 200,
  "result": [
    0.8014049665154659,
    0,
    129858.33922704,
    null,
    null,
    0,
    129858.33922704,
    "BTC-PERP",
    null,
    1.9076,
    104071.0256,
    46698.24289725408,
    80170.6849,
    -4,
    5,
    54555
  ],
  "time": 1616468886491
}