{
  "code": 200,
  "result": [
    0.8018588617160155,
    0,
    130144.05724303,
    null,
    null,
    0,
    130144.05724303,
    "BTC-PERP",
    null,
    1.9076,
    104357.1656,
    46698.24289725408,
    80456.8249,
    -4,
    5,
    54706
  ],
  "time": 1616462526409
}