{
  "code": 200,
  "result": [
    0.8562212835542578,
    0,
    136802.28727061,
    null,
    null,
    0,
    136802.28727061,
    "BTC-PERP",
    null,
    2.03,
    117131,
    46698.24289725408,
    86605.1473,
    -4,
    5,
    57701
  ],
  "time": 1616401208839
}