{
  "code": 200,
  "result": [
    0.8558208783900625,
    0,
    136100.13840643,
    null,
    null,
    0,
    136100.13840643,
    "BTC-PERP",
    null,
    2.03,
    116493.58,
    46698.24289725408,
    85967.7273,
    -4,
    5,
    57378
  ],
  "time": 1616405646821
}