{
  "code": 200,
  "result": [
    0.8558046042022605,
    0,
    134546.67039018,
    null,
    null,
    0,
    134546.67039018,
    "BTC-PERP",
    null,
    2.03,
    115245.13,
    46698.24289725408,
    84719.2773,
    -4,
    5,
    56722
  ],
  "time": 1616432409394
}