{
  "code": 200,
  "result": [
    0.8564187517293785,
    0,
    136863.18727061,
    null,
    null,
    0,
    136863.18727061,
    "BTC-PERP",
    null,
    2.03,
    117191.9,
    46698.24289725408,
    86666.0473,
    -4,
    5,
    57740
  ],
  "time": 1616400968569
}