{
  "code": 200,
  "result": [
    0.8000551342478806,
    0,
    129052.16850719,
    null,
    null,
    0,
    129052.16850719,
    "BTC-PERP",
    null,
    1.9076,
    103266.0184,
    46698.24289725408,
    79365.6777,
    -4,
    5,
    54125
  ],
  "time": 1616457726287
}