{
  "code": 200,
  "result": [
    0.8570548849420554,
    0,
    135077.54524709,
    null,
    null,
    0,
    135077.54524709,
    "BTC-PERP",
    null,
    2.03,
    115766.84,
    46698.24289725408,
    85240.9873,
    -4,
    5,
    57029
  ],
  "time": 1616429346501
}