{
  "code": 200,
  "result": [
    0.8527757924276869,
    0,
    130187.44315425,
    null,
    null,
    0,
    130187.44315425,
    "BTC-PERP",
    null,
    2.03,
    111022.73,
    46698.24289725408,
    80496.8773,
    -4,
    5,
    54690
  ],
  "time": 1616454186289
}