{
  "code": 200,
  "result": [
    0.8565592114098018,
    0,
    134788.37009992,
    null,
    null,
    0,
    134788.37009992,
    "BTC-PERP",
    null,
    2.03,
    115480.61,
    46698.24289725408,
    84954.7573,
    -4,
    5,
    56874
  ],
  "time": 1616430427044
}