{
  "code": 200,
  "result": [
    0.8577961772388663,
    0,
    137481.16758879,
    null,
    null,
    0,
    137481.16758879,
    "BTC-PERP",
    null,
    2.03,
    117930.82,
    46698.24289725408,
    87404.9673,
    -4,
    5,
    58094
  ],
  "time": 1616410626424
}