{
  "code": 200,
  "result": [
    0.801793529847515,
    0,
    130016.67002704,
    null,
    null,
    0,
    130016.67002704,
    "BTC-PERP",
    null,
    1.9076,
    104229.3564,
    46698.24289725408,
    80329.0157,
    -4,
    5,
    54648
  ],
  "time": 1616468467437
}