{
  "code": 200,
  "result": [
    0.8015700464065242,
    0,
    129812.55682704,
    null,
    null,
    0,
    129812.55682704,
    "BTC-PERP",
    null,
    1.9076,
    104025.2432,
    46698.24289725408,
    80124.9025,
    -4,
    5,
    54547
  ],
  "time": 1616468346417
}