{
  "code": 200,
  "result": [
    0.8550649922239952,
    0,
    132497.88148305,
    null,
    null,
    0,
    132497.88148305,
    "BTC-PERP",
    null,
    2.03,
    113330.84,
    46698.24289725408,
    82804.9873,
    -4,
    5,
    55810
  ],
  "time": 1616444767934
}