{
  "code": 200,
  "result": [
    0.8019266536416393,
    0,
    130137.81288611,
    null,
    null,
    0,
    130137.81288611,
    "BTC-PERP",
    null,
    1.9076,
    104349.5352,
    46698.24289725408,
    80449.1945,
    -4,
    5,
    54708
  ],
  "time": 1616458626394
}