{
  "code": 200,
  "result": [
    0.8561323582190884,
    0,
    136643.40434854,
    null,
    null,
    0,
    136643.40434854,
    "BTC-PERP",
    null,
    2.03,
    116915.82,
    46698.24289725408,
    86389.9673,
    -4,
    5,
    57628
  ],
  "time": 1616400187660
}