{
  "code": 200,
  "result": [
    0.8017345878533992,
    0,
    130030.98728611,
    null,
    null,
    0,
    130030.98728611,
    "BTC-PERP",
    null,
    1.9076,
    104185.4816,
    46698.24289725408,
    80285.1409,
    -4,
    5,
    54650
  ],
  "time": 1616460306548
}