{
  "code": 200,
  "result": [
    0.857547400677712,
    0,
    135087.55307106,
    null,
    null,
    0,
    135087.55307106,
    "BTC-PERP",
    null,
    2.03,
    115807.44,
    46698.24289725408,
    85281.5873,
    -4,
    5,
    57066
  ],
  "time": 1616435167407
}