{
  "code": 200,
  "result": [
    0.8566738434341272,
    0,
    134621.04730278,
    null,
    null,
    0,
    134621.04730278,
    "BTC-PERP",
    null,
    2.03,
    115328.36,
    46698.24289725408,
    84802.5073,
    -4,
    5,
    56811
  ],
  "time": 1616434027300
}