{
  "code": 200,
  "result": [
    0.8575284467776125,
    0,
    135474.03638509,
    null,
    null,
    0,
    135474.03638509,
    "BTC-PERP",
    null,
    2.03,
    116160.66,
    46698.24289725408,
    85634.8073,
    -4,
    5,
    57228
  ],
  "time": 1616428868239
}