{
  "code": 200,
  "result": [
    0.8573040105293088,
    0,
    135312.96783317,
    null,
    null,
    0,
    135312.96783317,
    "BTC-PERP",
    null,
    2.03,
    115984.05,
    46698.24289725408,
    85458.1973,
    -4,
    5,
    57145
  ],
  "time": 1616426647115
}