{
  "code": 200,
  "result": [
    0.8562564863424211,
    0,
    134432.99039018,
    null,
    null,
    0,
    134432.99039018,
    "BTC-PERP",
    null,
    2.03,
    115131.45,
    46698.24289725408,
    84605.5973,
    -4,
    5,
    56704
  ],
  "time": 1616432587800
}