{
  "code": 200,
  "result": [
    0.8530036139462471,
    0,
    130416.83315425,
    null,
    null,
    0,
    130416.83315425,
    "BTC-PERP",
    null,
    2.03,
    111252.12,
    46698.24289725408,
    80726.2673,
    -4,
    5,
    54801
  ],
  "time": 1616454726957
}