{
  "code": 200,
  "result": [
    0.8528078629895933,
    0,
    130273.00148305,
    null,
    null,
    0,
    130273.00148305,
    "BTC-PERP",
    null,
    2.03,
    111105.96,
    46698.24289725408,
    80580.1073,
    -4,
    5,
    54728
  ],
  "time": 1616446506889
}