{
  "code": 200,
  "result": [
    0.8555126210882188,
    0,
    135987.82429652,
    null,
    null,
    0,
    135987.82429652,
    "BTC-PERP",
    null,
    2.03,
    116341.33,
    46698.24289725408,
    85815.4773,
    -4,
    5,
    57310
  ],
  "time": 1616403246660
}