{
  "code": 200,
  "result": [
    0.8023559350803032,
    0,
    130538.93044303,
    null,
    null,
    0,
    130538.93044303,
    "BTC-PERP",
    null,
    1.9076,
    104752.0388,
    46698.24289725408,
    80851.6981,
    -4,
    5,
    54906
  ],
  "time": 1616463126627
}