{
  "code": 200,
  "result": [
    0.8535040174187727,
    0,
    130808.92148305,
    null,
    null,
    0,
    130808.92148305,
    "BTC-PERP",
    null,
    2.03,
    111641.88,
    46698.24289725408,
    81116.0273,
    -4,
    5,
    54998
  ],
  "time": 1616445907110
}