{
  "code": 200,
  "result": [
    0.8544527594866529,
    0,
    131773.17148305,
    null,
    null,
    0,
    131773.17148305,
    "BTC-PERP",
    null,
    2.03,
    112606.13,
    46698.24289725408,
    82080.2773,
    -4,
    5,
    55465
  ],
  "time": 1616445667757
}