{
  "code": 200,
  "result": [
    0.8008305694291147,
    0,
    129472.69292419,
    null,
    null,
    0,
    129472.69292419,
    "BTC-PERP",
    null,
    1.9076,
    103685.6904,
    46698.24289725408,
    79785.3497,
    -4,
    5,
    54354
  ],
  "time": 1616474646703
}