{
  "code": 200,
  "result": [
    0.8024623067727016,
    0,
    130495.47762704,
    null,
    null,
    0,
    130495.47762704,
    "BTC-PERP",
    null,
    1.9076,
    104708.164,
    46698.24289725408,
    80807.8233,
    -4,
    5,
    54895
  ],
  "time": 1616467807526
}