{
  "code": 200,
  "result": [
    0.8014449659535198,
    0,
    129878.04031704,
    null,
    null,
    0,
    129878.04031704,
    "BTC-PERP",
    null,
    1.9076,
    104090.1016,
    46698.24289725408,
    80189.7609,
    -4,
    5,
    54566
  ],
  "time": 1616471586184
}