{
  "code": 200,
  "result": [
    0.8023417876790492,
    0,
    130531.72202704,
    null,
    null,
    0,
    130531.72202704,
    "BTC-PERP",
    null,
    1.9076,
    104744.4084,
    46698.24289725408,
    80844.0677,
    -4,
    5,
    54902
  ],
  "time": 1616466486410
}