{
  "code": 200,
  "result": [
    0.8013311649900864,
    0,
    129803.64391704,
    null,
    null,
    0,
    129803.64391704,
    "BTC-PERP",
    null,
    1.9076,
    104015.7052,
    46698.24289725408,
    80115.3645,
    -4,
    5,
    54527
  ],
  "time": 1616470686622
}