{
  "code": 200,
  "result": [
    0.8016069975936062,
    0,
    129908.90088611,
    null,
    null,
    0,
    129908.90088611,
    "BTC-PERP",
    null,
    1.9076,
    104122.5308,
    46698.24289725408,
    80222.1901,
    -4,
    5,
    54590
  ],
  "time": 1616461146218
}