{
  "code": 200,
  "result": [
    0.8570507270988553,
    0,
    136553.83082885,
    null,
    null,
    0,
    136553.83082885,
    "BTC-PERP",
    null,
    2.03,
    117131,
    46698.24289725408,
    86605.1473,
    -4,
    5,
    57652
  ],
  "time": 1616414646758
}