{
  "code": 200,
  "result": [
    0.8521014592170651,
    0,
    129966.47148305,
    null,
    null,
    0,
    129966.47148305,
    "BTC-PERP",
    null,
    2.03,
    110799.43,
    46698.24289725408,
    80273.5773,
    -4,
    5,
    54554
  ],
  "time": 1616446567343
}