{
  "code": 200,
  "result": [
    0.8557183336245864,
    0,
    134500.9280244,
    null,
    null,
    0,
    134500.9280244,
    "BTC-PERP",
    null,
    2.03,
    115101,
    46698.24289725408,
    84575.1473,
    -4,
    5,
    56697
  ],
  "time": 1616420586903
}