{
  "code": 200,
  "result": [
    0.8574107923380136,
    0,
    135433.43638509,
    null,
    null,
    0,
    135433.43638509,
    "BTC-PERP",
    null,
    2.03,
    116120.06,
    46698.24289725408,
    85594.2073,
    -4,
    5,
    57203
  ],
  "time": 1616428627073
}