{
  "code": 200,
  "result": [
    0.8553838672451045,
    0,
    132484.08619744,
    null,
    null,
    0,
    132484.08619744,
    "BTC-PERP",
    null,
    2.03,
    113298.36,
    46698.24289725408,
    82772.5073,
    -4,
    5,
    55825
  ],
  "time": 1616441526501
}