{
  "code": 200,
  "result": [
    0.8011831215751307,
    0,
    130015.72648611,
    null,
    null,
    0,
    130015.72648611,
    "BTC-PERP",
    null,
    1.9076,
    104229.3564,
    46698.24289725408,
    80329.0157,
    -4,
    5,
    54606
  ],
  "time": 1616458507056
}