{
  "code": 200,
  "result": [
    0.8574253556022832,
    0,
    135324.5961784,
    null,
    null,
    0,
    135324.5961784,
    "BTC-PERP",
    null,
    2.03,
    116006.38,
    46698.24289725408,
    85480.5273,
    -4,
    5,
    57158
  ],
  "time": 1616428146746
}