{
  "code": 200,
  "result": [
    0.8559719138723803,
    0,
    135865.05364864,
    null,
    null,
    0,
    135865.05364864,
    "BTC-PERP",
    null,
    2.03,
    116383.96,
    46698.24289725408,
    85858.1073,
    -4,
    5,
    57289
  ],
  "time": 1616416446550
}