{
  "code": 200,
  "result": [
    0.8579587456467878,
    0,
    137795.832958,
    null,
    null,
    0,
    137795.832958,
    "BTC-PERP",
    null,
    2.03,
    118215.02,
    46698.24289725408,
    87689.1673,
    -4,
    5,
    58238
  ],
  "time": 1616408647570
}