{
  "code": 200,
  "result": [
    0.8555749458125224,
    0,
    135871.14789763,
    null,
    null,
    0,
    135871.14789763,
    "BTC-PERP",
    null,
    2.03,
    116247.95,
    46698.24289725408,
    85722.0973,
    -4,
    5,
    57265
  ],
  "time": 1616404746957
}