{
  "code": 200,
  "result": [
    0.852889448227599,
    0,
    129984.44315425,
    null,
    null,
    0,
    129984.44315425,
    "BTC-PERP",
    null,
    2.03,
    110838,
    46698.24289725408,
    80312.1473,
    -4,
    5,
    54612
  ],
  "time": 1616455086379
}