{
  "code": 200,
  "result": [
    0.8022952255729042,
    0,
    130334.81724303,
    null,
    null,
    0,
    130334.81724303,
    "BTC-PERP",
    null,
    1.9076,
    104547.9256,
    46698.24289725408,
    80647.5849,
    -4,
    5,
    54816
  ],
  "time": 1616463607620
}