{
  "code": 200,
  "result": [
    0.85794607456592,
    0,
    137565.98870123,
    null,
    null,
    0,
    137565.98870123,
    "BTC-PERP",
    null,
    2.03,
    118026.23,
    46698.24289725408,
    87500.3773,
    -4,
    5,
    58140
  ],
  "time": 1616411767284
}