{
  "code": 200,
  "result": [
    0.8553651149453555,
    0,
    132570.05461024,
    null,
    null,
    0,
    132570.05461024,
    "BTC-PERP",
    null,
    2.03,
    113403.92,
    46698.24289725408,
    82878.0673,
    -4,
    5,
    55860
  ],
  "time": 1616443686640
}