{
  "code": 200,
  "result": [
    0.8567447590179964,
    0,
    133948.8322421,
    null,
    null,
    0,
    133948.8322421,
    "BTC-PERP",
    null,
    2.03,
    114731.54,
    46698.24289725408,
    84205.6873,
    -4,
    5,
    56532
  ],
  "time": 1616438767438
}