{
  "code": 200,
  "result": [
    0.8567000803498847,
    0,
    135697.44262487,
    null,
    null,
    0,
    135697.44262487,
    "BTC-PERP",
    null,
    2.03,
    116254.04,
    46698.24289725408,
    85728.1873,
    -4,
    5,
    57267
  ],
  "time": 1616417768019
}