{
  "code": 200,
  "result": [
    0.8027819448770511,
    0,
    130861.73682704,
    null,
    null,
    0,
    130861.73682704,
    "BTC-PERP",
    null,
    1.9076,
    105053.4396,
    46698.24289725408,
    81153.0989,
    -4,
    5,
    55071
  ],
  "time": 1616467686296
}