{
  "code": 200,
  "result": [
    0.8012405515815946,
    0,
    129739.75692419,
    null,
    null,
    0,
    129739.75692419,
    "BTC-PERP",
    null,
    1.9076,
    103952.7544,
    46698.24289725408,
    80052.4137,
    -4,
    5,
    54494
  ],
  "time": 1616475306792
}