{
  "code": 200,
  "result": [
    0.8568141409275858,
    0,
    135269.4994909,
    null,
    null,
    0,
    135269.4994909,
    "BTC-PERP",
    null,
    2.03,
    115900.82,
    46698.24289725408,
    85374.9673,
    -4,
    5,
    57094
  ],
  "time": 1616423647115
}