{
  "code": 200,
  "result": [
    0.8576364182422065,
    0,
    137326.88758879,
    null,
    null,
    0,
    137326.88758879,
    "BTC-PERP",
    null,
    2.03,
    117776.54,
    46698.24289725408,
    87250.6873,
    -4,
    5,
    58018
  ],
  "time": 1616410809400
}