{
  "code": 200,
  "result": [
    0.8557766327823365,
    0,
    136396.57304091,
    null,
    null,
    0,
    136396.57304091,
    "BTC-PERP",
    null,
    2.03,
    116712.82,
    46698.24289725408,
    86186.9673,
    -4,
    5,
    57500
  ],
  "time": 1616401747217
}