{
  "code": 200,
  "result": [
    0.8574576816272608,
    0,
    136979.08656798,
    null,
    null,
    0,
    136979.08656798,
    "BTC-PERP",
    null,
    2.03,
    117453.77,
    46698.24289725408,
    86927.9173,
    -4,
    5,
    57859
  ],
  "time": 1616413386430
}