{
  "code": 200,
  "result": [
    0.8013836030764631,
    0,
    129847.51871704,
    null,
    null,
    0,
    129847.51871704,
    "BTC-PERP",
    null,
    1.9076,
    104059.58,
    46698.24289725408,
    80159.2393,
    -4,
    5,
    54549
  ],
  "time": 1616472607192
}