{
  "code": 200,
  "result": [
    0.8569379774755509,
    0,
    134257.38270922,
    null,
    null,
    0,
    134257.38270922,
    "BTC-PERP",
    null,
    2.03,
    115027.92,
    46698.24289725408,
    84502.0673,
    -4,
    5,
    56675
  ],
  "time": 1616438107207
}