{
  "code": 200,
  "result": [
    0.8560590434082647,
    0,
    133937.56059571,
    null,
    null,
    0,
    133937.56059571,
    "BTC-PERP",
    null,
    2.03,
    114731.54,
    46698.24289725408,
    84205.6873,
    -4,
    5,
    56482
  ],
  "time": 1616439610154
}