{
  "code": 200,
  "result": [
    0.8570394567523238,
    0,
    136269.02364864,
    null,
    null,
    0,
    136269.02364864,
    "BTC-PERP",
    null,
    2.03,
    116787.93,
    46698.24289725408,
    86262.0773,
    -4,
    5,
    57531
  ],
  "time": 1616415906915
}