{
  "code": 200,
  "result": [
    0.8550740869571996,
    0,
    132270.93619744,
    null,
    null,
    0,
    132270.93619744,
    "BTC-PERP",
    null,
    2.03,
    113085.21,
    46698.24289725408,
    82559.3573,
    -4,
    5,
    55715
  ],
  "time": 1616441226200
}