{
  "code": 200,
  "result": [
    0.8013099315887535,
    0,
    129959.44202704,
    null,
    null,
    0,
    129959.44202704,
    "BTC-PERP",
    null,
    1.9076,
    104172.1284,
    46698.24289725408,
    80271.7877,
    -4,
    5,
    54591
  ],
  "time": 1616468409205
}