{
  "code": 200,
  "result": [
    0.8525468724250319,
    0,
    130110.48845265,
    null,
    null,
    0,
    130110.48845265,
    "BTC-PERP",
    null,
    2.03,
    110937.47,
    46698.24289725408,
    80411.6173,
    -4,
    5,
    54643
  ],
  "time": 1616447946249
}