{
  "code": 200,
  "result": [
    0.8579779204529859,
    0,
    137757.262958,
    null,
    null,
    0,
    137757.262958,
    "BTC-PERP",
    null,
    2.03,
    118176.45,
    46698.24289725408,
    87650.5973,
    -4,
    5,
    58223
  ],
  "time": 1616409068286
}