{
  "code": 200,
  "result": [
    0.855154359096738,
    0,
    132327.36148305,
    null,
    null,
    0,
    132327.36148305,
    "BTC-PERP",
    null,
    2.03,
    113160.32,
    46698.24289725408,
    82634.4673,
    -4,
    5,
    55744
  ],
  "time": 1616444826072
}