{
  "code": 200,
  "result": [
    0.8558142693514658,
    0,
    135863.98844239,
    null,
    null,
    0,
    135863.98844239,
    "BTC-PERP",
    null,
    2.03,
    116274.34,
    46698.24289725408,
    85748.4873,
    -4,
    5,
    57278
  ],
  "time": 1616406907398
}