{
  "code": 200,
  "result": [
    0.8562452146004846,
    0,
    136895.66727061,
    null,
    null,
    0,
    136895.66727061,
    "BTC-PERP",
    null,
    2.03,
    117224.38,
    46698.24289725408,
    86698.5273,
    -4,
    5,
    57742
  ],
  "time": 1616401027223
}