{
  "code": 200,
  "result": [
    0.8017354048939218,
    0,
    130126.02831704,
    null,
    null,
    0,
    130126.02831704,
    "BTC-PERP",
    null,
    1.9076,
    104338.0896,
    46698.24289725408,
    80437.7489,
    -4,
    5,
    54690
  ],
  "time": 1616471946279
}