{
  "code": 200,
  "result": [
    0.8526137062864969,
    0,
    130045.52845265,
    null,
    null,
    0,
    130045.52845265,
    "BTC-PERP",
    null,
    2.03,
    110868.45,
    46698.24289725408,
    80342.5973,
    -4,
    5,
    54620
  ],
  "time": 1616448846630
}