{
  "code": 200,
  "result": [
    0.8575273582655631,
    0,
    137046.07656798,
    null,
    null,
    0,
    137046.07656798,
    "BTC-PERP",
    null,
    2.03,
    117553.24,
    46698.24289725408,
    87027.3873,
    -4,
    5,
    57892
  ],
  "time": 1616413326994
}