{
  "code": 200,
  "result": [
    0.8555313419917955,
    0,
    132568.02461024,
    null,
    null,
    0,
    132568.02461024,
    "BTC-PERP",
    null,
    2.03,
    113416.1,
    46698.24289725408,
    82890.2473,
    -4,
    5,
    55870
  ],
  "time": 1616443086170
}