{
  "code": 200,
  "result": [
    0.8528996093374197,
    0,
    130159.02315425,
    null,
    null,
    0,
    130159.02315425,
    "BTC-PERP",
    null,
    2.03,
    111000.4,
    46698.24289725408,
    80474.5473,
    -4,
    5,
    54686
  ],
  "time": 1616454125853
}