{
  "code": 200,
  "result": [
    0.856814138461194,
    0,
    135700.70191514,
    null,
    null,
    0,
    135700.70191514,
    "BTC-PERP",
    null,
    2.03,
    116270.28,
    46698.24289725408,
    85744.4273,
    -4,
    5,
    57276
  ],
  "time": 1616418786593
}