{
  "code": 200,
  "result": [
    0.8557786616188653,
    0,
    132807.24923078,
    null,
    null,
    0,
    132807.24923078,
    "BTC-PERP",
    null,
    2.03,
    113615.04,
    46698.24289725408,
    83089.1873,
    -4,
    5,
    55987
  ],
  "time": 1616440868233
}