{
  "code": 200,
  "result": [
    0.8570484090730323,
    0,
    135350.95424244,
    null,
    null,
    0,
    135350.95424244,
    "BTC-PERP",
    null,
    2.03,
    116002.32,
    46698.24289725408,
    85476.4673,
    -4,
    5,
    57144
  ],
  "time": 1616425086705
}