{
  "code": 200,
  "result": [
    0.8574192570759008,
    0,
    135550.47783317,
    null,
    null,
    0,
    135550.47783317,
    "BTC-PERP",
    null,
    2.03,
    116215.47,
    46698.24289725408,
    85689.6173,
    -4,
    5,
    57253
  ],
  "time": 1616427126944
}