{
  "code": 200,
  "result": [
    0.8558389471256292,
    0,
    135663.19970591,
    null,
    null,
    0,
    135663.19970591,
    "BTC-PERP",
    null,
    2.03,
    116032.77,
    46698.24289725408,
    85506.9173,
    -4,
    5,
    57195
  ],
  "time": 1616403907943
}