{
  "code": 200,
  "result": [
    0.8028672135466517,
    0,
    130695.77562704,
    null,
    null,
    0,
    130695.77562704,
    "BTC-PERP",
    null,
    1.9076,
    104908.462,
    46698.24289725408,
    81008.1213,
    -4,
    5,
    55007
  ],
  "time": 1616466067534
}