{
  "code": 200,
  "result": [
    0.8569040448578688,
    0,
    135785.96191514,
    null,
    null,
    0,
    135785.96191514,
    "BTC-PERP",
    null,
    2.03,
    116355.54,
    46698.24289725408,
    85829.6873,
    -4,
    5,
    57318
  ],
  "time": 1616419268574
}