{
  "code": 200,
  "result": [
    0.8523754082036534,
    0,
    130358.14845265,
    null,
    null,
    0,
    130358.14845265,
    "BTC-PERP",
    null,
    2.03,
    111191.22,
    46698.24289725408,
    80665.3673,
    -4,
    5,
    54736
  ],
  "time": 1616450106739
}