{
  "code": 200,
  "result": [
    0.8516534624343645,
    0,
    129191.04407267,
    null,
    null,
    0,
    129191.04407267,
    "BTC-PERP",
    null,
    2.03,
    110026,
    46698.24289725408,
    79500.1473,
    -4,
    5,
    54200
  ],
  "time": 1616457546499
}