{
  "code": 200,
  "result": [
    0.8574269731427642,
    0,
    135187.02307106,
    null,
    null,
    0,
    135187.02307106,
    "BTC-PERP",
    null,
    2.03,
    115915.03,
    46698.24289725408,
    85389.1773,
    -4,
    5,
    57100
  ],
  "time": 1616435107258
}