{
  "code": 200,
  "result": [
    0.8564006825250686,
    0,
    136150.21844239,
    null,
    null,
    0,
    136150.21844239,
    "BTC-PERP",
    null,
    2.03,
    116560.57,
    46698.24289725408,
    86034.7173,
    -4,
    5,
    57438
  ],
  "time": 1616407387384
}