{
  "code": 200,
  "result": [
    0.8008423066752385,
    0,
    129480.32332419,
    null,
    null,
    0,
    129480.32332419,
    "BTC-PERP",
    null,
    1.9076,
    103693.3208,
    46698.24289725408,
    79792.9801,
    -4,
    5,
    54358
  ],
  "time": 1616474526879
}