{
  "code": 200,
  "result": [
    0.8558735873979308,
    0,
    133949.98009992,
    null,
    null,
    0,
    133949.98009992,
    "BTC-PERP",
    null,
    2.03,
    114642.22,
    46698.24289725408,
    84116.3673,
    -4,
    5,
    56475
  ],
  "time": 1616430968362
}