{
  "code": 200,
  "result": [
    0.800462911245944,
    0,
    129281.93292419,
    null,
    null,
    0,
    129281.93292419,
    "BTC-PERP",
    null,
    1.9076,
    103494.9304,
    46698.24289725408,
    79594.5897,
    -4,
    5,
    54249
  ],
  "time": 1616473926898
}