{
  "code": 200,
  "result": [
    0.8564354033710384,
    0,
    135108.88216968,
    null,
    null,
    0,
    135108.88216968,
    "BTC-PERP",
    null,
    2.03,
    115718.12,
    46698.24289725408,
    85192.2673,
    -4,
    5,
    57001
  ],
  "time": 1616421487327
}