{
  "code": 200,
  "result": [
    0.8528275716092719,
    0,
    130136.69315425,
    null,
    null,
    0,
    130136.69315425,
    "BTC-PERP",
    null,
    2.03,
    110976.04,
    46698.24289725408,
    80450.1873,
    -4,
    5,
    54672
  ],
  "time": 1616454846039
}