{
  "code": 200,
  "result": [
    0.8528090056280511,
    0,
    130218.07845265,
    null,
    null,
    0,
    130218.07845265,
    "BTC-PERP",
    null,
    2.03,
    111069.42,
    46698.24289725408,
    80543.5673,
    -4,
    5,
    54705
  ],
  "time": 1616448426608
}