{
  "code": 200,
  "result": [
    0.8567215449145087,
    0,
    134945.28144677,
    null,
    null,
    0,
    134945.28144677,
    "BTC-PERP",
    null,
    2.03,
    115610.53,
    46698.24289725408,
    85084.6773,
    -4,
    5,
    56951
  ],
  "time": 1616425986579
}