{
  "code": 200,
  "result": [
    0.855568472120216,
    0,
    135865.05789763,
    null,
    null,
    0,
    135865.05789763,
    "BTC-PERP",
    null,
    2.03,
    116241.86,
    46698.24289725408,
    85716.0073,
    -4,
    5,
    57262
  ],
  "time": 1616404568403
}