{
  "code": 200,
  "result": [
    0.8564026799854696,
    0,
    134559.37573894,
    null,
    null,
    0,
    134559.37573894,
    "BTC-PERP",
    null,
    2.03,
    115297.91,
    46698.24289725408,
    84772.0573,
    -4,
    5,
    56767
  ],
  "time": 1616433667389
}