{
  "code": 200,
  "result": [
    0.8017862282437286,
    0,
    130096.36724303,
    null,
    null,
    0,
    130096.36724303,
    "BTC-PERP",
    null,
    1.9076,
    104309.4756,
    46698.24289725408,
    80409.1349,
    -4,
    5,
    54681
  ],
  "time": 1616462226474
}