{
  "code": 200,
  "result": [
    0.8579376230389621,
    0,
    137460.86758879,
    null,
    null,
    0,
    137460.86758879,
    "BTC-PERP",
    null,
    2.03,
    117910.52,
    46698.24289725408,
    87384.6673,
    -4,
    5,
    58095
  ],
  "time": 1616410986833
}