{
  "code": 200,
  "result": [
    0.8568791232888769,
    0,
    135223.70524709,
    null,
    null,
    0,
    135223.70524709,
    "BTC-PERP",
    null,
    2.03,
    115913,
    46698.24289725408,
    85387.1473,
    -4,
    5,
    57079
  ],
  "time": 1616428987623
}