{
  "code": 200,
  "result": [
    0.856997810098874,
    0,
    135737.94311864,
    null,
    null,
    0,
    135737.94311864,
    "BTC-PERP",
    null,
    2.03,
    116361.63,
    46698.24289725408,
    85835.7773,
    -4,
    5,
    57304
  ],
  "time": 1616419867980
}