{
  "code": 200,
  "result": [
    0.856647245804296,
    0,
    135859.84262487,
    null,
    null,
    0,
    135859.84262487,
    "BTC-PERP",
    null,
    2.03,
    116416.44,
    46698.24289725408,
    85890.5873,
    -4,
    5,
    57332
  ],
  "time": 1616418127240
}