{
  "code": 200,
  "result": [
    0.8018007591979653,
    0,
    130105.90524303,
    null,
    null,
    0,
    130105.90524303,
    "BTC-PERP",
    null,
    1.9076,
    104319.0136,
    46698.24289725408,
    80418.6729,
    -4,
    5,
    54686
  ],
  "time": 1616462407340
}