{
  "code": 200,
  "result": [
    0.8555497321130338,
    0,
    132738.38531808,
    null,
    null,
    0,
    132738.38531808,
    "BTC-PERP",
    null,
    2.03,
    113566.32,
    46698.24289725408,
    83040.4673,
    -4,
    5,
    55943
  ],
  "time": 1616442307479
}