{
  "code": 200,
  "result": [
    0.856318849403017,
    0,
    135034.8180244,
    null,
    null,
    0,
    135034.8180244,
    "BTC-PERP",
    null,
    2.03,
    115634.89,
    46698.24289725408,
    85109.0373,
    -4,
    5,
    56962
  ],
  "time": 1616421068408
}