{
  "code": 200,
  "result": [
    0.8526918956443562,
    0,
    128681.36845265,
    null,
    null,
    0,
    128681.36845265,
    "BTC-PERP",
    null,
    2.03,
    109514.44,
    46698.24289725408,
    78988.5873,
    -4,
    5,
    54052
  ],
  "time": 1616450647081
}