{
  "code": 200,
  "result": [
    0.8573381724763005,
    0,
    135402.28783317,
    null,
    null,
    0,
    135402.28783317,
    "BTC-PERP",
    null,
    2.03,
    116073.37,
    46698.24289725408,
    85547.5173,
    -4,
    5,
    57185
  ],
  "time": 1616426707946
}