{
  "code": 200,
  "result": [
    0.8569353842551755,
    0,
    135482.51377309,
    null,
    null,
    0,
    135482.51377309,
    "BTC-PERP",
    null,
    2.03,
    116099.76,
    46698.24289725408,
    85573.9073,
    -4,
    5,
    57192
  ],
  "time": 1616422626985
}