{
  "code": 200,
  "result": [
    0.8015011836383046,
    0,
    129916.53128611,
    null,
    null,
    0,
    129916.53128611,
    "BTC-PERP",
    null,
    1.9076,
    104130.1612,
    46698.24289725408,
    80229.8205,
    -4,
    5,
    54586
  ],
  "time": 1616459886197
}