{
  "code": 200,
  "result": [
    0.8016570201901307,
    0,
    130064.98511704,
    null,
    null,
    0,
    130064.98511704,
    "BTC-PERP",
    null,
    1.9076,
    104277.0464,
    46698.24289725408,
    80376.7057,
    -4,
    5,
    54659
  ],
  "time": 1616471826021
}