{
  "code": 200,
  "result": [
    0.8026379101186979,
    0,
    130630.91722704,
    null,
    null,
    0,
    130630.91722704,
    "BTC-PERP",
    null,
    1.9076,
    104868.4024,
    46698.24289725408,
    80968.0617,
    -4,
    5,
    54964
  ],
  "time": 1616466846424
}