{
  "code": 200,
  "result": [
    0.8566220001845735,
    0,
    133939.59059571,
    null,
    null,
    0,
    133939.59059571,
    "BTC-PERP",
    null,
    2.03,
    114721.39,
    46698.24289725408,
    84195.5373,
    -4,
    5,
    56520
  ],
  "time": 1616439486564
}