{
  "code": 200,
  "result": [
    0.8013402580003548,
    0,
    129766.46332419,
    null,
    null,
    0,
    129766.46332419,
    "BTC-PERP",
    null,
    1.9076,
    103979.4608,
    46698.24289725408,
    80079.1201,
    -4,
    5,
    54512
  ],
  "time": 1616472667774
}