{
  "code": 200,
  "result": [
    0.8532836603661743,
    0,
    130528.66845265,
    null,
    null,
    0,
    130528.66845265,
    "BTC-PERP",
    null,
    2.03,
    111361.74,
    46698.24289725408,
    80835.8873,
    -4,
    5,
    54866
  ],
  "time": 1616447346397
}