{
  "code": 200,
  "result": [
    0.8569593426665733,
    0,
    135729.82311864,
    null,
    null,
    0,
    135729.82311864,
    "BTC-PERP",
    null,
    2.03,
    116316.97,
    46698.24289725408,
    85791.1173,
    -4,
    5,
    57298
  ],
  "time": 1616419507660
}