{
  "code": 200,
  "result": [
    0.8524018203195698,
    0,
    129887.33407267,
    null,
    null,
    0,
    129887.33407267,
    "BTC-PERP",
    null,
    2.03,
    110722.29,
    46698.24289725408,
    80196.4373,
    -4,
    5,
    54540
  ],
  "time": 1616456767316
}