{
  "code": 200,
  "result": [
    0.8520346205765662,
    0,
    129521.60315425,
    null,
    null,
    0,
    129521.60315425,
    "BTC-PERP",
    null,
    2.03,
    110356.89,
    46698.24289725408,
    79831.0373,
    -4,
    5,
    54363
  ],
  "time": 1616452867614
}