{
  "code": 200,
  "result": [
    0.8533591161593216,
    0,
    130483.82315425,
    null,
    null,
    0,
    130483.82315425,
    "BTC-PERP",
    null,
    2.03,
    111319.11,
    46698.24289725408,
    80793.2573,
    -4,
    5,
    54852
  ],
  "time": 1616454366923
}