{
  "code": 200,
  "result": [
    0.8565551776050911,
    0,
    135992.94364864,
    null,
    null,
    0,
    135992.94364864,
    "BTC-PERP",
    null,
    2.03,
    116511.85,
    46698.24289725408,
    85985.9973,
    -4,
    5,
    57382
  ],
  "time": 1616416386560
}