{
  "code": 200,
  "result": [
    0.8578016627913099,
    0,
    135248.6653179,
    null,
    null,
    0,
    135248.6653179,
    "BTC-PERP",
    null,
    2.03,
    116012.47,
    46698.24289725408,
    85486.6173,
    -4,
    5,
    57151
  ],
  "time": 1616437507968
}