{
  "code": 200,
  "result": [
    0.801649817654255,
    0,
    129930.51692419,
    null,
    null,
    0,
    129930.51692419,
    "BTC-PERP",
    null,
    1.9076,
    104143.5144,
    46698.24289725408,
    80243.1737,
    -4,
    5,
    54602
  ],
  "time": 1616473086516
}