{
  "code": 200,
  "result": [
    0.8572738627744335,
    0,
    135317.72638509,
    null,
    null,
    0,
    135317.72638509,
    "BTC-PERP",
    null,
    2.03,
    115988.11,
    46698.24289725408,
    85462.2573,
    -4,
    5,
    57145
  ],
  "time": 1616428507176
}