{
  "code": 200,
  "result": [
    0.852847782274251,
    0,
    130583.47845265,
    null,
    null,
    0,
    130583.47845265,
    "BTC-PERP",
    null,
    2.03,
    111416.55,
    46698.24289725408,
    80890.6973,
    -4,
    5,
    54861
  ],
  "time": 1616449926774
}