{
  "code": 200,
  "result": [
    0.8569014847938485,
    0,
    135987.73262487,
    null,
    null,
    0,
    135987.73262487,
    "BTC-PERP",
    null,
    2.03,
    116544.33,
    46698.24289725408,
    86018.4773,
    -4,
    5,
    57403
  ],
  "time": 1616418067955
}