{
  "code": 200,
  "result": [
    0.8565335073245169,
    0,
    135915.80364864,
    null,
    null,
    0,
    135915.80364864,
    "BTC-PERP",
    null,
    2.03,
    116434.71,
    46698.24289725408,
    85908.8573,
    -4,
    5,
    57348
  ],
  "time": 1616416568364
}