{
  "code": 200,
  "result": [
    0.8573907599065536,
    0,
    136961.36638188,
    null,
    null,
    0,
    136961.36638188,
    "BTC-PERP",
    null,
    2.03,
    117429.41,
    46698.24289725408,
    86903.5573,
    -4,
    5,
    57847
  ],
  "time": 1616413146193
}