{
  "code": 200,
  "result": [
    0.855387639449998,
    0,
    136052.78429652,
    null,
    null,
    0,
    136052.78429652,
    "BTC-PERP",
    null,
    2.03,
    116365.69,
    46698.24289725408,
    85839.8373,
    -4,
    5,
    57329
  ],
  "time": 1616402586953
}