{
  "code": 200,
  "result": [
    0.8568894173605588,
    0,
    135115.47424244,
    null,
    null,
    0,
    135115.47424244,
    "BTC-PERP",
    null,
    2.03,
    115766.84,
    46698.24289725408,
    85240.9873,
    -4,
    5,
    57034
  ],
  "time": 1616425267969
}