{
  "code": 200,
  "result": [
    0.8028158208161774,
    0,
    130777.80242704,
    null,
    null,
    0,
    130777.80242704,
    "BTC-PERP",
    null,
    1.9076,
    104990.4888,
    46698.24289725408,
    81090.1481,
    -4,
    5,
    55038
  ],
  "time": 1616467626276
}