{
  "code": 200,
  "result": [
    0.8574740924131002,
    0,
    135217.47307106,
    null,
    null,
    0,
    135217.47307106,
    "BTC-PERP",
    null,
    2.03,
    115945.48,
    46698.24289725408,
    85419.6273,
    -4,
    5,
    57116
  ],
  "time": 1616434986360
}