{
  "code": 200,
  "result": [
    0.8576760012950084,
    0,
    137417.59105075,
    null,
    null,
    0,
    137417.59105075,
    "BTC-PERP",
    null,
    2.03,
    117859.77,
    46698.24289725408,
    87333.9173,
    -4,
    5,
    58059
  ],
  "time": 1616409667947
}