{
  "code": 200,
  "result": [
    0.8555743626337295,
    0,
    132703.71923078,
    null,
    null,
    0,
    132703.71923078,
    "BTC-PERP",
    null,
    2.03,
    113511.51,
    46698.24289725408,
    82985.6573,
    -4,
    5,
    55930
  ],
  "time": 1616440745962
}