{
  "code": 200,
  "result": [
    0.8575701363499731,
    0,
    137529.24105075,
    null,
    null,
    0,
    137529.24105075,
    "BTC-PERP",
    null,
    2.03,
    117951.12,
    46698.24289725408,
    87425.2673,
    -4,
    5,
    58099
  ],
  "time": 1616409907562
}