{
  "code": 200,
  "result": [
    0.8530266697732377,
    0,
    130410.92845265,
    null,
    null,
    0,
    130410.92845265,
    "BTC-PERP",
    null,
    2.03,
    111244,
    46698.24289725408,
    80718.1473,
    -4,
    5,
    54800
  ],
  "time": 1616449986720
}