{
  "code": 200,
  "result": [
    0.8563757878689905,
    0,
    134378.70573894,
    null,
    null,
    0,
    134378.70573894,
    "BTC-PERP",
    null,
    2.03,
    115076.64,
    46698.24289725408,
    84550.7873,
    -4,
    5,
    56689
  ],
  "time": 1616433067468
}