{
  "code": 200,
  "result": [
    0.8567168958566138,
    0,
    134085.88129354,
    null,
    null,
    0,
    134085.88129354,
    "BTC-PERP",
    null,
    2.03,
    114873.64,
    46698.24289725408,
    84347.7873,
    -4,
    5,
    56588
  ],
  "time": 1616439426630
}