{
  "code": 200,
  "result": [
    0.8577412736135572,
    0,
    135229.7873126,
    null,
    null,
    0,
    135229.7873126,
    "BTC-PERP",
    null,
    2.03,
    115990.14,
    46698.24289725408,
    85464.2873,
    -4,
    5,
    57139
  ],
  "time": 1616437026724
}