{
  "code": 200,
  "result": [
    0.8564626659386639,
    0,
    134488.32573894,
    null,
    null,
    0,
    134488.32573894,
    "BTC-PERP",
    null,
    2.03,
    115186.26,
    46698.24289725408,
    84660.4073,
    -4,
    5,
    56741
  ],
  "time": 1616433727322
}