{
  "code": 200,
  "result": [
    0.8569801217486684,
    0,
    135764.43262487,
    null,
    null,
    0,
    135764.43262487,
    "BTC-PERP",
    null,
    2.03,
    116321.03,
    46698.24289725408,
    85795.1773,
    -4,
    5,
    57314
  ],
  "time": 1616418186874
}