{
  "code": 200,
  "result": [
    0.8575860716338983,
    0,
    134892.09284801,
    null,
    null,
    0,
    134892.09284801,
    "BTC-PERP",
    null,
    2.03,
    115659.25,
    46698.24289725408,
    85133.3973,
    -4,
    5,
    56986
  ],
  "time": 1616437809421
}