{
  "code": 200,
  "result": [
    0.8014362166621345,
    0,
    129872.31751704,
    null,
    null,
    0,
    129872.31751704,
    "BTC-PERP",
    null,
    1.9076,
    104084.3788,
    46698.24289725408,
    80184.0381,
    -4,
    5,
    54563
  ],
  "time": 1616470267869
}