{
  "code": 200,
  "result": [
    0.8576009297580941,
    0,
    135313.46104386,
    null,
    null,
    0,
    135313.46104386,
    "BTC-PERP",
    null,
    2.03,
    116044.95,
    46698.24289725408,
    85519.0973,
    -4,
    5,
    57165
  ],
  "time": 1616435407522
}