{
  "code": 200,
  "result": [
    0.8581438806801942,
    0,
    137818.14758879,
    null,
    null,
    0,
    137818.14758879,
    "BTC-PERP",
    null,
    2.03,
    118269.83,
    46698.24289725408,
    87743.9773,
    -4,
    5,
    58260
  ],
  "time": 1616411226508
}