{
  "code": 200,
  "result": [
    0.8532324388500314,
    0,
    130524.60845265,
    null,
    null,
    0,
    130524.60845265,
    "BTC-PERP",
    null,
    2.03,
    111357.68,
    46698.24289725408,
    80831.8273,
    -4,
    5,
    54861
  ],
  "time": 1616447107343
}