{
  "code": 200,
  "result": [
    0.8568564904631293,
    0,
    135589.75311864,
    null,
    null,
    0,
    135589.75311864,
    "BTC-PERP",
    null,
    2.03,
    116176.9,
    46698.24289725408,
    85651.0473,
    -4,
    5,
    57232
  ],
  "time": 1616419986611
}