{
  "code": 200,
  "result": [
    0.8012561461845814,
    0,
    129746.75488611,
    null,
    null,
    0,
    129746.75488611,
    "BTC-PERP",
    null,
    1.9076,
    103969.9228,
    46698.24289725408,
    80069.5821,
    -4,
    5,
    54498
  ],
  "time": 1616459346316
}