{
  "code": 200,
  "result": [
    0.8578747670889183,
    0,
    137496.96870123,
    null,
    null,
    0,
    137496.96870123,
    "BTC-PERP",
    null,
    2.03,
    117955.18,
    46698.24289725408,
    87429.3273,
    -4,
    5,
    58106
  ],
  "time": 1616412126294
}