{
  "code": 200,
  "result": [
    0.8527206528331441,
    0,
    130195.86148305,
    null,
    null,
    0,
    130195.86148305,
    "BTC-PERP",
    null,
    2.03,
    110986.19,
    46698.24289725408,
    80460.3373,
    -4,
    5,
    54690
  ],
  "time": 1616446926683
}