{
  "code": 200,
  "result": [
    0.8522784438072375,
    0,
    129515.51315425,
    null,
    null,
    0,
    129515.51315425,
    "BTC-PERP",
    null,
    2.03,
    110352.83,
    46698.24289725408,
    79826.9773,
    -4,
    5,
    54376
  ],
  "time": 1616452686725
}