{
  "code": 200,
  "result": [
    0.8575162116019163,
    0,
    135094.83369835,
    null,
    null,
    0,
    135094.83369835,
    "BTC-PERP",
    null,
    2.03,
    115846.01,
    46698.24289725408,
    85320.1573,
    -4,
    5,
    57067
  ],
  "time": 1616436486937
}