{
  "code": 200,
  "result": [
    0.8570826728222631,
    0,
    136425.57912759,
    null,
    null,
    0,
    136425.57912759,
    "BTC-PERP",
    null,
    2.03,
    116928,
    46698.24289725408,
    86402.1473,
    -4,
    5,
    57600
  ],
  "time": 1616415426244
}