{
  "code": 200,
  "result": [
    0.8575949924266881,
    0,
    135345.16995203,
    null,
    null,
    0,
    135345.16995203,
    "BTC-PERP",
    null,
    2.03,
    116067.28,
    46698.24289725408,
    85541.4273,
    -4,
    5,
    57178
  ],
  "time": 1616434746386
}