{
  "code": 200,
  "result": [
    0.8016372554803286,
    0,
    130003.94191704,
    null,
    null,
    0,
    130003.94191704,
    "BTC-PERP",
    null,
    1.9076,
    104216.0032,
    46698.24289725408,
    80315.6625,
    -4,
    5,
    54632
  ],
  "time": 1616469486700
}