{
  "code": 200,
  "result": [
    0.8032670327701604,
    0,
    131036.81404303,
    null,
    null,
    0,
    131036.81404303,
    "BTC-PERP",
    null,
    1.9076,
    105249.9224,
    46698.24289725408,
    81349.5817,
    -4,
    5,
    55178
  ],
  "time": 1616464567787
}