{
  "code": 200,
  "result": [
    0.8562395701822701,
    0,
    136265.92844239,
    null,
    null,
    0,
    136265.92844239,
    "BTC-PERP",
    null,
    2.03,
    116676.28,
    46698.24289725408,
    86150.4273,
    -4,
    5,
    57476
  ],
  "time": 1616407146924
}