{
  "code": 200,
  "result": [
    0.8570799027276598,
    0,
    136293.38364864,
    null,
    null,
    0,
    136293.38364864,
    "BTC-PERP",
    null,
    2.03,
    116812.29,
    46698.24289725408,
    86286.4373,
    -4,
    5,
    57544
  ],
  "time": 1616415846451
}