{
  "code": 200,
  "result": [
    0.8528091285953155,
    0,
    129887.18845265,
    null,
    null,
    0,
    129887.18845265,
    "BTC-PERP",
    null,
    2.03,
    110720.26,
    46698.24289725408,
    80194.4073,
    -4,
    5,
    54566
  ],
  "time": 1616448608111
}