{
  "code": 200,
  "result": [
    0.8553348953448292,
    0,
    135695.67970591,
    null,
    null,
    0,
    135695.67970591,
    "BTC-PERP",
    null,
    2.03,
    116065.25,
    46698.24289725408,
    85539.3973,
    -4,
    5,
    57175
  ],
  "time": 1616404087001
}