{
  "code": 200,
  "result": [
    0.8014659161839374,
    0,
    129843.70351704,
    null,
    null,
    0,
    129843.70351704,
    "BTC-PERP",
    null,
    1.9076,
    104055.7648,
    46698.24289725408,
    80155.4241,
    -4,
    5,
    54553
  ],
  "time": 1616470806693
}