{
  "code": 200,
  "result": [
    0.8018280221874488,
    0,
    130063.41648611,
    null,
    null,
    0,
    130063.41648611,
    "BTC-PERP",
    null,
    1.9076,
    104277.0464,
    46698.24289725408,
    80376.7057,
    -4,
    5,
    54670
  ],
  "time": 1616458806932
}