{
  "code": 200,
  "result": [
    0.8557944802445889,
    0,
    136239.54429652,
    null,
    null,
    0,
    136239.54429652,
    "BTC-PERP",
    null,
    2.03,
    116593.05,
    46698.24289725408,
    86067.1973,
    -4,
    5,
    57435
  ],
  "time": 1616403067746
}