{
  "code": 200,
  "result": [
    0.8006807981812872,
    0,
    129375.40532419,
    null,
    null,
    0,
    129375.40532419,
    "BTC-PERP",
    null,
    1.9076,
    103588.4028,
    46698.24289725408,
    79688.0621,
    -4,
    5,
    54303
  ],
  "time": 1616473867657
}