{
  "code": 200,
  "result": [
    0.8014588121752584,
    0,
    129887.69730719,
    null,
    null,
    0,
    129887.69730719,
    "BTC-PERP",
    null,
    1.9076,
    104095.8244,
    46698.24289725408,
    80195.4837,
    -4,
    5,
    54571
  ],
  "time": 1616458326467
}