{
  "code": 200,
  "result": [
    0.8567156017508404,
    0,
    135055.21524709,
    null,
    null,
    0,
    135055.21524709,
    "BTC-PERP",
    null,
    2.03,
    115744.51,
    46698.24289725408,
    85218.6573,
    -4,
    5,
    56997
  ],
  "time": 1616429407829
}