{
  "code": 200,
  "result": [
    0.8012901771792508,
    0,
    129879.32282704,
    null,
    null,
    0,
    129879.32282704,
    "BTC-PERP",
    null,
    1.9076,
    104090.1016,
    46698.24289725408,
    80189.7609,
    -4,
    5,
    54556
  ],
  "time": 1616468286593
}