{
  "code": 200,
  "result": [
    0.8026601871723723,
    0,
    130684.33002704,
    null,
    null,
    0,
    130684.33002704,
    "BTC-PERP",
    null,
    1.9076,
    104897.0164,
    46698.24289725408,
    80996.6757,
    -4,
    5,
    54988
  ],
  "time": 1616467567783
}