{
  "code": 200,
  "result": [
    0.8578409499107543,
    0,
    135114.6853179,
    null,
    null,
    0,
    135114.6853179,
    "BTC-PERP",
    null,
    2.03,
    115878.49,
    46698.24289725408,
    85352.6373,
    -4,
    5,
    57097
  ],
  "time": 1616437209106
}