{
  "code": 200,
  "result": [
    0.8582057642109436,
    0,
    137706.49758879,
    null,
    null,
    0,
    137706.49758879,
    "BTC-PERP",
    null,
    2.03,
    118156.15,
    46698.24289725408,
    87630.2973,
    -4,
    5,
    58217
  ],
  "time": 1616411106977
}