{
  "code": 200,
  "result": [
    0.8020455128614546,
    0,
    130392.04524303,
    null,
    null,
    0,
    130392.04524303,
    "BTC-PERP",
    null,
    1.9076,
    104605.1536,
    46698.24289725408,
    80704.8129,
    -4,
    5,
    54823
  ],
  "time": 1616463486481
}