{
  "code": 200,
  "result": [
    0.8557070645090658,
    0,
    135750.53288434,
    null,
    null,
    0,
    135750.53288434,
    "BTC-PERP",
    null,
    2.03,
    116152.54,
    46698.24289725408,
    85626.6873,
    -4,
    5,
    57223
  ],
  "time": 1616406067899
}