{
  "code": 200,
  "result": [
    0.8578272190067371,
    0,
    137563.75105075,
    null,
    null,
    0,
    137563.75105075,
    "BTC-PERP",
    null,
    2.03,
    118005.93,
    46698.24289725408,
    87480.0773,
    -4,
    5,
    58131
  ],
  "time": 1616409546548
}