{
  "code": 200,
  "result": [
    0.8552980948898982,
    0,
    135661.16970591,
    null,
    null,
    0,
    135661.16970591,
    "BTC-PERP",
    null,
    2.03,
    116030.74,
    46698.24289725408,
    85504.8873,
    -4,
    5,
    57158
  ],
  "time": 1616404207853
}