{
  "code": 200,
  "result": [
    0.8017003939842875,
    0,
    129655.82252419,
    null,
    null,
    0,
    129655.82252419,
    "BTC-PERP",
    null,
    1.9076,
    103868.82,
    46698.24289725408,
    79968.4793,
    -4,
    5,
    54490
  ],
  "time": 1616474827044
}