{
  "code": 200,
  "result": [
    0.8551110608619124,
    0,
    132407.65461024,
    null,
    null,
    0,
    132407.65461024,
    "BTC-PERP",
    null,
    2.03,
    113241.52,
    46698.24289725408,
    82715.6673,
    -4,
    5,
    55775
  ],
  "time": 1616443386332
}