{
  "code": 200,
  "result": [
    0.8556011571971925,
    0,
    135923.92789763,
    null,
    null,
    0,
    135923.92789763,
    "BTC-PERP",
    null,
    2.03,
    116300.73,
    46698.24289725408,
    85774.8773,
    -4,
    5,
    57289
  ],
  "time": 1616405287538
}