{
  "code": 200,
  "result": [
    0.8575272190678963,
    0,
    137332.53870123,
    null,
    null,
    0,
    137332.53870123,
    "BTC-PERP",
    null,
    2.03,
    117766.39,
    46698.24289725408,
    87240.5373,
    -4,
    5,
    58013
  ],
  "time": 1616412306886
}