{
  "code": 200,
  "result": [
    0.8518993480377997,
    0,
    129418.25845265,
    null,
    null,
    0,
    129418.25845265,
    "BTC-PERP",
    null,
    2.03,
    110251.33,
    46698.24289725408,
    79725.4773,
    -4,
    5,
    54311
  ],
  "time": 1616450467847
}