{
  "code": 200,
  "result": [
    0.8569941233423851,
    0,
    134800.50428986,
    null,
    null,
    0,
    134800.50428986,
    "BTC-PERP",
    null,
    2.03,
    115513.09,
    46698.24289725408,
    84987.2373,
    -4,
    5,
    56908
  ],
  "time": 1616434268097
}