{
  "code": 200,
  "result": [
    0.8576004920357293,
    0,
    135337.20080371,
    null,
    null,
    0,
    135337.20080371,
    "BTC-PERP",
    null,
    2.03,
    116075.4,
    46698.24289725408,
    85549.5473,
    -4,
    5,
    57175
  ],
  "time": 1616435947173
}