{
  "code": 200,
  "result": [
    0.8567947991023388,
    0,
    135251.2294909,
    null,
    null,
    0,
    135251.2294909,
    "BTC-PERP",
    null,
    2.03,
    115882.55,
    46698.24289725408,
    85356.6973,
    -4,
    5,
    57085
  ],
  "time": 1616423707975
}