{
  "code": 200,
  "result": [
    0.8557733252947872,
    0,
    135825.41844239,
    null,
    null,
    0,
    135825.41844239,
    "BTC-PERP",
    null,
    2.03,
    116235.77,
    46698.24289725408,
    85709.9173,
    -4,
    5,
    57259
  ],
  "time": 1616406847839
}