{
  "code": 200,
  "result": [
    0.8531111908035524,
    0,
    130195.74845265,
    null,
    null,
    0,
    130195.74845265,
    "BTC-PERP",
    null,
    2.03,
    111028.82,
    46698.24289725408,
    80502.9673,
    -4,
    5,
    54715
  ],
  "time": 1616450167177
}