{
  "code": 200,
  "result": [
    0.8575322711338698,
    0,
    134978.6753179,
    null,
    null,
    0,
    134978.6753179,
    "BTC-PERP",
    null,
    2.03,
    115742.48,
    46698.24289725408,
    85216.6273,
    -4,
    5,
    57019
  ],
  "time": 1616437447214
}