{
  "code": 200,
  "result": [
    0.857818546222539,
    0,
    137631.402958,
    null,
    null,
    0,
    137631.402958,
    "BTC-PERP",
    null,
    2.03,
    118050.59,
    46698.24289725408,
    87524.7373,
    -4,
    5,
    58159
  ],
  "time": 1616408827278
}