{
  "code": 200,
  "result": [
    0.8563553111482066,
    0,
    135026.6980244,
    null,
    null,
    0,
    135026.6980244,
    "BTC-PERP",
    null,
    2.03,
    115626.77,
    46698.24289725408,
    85100.9173,
    -4,
    5,
    56961
  ],
  "time": 1616421128021
}