{
  "code": 200,
  "result": [
    0.8555679256161659,
    0,
    132614.55531808,
    null,
    null,
    0,
    132614.55531808,
    "BTC-PERP",
    null,
    2.03,
    113442.49,
    46698.24289725408,
    82916.6373,
    -4,
    5,
    55892
  ],
  "time": 1616442127419
}