{
  "code": 200,
  "result": [
    0.8573059383902668,
    0,
    135376.59638509,
    null,
    null,
    0,
    135376.59638509,
    "BTC-PERP",
    null,
    2.03,
    116063.22,
    46698.24289725408,
    85537.3673,
    -4,
    5,
    57172
  ],
  "time": 1616428746576
}