{
  "code": 200,
  "result": [
    0.8575727226177958,
    0,
    137436.50758879,
    null,
    null,
    0,
    137436.50758879,
    "BTC-PERP",
    null,
    2.03,
    117886.16,
    46698.24289725408,
    87360.3073,
    -4,
    5,
    58060
  ],
  "time": 1616410686741
}