{
  "code": 200,
  "result": [
    0.8573166153614395,
    0,
    136989.78638188,
    null,
    null,
    0,
    136989.78638188,
    "BTC-PERP",
    null,
    2.03,
    117457.83,
    46698.24289725408,
    86931.9773,
    -4,
    5,
    57854
  ],
  "time": 1616412367316
}