{
  "code": 200,
  "result": [
    0.8525105363214149,
    0,
    129680.27407267,
    null,
    null,
    0,
    129680.27407267,
    "BTC-PERP",
    null,
    2.03,
    110515.23,
    46698.24289725408,
    79989.3773,
    -4,
    5,
    54460
  ],
  "time": 1616457126342
}