{
  "code": 200,
  "result": [
    0.8018483657896194,
    0,
    130076.76968611,
    null,
    null,
    0,
    130076.76968611,
    "BTC-PERP",
    null,
    1.9076,
    104290.3996,
    46698.24289725408,
    80390.0589,
    -4,
    5,
    54677
  ],
  "time": 1616461926223
}