{
  "code": 200,
  "result": [
    0.8574277503638029,
    0,
    135527.82721424,
    null,
    null,
    0,
    135527.82721424,
    "BTC-PERP",
    null,
    2.03,
    116205.32,
    46698.24289725408,
    85679.4673,
    -4,
    5,
    57244
  ],
  "time": 1616427727677
}