{
  "code": 200,
  "result": [
    0.8567683725472712,
    0,
    135662.93262487,
    null,
    null,
    0,
    135662.93262487,
    "BTC-PERP",
    null,
    2.03,
    116219.53,
    46698.24289725408,
    85693.6773,
    -4,
    5,
    57257
  ],
  "time": 1616417706861
}