{
  "code": 200,
  "result": [
    0.8579006116081175,
    0,
    137634.80105075,
    null,
    null,
    0,
    137634.80105075,
    "BTC-PERP",
    null,
    2.03,
    118079.01,
    46698.24289725408,
    87553.1573,
    -4,
    5,
    58166
  ],
  "time": 1616410086837
}