{
  "code": 200,
  "result": [
    0.8555421230294188,
    0,
    132779.90287346,
    null,
    null,
    0,
    132779.90287346,
    "BTC-PERP",
    null,
    2.03,
    113598.8,
    46698.24289725408,
    83072.9473,
    -4,
    5,
    55960
  ],
  "time": 1616442010612
}