{
  "code": 200,
  "result": [
    0.8567567353059251,
    0,
    135536.82768369,
    null,
    null,
    0,
    135536.82768369,
    "BTC-PERP",
    null,
    2.03,
    116136.3,
    46698.24289725408,
    85610.4473,
    -4,
    5,
    57203
  ],
  "time": 1616419387412
}