{
  "code": 200,
  "result": [
    0.8558711446687692,
    0,
    136006.75840643,
    null,
    null,
    0,
    136006.75840643,
    "BTC-PERP",
    null,
    2.03,
    116400.2,
    46698.24289725408,
    85874.3473,
    -4,
    5,
    57342
  ],
  "time": 1616405768465
}