{
  "code": 200,
  "result": [
    0.8571401119317493,
    0,
    136830.89656798,
    null,
    null,
    0,
    136830.89656798,
    "BTC-PERP",
    null,
    2.03,
    117305.58,
    46698.24289725408,
    86779.7273,
    -4,
    5,
    57775
  ],
  "time": 1616413868068
}