{
  "code": 200,
  "result": [
    0.8562568249235345,
    0,
    134266.98235108,
    null,
    null,
    0,
    134266.98235108,
    "BTC-PERP",
    null,
    2.03,
    114967.02,
    46698.24289725408,
    84441.1673,
    -4,
    5,
    56634
  ],
  "time": 1616431688041
}