{
  "code": 200,
  "result": [
    0.8013925609306918,
    0,
    129834.16551704,
    null,
    null,
    0,
    129834.16551704,
    "BTC-PERP",
    null,
    1.9076,
    104046.2268,
    46698.24289725408,
    80145.8861,
    -4,
    5,
    54544
  ],
  "time": 1616470746114
}