{
  "code": 200,
  "result": [
    0.8016110561151866,
    0,
    129986.77351704,
    null,
    null,
    0,
    129986.77351704,
    "BTC-PERP",
    null,
    1.9076,
    104198.8348,
    46698.24289725408,
    80298.4941,
    -4,
    5,
    54623
  ],
  "time": 1616469786083
}