{
  "code": 200,
  "result": [
    0.8564811188189111,
    0,
    134658.45009992,
    null,
    null,
    0,
    134658.45009992,
    "BTC-PERP",
    null,
    2.03,
    115350.69,
    46698.24289725408,
    84824.8373,
    -4,
    5,
    56814
  ],
  "time": 1616430786485
}