{
  "code": 200,
  "result": [
    0.857307436535341,
    0,
    135369.2561784,
    null,
    null,
    0,
    135369.2561784,
    "BTC-PERP",
    null,
    2.03,
    116063.22,
    46698.24289725408,
    85537.3673,
    -4,
    5,
    57169
  ],
  "time": 1616428087351
}