{
  "code": 200,
  "result": [
    0.8574752038985467,
    0,
    135373.54721424,
    null,
    null,
    0,
    135373.54721424,
    "BTC-PERP",
    null,
    2.03,
    116051.04,
    46698.24289725408,
    85525.1873,
    -4,
    5,
    57182
  ],
  "time": 1616427427727
}