{
  "code": 200,
  "result": [
    0.8017225735956603,
    0,
    130051.97088611,
    null,
    null,
    0,
    130051.97088611,
    "BTC-PERP",
    null,
    1.9076,
    104265.6008,
    46698.24289725408,
    80365.2601,
    -4,
    5,
    54658
  ],
  "time": 1616461867757
}