{
  "code": 200,
  "result": [
    0.7999907168017077,
    0,
    128957.64092419,
    null,
    null,
    0,
    128957.64092419,
    "BTC-PERP",
    null,
    1.9076,
    103170.6384,
    46698.24289725408,
    79270.2977,
    -4,
    5,
    54081
  ],
  "time": 1616474167893
}