{
  "code": 200,
  "result": [
    0.8024253441960906,
    0,
    130596.58042704,
    null,
    null,
    0,
    130596.58042704,
    "BTC-PERP",
    null,
    1.9076,
    104809.2668,
    46698.24289725408,
    80908.9261,
    -4,
    5,
    54935
  ],
  "time": 1616467207349
}