{
  "code": 200,
  "result": [
    0.8559131571698757,
    0,
    136576.41434854,
    null,
    null,
    0,
    136576.41434854,
    "BTC-PERP",
    null,
    2.03,
    116897.55,
    46698.24289725408,
    86371.6973,
    -4,
    5,
    57585
  ],
  "time": 1616400427641
}