{
  "code": 200,
  "result": [
    0.853112133092656,
    0,
    130402.62315425,
    null,
    null,
    0,
    130402.62315425,
    "BTC-PERP",
    null,
    2.03,
    111237.91,
    46698.24289725408,
    80712.0573,
    -4,
    5,
    54802
  ],
  "time": 1616454667044
}