{
  "code": 200,
  "result": [
    0.8022446754541945,
    0,
    130400.09762704,
    null,
    null,
    0,
    130400.09762704,
    "BTC-PERP",
    null,
    1.9076,
    104612.784,
    46698.24289725408,
    80712.4433,
    -4,
    5,
    54840
  ],
  "time": 1616465886643
}