{
  "code": 200,
  "result": [
    0.855718771302936,
    0,
    132845.01148305,
    null,
    null,
    0,
    132845.01148305,
    "BTC-PERP",
    null,
    2.03,
    113677.97,
    46698.24289725408,
    83152.1173,
    -4,
    5,
    55999
  ],
  "time": 1616444287395
}