{
  "code": 200,
  "result": [
    0.8531059744938889,
    0,
    130203.68315425,
    null,
    null,
    0,
    130203.68315425,
    "BTC-PERP",
    null,
    2.03,
    111038.97,
    46698.24289725408,
    80513.1173,
    -4,
    5,
    54718
  ],
  "time": 1616454786118
}