{
  "code": 200,
  "result": [
    0.801903835660224,
    0,
    130098.69682704,
    null,
    null,
    0,
    130098.69682704,
    "BTC-PERP",
    null,
    1.9076,
    104311.3832,
    46698.24289725408,
    80411.0425,
    -4,
    5,
    54690
  ],
  "time": 1616468646580
}