{
  "code": 200,
  "result": [
    0.8574646465527465,
    0,
    135008.26006694,
    null,
    null,
    0,
    135008.26006694,
    "BTC-PERP",
    null,
    2.03,
    115764.81,
    46698.24289725408,
    85238.9573,
    -4,
    5,
    57027
  ],
  "time": 1616436667563
}