{
  "code": 200,
  "result": [
    0.8522734571014808,
    0,
    129442.43315425,
    null,
    null,
    0,
    129442.43315425,
    "BTC-PERP",
    null,
    2.03,
    110277.72,
    46698.24289725408,
    79751.8673,
    -4,
    5,
    54345
  ],
  "time": 1616452446481
}