{
  "code": 200,
  "result": [
    0.856185412116606,
    0,
    134565.07009992,
    null,
    null,
    0,
    134565.07009992,
    "BTC-PERP",
    null,
    2.03,
    115257.31,
    46698.24289725408,
    84731.4573,
    -4,
    5,
    56755
  ],
  "time": 1616430008267
}