{
  "code": 200,
  "result": [
    0.8566269401851453,
    0,
    135571.58262487,
    null,
    null,
    0,
    135571.58262487,
    "BTC-PERP",
    null,
    2.03,
    116107.88,
    46698.24289725408,
    85582.0273,
    -4,
    5,
    57209
  ],
  "time": 1616417646970
}