{
  "code": 200,
  "result": [
    0.8018294411055321,
    0,
    130110.76751704,
    null,
    null,
    0,
    130110.76751704,
    "BTC-PERP",
    null,
    1.9076,
    104322.8288,
    46698.24289725408,
    80422.4881,
    -4,
    5,
    54690
  ],
  "time": 1616472008699
}