{
  "code": 200,
  "result": [
    0.8519281721983216,
    0,
    129156.53407267,
    null,
    null,
    0,
    129156.53407267,
    "BTC-PERP",
    null,
    2.03,
    109991.49,
    46698.24289725408,
    79465.6373,
    -4,
    5,
    54203
  ],
  "time": 1616457667219
}