{
  "code": 200,
  "result": [
    0.8568844468741921,
    0,
    136284.19844239,
    null,
    null,
    0,
    136284.19844239,
    "BTC-PERP",
    null,
    2.03,
    116694.55,
    46698.24289725408,
    86168.6973,
    -4,
    5,
    57527
  ],
  "time": 1616407507399
}