{
  "code": 200,
  "result": [
    0.8521424574895852,
    0,
    129645.76407267,
    null,
    null,
    0,
    129645.76407267,
    "BTC-PERP",
    null,
    2.03,
    110480.72,
    46698.24289725408,
    79954.8673,
    -4,
    5,
    54422
  ],
  "time": 1616455506618
}