{
  "code": 200,
  "result": [
    0.8558818938542325,
    0,
    135943.38288434,
    null,
    null,
    0,
    135943.38288434,
    "BTC-PERP",
    null,
    2.03,
    116345.39,
    46698.24289725408,
    85819.5373,
    -4,
    5,
    57316
  ],
  "time": 1616406727248
}