{
  "code": 200,
  "result": [
    0.8551660077113112,
    0,
    131687.00461024,
    null,
    null,
    0,
    131687.00461024,
    "BTC-PERP",
    null,
    2.03,
    112559.44,
    46698.24289725408,
    82033.5873,
    -4,
    5,
    55475
  ],
  "time": 1616443267476
}