{
  "code": 200,
  "result": [
    0.8576326389931033,
    0,
    135093.06284801,
    null,
    null,
    0,
    135093.06284801,
    "BTC-PERP",
    null,
    2.03,
    115860.22,
    46698.24289725408,
    85334.3673,
    -4,
    5,
    57074
  ],
  "time": 1616437686685
}