{
  "code": 200,
  "result": [
    0.8007454330030535,
    0,
    129417.37252419,
    null,
    null,
    0,
    129417.37252419,
    "BTC-PERP",
    null,
    1.9076,
    103630.37,
    46698.24289725408,
    79730.0293,
    -4,
    5,
    54325
  ],
  "time": 1616473687249
}