{
  "code": 200,
  "result": [
    0.8015885884952546,
    0,
    129978.51802704,
    null,
    null,
    0,
    129978.51802704,
    "BTC-PERP",
    null,
    1.9076,
    104191.2044,
    46698.24289725408,
    80290.8637,
    -4,
    5,
    54618
  ],
  "time": 1616468526176
}