{
  "code": 200,
  "result": [
    0.8571155095866103,
    0,
    135930.09191514,
    null,
    null,
    0,
    135930.09191514,
    "BTC-PERP",
    null,
    2.03,
    116499.67,
    46698.24289725408,
    85973.8173,
    -4,
    5,
    57393
  ],
  "time": 1616418907775
}