{
  "code": 200,
  "result": [
    0.8515805185630944,
    0,
    129166.35315425,
    null,
    null,
    0,
    129166.35315425,
    "BTC-PERP",
    null,
    2.03,
    110001.64,
    46698.24289725408,
    79475.7873,
    -4,
    5,
    54185
  ],
  "time": 1616452026228
}