{
  "code": 200,
  "result": [
    0.8523512307504867,
    0,
    129909.33315425,
    null,
    null,
    0,
    129909.33315425,
    "BTC-PERP",
    null,
    2.03,
    110793.34,
    46698.24289725408,
    80267.4873,
    -4,
    5,
    54546
  ],
  "time": 1616451546458
}