{
  "code": 200,
  "result": [
    0.8569033205511986,
    0,
    135819.24262487,
    null,
    null,
    0,
    135819.24262487,
    "BTC-PERP",
    null,
    2.03,
    116375.84,
    46698.24289725408,
    85849.9873,
    -4,
    5,
    57332
  ],
  "time": 1616418009743
}