{
  "code": 200,
  "result": [
    0.857006074312247,
    0,
    136352.49912759,
    null,
    null,
    0,
    136352.49912759,
    "BTC-PERP",
    null,
    2.03,
    116852.89,
    46698.24289725408,
    86327.0373,
    -4,
    5,
    57564
  ],
  "time": 1616415367236
}