{
  "code": 200,
  "result": [
    0.8523130523555827,
    0,
    129781.77407267,
    null,
    null,
    0,
    129781.77407267,
    "BTC-PERP",
    null,
    2.03,
    110616.73,
    46698.24289725408,
    80090.8773,
    -4,
    5,
    54490
  ],
  "time": 1616456286694
}