{
  "code": 200,
  "result": [
    0.8572352646817074,
    0,
    135020.70524709,
    null,
    null,
    0,
    135020.70524709,
    "BTC-PERP",
    null,
    2.03,
    115750.6,
    46698.24289725408,
    85224.7473,
    -4,
    5,
    57017
  ],
  "time": 1616429287257
}