{
  "code": 200,
  "result": [
    0.8011392177332342,
    0,
    129675.20962704,
    null,
    null,
    0,
    129675.20962704,
    "BTC-PERP",
    null,
    1.9076,
    103887.896,
    46698.24289725408,
    79987.5553,
    -4,
    5,
    54460
  ],
  "time": 1616469007616
}