{
  "code": 200,
  "result": [
    0.8557699814273367,
    0,
    136131.95429652,
    null,
    null,
    0,
    136131.95429652,
    "BTC-PERP",
    null,
    2.03,
    116485.46,
    46698.24289725408,
    85959.6073,
    -4,
    5,
    57388
  ],
  "time": 1616402646760
}