{
  "code": 200,
  "result": [
    0.8563534933139606,
    0,
    136873.61692939,
    null,
    null,
    0,
    136873.61692939,
    "BTC-PERP",
    null,
    2.03,
    117212.2,
    46698.24289725408,
    86686.3473,
    -4,
    5,
    57740
  ],
  "time": 1616399827360
}