{
  "code": 200,
  "result": [
    0.8559293522903085,
    0,
    132793.35461024,
    null,
    null,
    0,
    132793.35461024,
    "BTC-PERP",
    null,
    2.03,
    113627.22,
    46698.24289725408,
    83101.3673,
    -4,
    5,
    55991
  ],
  "time": 1616442486246
}