{
  "code": 200,
  "result": [
    0.8566983423403556,
    0,
    134681.17573894,
    null,
    null,
    0,
    134681.17573894,
    "BTC-PERP",
    null,
    2.03,
    115379.11,
    46698.24289725408,
    84853.2573,
    -4,
    5,
    56838
  ],
  "time": 1616433968080
}