{
  "code": 200,
  "result": [
    0.8568498145828494,
    0,
    135507.88950865,
    null,
    null,
    0,
    135507.88950865,
    "BTC-PERP",
    null,
    2.03,
    116101.79,
    46698.24289725408,
    85575.9373,
    -4,
    5,
    57197
  ],
  "time": 1616420286916
}