{
  "code": 200,
  "result": [
    0.8025433937140861,
    0,
    130517.94684303,
    null,
    null,
    0,
    130517.94684303,
    "BTC-PERP",
    null,
    1.9076,
    104731.0552,
    46698.24289725408,
    80830.7145,
    -4,
    5,
    54910
  ],
  "time": 1616463246237
}