{
  "code": 200,
  "result": [
    0.856786133310451,
    0,
    136240.60364864,
    null,
    null,
    0,
    136240.60364864,
    "BTC-PERP",
    null,
    2.03,
    116729.06,
    46698.24289725408,
    86203.2073,
    -4,
    5,
    57502
  ],
  "time": 1616416087162
}