{
  "code": 200,
  "result": [
    0.8573872409263713,
    0,
    135446.62721424,
    null,
    null,
    0,
    135446.62721424,
    "BTC-PERP",
    null,
    2.03,
    116124.12,
    46698.24289725408,
    85598.2673,
    -4,
    5,
    57207
  ],
  "time": 1616427307684
}