{
  "code": 200,
  "result": [
    0.8570205522233523,
    0,
    135405.09582757,
    null,
    null,
    0,
    135405.09582757,
    "BTC-PERP",
    null,
    2.03,
    116044.95,
    46698.24289725408,
    85519.0973,
    -4,
    5,
    57165
  ],
  "time": 1616424847068
}