{
  "code": 200,
  "result": [
    0.8568591057770193,
    0,
    135743.33191514,
    null,
    null,
    0,
    135743.33191514,
    "BTC-PERP",
    null,
    2.03,
    116312.91,
    46698.24289725408,
    85787.0573,
    -4,
    5,
    57297
  ],
  "time": 1616418487112
}