{
  "code": 200,
  "result": [
    0.8575324943944722,
    0,
    135262.71104386,
    null,
    null,
    0,
    135262.71104386,
    "BTC-PERP",
    null,
    2.03,
    115994.2,
    46698.24289725408,
    85468.3473,
    -4,
    5,
    57139
  ],
  "time": 1616435586695
}