{
  "code": 200,
  "result": [
    0.8023025170854926,
    0,
    130438.24962704,
    null,
    null,
    0,
    130438.24962704,
    "BTC-PERP",
    null,
    1.9076,
    104650.936,
    46698.24289725408,
    80750.5953,
    -4,
    5,
    54860
  ],
  "time": 1616467926592
}