{
  "code": 200,
  "result": [
    0.8565312264440236,
    0,
    133996.4457297,
    null,
    null,
    0,
    133996.4457297,
    "BTC-PERP",
    null,
    2.03,
    114772.14,
    46698.24289725408,
    84246.2873,
    -4,
    5,
    56538
  ],
  "time": 1616438527318
}