{
  "code": 200,
  "result": [
    0.8521849251370452,
    0,
    129763.17315425,
    null,
    null,
    0,
    129763.17315425,
    "BTC-PERP",
    null,
    2.03,
    110598.46,
    46698.24289725408,
    80072.6073,
    -4,
    5,
    54474
  ],
  "time": 1616453287161
}