{
  "code": 200,
  "result": [
    0.8519197811617459,
    0,
    129615.31407267,
    null,
    null,
    0,
    129615.31407267,
    "BTC-PERP",
    null,
    2.03,
    110450.27,
    46698.24289725408,
    79924.4173,
    -4,
    5,
    54395
  ],
  "time": 1616456345706
}