{
  "code": 200,
  "result": [
    0.8575948334468781,
    0,
    135465.91638509,
    null,
    null,
    0,
    135465.91638509,
    "BTC-PERP",
    null,
    2.03,
    116182.99,
    46698.24289725408,
    85657.1373,
    -4,
    5,
    57229
  ],
  "time": 1616428687218
}