{
  "code": 200,
  "result": [
    0.8573484944913504,
    0,
    136906.55638188,
    null,
    null,
    0,
    136906.55638188,
    "BTC-PERP",
    null,
    2.03,
    117374.6,
    46698.24289725408,
    86848.7473,
    -4,
    5,
    57821
  ],
  "time": 1616412668063
}