{
  "code": 200,
  "result": [
    0.8574576156510227,
    0,
    135459.18524709,
    null,
    null,
    0,
    135459.18524709,
    "BTC-PERP",
    null,
    2.03,
    116148.48,
    46698.24289725408,
    85622.6273,
    -4,
    5,
    57217
  ],
  "time": 1616429707918
}