{
  "code": 200,
  "result": [
    0.8575832637916279,
    0,
    135363.59080371,
    null,
    null,
    0,
    135363.59080371,
    "BTC-PERP",
    null,
    2.03,
    116101.79,
    46698.24289725408,
    85575.9373,
    -4,
    5,
    57185
  ],
  "time": 1616436067855
}