{
  "code": 200,
  "result": [
    0.8570418064002715,
    0,
    135387.5261784,
    null,
    null,
    0,
    135387.5261784,
    "BTC-PERP",
    null,
    2.03,
    116069.31,
    46698.24289725408,
    85543.4573,
    -4,
    5,
    57159
  ],
  "time": 1616428208160
}