{
  "code": 200,
  "result": [
    0.8547036557058001,
    0,
    132157.25619744,
    null,
    null,
    0,
    132157.25619744,
    "BTC-PERP",
    null,
    2.03,
    113026.34,
    46698.24289725408,
    82500.4873,
    -4,
    5,
    55643
  ],
  "time": 1616441706799
}