{
  "code": 200,
  "result": [
    0.8521654220141873,
    0,
    129830.46148305,
    null,
    null,
    0,
    129830.46148305,
    "BTC-PERP",
    null,
    2.03,
    110663.42,
    46698.24289725408,
    80137.5673,
    -4,
    5,
    54501
  ],
  "time": 1616446868078
}