{
  "code": 200,
  "result": [
    0.856234465050742,
    0,
    134941.4380244,
    null,
    null,
    0,
    134941.4380244,
    "BTC-PERP",
    null,
    2.03,
    115541.51,
    46698.24289725408,
    85015.6573,
    -4,
    5,
    56917
  ],
  "time": 1616420946528
}