{
  "code": 200,
  "result": [
    0.8523296245552939,
    0,
    129686.36407267,
    null,
    null,
    0,
    129686.36407267,
    "BTC-PERP",
    null,
    2.03,
    110482.75,
    46698.24289725408,
    79956.8973,
    -4,
    5,
    54451
  ],
  "time": 1616455447820
}