{
  "code": 200,
  "result": [
    0.8568647853316567,
    0,
    135500.78377309,
    null,
    null,
    0,
    135500.78377309,
    "BTC-PERP",
    null,
    2.03,
    116118.03,
    46698.24289725408,
    85592.1773,
    -4,
    5,
    57195
  ],
  "time": 1616422809585
}