{
  "code": 200,
  "result": [
    0.8575231170670865,
    0,
    135022.7273126,
    null,
    null,
    0,
    135022.7273126,
    "BTC-PERP",
    null,
    2.03,
    115783.08,
    46698.24289725408,
    85257.2273,
    -4,
    5,
    57037
  ],
  "time": 1616437086847
}