{
  "code": 200,
  "result": [
    0.8580653877925039,
    0,
    137598.90758879,
    null,
    null,
    0,
    137598.90758879,
    "BTC-PERP",
    null,
    2.03,
    118048.56,
    46698.24289725408,
    87522.7073,
    -4,
    5,
    58162
  ],
  "time": 1616410446975
}