{
  "code": 200,
  "result": [
    0.8570550948617769,
    0,
    136512.86912759,
    null,
    null,
    0,
    136512.86912759,
    "BTC-PERP",
    null,
    2.03,
    117015.29,
    46698.24289725408,
    86489.4373,
    -4,
    5,
    57635
  ],
  "time": 1616414946417
}