{
  "code": 200,
  "result": [
    0.8569465260179706,
    0,
    135731.85311864,
    null,
    null,
    0,
    135731.85311864,
    "BTC-PERP",
    null,
    2.03,
    116319,
    46698.24289725408,
    85793.1473,
    -4,
    5,
    57298
  ],
  "time": 1616419686722
}