{
  "code": 200,
  "result": [
    0.8570035013069012,
    0,
    136975.88145321,
    null,
    null,
    0,
    136975.88145321,
    "BTC-PERP",
    null,
    2.03,
    117386.78,
    46698.24289725408,
    86860.9273,
    -4,
    5,
    57827
  ],
  "time": 1616407807700
}