{
  "code": 200,
  "result": [
    0.8525334783545145,
    0,
    129948.23407267,
    null,
    null,
    0,
    129948.23407267,
    "BTC-PERP",
    null,
    2.03,
    110811.61,
    46698.24289725408,
    80285.7573,
    -4,
    5,
    54574
  ],
  "time": 1616456886259
}