{
  "code": 200,
  "result": [
    0.8011604825782067,
    0,
    129486.04612419,
    null,
    null,
    0,
    129486.04612419,
    "BTC-PERP",
    null,
    1.9076,
    103699.0436,
    46698.24289725408,
    79798.7029,
    -4,
    5,
    54382
  ],
  "time": 1616475668585
}