{
  "code": 200,
  "result": [
    0.857726442928045,
    0,
    137466.31105075,
    null,
    null,
    0,
    137466.31105075,
    "BTC-PERP",
    null,
    2.03,
    117908.49,
    46698.24289725408,
    87382.6373,
    -4,
    5,
    58083
  ],
  "time": 1616409968085
}