{
  "code": 200,
  "result": [
    0.8007452682252916,
    0,
    129445.98652419,
    null,
    null,
    0,
    129445.98652419,
    "BTC-PERP",
    null,
    1.9076,
    103658.984,
    46698.24289725408,
    79758.6433,
    -4,
    5,
    54337
  ],
  "time": 1616474586658
}