{
  "code": 200,
  "result": [
    0.8559479365608385,
    0,
    134021.35235108,
    null,
    null,
    0,
    134021.35235108,
    "BTC-PERP",
    null,
    2.03,
    114721.39,
    46698.24289725408,
    84195.5373,
    -4,
    5,
    56510
  ],
  "time": 1616431508256
}