{
  "code": 200,
  "result": [
    0.8552537372684174,
    0,
    135926.92429652,
    null,
    null,
    0,
    135926.92429652,
    "BTC-PERP",
    null,
    2.03,
    116243.89,
    46698.24289725408,
    85718.0373,
    -4,
    5,
    57267
  ],
  "time": 1616403487484
}