{
  "code": 200,
  "result": [
    0.8526203237015354,
    0,
    129815.95315425,
    null,
    null,
    0,
    129815.95315425,
    "BTC-PERP",
    null,
    2.03,
    110675.6,
    46698.24289725408,
    80149.7473,
    -4,
    5,
    54524
  ],
  "time": 1616455146163
}