{
  "code": 200,
  "result": [
    0.8007013166562902,
    0,
    129398.29652419,
    null,
    null,
    0,
    129398.29652419,
    "BTC-PERP",
    null,
    1.9076,
    103611.294,
    46698.24289725408,
    79710.9533,
    -4,
    5,
    54314
  ],
  "time": 1616473747101
}