{
  "code": 200,
  "result": [
    0.801218062986364,
    0,
    129731.49408611,
    null,
    null,
    0,
    129731.49408611,
    "BTC-PERP",
    null,
    1.9076,
    103945.124,
    46698.24289725408,
    80044.7833,
    -4,
    5,
    54489
  ],
  "time": 1616459106458
}