{
  "code": 200,
  "result": [
    0.8530061109396498,
    0,
    130323.63845265,
    null,
    null,
    0,
    130323.63845265,
    "BTC-PERP",
    null,
    2.03,
    111156.71,
    46698.24289725408,
    80630.8573,
    -4,
    5,
    54762
  ],
  "time": 1616448008590
}