{
  "code": 200,
  "result": [
    0.8545236323199304,
    0,
    131831.13461024,
    null,
    null,
    0,
    131831.13461024,
    "BTC-PERP",
    null,
    2.03,
    112665,
    46698.24289725408,
    82139.1473,
    -4,
    5,
    55494
  ],
  "time": 1616443210204
}