{
  "code": 200,
  "result": [
    0.8577120794093007,
    0,
    137414.17758879,
    null,
    null,
    0,
    137414.17758879,
    "BTC-PERP",
    null,
    2.03,
    117863.83,
    46698.24289725408,
    87337.9773,
    -4,
    5,
    58060
  ],
  "time": 1616410746750
}