{
  "code": 200,
  "result": [
    0.8534509262041687,
    0,
    129791.89148305,
    null,
    null,
    0,
    129791.89148305,
    "BTC-PERP",
    null,
    2.03,
    110762.89,
    46698.24289725408,
    80237.0373,
    -4,
    5,
    54567
  ],
  "time": 1616446146516
}