{
  "code": 200,
  "result": [
    0.8554090166258865,
    0,
    135890.38429652,
    null,
    null,
    0,
    135890.38429652,
    "BTC-PERP",
    null,
    2.03,
    116237.8,
    46698.24289725408,
    85711.9473,
    -4,
    5,
    57262
  ],
  "time": 1616403427221
}