{
  "code": 200,
  "result": [
    0.8526203611454417,
    0,
    130065.94148305,
    null,
    null,
    0,
    130065.94148305,
    "BTC-PERP",
    null,
    2.03,
    110868.45,
    46698.24289725408,
    80342.5973,
    -4,
    5,
    54629
  ],
  "time": 1616446686556
}