{
  "code": 200,
  "result": [
    0.8012433825468239,
    0,
    129751.20252419,
    null,
    null,
    0,
    129751.20252419,
    "BTC-PERP",
    null,
    1.9076,
    104004.2596,
    46698.24289725408,
    80103.9189,
    -4,
    5,
    54499
  ],
  "time": 1616474886739
}