{
  "code": 200,
  "result": [
    0.8014224578909298,
    0,
    129865.02608611,
    null,
    null,
    0,
    129865.02608611,
    "BTC-PERP",
    null,
    1.9076,
    104084.3788,
    46698.24289725408,
    80184.0381,
    -4,
    5,
    54559
  ],
  "time": 1616459408160
}