{
  "code": 200,
  "result": [
    0.8526376332378369,
    0,
    129599.04148305,
    null,
    null,
    0,
    129599.04148305,
    "BTC-PERP",
    null,
    2.03,
    110432,
    46698.24289725408,
    79906.1473,
    -4,
    5,
    54434
  ],
  "time": 1616446087205
}