{
  "code": 200,
  "result": [
    0.8563833794467671,
    0,
    135624.36262487,
    null,
    null,
    0,
    135624.36262487,
    "BTC-PERP",
    null,
    2.03,
    116180.96,
    46698.24289725408,
    85655.1073,
    -4,
    5,
    57215
  ],
  "time": 1616418246541
}