{
  "code": 200,
  "result": [
    0.8014352495613616,
    0,
    130036.71008611,
    null,
    null,
    0,
    130036.71008611,
    "BTC-PERP",
    null,
    1.9076,
    104250.34,
    46698.24289725408,
    80349.9993,
    -4,
    5,
    54632
  ],
  "time": 1616460426238
}