{
  "code": 200,
  "result": [
    0.8578690937840558,
    0,
    137720.31287298,
    null,
    null,
    0,
    137720.31287298,
    "BTC-PERP",
    null,
    2.03,
    118148.03,
    46698.24289725408,
    87622.1773,
    -4,
    5,
    58200
  ],
  "time": 1616409367872
}