{
  "code": 200,
  "result": [
    0.8575243636234711,
    0,
    135202.44428986,
    null,
    null,
    0,
    135202.44428986,
    "BTC-PERP",
    null,
    2.03,
    115915.03,
    46698.24289725408,
    85389.1773,
    -4,
    5,
    57113
  ],
  "time": 1616434446880
}