{
  "code": 200,
  "result": [
    0.8568140615544173,
    0,
    134989.94144677,
    null,
    null,
    0,
    134989.94144677,
    "BTC-PERP",
    null,
    2.03,
    115655.19,
    46698.24289725408,
    85129.3373,
    -4,
    5,
    56976
  ],
  "time": 1616425927126
}