{
  "code": 200,
  "result": [
    0.8521547686219644,
    0,
    130425.25148305,
    null,
    null,
    0,
    130425.25148305,
    "BTC-PERP",
    null,
    2.03,
    111258.21,
    46698.24289725408,
    80732.3573,
    -4,
    5,
    54750
  ],
  "time": 1616446267517
}