{
  "code": 200,
  "result": [
    0.8554197751256221,
    0,
    132514.12148305,
    null,
    null,
    0,
    132514.12148305,
    "BTC-PERP",
    null,
    2.03,
    113347.08,
    46698.24289725408,
    82821.2273,
    -4,
    5,
    55840
  ],
  "time": 1616444946322
}