{
  "code": 200,
  "result": [
    0.8563646389224255,
    0,
    135534.88166682,
    null,
    null,
    0,
    135534.88166682,
    "BTC-PERP",
    null,
    2.03,
    116071.34,
    46698.24289725408,
    85545.4873,
    -4,
    5,
    57176
  ],
  "time": 1616417226925
}