{
  "code": 200,
  "result": [
    0.8571562861286097,
    0,
    135490.22725428,
    null,
    null,
    0,
    135490.22725428,
    "BTC-PERP",
    null,
    2.03,
    116105.85,
    46698.24289725408,
    85579.9973,
    -4,
    5,
    57210
  ],
  "time": 1616422026917
}