{
  "code": 200,
  "result": [
    0.8523199822293238,
    0,
    129787.86407267,
    null,
    null,
    0,
    129787.86407267,
    "BTC-PERP",
    null,
    2.03,
    110622.82,
    46698.24289725408,
    80096.9673,
    -4,
    5,
    54493
  ],
  "time": 1616455386697
}