{
  "code": 200,
  "result": [
    0.8013186502662585,
    0,
    129867.56612419,
    null,
    null,
    0,
    129867.56612419,
    "BTC-PERP",
    null,
    1.9076,
    104080.5636,
    46698.24289725408,
    80180.2229,
    -4,
    5,
    54553
  ],
  "time": 1616475007497
}