{
  "code": 200,
  "result": [
    0.8552158211746588,
    0,
    135738.30970591,
    null,
    null,
    0,
    135738.30970591,
    "BTC-PERP",
    null,
    2.03,
    116107.88,
    46698.24289725408,
    85582.0273,
    -4,
    5,
    57185
  ],
  "time": 1616403847468
}