{
  "code": 200,
  "result": [
    0.8573518291489729,
    0,
    136977.05656798,
    null,
    null,
    0,
    136977.05656798,
    "BTC-PERP",
    null,
    2.03,
    117451.74,
    46698.24289725408,
    86925.8873,
    -4,
    5,
    57851
  ],
  "time": 1616413686519
}