{
  "code": 200,
  "result": [
    0.8574555066501451,
    0,
    135554.21721424,
    null,
    null,
    0,
    135554.21721424,
    "BTC-PERP",
    null,
    2.03,
    116231.71,
    46698.24289725408,
    85705.8573,
    -4,
    5,
    57257
  ],
  "time": 1616427846671
}