{
  "code": 200,
  "result": [
    0.8011733995716794,
    0,
    129686.34412419,
    null,
    null,
    0,
    129686.34412419,
    "BTC-PERP",
    null,
    1.9076,
    103901.2492,
    46698.24289725408,
    80000.9085,
    -4,
    5,
    54467
  ],
  "time": 1616473446972
}