{
  "code": 200,
  "result": [
    0.8522953378052295,
    0,
    129667.76315425,
    null,
    null,
    0,
    129667.76315425,
    "BTC-PERP",
    null,
    2.03,
    110503.05,
    46698.24289725408,
    79977.1973,
    -4,
    5,
    54441
  ],
  "time": 1616452807537
}