{
  "code": 200,
  "result": [
    0.8557062048642854,
    0,
    132756.81461024,
    null,
    null,
    0,
    132756.81461024,
    "BTC-PERP",
    null,
    2.03,
    113590.68,
    46698.24289725408,
    83064.8273,
    -4,
    5,
    55961
  ],
  "time": 1616442907042
}