{
  "code": 200,
  "result": [
    0.8571939090254909,
    0,
    135332.7161784,
    null,
    null,
    0,
    135332.7161784,
    "BTC-PERP",
    null,
    2.03,
    116014.5,
    46698.24289725408,
    85488.6473,
    -4,
    5,
    57146
  ],
  "time": 1616428327232
}