{
  "code": 200,
  "result": [
    0.8581401200396066,
    0,
    137743.052958,
    null,
    null,
    0,
    137743.052958,
    "BTC-PERP",
    null,
    2.03,
    118162.24,
    46698.24289725408,
    87636.3873,
    -4,
    5,
    58228
  ],
  "time": 1616409008586
}