{
  "code": 200,
  "result": [
    0.8569582425159643,
    0,
    135168.58144677,
    null,
    null,
    0,
    135168.58144677,
    "BTC-PERP",
    null,
    2.03,
    115833.83,
    46698.24289725408,
    85307.9773,
    -4,
    5,
    57061
  ],
  "time": 1616426467734
}