{
  "code": 200,
  "result": [
    0.801640117689193,
    0,
    130001.09812419,
    null,
    null,
    0,
    130001.09812419,
    "BTC-PERP",
    null,
    1.9076,
    104214.0956,
    46698.24289725408,
    80313.7549,
    -4,
    5,
    54631
  ],
  "time": 1616473146987
}