{
  "code": 200,
  "result": [
    0.8027467668463605,
    0,
    130732.02002704,
    null,
    null,
    0,
    130732.02002704,
    "BTC-PERP",
    null,
    1.9076,
    104929.4456,
    46698.24289725408,
    81029.1049,
    -4,
    5,
    55014
  ],
  "time": 1616467146205
}