{
  "code": 200,
  "result": [
    0.8563115759123862,
    0,
    134388.78235108,
    null,
    null,
    0,
    134388.78235108,
    "BTC-PERP",
    null,
    2.03,
    115088.82,
    46698.24289725408,
    84562.9673,
    -4,
    5,
    56689
  ],
  "time": 1616431746482
}