{
  "code": 200,
  "result": [
    0.8569253353390789,
    0,
    136403.24912759,
    null,
    null,
    0,
    136403.24912759,
    "BTC-PERP",
    null,
    2.03,
    116905.67,
    46698.24289725408,
    86379.8173,
    -4,
    5,
    57580
  ],
  "time": 1616415486207
}