{
  "code": 200,
  "result": [
    0.8524031432947358,
    0,
    129984.77407267,
    null,
    null,
    0,
    129984.77407267,
    "BTC-PERP",
    null,
    2.03,
    110819.73,
    46698.24289725408,
    80293.8773,
    -4,
    5,
    54581
  ],
  "time": 1616457006670
}