{
  "code": 200,
  "result": [
    0.8558662916004806,
    0,
    136560.17434854,
    null,
    null,
    0,
    136560.17434854,
    "BTC-PERP",
    null,
    2.03,
    116881.31,
    46698.24289725408,
    86355.4573,
    -4,
    5,
    57575
  ],
  "time": 1616400547590
}