{
  "code": 200,
  "result": [
    0.8578753259915424,
    0,
    135184.99307106,
    null,
    null,
    0,
    135184.99307106,
    "BTC-PERP",
    null,
    2.03,
    115913,
    46698.24289725408,
    85387.1473,
    -4,
    5,
    57129
  ],
  "time": 1616435226599
}