{
  "code": 200,
  "result": [
    0.8560440675569739,
    0,
    134573.06039018,
    null,
    null,
    0,
    134573.06039018,
    "BTC-PERP",
    null,
    2.03,
    115271.52,
    46698.24289725408,
    84745.6673,
    -4,
    5,
    56749
  ],
  "time": 1616432528886
}