{
  "code": 200,
  "result": [
    0.8025967942635662,
    0,
    130642.36282704,
    null,
    null,
    0,
    130642.36282704,
    "BTC-PERP",
    null,
    1.9076,
    104855.0492,
    46698.24289725408,
    80954.7085,
    -4,
    5,
    54966
  ],
  "time": 1616466186476
}