{
  "code": 200,
  "result": [
    0.8565141606072939,
    0,
    135530.18191514,
    null,
    null,
    0,
    135530.18191514,
    "BTC-PERP",
    null,
    2.03,
    116083.52,
    46698.24289725408,
    85557.6673,
    -4,
    5,
    57184
  ],
  "time": 1616418547217
}