{
  "code": 200,
  "result": [
    0.8013669204248873,
    0,
    129838.31968611,
    null,
    null,
    0,
    129838.31968611,
    "BTC-PERP",
    null,
    1.9076,
    104042.4116,
    46698.24289725408,
    80142.0709,
    -4,
    5,
    54544
  ],
  "time": 1616460008136
}