{
  "code": 200,
  "result": [
    0.8022790883538022,
    0,
    130420.65924303,
    null,
    null,
    0,
    130420.65924303,
    "BTC-PERP",
    null,
    1.9076,
    104633.7676,
    46698.24289725408,
    80733.4269,
    -4,
    5,
    54851
  ],
  "time": 1616463067205
}