{
  "code": 200,
  "result": [
    0.8562508687675311,
    0,
    136788.07727061,
    null,
    null,
    0,
    136788.07727061,
    "BTC-PERP",
    null,
    2.03,
    117116.79,
    46698.24289725408,
    86590.9373,
    -4,
    5,
    57697
  ],
  "time": 1616400908247
}