{
  "code": 200,
  "result": [
    0.8567237509511214,
    0,
    134392.84235108,
    null,
    null,
    0,
    134392.84235108,
    "BTC-PERP",
    null,
    2.03,
    115092.88,
    46698.24289725408,
    84567.0273,
    -4,
    5,
    56718
  ],
  "time": 1616431808023
}