{
  "code": 200,
  "result": [
    0.8518488670881954,
    0,
    129578.44315425,
    null,
    null,
    0,
    129578.44315425,
    "BTC-PERP",
    null,
    2.03,
    110413.73,
    46698.24289725408,
    79887.8773,
    -4,
    5,
    54375
  ],
  "time": 1616451186797
}