{
  "code": 200,
  "result": [
    0.8559948932875898,
    0,
    136601.31727061,
    null,
    null,
    0,
    136601.31727061,
    "BTC-PERP",
    null,
    2.03,
    117029.5,
    46698.24289725408,
    86503.6473,
    -4,
    5,
    57601
  ],
  "time": 1616401327293
}