{
  "code": 200,
  "result": [
    0.8568141754554491,
    0,
    135283.7094909,
    null,
    null,
    0,
    135283.7094909,
    "BTC-PERP",
    null,
    2.03,
    115915.03,
    46698.24289725408,
    85389.1773,
    -4,
    5,
    57100
  ],
  "time": 1616423527506
}