{
  "code": 200,
  "result": [
    0.8018942880958171,
    0,
    130150.20202704,
    null,
    null,
    0,
    130150.20202704,
    "BTC-PERP",
    null,
    1.9076,
    104362.8884,
    46698.24289725408,
    80462.5477,
    -4,
    5,
    54711
  ],
  "time": 1616468046713
}