{
  "code": 200,
  "result": [
    0.8518971607922954,
    0,
    129609.22407267,
    null,
    null,
    0,
    129609.22407267,
    "BTC-PERP",
    null,
    2.03,
    110444.18,
    46698.24289725408,
    79918.3273,
    -4,
    5,
    54391
  ],
  "time": 1616456106569
}