{
  "code": 200,
  "result": [
    0.857738328017164,
    0,
    135395.91995203,
    null,
    null,
    0,
    135395.91995203,
    "BTC-PERP",
    null,
    2.03,
    116118.03,
    46698.24289725408,
    85592.1773,
    -4,
    5,
    57209
  ],
  "time": 1616434626684
}