{
  "code": 200,
  "result": [
    0.8527726320582341,
    0,
    130226.01315425,
    null,
    null,
    0,
    130226.01315425,
    "BTC-PERP",
    null,
    2.03,
    111061.3,
    46698.24289725408,
    80535.4473,
    -4,
    5,
    54706
  ],
  "time": 1616454906480
}