{
  "code": 200,
  "result": [
    0.8522690001089048,
    0,
    129383.56315425,
    null,
    null,
    0,
    129383.56315425,
    "BTC-PERP",
    null,
    2.03,
    110218.85,
    46698.24289725408,
    79692.9973,
    -4,
    5,
    54320
  ],
  "time": 1616452926649
}