{
  "code": 200,
  "result": [
    0.8011178019451213,
    0,
    129664.38911704,
    null,
    null,
    0,
    129664.38911704,
    "BTC-PERP",
    null,
    1.9076,
    103876.4504,
    46698.24289725408,
    79976.1097,
    -4,
    5,
    54454
  ],
  "time": 1616471286256
}