{
  "code": 200,
  "result": [
    0.8558240777652409,
    0,
    135990.51840643,
    null,
    null,
    0,
    135990.51840643,
    "BTC-PERP",
    null,
    2.03,
    116383.96,
    46698.24289725408,
    85858.1073,
    -4,
    5,
    57332
  ],
  "time": 1616405586620
}