{
  "code": 200,
  "result": [
    0.8021980800653117,
    0,
    130367.24644303,
    null,
    null,
    0,
    130367.24644303,
    "BTC-PERP",
    null,
    1.9076,
    104580.3548,
    46698.24289725408,
    80680.0141,
    -4,
    5,
    54823
  ],
  "time": 1616462946035
}