{
  "code": 200,
  "result": [
    0.8011844004836542,
    0,
    129770.27852419,
    null,
    null,
    0,
    129770.27852419,
    "BTC-PERP",
    null,
    1.9076,
    103983.276,
    46698.24289725408,
    80082.9353,
    -4,
    5,
    54503
  ],
  "time": 1616475426896
}