{
  "code": 200,
  "result": [
    0.8023996926776309,
    0,
    130384.41484303,
    null,
    null,
    0,
    130384.41484303,
    "BTC-PERP",
    null,
    1.9076,
    104595.6156,
    46698.24289725408,
    80695.2749,
    -4,
    5,
    54844
  ],
  "time": 1616463426747
}