{
  "code": 200,
  "result": [
    0.8509736296823774,
    0,
    129198.83315425,
    null,
    null,
    0,
    129198.83315425,
    "BTC-PERP",
    null,
    2.03,
    110034.12,
    46698.24289725408,
    79508.2673,
    -4,
    5,
    54160
  ],
  "time": 1616451967966
}