{
  "code": 200,
  "result": [
    0.8528548832190299,
    0,
    130258.67845265,
    null,
    null,
    0,
    130258.67845265,
    "BTC-PERP",
    null,
    2.03,
    111091.75,
    46698.24289725408,
    80565.8973,
    -4,
    5,
    54725
  ],
  "time": 1616448307058
}