{
  "code": 200,
  "result": [
    0.8555878914563126,
    0,
    135883.32789763,
    null,
    null,
    0,
    135883.32789763,
    "BTC-PERP",
    null,
    2.03,
    116260.13,
    46698.24289725408,
    85734.2773,
    -4,
    5,
    57271
  ],
  "time": 1616404808664
}