{
  "code": 200,
  "result": [
    0.8530012940257318,
    0,
    130483.82315425,
    null,
    null,
    0,
    130483.82315425,
    "BTC-PERP",
    null,
    2.03,
    111345.5,
    46698.24289725408,
    80819.6473,
    -4,
    5,
    54829
  ],
  "time": 1616454425977
}