{
  "code": 200,
  "result": [
    0.8573487141018292,
    0,
    135438.50721424,
    null,
    null,
    0,
    135438.50721424,
    "BTC-PERP",
    null,
    2.03,
    116116,
    46698.24289725408,
    85590.1473,
    -4,
    5,
    57201
  ],
  "time": 1616427968552
}