{
  "code": 200,
  "result": [
    0.8527983469543688,
    0,
    130262.55315425,
    null,
    null,
    0,
    130262.55315425,
    "BTC-PERP",
    null,
    2.03,
    111097.84,
    46698.24289725408,
    80571.9873,
    -4,
    5,
    54723
  ],
  "time": 1616454246885
}