{
  "code": 200,
  "result": [
    0.8577429481219568,
    0,
    137572.532958,
    null,
    null,
    0,
    137572.532958,
    "BTC-PERP",
    null,
    2.03,
    117991.72,
    46698.24289725408,
    87465.8673,
    -4,
    5,
    58129
  ],
  "time": 1616408886675
}