{
  "code": 200,
  "result": [
    0.8566337837050679,
    0,
    134691.32573894,
    null,
    null,
    0,
    134691.32573894,
    "BTC-PERP",
    null,
    2.03,
    115389.26,
    46698.24289725408,
    84863.4073,
    -4,
    5,
    56838
  ],
  "time": 1616433786697
}