{
  "code": 200,
  "result": [
    0.8582387286317925,
    0,
    138183.73145321,
    null,
    null,
    0,
    138183.73145321,
    "BTC-PERP",
    null,
    2.03,
    118554.03,
    46698.24289725408,
    88028.1773,
    -4,
    5,
    58421
  ],
  "time": 1616408287547
}