{
  "code": 200,
  "result": [
    0.8555747818163336,
    0,
    135856.93789763,
    null,
    null,
    0,
    135856.93789763,
    "BTC-PERP",
    null,
    2.03,
    116233.74,
    46698.24289725408,
    85707.8873,
    -4,
    5,
    57259
  ],
  "time": 1616404508295
}