{
  "code": 200,
  "result": [
    0.8571748249731418,
    0,
    136796.93638188,
    null,
    null,
    0,
    136796.93638188,
    "BTC-PERP",
    null,
    2.03,
    117248.74,
    46698.24289725408,
    86722.8873,
    -4,
    5,
    57763
  ],
  "time": 1616412486777
}