{
  "code": 200,
  "result": [
    0.8017049977456575,
    0,
    130054.82202704,
    null,
    null,
    0,
    130054.82202704,
    "BTC-PERP",
    null,
    1.9076,
    104267.5084,
    46698.24289725408,
    80367.1677,
    -4,
    5,
    54658
  ],
  "time": 1616467986451
}