{
  "code": 200,
  "result": [
    0.8576644864169769,
    0,
    135412.31080371,
    null,
    null,
    0,
    135412.31080371,
    "BTC-PERP",
    null,
    2.03,
    116150.51,
    46698.24289725408,
    85624.6573,
    -4,
    5,
    57211
  ],
  "time": 1616435826414
}