{
  "code": 200,
  "result": [
    0.8533611989649161,
    0,
    130597.68845265,
    null,
    null,
    0,
    130597.68845265,
    "BTC-PERP",
    null,
    2.03,
    111430.76,
    46698.24289725408,
    80904.9073,
    -4,
    5,
    54900
  ],
  "time": 1616447467550
}