{
  "code": 200,
  "result": [
    0.8557644389734912,
    0,
    136035.57789763,
    null,
    null,
    0,
    136035.57789763,
    "BTC-PERP",
    null,
    2.03,
    116412.38,
    46698.24289725408,
    85886.5273,
    -4,
    5,
    57347
  ],
  "time": 1616404687184
}