{
  "code": 200,
  "result": [
    0.8565418321619419,
    0,
    135141.86424244,
    null,
    null,
    0,
    135141.86424244,
    "BTC-PERP",
    null,
    2.03,
    115793.23,
    46698.24289725408,
    85267.3773,
    -4,
    5,
    57022
  ],
  "time": 1616425210075
}