{
  "code": 200,
  "result": [
    0.8548803884862438,
    0,
    132514.62020388,
    null,
    null,
    0,
    132514.62020388,
    "BTC-PERP",
    null,
    2.03,
    113320.69,
    46698.24289725408,
    82794.8373,
    -4,
    5,
    55805
  ],
  "time": 1616440686728
}