{
  "code": 200,
  "result": [
    0.8572166150376153,
    0,
    136382.94912759,
    null,
    null,
    0,
    136382.94912759,
    "BTC-PERP",
    null,
    2.03,
    116885.37,
    46698.24289725408,
    86359.5173,
    -4,
    5,
    57591
  ],
  "time": 1616415067993
}