{
  "code": 200,
  "result": [
    0.8576991248159387,
    0,
    137439.92105075,
    null,
    null,
    0,
    137439.92105075,
    "BTC-PERP",
    null,
    2.03,
    117882.1,
    46698.24289725408,
    87356.2473,
    -4,
    5,
    58070
  ],
  "time": 1616409846897
}