{
  "code": 200,
  "result": [
    0.8569286497072233,
    0,
    136177.67364864,
    null,
    null,
    0,
    136177.67364864,
    "BTC-PERP",
    null,
    2.03,
    116696.58,
    46698.24289725408,
    86170.7273,
    -4,
    5,
    57485
  ],
  "time": 1616416267590
}