{
  "code": 200,
  "result": [
    0.8524769021645255,
    0,
    129802.07407267,
    null,
    null,
    0,
    129802.07407267,
    "BTC-PERP",
    null,
    2.03,
    110620.79,
    46698.24289725408,
    80094.9373,
    -4,
    5,
    54509
  ],
  "time": 1616455807660
}