{
  "code": 200,
  "result": [
    0.8015032214195973,
    0,
    129911.44092419,
    null,
    null,
    0,
    129911.44092419,
    "BTC-PERP",
    null,
    1.9076,
    104133.9764,
    46698.24289725408,
    80233.6357,
    -4,
    5,
    54584
  ],
  "time": 1616472968434
}