{
  "code": 200,
  "result": [
    0.8557288051417099,
    0,
    136295.07304091,
    null,
    null,
    0,
    136295.07304091,
    "BTC-PERP",
    null,
    2.03,
    116633.65,
    46698.24289725408,
    86107.7973,
    -4,
    5,
    57454
  ],
  "time": 1616401926789
}