{
  "code": 200,
  "result": [
    0.8577841897497323,
    0,
    137769.442958,
    null,
    null,
    0,
    137769.442958,
    "BTC-PERP",
    null,
    2.03,
    118176.45,
    46698.24289725408,
    87650.5973,
    -4,
    5,
    58215
  ],
  "time": 1616409186922
}