{
  "code": 200,
  "result": [
    0.8574597917057506,
    0,
    136902.99082885,
    null,
    null,
    0,
    136902.99082885,
    "BTC-PERP",
    null,
    2.03,
    117376.63,
    46698.24289725408,
    86850.7773,
    -4,
    5,
    57827
  ],
  "time": 1616413986502
}