{
  "code": 200,
  "result": [
    0.8572324564380387,
    0,
    135369.2561784,
    null,
    null,
    0,
    135369.2561784,
    "BTC-PERP",
    null,
    2.03,
    116051.04,
    46698.24289725408,
    85525.1873,
    -4,
    5,
    57164
  ],
  "time": 1616428268253
}