{
  "code": 200,
  "result": [
    0.8571453537977822,
    0,
    134632.25284801,
    null,
    null,
    0,
    134632.25284801,
    "BTC-PERP",
    null,
    2.03,
    115399.41,
    46698.24289725408,
    84873.5573,
    -4,
    5,
    56847
  ],
  "time": 1616437926699
}