{
  "code": 200,
  "result": [
    0.8014039690998934,
    0,
    129856.12052419,
    null,
    null,
    0,
    129856.12052419,
    "BTC-PERP",
    null,
    1.9076,
    104069.118,
    46698.24289725408,
    80168.7773,
    -4,
    5,
    54554
  ],
  "time": 1616475067486
}