{
  "code": 200,
  "result": [
    0.8572100263666343,
    0,
    136883.67656798,
    null,
    null,
    0,
    136883.67656798,
    "BTC-PERP",
    null,
    2.03,
    117358.36,
    46698.24289725408,
    86832.5073,
    -4,
    5,
    57802
  ],
  "time": 1616413746748
}