{
  "code": 200,
  "result": [
    0.852992371660004,
    0,
    130311.45845265,
    null,
    null,
    0,
    130311.45845265,
    "BTC-PERP",
    null,
    2.03,
    111144.53,
    46698.24289725408,
    80618.6773,
    -4,
    5,
    54756
  ],
  "time": 1616448967854
}