{
  "code": 200,
  "result": [
    0.8021660171088173,
    0,
    130148.91951704,
    null,
    null,
    0,
    130148.91951704,
    "BTC-PERP",
    null,
    1.9076,
    104360.9808,
    46698.24289725408,
    80460.6401,
    -4,
    5,
    54729
  ],
  "time": 1616472247065
}