{
  "code": 200,
  "result": [
    0.8554614338514619,
    0,
    132692.76148305,
    null,
    null,
    0,
    132692.76148305,
    "BTC-PERP",
    null,
    2.03,
    113525.72,
    46698.24289725408,
    82999.8673,
    -4,
    5,
    55918
  ],
  "time": 1616444407191
}