{
  "code": 200,
  "result": [
    0.8567515953204136,
    0,
    134118.36129354,
    null,
    null,
    0,
    134118.36129354,
    "BTC-PERP",
    null,
    2.03,
    114906.12,
    46698.24289725408,
    84380.2673,
    -4,
    5,
    56604
  ],
  "time": 1616439186700
}