{
  "code": 200,
  "result": [
    0.8572635169244269,
    0,
    137424.51145321,
    null,
    null,
    0,
    137424.51145321,
    "BTC-PERP",
    null,
    2.03,
    117819.17,
    46698.24289725408,
    87293.3173,
    -4,
    5,
    58034
  ],
  "time": 1616408047086
}