{
  "code": 200,
  "result": [
    0.8574036310596781,
    0,
    135555.31582757,
    null,
    null,
    0,
    135555.31582757,
    "BTC-PERP",
    null,
    2.03,
    116195.17,
    46698.24289725408,
    85669.3173,
    -4,
    5,
    57254
  ],
  "time": 1616424367771
}