{
  "code": 200,
  "result": [
    0.8575581909396259,
    0,
    135272.86104386,
    null,
    null,
    0,
    135272.86104386,
    "BTC-PERP",
    null,
    2.03,
    116004.35,
    46698.24289725408,
    85478.4973,
    -4,
    5,
    57145
  ],
  "time": 1616435646580
}