{
  "code": 200,
  "result": [
    0.8557002452369288,
    0,
    135912.93288434,
    null,
    null,
    0,
    135912.93288434,
    "BTC-PERP",
    null,
    2.03,
    116314.94,
    46698.24289725408,
    85789.0873,
    -4,
    5,
    57291
  ],
  "time": 1616406308207
}