{
  "code": 200,
  "result": [
    0.8015149325370196,
    0,
    129923.82271704,
    null,
    null,
    0,
    129923.82271704,
    "BTC-PERP",
    null,
    1.9076,
    104135.884,
    46698.24289725408,
    80235.5433,
    -4,
    5,
    54590
  ],
  "time": 1616469246379
}