{
  "code": 200,
  "result": [
    0.8525124064416396,
    0,
    129956.20845265,
    null,
    null,
    0,
    129956.20845265,
    "BTC-PERP",
    null,
    2.03,
    110789.28,
    46698.24289725408,
    80263.4273,
    -4,
    5,
    54576
  ],
  "time": 1616448786839
}