{
  "code": 200,
  "result": [
    0.8032591694895137,
    0,
    131118.84084303,
    null,
    null,
    0,
    131118.84084303,
    "BTC-PERP",
    null,
    1.9076,
    105318.596,
    46698.24289725408,
    81418.2553,
    -4,
    5,
    55212
  ],
  "time": 1616464326198
}