{
  "code": 200,
  "result": [
    0.8572367141234395,
    0,
    135624.33582757,
    null,
    null,
    0,
    135624.33582757,
    "BTC-PERP",
    null,
    2.03,
    116264.19,
    46698.24289725408,
    85738.3373,
    -4,
    5,
    57272
  ],
  "time": 1616424426861
}