{
  "code": 200,
  "result": [
    0.8016615397050587,
    0,
    129985.72644303,
    null,
    null,
    0,
    129985.72644303,
    "BTC-PERP",
    null,
    1.9076,
    104208.3728,
    46698.24289725408,
    80308.0321,
    -4,
    5,
    54626
  ],
  "time": 1616461986066
}