{
  "code": 200,
  "result": [
    0.8574595944584835,
    0,
    135264.74104386,
    null,
    null,
    0,
    135264.74104386,
    "BTC-PERP",
    null,
    2.03,
    115996.23,
    46698.24289725408,
    85470.3773,
    -4,
    5,
    57135
  ],
  "time": 1616435467401
}