{
  "code": 200,
  "result": [
    0.857323887788501,
    0,
    135274.31307106,
    null,
    null,
    0,
    135274.31307106,
    "BTC-PERP",
    null,
    2.03,
    115973.9,
    46698.24289725408,
    85448.0473,
    -4,
    5,
    57130
  ],
  "time": 1616435346893
}