{
  "code": 200,
  "result": [
    0.8567737986942613,
    0,
    135192.94144677,
    null,
    null,
    0,
    135192.94144677,
    "BTC-PERP",
    null,
    2.03,
    115858.19,
    46698.24289725408,
    85332.3373,
    -4,
    5,
    57059
  ],
  "time": 1616425808085
}