{
  "code": 200,
  "result": [
    0.8578495582410475,
    0,
    137747.112958,
    null,
    null,
    0,
    137747.112958,
    "BTC-PERP",
    null,
    2.03,
    118164.27,
    46698.24289725408,
    87638.4173,
    -4,
    5,
    58210
  ],
  "time": 1616408527108
}