{
  "code": 200,
  "result": [
    0.8466779308475028,
    0,
    133925.47020388,
    null,
    null,
    0,
    133925.47020388,
    "BTC-PERP",
    null,
    2.03,
    114731.54,
    46698.24289725408,
    84205.6873,
    -4,
    5,
    55858
  ],
  "time": 1616440507424
}