{
  "code": 200,
  "result": [
    0.8579814140496171,
    0,
    137875.002958,
    null,
    null,
    0,
    137875.002958,
    "BTC-PERP",
    null,
    2.03,
    118294.19,
    46698.24289725408,
    87768.3373,
    -4,
    5,
    58273
  ],
  "time": 1616409246695
}