{
  "code": 200,
  "result": [
    0.8572303858129373,
    0,
    135490.35582757,
    null,
    null,
    0,
    135490.35582757,
    "BTC-PERP",
    null,
    2.03,
    116130.21,
    46698.24289725408,
    85604.3573,
    -4,
    5,
    57215
  ],
  "time": 1616424608522
}