{
  "code": 200,
  "result": [
    0.851785230298467,
    0,
    129662.00407267,
    null,
    null,
    0,
    129662.00407267,
    "BTC-PERP",
    null,
    2.03,
    110450.27,
    46698.24289725408,
    79924.4173,
    -4,
    5,
    54406
  ],
  "time": 1616457186133
}