{
  "code": 200,
  "result": [
    0.8019220901913962,
    0,
    130190.88671704,
    null,
    null,
    0,
    130190.88671704,
    "BTC-PERP",
    null,
    1.9076,
    104402.948,
    46698.24289725408,
    80502.6073,
    -4,
    5,
    54730
  ],
  "time": 1616469667511
}