{
  "code": 200,
  "result": [
    0.8578188264533183,
    0,
    137555.63105075,
    null,
    null,
    0,
    137555.63105075,
    "BTC-PERP",
    null,
    2.03,
    117997.81,
    46698.24289725408,
    87471.9573,
    -4,
    5,
    58127
  ],
  "time": 1616409727323
}