{
  "code": 200,
  "result": [
    0.8025002041494615,
    0,
    130788.82604303,
    null,
    null,
    0,
    130788.82604303,
    "BTC-PERP",
    null,
    1.9076,
    104994.304,
    46698.24289725408,
    81093.9633,
    -4,
    5,
    55021
  ],
  "time": 1616465286581
}