{
  "code": 200,
  "result": [
    0.8555530423751302,
    0,
    135914.96288434,
    null,
    null,
    0,
    135914.96288434,
    "BTC-PERP",
    null,
    2.03,
    116316.97,
    46698.24289725408,
    85791.1173,
    -4,
    5,
    57282
  ],
  "time": 1616405947050
}