{
  "code": 200,
  "result": [
    0.8032813493031613,
    0,
    131162.71564303,
    null,
    null,
    0,
    131162.71564303,
    "BTC-PERP",
    null,
    1.9076,
    105417.7912,
    46698.24289725408,
    81517.4505,
    -4,
    5,
    55232
  ],
  "time": 1616464026523
}