{
  "code": 200,
  "result": [
    0.8531738082027914,
    0,
    130569.26845265,
    null,
    null,
    0,
    130569.26845265,
    "BTC-PERP",
    null,
    2.03,
    111402.34,
    46698.24289725408,
    80876.4873,
    -4,
    5,
    54876
  ],
  "time": 1616449867419
}