{
  "code": 200,
  "result": [
    0.8508446170936492,
    0,
    128624.34315425,
    null,
    null,
    0,
    128624.34315425,
    "BTC-PERP",
    null,
    2.03,
    109459.63,
    46698.24289725408,
    78933.7773,
    -4,
    5,
    53911
  ],
  "time": 1616450767245
}