{
  "code": 200,
  "result": [
    0.801463232278799,
    0,
    129756.07290719,
    null,
    null,
    0,
    129756.07290719,
    "BTC-PERP",
    null,
    1.9076,
    103969.9228,
    46698.24289725408,
    80069.5821,
    -4,
    5,
    54516
  ],
  "time": 1616458267049
}