{
  "code": 200,
  "result": [
    0.8567892027588317,
    0,
    134358.88270922,
    null,
    null,
    0,
    134358.88270922,
    "BTC-PERP",
    null,
    2.03,
    115129.42,
    46698.24289725408,
    84603.5673,
    -4,
    5,
    56708
  ],
  "time": 1616438226623
}