{
  "code": 200,
  "result": [
    0.856988391665087,
    0,
    135374.64582757,
    null,
    null,
    0,
    135374.64582757,
    "BTC-PERP",
    null,
    2.03,
    116014.5,
    46698.24289725408,
    85488.6473,
    -4,
    5,
    57150
  ],
  "time": 1616424786403
}