{
  "code": 200,
  "result": [
    0.8018360681890478,
    0,
    130116.82928611,
    null,
    null,
    0,
    130116.82928611,
    "BTC-PERP",
    null,
    1.9076,
    104330.4592,
    46698.24289725408,
    80430.1185,
    -4,
    5,
    54693
  ],
  "time": 1616458567330
}