{
  "code": 200,
  "result": [
    0.8557690140413435,
    0,
    135821.35844239,
    null,
    null,
    0,
    135821.35844239,
    "BTC-PERP",
    null,
    2.03,
    116231.71,
    46698.24289725408,
    85705.8573,
    -4,
    5,
    57257
  ],
  "time": 1616406787063
}