{
  "code": 200,
  "result": [
    0.8015150959587166,
    0,
    129988.05602704,
    null,
    null,
    0,
    129988.05602704,
    "BTC-PERP",
    null,
    1.9076,
    104183.574,
    46698.24289725408,
    80283.2333,
    -4,
    5,
    54617
  ],
  "time": 1616468767517
}