{
  "code": 200,
  "result": [
    0.8565644452862836,
    0,
    135034.0194909,
    null,
    null,
    0,
    135034.0194909,
    "BTC-PERP",
    null,
    2.03,
    115665.34,
    46698.24289725408,
    85139.4873,
    -4,
    5,
    56978
  ],
  "time": 1616423408956
}