{
  "code": 200,
  "result": [
    0.8568928476016082,
    0,
    135396.84725428,
    null,
    null,
    0,
    135396.84725428,
    "BTC-PERP",
    null,
    2.03,
    116012.47,
    46698.24289725408,
    85486.6173,
    -4,
    5,
    57153
  ],
  "time": 1616421908277
}