{
  "code": 200,
  "result": [
    0.8525354413591403,
    0,
    129976.50845265,
    null,
    null,
    0,
    129976.50845265,
    "BTC-PERP",
    null,
    2.03,
    110809.58,
    46698.24289725408,
    80283.7273,
    -4,
    5,
    54586
  ],
  "time": 1616448486363
}