{
  "code": 200,
  "result": [
    0.8524953223647684,
    0,
    129942.14407267,
    null,
    null,
    0,
    129942.14407267,
    "BTC-PERP",
    null,
    2.03,
    110756.8,
    46698.24289725408,
    80230.9473,
    -4,
    5,
    54569
  ],
  "time": 1616455925922
}