{
  "code": 200,
  "result": [
    0.8573037267127513,
    0,
    134856.01006694,
    null,
    null,
    0,
    134856.01006694,
    "BTC-PERP",
    null,
    2.03,
    115612.56,
    46698.24289725408,
    85086.7073,
    -4,
    5,
    56952
  ],
  "time": 1616436846650
}