{
  "code": 200,
  "result": [
    0.8568646091124921,
    0,
    136102.56364864,
    null,
    null,
    0,
    136102.56364864,
    "BTC-PERP",
    null,
    2.03,
    116635.68,
    46698.24289725408,
    86109.8273,
    -4,
    5,
    57449
  ],
  "time": 1616416327492
}