{
  "code": 200,
  "result": [
    0.8519538486102133,
    0,
    129629.19315425,
    null,
    null,
    0,
    129629.19315425,
    "BTC-PERP",
    null,
    2.03,
    110464.48,
    46698.24289725408,
    79938.6273,
    -4,
    5,
    54403
  ],
  "time": 1616453407032
}