{
  "code": 200,
  "result": [
    0.8579125270214586,
    0,
    137533.50870123,
    null,
    null,
    0,
    137533.50870123,
    "BTC-PERP",
    null,
    2.03,
    117991.72,
    46698.24289725408,
    87465.8673,
    -4,
    5,
    58124
  ],
  "time": 1616411946884
}