{
  "code": 200,
  "result": [
    0.8517204343012319,
    0,
    129235.70407267,
    null,
    null,
    0,
    129235.70407267,
    "BTC-PERP",
    null,
    2.03,
    110070.66,
    46698.24289725408,
    79544.8073,
    -4,
    5,
    54223
  ],
  "time": 1616457426310
}