{
  "code": 200,
  "result": [
    0.856334295765363,
    0,
    134297.50573894,
    null,
    null,
    0,
    134297.50573894,
    "BTC-PERP",
    null,
    2.03,
    114995.44,
    46698.24289725408,
    84469.5873,
    -4,
    5,
    56652
  ],
  "time": 1616433008293
}