{
  "code": 200,
  "result": [
    0.8003982639082684,
    0,
    129192.27572419,
    null,
    null,
    0,
    129192.27572419,
    "BTC-PERP",
    null,
    1.9076,
    103405.2732,
    46698.24289725408,
    79504.9325,
    -4,
    5,
    54207
  ],
  "time": 1616474286363
}