{
  "code": 200,
  "result": [
    0.8551786849921627,
    0,
    132489.76148305,
    null,
    null,
    0,
    132489.76148305,
    "BTC-PERP",
    null,
    2.03,
    113322.72,
    46698.24289725408,
    82796.8673,
    -4,
    5,
    55814
  ],
  "time": 1616445306639
}