{
  "code": 200,
  "result": [
    0.8554130078605081,
    0,
    132640.94531808,
    null,
    null,
    0,
    132640.94531808,
    "BTC-PERP",
    null,
    2.03,
    113468.88,
    46698.24289725408,
    82943.0273,
    -4,
    5,
    55893
  ],
  "time": 1616442186436
}