{
  "code": 200,
  "result": [
    0.8566395585663703,
    0,
    135019.8094909,
    null,
    null,
    0,
    135019.8094909,
    "BTC-PERP",
    null,
    2.03,
    115651.13,
    46698.24289725408,
    85125.2773,
    -4,
    5,
    56977
  ],
  "time": 1616423346565
}