{
  "code": 200,
  "result": [
    0.8566702457265716,
    0,
    135024.45144677,
    null,
    null,
    0,
    135024.45144677,
    "BTC-PERP",
    null,
    2.03,
    115718.12,
    46698.24289725408,
    85192.2673,
    -4,
    5,
    56981
  ],
  "time": 1616425867880
}