{
  "code": 200,
  "result": [
    0.8517763764930433,
    0,
    129394.04407267,
    null,
    null,
    0,
    129394.04407267,
    "BTC-PERP",
    null,
    2.03,
    110229,
    46698.24289725408,
    79703.1473,
    -4,
    5,
    54293
  ],
  "time": 1616457367691
}