{
  "code": 200,
  "result": [
    0.8559877519299461,
    0,
    136509.96727061,
    null,
    null,
    0,
    136509.96727061,
    "BTC-PERP",
    null,
    2.03,
    116838.68,
    46698.24289725408,
    86312.8273,
    -4,
    5,
    57562
  ],
  "time": 1616401568788
}