{
  "code": 200,
  "result": [
    0.8563140674395472,
    0,
    134518.77573894,
    null,
    null,
    0,
    134518.77573894,
    "BTC-PERP",
    null,
    2.03,
    115216.71,
    46698.24289725408,
    84690.8573,
    -4,
    5,
    56744
  ],
  "time": 1616433128239
}