{
  "code": 200,
  "result": [
    0.8570571196447546,
    0,
    135922.77262487,
    null,
    null,
    0,
    135922.77262487,
    "BTC-PERP",
    null,
    2.03,
    116479.37,
    46698.24289725408,
    85953.5173,
    -4,
    5,
    57386
  ],
  "time": 1616417946386
}