{
  "code": 200,
  "result": [
    0.8524788607729522,
    0,
    129954.17845265,
    null,
    null,
    0,
    129954.17845265,
    "BTC-PERP",
    null,
    2.03,
    110787.25,
    46698.24289725408,
    80261.3973,
    -4,
    5,
    54573
  ],
  "time": 1616449267979
}