{
  "code": 200,
  "result": [
    0.8568529926439463,
    0,
    135111.74144677,
    null,
    null,
    0,
    135111.74144677,
    "BTC-PERP",
    null,
    2.03,
    115776.99,
    46698.24289725408,
    85251.1373,
    -4,
    5,
    57030
  ],
  "time": 1616426168049
}