{
  "code": 200,
  "result": [
    0.8563813859671935,
    0,
    134394.42039018,
    null,
    null,
    0,
    134394.42039018,
    "BTC-PERP",
    null,
    2.03,
    115092.88,
    46698.24289725408,
    84567.0273,
    -4,
    5,
    56696
  ],
  "time": 1616432047406
}