{
  "code": 200,
  "result": [
    0.8524083222794144,
    0,
    129822.04315425,
    null,
    null,
    0,
    129822.04315425,
    "BTC-PERP",
    null,
    2.03,
    110657.33,
    46698.24289725408,
    80131.4773,
    -4,
    5,
    54513
  ],
  "time": 1616451246139
}