{
  "code": 200,
  "result": [
    0.8570178553195681,
    0,
    135320.2494909,
    null,
    null,
    0,
    135320.2494909,
    "BTC-PERP",
    null,
    2.03,
    115951.57,
    46698.24289725408,
    85425.7173,
    -4,
    5,
    57129
  ],
  "time": 1616424126997
}