{
  "code": 200,
  "result": [
    0.853310006930424,
    0,
    130593.62845265,
    null,
    null,
    0,
    130593.62845265,
    "BTC-PERP",
    null,
    2.03,
    111345.5,
    46698.24289725408,
    80819.6473,
    -4,
    5,
    54895
  ],
  "time": 1616447286786
}