{
  "code": 200,
  "result": [
    0.8562894904510516,
    0,
    134382.76573894,
    null,
    null,
    0,
    134382.76573894,
    "BTC-PERP",
    null,
    2.03,
    115080.7,
    46698.24289725408,
    84554.8473,
    -4,
    5,
    56685
  ],
  "time": 1616433426759
}