{
  "code": 200,
  "result": [
    0.8565573037333281,
    0,
    134020.8057297,
    null,
    null,
    0,
    134020.8057297,
    "BTC-PERP",
    null,
    2.03,
    114796.5,
    46698.24289725408,
    84270.6473,
    -4,
    5,
    56550
  ],
  "time": 1616438586163
}