{
  "code": 200,
  "result": [
    0.8572372422139398,
    0,
    135264.30524709,
    null,
    null,
    0,
    135264.30524709,
    "BTC-PERP",
    null,
    2.03,
    115953.6,
    46698.24289725408,
    85427.7473,
    -4,
    5,
    57120
  ],
  "time": 1616429767816
}