{
  "code": 200,
  "result": [
    0.8015307749537821,
    0,
    129897.45528611,
    null,
    null,
    0,
    129897.45528611,
    "BTC-PERP",
    null,
    1.9076,
    104111.0852,
    46698.24289725408,
    80210.7445,
    -4,
    5,
    54580
  ],
  "time": 1616458686338
}