{
  "code": 200,
  "result": [
    0.8022736004999997,
    0,
    130419.17362704,
    null,
    null,
    0,
    130419.17362704,
    "BTC-PERP",
    null,
    1.9076,
    104631.86,
    46698.24289725408,
    80731.5193,
    -4,
    5,
    54850
  ],
  "time": 1616467867153
}