{
  "code": 200,
  "result": [
    0.8557165371540043,
    0,
    135903.22840643,
    null,
    null,
    0,
    135903.22840643,
    "BTC-PERP",
    null,
    2.03,
    116296.67,
    46698.24289725408,
    85770.8173,
    -4,
    5,
    57288
  ],
  "time": 1616405887192
}