{
  "code": 200,
  "result": [
    0.8018293070049457,
    0,
    130120.30551704,
    null,
    null,
    0,
    130120.30551704,
    "BTC-PERP",
    null,
    1.9076,
    104332.3668,
    46698.24289725408,
    80432.0261,
    -4,
    5,
    54694
  ],
  "time": 1616471886111
}