{
  "code": 200,
  "result": [
    0.801315133776378,
    0,
    129572.94330719,
    null,
    null,
    0,
    129572.94330719,
    "BTC-PERP",
    null,
    1.9076,
    103786.7932,
    46698.24289725408,
    79886.4525,
    -4,
    5,
    54429
  ],
  "time": 1616457967562
}