{
  "code": 200,
  "result": [
    0.8520229519051226,
    0,
    129566.26315425,
    null,
    null,
    0,
    129566.26315425,
    "BTC-PERP",
    null,
    2.03,
    110393.43,
    46698.24289725408,
    79867.5773,
    -4,
    5,
    54381
  ],
  "time": 1616453227149
}