{
  "code": 200,
  "result": [
    0.8573228921652335,
    0,
    135345.50524709,
    null,
    null,
    0,
    135345.50524709,
    "BTC-PERP",
    null,
    2.03,
    116034.8,
    46698.24289725408,
    85508.9473,
    -4,
    5,
    57160
  ],
  "time": 1616429586867
}