{
  "code": 200,
  "result": [
    0.8562804718923467,
    0,
    135427.29725428,
    null,
    null,
    0,
    135427.29725428,
    "BTC-PERP",
    null,
    2.03,
    116042.92,
    46698.24289725408,
    85517.0673,
    -4,
    5,
    57125
  ],
  "time": 1616421727505
}