{
  "code": 200,
  "result": [
    0.8570669760644395,
    0,
    134798.52009992,
    null,
    null,
    0,
    134798.52009992,
    "BTC-PERP",
    null,
    2.03,
    115490.76,
    46698.24289725408,
    84964.9073,
    -4,
    5,
    56912
  ],
  "time": 1616430186685
}