{
  "code": 200,
  "result": [
    0.8564772679037609,
    0,
    134388.85573894,
    null,
    null,
    0,
    134388.85573894,
    "BTC-PERP",
    null,
    2.03,
    115086.79,
    46698.24289725408,
    84560.9373,
    -4,
    5,
    56700
  ],
  "time": 1616432888229
}