{
  "code": 200,
  "result": [
    0.8014099641609358,
    0,
    129855.14911704,
    null,
    null,
    0,
    129855.14911704,
    "BTC-PERP",
    null,
    1.9076,
    104067.2104,
    46698.24289725408,
    80166.8697,
    -4,
    5,
    54554
  ],
  "time": 1616471407410
}