{
  "code": 200,
  "result": [
    0.801299409538597,
    0,
    129837.35562704,
    null,
    null,
    0,
    129837.35562704,
    "BTC-PERP",
    null,
    1.9076,
    104050.042,
    46698.24289725408,
    80149.7013,
    -4,
    5,
    54539
  ],
  "time": 1616468946301
}