{
  "code": 200,
  "result": [
    0.8550614229971667,
    0,
    132441.45619744,
    null,
    null,
    0,
    132441.45619744,
    "BTC-PERP",
    null,
    2.03,
    113255.73,
    46698.24289725408,
    82729.8773,
    -4,
    5,
    55786
  ],
  "time": 1616441767669
}