{
  "code": 200,
  "result": [
    0.852557381894284,
    0,
    129994.59315425,
    null,
    null,
    0,
    129994.59315425,
    "BTC-PERP",
    null,
    2.03,
    110829.88,
    46698.24289725408,
    80304.0273,
    -4,
    5,
    54595
  ],
  "time": 1616453946558
}