{
  "code": 200,
  "result": [
    0.8525929971858192,
    0,
    130027.25845265,
    null,
    null,
    0,
    130027.25845265,
    "BTC-PERP",
    null,
    2.03,
    110860.33,
    46698.24289725408,
    80334.4773,
    -4,
    5,
    54611
  ],
  "time": 1616449086326
}