{
  "code": 200,
  "result": [
    0.8512622705880577,
    0,
    129326.72315425,
    null,
    null,
    0,
    129326.72315425,
    "BTC-PERP",
    null,
    2.03,
    110105.17,
    46698.24289725408,
    79579.3173,
    -4,
    5,
    54232
  ],
  "time": 1616450946503
}