{
  "code": 200,
  "result": [
    0.855531704596054,
    0,
    135711.91970591,
    null,
    null,
    0,
    135711.91970591,
    "BTC-PERP",
    null,
    2.03,
    116081.49,
    46698.24289725408,
    85555.6373,
    -4,
    5,
    57195
  ],
  "time": 1616403668130
}