{
  "code": 200,
  "result": [
    0.8529671487914573,
    0,
    130427.16845265,
    null,
    null,
    0,
    130427.16845265,
    "BTC-PERP",
    null,
    2.03,
    111280.54,
    46698.24289725408,
    80754.6873,
    -4,
    5,
    54803
  ],
  "time": 1616449686890
}