{
  "code": 200,
  "result": [
    0.8030714172761436,
    0,
    130935.71124303,
    null,
    null,
    0,
    130935.71124303,
    "BTC-PERP",
    null,
    1.9076,
    105148.8196,
    46698.24289725408,
    81248.4789,
    -4,
    5,
    55122
  ],
  "time": 1616464926701
}