{
  "code": 200,
  "result": [
    0.8574085281402609,
    0,
    135509.55721424,
    null,
    null,
    0,
    135509.55721424,
    "BTC-PERP",
    null,
    2.03,
    116187.05,
    46698.24289725408,
    85661.1973,
    -4,
    5,
    57235
  ],
  "time": 1616427546957
}