{
  "code": 200,
  "result": [
    0.8562705095805747,
    0,
    134378.63235108,
    null,
    null,
    0,
    134378.63235108,
    "BTC-PERP",
    null,
    2.03,
    115078.67,
    46698.24289725408,
    84552.8173,
    -4,
    5,
    56682
  ],
  "time": 1616431986727
}