{
  "code": 200,
  "result": [
    0.8580750145282027,
    0,
    137422.29758879,
    null,
    null,
    0,
    137422.29758879,
    "BTC-PERP",
    null,
    2.03,
    117871.95,
    46698.24289725408,
    87346.0973,
    -4,
    5,
    58088
  ],
  "time": 1616410867426
}