{
  "code": 200,
  "result": [
    0.8565781330283349,
    0,
    135477.40191514,
    null,
    null,
    0,
    135477.40191514,
    "BTC-PERP",
    null,
    2.03,
    116046.98,
    46698.24289725408,
    85521.1273,
    -4,
    5,
    57166
  ],
  "time": 1616418608339
}