{
  "code": 200,
  "result": [
    0.8560483740677318,
    0,
    136652.06727061,
    null,
    null,
    0,
    136652.06727061,
    "BTC-PERP",
    null,
    2.03,
    116980.78,
    46698.24289725408,
    86454.9273,
    -4,
    5,
    57626
  ],
  "time": 1616401447533
}