{
  "code": 200,
  "result": [
    0.8566158330920698,
    0,
    134196.4922421,
    null,
    null,
    0,
    134196.4922421,
    "BTC-PERP",
    null,
    2.03,
    114979.2,
    46698.24289725408,
    84453.3473,
    -4,
    5,
    56628
  ],
  "time": 1616438946008
}