{
  "code": 200,
  "result": [
    0.8017797751598947,
    0,
    130097.41431704,
    null,
    null,
    0,
    130097.41431704,
    "BTC-PERP",
    null,
    1.9076,
    104309.4756,
    46698.24289725408,
    80409.1349,
    -4,
    5,
    54681
  ],
  "time": 1616471706930
}