{
  "code": 200,
  "result": [
    0.8558896546250144,
    0,
    136433.11304091,
    null,
    null,
    0,
    136433.11304091,
    "BTC-PERP",
    null,
    2.03,
    116769.66,
    46698.24289725408,
    86243.8073,
    -4,
    5,
    57523
  ],
  "time": 1616401868455
}