{
  "code": 200,
  "result": [
    0.8556363429754554,
    0,
    132698.85148305,
    null,
    null,
    0,
    132698.85148305,
    "BTC-PERP",
    null,
    2.03,
    113531.81,
    46698.24289725408,
    83005.9573,
    -4,
    5,
    55932
  ],
  "time": 1616444046281
}