{
  "code": 200,
  "result": [
    0.8516415675888953,
    0,
    129123.72315425,
    null,
    null,
    0,
    129123.72315425,
    "BTC-PERP",
    null,
    2.03,
    109959.01,
    46698.24289725408,
    79433.1573,
    -4,
    5,
    54171
  ],
  "time": 1616452146317
}