{
  "code": 200,
  "result": [
    0.8518193634234724,
    0,
    129349.38407267,
    null,
    null,
    0,
    129349.38407267,
    "BTC-PERP",
    null,
    2.03,
    110184.34,
    46698.24289725408,
    79658.4873,
    -4,
    5,
    54277
  ],
  "time": 1616457246995
}