{
  "code": 200,
  "result": [
    0.8569727771216703,
    0,
    134446.17270922,
    null,
    null,
    0,
    134446.17270922,
    "BTC-PERP",
    null,
    2.03,
    115216.71,
    46698.24289725408,
    84690.8573,
    -4,
    5,
    56757
  ],
  "time": 1616438046773
}