{
  "code": 200,
  "result": [
    0.8560799416180178,
    0,
    133993.57282358,
    null,
    null,
    0,
    133993.57282358,
    "BTC-PERP",
    null,
    2.03,
    114686.88,
    46698.24289725408,
    84161.0273,
    -4,
    5,
    56507
  ],
  "time": 1616431207955
}