{
  "code": 200,
  "result": [
    0.8512474924679626,
    0,
    128291.60845265,
    null,
    null,
    0,
    128291.60845265,
    "BTC-PERP",
    null,
    2.03,
    109124.68,
    46698.24289725408,
    78598.8273,
    -4,
    5,
    53797
  ],
  "time": 1616450586294
}