{
  "code": 200,
  "result": [
    0.8553049547033735,
    0,
    132282.70148305,
    null,
    null,
    0,
    132282.70148305,
    "BTC-PERP",
    null,
    2.03,
    113115.66,
    46698.24289725408,
    82589.8073,
    -4,
    5,
    55735
  ],
  "time": 1616443867433
}