{
  "code": 200,
  "result": [
    0.856463389428997,
    0,
    135599.84166682,
    null,
    null,
    0,
    135599.84166682,
    "BTC-PERP",
    null,
    2.03,
    116146.45,
    46698.24289725408,
    85620.5973,
    -4,
    5,
    57210
  ],
  "time": 1616416867500
}