{
  "code": 200,
  "result": [
    0.8565081498684957,
    0,
    134530.95573894,
    null,
    null,
    0,
    134530.95573894,
    "BTC-PERP",
    null,
    2.03,
    115228.89,
    46698.24289725408,
    84703.0373,
    -4,
    5,
    56762
  ],
  "time": 1616433607877
}