{
  "code": 200,
  "result": [
    0.8578989897748303,
    0,
    137580.63758879,
    null,
    null,
    0,
    137580.63758879,
    "BTC-PERP",
    null,
    2.03,
    118030.29,
    46698.24289725408,
    87504.4373,
    -4,
    5,
    58143
  ],
  "time": 1616410326722
}