{
  "code": 200,
  "result": [
    0.8574901839400898,
    0,
    135274.11995203,
    null,
    null,
    0,
    135274.11995203,
    "BTC-PERP",
    null,
    2.03,
    115996.23,
    46698.24289725408,
    85470.3773,
    -4,
    5,
    57141
  ],
  "time": 1616434507338
}