{
  "code": 200,
  "result": [
    0.8562901707921328,
    0,
    135423.39262487,
    null,
    null,
    0,
    135423.39262487,
    "BTC-PERP",
    null,
    2.03,
    115979.99,
    46698.24289725408,
    85454.1373,
    -4,
    5,
    57124
  ],
  "time": 1616417586573
}