{
  "code": 200,
  "result": [
    0.8570022128547112,
    0,
    136992.66844239,
    null,
    null,
    0,
    136992.66844239,
    "BTC-PERP",
    null,
    2.03,
    117403.02,
    46698.24289725408,
    86877.1673,
    -4,
    5,
    57834
  ],
  "time": 1616407746845
}