{
  "code": 200,
  "result": [
    0.801283249071798,
    0,
    129585.24132419,
    null,
    null,
    0,
    129585.24132419,
    "BTC-PERP",
    null,
    1.9076,
    103800.1464,
    46698.24289725408,
    79899.8057,
    -4,
    5,
    54432
  ],
  "time": 1616475486722
}