{
  "code": 200,
  "result": [
    0.8568326188004326,
    0,
    135249.9980244,
    null,
    null,
    0,
    135249.9980244,
    "BTC-PERP",
    null,
    2.03,
    115850.07,
    46698.24289725408,
    85324.2173,
    -4,
    5,
    57087
  ],
  "time": 1616421186932
}