{
  "code": 200,
  "result": [
    0.8023666743752662,
    0,
    130430.19724303,
    null,
    null,
    0,
    130430.19724303,
    "BTC-PERP",
    null,
    1.9076,
    104643.3056,
    46698.24289725408,
    80742.9649,
    -4,
    5,
    54861
  ],
  "time": 1616463546367
}