{
  "code": 200,
  "result": [
    0.8026655590647345,
    0,
    130707.22122704,
    null,
    null,
    0,
    130707.22122704,
    "BTC-PERP",
    null,
    1.9076,
    104919.9076,
    46698.24289725408,
    81019.5669,
    -4,
    5,
    54998
  ],
  "time": 1616467746669
}