{
  "code": 200,
  "result": [
    0.8016585696869343,
    0,
    130010.00368611,
    null,
    null,
    0,
    130010.00368611,
    "BTC-PERP",
    null,
    1.9076,
    104223.6336,
    46698.24289725408,
    80323.2929,
    -4,
    5,
    54636
  ],
  "time": 1616461267074
}