{
  "code": 200,
  "result": [
    0.8023110214311681,
    0,
    130453.51042704,
    null,
    null,
    0,
    130453.51042704,
    "BTC-PERP",
    null,
    1.9076,
    104666.1968,
    46698.24289725408,
    80765.8561,
    -4,
    5,
    54867
  ],
  "time": 1616466007385
}