{
  "code": 200,
  "result": [
    0.8573797521798012,
    0,
    134853.52284801,
    null,
    null,
    0,
    134853.52284801,
    "BTC-PERP",
    null,
    2.03,
    115620.68,
    46698.24289725408,
    85094.8273,
    -4,
    5,
    56956
  ],
  "time": 1616437867882
}