{
  "code": 200,
  "result": [
    0.8555468889538036,
    0,
    135844.75789763,
    null,
    null,
    0,
    135844.75789763,
    "BTC-PERP",
    null,
    2.03,
    116221.56,
    46698.24289725408,
    85695.7073,
    -4,
    5,
    57252
  ],
  "time": 1616405047176
}