{
  "code": 200,
  "result": [
    0.8566736159497302,
    0,
    135784.57166682,
    null,
    null,
    0,
    135784.57166682,
    "BTC-PERP",
    null,
    2.03,
    116321.03,
    46698.24289725408,
    85795.1773,
    -4,
    5,
    57302
  ],
  "time": 1616416986762
}