{
  "code": 200,
  "result": [
    0.8573906313713366,
    0,
    137032.41638188,
    null,
    null,
    0,
    137032.41638188,
    "BTC-PERP",
    null,
    2.03,
    117500.46,
    46698.24289725408,
    86974.6073,
    -4,
    5,
    57877
  ],
  "time": 1616413026450
}