{
  "code": 200,
  "result": [
    0.8551854609728203,
    0,
    132355.78148305,
    null,
    null,
    0,
    132355.78148305,
    "BTC-PERP",
    null,
    2.03,
    113188.74,
    46698.24289725408,
    82662.8873,
    -4,
    5,
    55758
  ],
  "time": 1616443807184
}