{
  "code": 200,
  "result": [
    0.8552829463317259,
    0,
    132276.61148305,
    null,
    null,
    0,
    132276.61148305,
    "BTC-PERP",
    null,
    2.03,
    113109.57,
    46698.24289725408,
    82583.7173,
    -4,
    5,
    55731
  ],
  "time": 1616445246112
}