{
  "code": 200,
  "result": [
    0.8575072636418084,
    0,
    135228.81369835,
    null,
    null,
    0,
    135228.81369835,
    "BTC-PERP",
    null,
    2.03,
    115975.93,
    46698.24289725408,
    85450.0773,
    -4,
    5,
    57123
  ],
  "time": 1616436127745
}