{
  "code": 200,
  "result": [
    0.8007942832920282,
    0,
    129521.43810719,
    null,
    null,
    0,
    129521.43810719,
    "BTC-PERP",
    null,
    1.9076,
    103735.288,
    46698.24289725408,
    79834.9473,
    -4,
    5,
    54372
  ],
  "time": 1616458086151
}