{
  "code": 200,
  "result": [
    0.8557660203636542,
    0,
    135876.39288434,
    null,
    null,
    0,
    135876.39288434,
    "BTC-PERP",
    null,
    2.03,
    116278.4,
    46698.24289725408,
    85752.5473,
    -4,
    5,
    57280
  ],
  "time": 1616406546721
}