{
  "code": 200,
  "result": [
    0.8557193738847184,
    0,
    136007.15789763,
    null,
    null,
    0,
    136007.15789763,
    "BTC-PERP",
    null,
    2.03,
    116383.96,
    46698.24289725408,
    85858.1073,
    -4,
    5,
    57332
  ],
  "time": 1616404627012
}