{
  "code": 200,
  "result": [
    0.8567617883547309,
    0,
    136460.08912759,
    null,
    null,
    0,
    136460.08912759,
    "BTC-PERP",
    null,
    2.03,
    116911.76,
    46698.24289725408,
    86385.9073,
    -4,
    5,
    57593
  ],
  "time": 1616415727450
}