{
  "code": 200,
  "result": [
    0.8525888920677012,
    0,
    130037.40845265,
    null,
    null,
    0,
    130037.40845265,
    "BTC-PERP",
    null,
    2.03,
    110870.48,
    46698.24289725408,
    80344.6273,
    -4,
    5,
    54615
  ],
  "time": 1616449026310
}