{
  "code": 200,
  "result": [
    0.8527201932234544,
    0,
    130124.51315425,
    null,
    null,
    0,
    130124.51315425,
    "BTC-PERP",
    null,
    2.03,
    110959.8,
    46698.24289725408,
    80433.9473,
    -4,
    5,
    54660
  ],
  "time": 1616451367483
}