{
  "code": 200,
  "result": [
    0.8563723643981964,
    0,
    136903.78727061,
    null,
    null,
    0,
    136903.78727061,
    "BTC-PERP",
    null,
    2.03,
    117232.5,
    46698.24289725408,
    86706.6473,
    -4,
    5,
    57754
  ],
  "time": 1616401088029
}