{
  "code": 200,
  "result": [
    0.855306559214624,
    0,
    133931.97885117,
    null,
    null,
    0,
    133931.97885117,
    "BTC-PERP",
    null,
    2.03,
    114731.54,
    46698.24289725408,
    84205.6873,
    -4,
    5,
    56430
  ],
  "time": 1616439846488
}