{
  "code": 200,
  "result": [
    0.8534175035474295,
    0,
    130703.24845265,
    null,
    null,
    0,
    130703.24845265,
    "BTC-PERP",
    null,
    2.03,
    111536.32,
    46698.24289725408,
    81010.4673,
    -4,
    5,
    54948
  ],
  "time": 1616447526861
}