{
  "code": 200,
  "result": [
    0.8564752597109095,
    0,
    134057.3457297,
    null,
    null,
    0,
    134057.3457297,
    "BTC-PERP",
    null,
    2.03,
    114833.04,
    46698.24289725408,
    84307.1873,
    -4,
    5,
    56560
  ],
  "time": 1616438467511
}