{
  "code": 200,
  "result": [
    0.8013379435060627,
    0,
    129804.92642704,
    null,
    null,
    0,
    129804.92642704,
    "BTC-PERP",
    null,
    1.9076,
    103992.814,
    46698.24289725408,
    80092.4733,
    -4,
    5,
    54528
  ],
  "time": 1616469067218
}