{
  "code": 200,
  "result": [
    0.8573554084151382,
    0,
    134971.00369835,
    null,
    null,
    0,
    134971.00369835,
    "BTC-PERP",
    null,
    2.03,
    115718.12,
    46698.24289725408,
    85192.2673,
    -4,
    5,
    57004
  ],
  "time": 1616436427239
}