{
  "code": 200,
  "result": [
    0.8513367470952312,
    0,
    129065.03845265,
    null,
    null,
    0,
    129065.03845265,
    "BTC-PERP",
    null,
    2.03,
    109898.11,
    46698.24289725408,
    79372.2573,
    -4,
    5,
    54127
  ],
  "time": 1616450526332
}