{
  "code": 200,
  "result": [
    0.8552721999284494,
    0,
    135895.50789763,
    null,
    null,
    0,
    135895.50789763,
    "BTC-PERP",
    null,
    2.03,
    116272.31,
    46698.24289725408,
    85746.4573,
    -4,
    5,
    57255
  ],
  "time": 1616405107948
}