{
  "code": 200,
  "result": [
    0.8028730441957171,
    0,
    130813.62484303,
    null,
    null,
    0,
    130813.62484303,
    "BTC-PERP",
    null,
    1.9076,
    105026.7332,
    46698.24289725408,
    81126.3925,
    -4,
    5,
    55057
  ],
  "time": 1616464986739
}