{
  "code": 200,
  "result": [
    0.8526507175293812,
    0,
    129982.74407267,
    null,
    null,
    0,
    129982.74407267,
    "BTC-PERP",
    null,
    2.03,
    110817.7,
    46698.24289725408,
    80291.8473,
    -4,
    5,
    54596
  ],
  "time": 1616456826504
}