{
  "code": 200,
  "result": [
    0.856699765503682,
    0,
    135216.47216968,
    null,
    null,
    0,
    135216.47216968,
    "BTC-PERP",
    null,
    2.03,
    115825.71,
    46698.24289725408,
    85299.8573,
    -4,
    5,
    57064
  ],
  "time": 1616421668343
}