{
  "code": 200,
  "result": [
    0.8523306791156599,
    0,
    129714.78407267,
    null,
    null,
    0,
    129714.78407267,
    "BTC-PERP",
    null,
    2.03,
    110549.74,
    46698.24289725408,
    80023.8873,
    -4,
    5,
    54463
  ],
  "time": 1616456646245
}