{
  "code": 200,
  "result": [
    0.8526120964726591,
    0,
    129836.25315425,
    null,
    null,
    0,
    129836.25315425,
    "BTC-PERP",
    null,
    2.03,
    110671.54,
    46698.24289725408,
    80145.6873,
    -4,
    5,
    54532
  ],
  "time": 1616453586403
}