{
  "code": 200,
  "result": [
    0.8014679320578187,
    0,
    130000.46568611,
    null,
    null,
    0,
    130000.46568611,
    "BTC-PERP",
    null,
    1.9076,
    104217.9108,
    46698.24289725408,
    80317.5701,
    -4,
    5,
    54619
  ],
  "time": 1616459646489
}