{
  "code": 200,
  "result": [
    0.8571836587552074,
    0,
    135213.55524709,
    null,
    null,
    0,
    135213.55524709,
    "BTC-PERP",
    null,
    2.03,
    115902.85,
    46698.24289725408,
    85376.9973,
    -4,
    5,
    57095
  ],
  "time": 1616429526800
}