{
  "code": 200,
  "result": [
    0.8549053363387985,
    0,
    135825.59970591,
    null,
    null,
    0,
    135825.59970591,
    "BTC-PERP",
    null,
    2.03,
    116195.17,
    46698.24289725408,
    85669.3173,
    -4,
    5,
    57201
  ],
  "time": 1616403727222
}