{
  "code": 200,
  "result": [
    0.8574745791909103,
    0,
    136995.32656798,
    null,
    null,
    0,
    136995.32656798,
    "BTC-PERP",
    null,
    2.03,
    117470.01,
    46698.24289725408,
    86944.1573,
    -4,
    5,
    57867
  ],
  "time": 1616413446653
}