{
  "code": 200,
  "result": [
    0.8579230123311002,
    0,
    137543.65870123,
    null,
    null,
    0,
    137543.65870123,
    "BTC-PERP",
    null,
    2.03,
    118001.87,
    46698.24289725408,
    87476.0173,
    -4,
    5,
    58129
  ],
  "time": 1616411826693
}