{
  "code": 200,
  "result": [
    0.8560989205001714,
    0,
    135963.45844239,
    null,
    null,
    0,
    135963.45844239,
    "BTC-PERP",
    null,
    2.03,
    116398.17,
    46698.24289725408,
    85872.3173,
    -4,
    5,
    57339
  ],
  "time": 1616406967673
}