{
  "code": 200,
  "result": [
    0.8565765515112123,
    0,
    134818.82009992,
    null,
    null,
    0,
    134818.82009992,
    "BTC-PERP",
    null,
    2.03,
    115511.06,
    46698.24289725408,
    84985.2073,
    -4,
    5,
    56888
  ],
  "time": 1616430368113
}