{
  "code": 200,
  "result": [
    0.8557106643493215,
    0,
    132872.36531808,
    null,
    null,
    0,
    132872.36531808,
    "BTC-PERP",
    null,
    2.03,
    113700.3,
    46698.24289725408,
    83174.4473,
    -4,
    5,
    56010
  ],
  "time": 1616442368048
}