{
  "code": 200,
  "result": [
    0.8569300822480092,
    0,
    135379.1194909,
    null,
    null,
    0,
    135379.1194909,
    "BTC-PERP",
    null,
    2.03,
    116010.44,
    46698.24289725408,
    85484.5873,
    -4,
    5,
    57148
  ],
  "time": 1616423947038
}