{
  "code": 200,
  "result": [
    0.8568811117683864,
    0,
    135223.39144677,
    null,
    null,
    0,
    135223.39144677,
    "BTC-PERP",
    null,
    2.03,
    115888.64,
    46698.24289725408,
    85362.7873,
    -4,
    5,
    57079
  ],
  "time": 1616426526627
}