{
  "code": 200,
  "result": [
    0.8573649627413381,
    0,
    136598.49082885,
    null,
    null,
    0,
    136598.49082885,
    "BTC-PERP",
    null,
    2.03,
    117078.22,
    46698.24289725408,
    86552.3673,
    -4,
    5,
    57692
  ],
  "time": 1616414707836
}