{
  "code": 200,
  "result": [
    0.8015119651246776,
    0,
    129917.16372419,
    null,
    null,
    0,
    129917.16372419,
    "BTC-PERP",
    null,
    1.9076,
    104130.1612,
    46698.24289725408,
    80229.8205,
    -4,
    5,
    54587
  ],
  "time": 1616472846529
}