{
  "code": 200,
  "result": [
    0.8557648700951871,
    0,
    132837.85531808,
    null,
    null,
    0,
    132837.85531808,
    "BTC-PERP",
    null,
    2.03,
    113665.79,
    46698.24289725408,
    83139.9373,
    -4,
    5,
    55999
  ],
  "time": 1616442426315
}