{
  "code": 200,
  "result": [
    0.8583157413492472,
    0,
    138258.84145321,
    null,
    null,
    0,
    138258.84145321,
    "BTC-PERP",
    null,
    2.03,
    118669.74,
    46698.24289725408,
    88143.8873,
    -4,
    5,
    58458
  ],
  "time": 1616408227140
}