{
  "code": 200,
  "result": [
    0.8022823140979735,
    0,
    130403.49084303,
    null,
    null,
    0,
    130403.49084303,
    "BTC-PERP",
    null,
    1.9076,
    104616.5992,
    46698.24289725408,
    80716.2585,
    -4,
    5,
    54844
  ],
  "time": 1616463367002
}