{
  "code": 200,
  "result": [
    0.8527975317599801,
    0,
    130207.92845265,
    null,
    null,
    0,
    130207.92845265,
    "BTC-PERP",
    null,
    2.03,
    111041,
    46698.24289725408,
    80515.1473,
    -4,
    5,
    54700
  ],
  "time": 1616449208481
}