{
  "code": 200,
  "result": [
    0.8570912220646064,
    0,
    135386.82582757,
    null,
    null,
    0,
    135386.82582757,
    "BTC-PERP",
    null,
    2.03,
    116026.68,
    46698.24289725408,
    85500.8273,
    -4,
    5,
    57162
  ],
  "time": 1616424247238
}