{
  "code": 200,
  "result": [
    0.8574488655546838,
    0,
    135268.80104386,
    null,
    null,
    0,
    135268.80104386,
    "BTC-PERP",
    null,
    2.03,
    116000.29,
    46698.24289725408,
    85474.4373,
    -4,
    5,
    57136
  ],
  "time": 1616435706786
}