{
  "code": 200,
  "result": [
    0.857335054362616,
    0,
    136861.34656798,
    null,
    null,
    0,
    136861.34656798,
    "BTC-PERP",
    null,
    2.03,
    117336.03,
    46698.24289725408,
    86810.1773,
    -4,
    5,
    57801
  ],
  "time": 1616413207638
}