{
  "code": 200,
  "result": [
    0.8572645005701718,
    0,
    135636.51582757,
    null,
    null,
    0,
    135636.51582757,
    "BTC-PERP",
    null,
    2.03,
    116276.37,
    46698.24289725408,
    85750.5173,
    -4,
    5,
    57279
  ],
  "time": 1616424486933
}