{
  "code": 200,
  "result": [
    0.8522859042433373,
    0,
    129714.45315425,
    null,
    null,
    0,
    129714.45315425,
    "BTC-PERP",
    null,
    2.03,
    110549.74,
    46698.24289725408,
    80023.8873,
    -4,
    5,
    54460
  ],
  "time": 1616453826574
}