{
  "code": 200,
  "result": [
    0.8028936597231995,
    0,
    130819.76962704,
    null,
    null,
    0,
    130819.76962704,
    "BTC-PERP",
    null,
    1.9076,
    105032.456,
    46698.24289725408,
    81132.1153,
    -4,
    5,
    55061
  ],
  "time": 1616467026716
}