{
  "code": 200,
  "result": [
    0.8574845134118408,
    0,
    135000.3973126,
    null,
    null,
    0,
    135000.3973126,
    "BTC-PERP",
    null,
    2.03,
    115760.75,
    46698.24289725408,
    85234.8973,
    -4,
    5,
    57025
  ],
  "time": 1616437146455
}