{
  "code": 200,
  "result": [
    0.8024916984390653,
    0,
    130640.45522704,
    null,
    null,
    0,
    130640.45522704,
    "BTC-PERP",
    null,
    1.9076,
    104853.1416,
    46698.24289725408,
    80952.8009,
    -4,
    5,
    54958
  ],
  "time": 1616466367625
}