{
  "code": 200,
  "result": [
    0.8558219707694757,
    0,
    136588.59434854,
    null,
    null,
    0,
    136588.59434854,
    "BTC-PERP",
    null,
    2.03,
    116909.73,
    46698.24289725408,
    86383.8773,
    -4,
    5,
    57584
  ],
  "time": 1616400127595
}