{
  "code": 200,
  "result": [
    0.8571303142834293,
    0,
    135458.80721424,
    null,
    null,
    0,
    135458.80721424,
    "BTC-PERP",
    null,
    2.03,
    116136.3,
    46698.24289725408,
    85610.4473,
    -4,
    5,
    57195
  ],
  "time": 1616427186638
}