{
  "code": 200,
  "result": [
    0.8578151995525453,
    0,
    137885.152958,
    null,
    null,
    0,
    137885.152958,
    "BTC-PERP",
    null,
    2.03,
    118304.34,
    46698.24289725408,
    87778.4873,
    -4,
    5,
    58266
  ],
  "time": 1616408408326
}