{
  "code": 200,
  "result": [
    0.8572439264497456,
    0,
    135644.50725428,
    null,
    null,
    0,
    135644.50725428,
    "BTC-PERP",
    null,
    2.03,
    116282.46,
    46698.24289725408,
    85756.6073,
    -4,
    5,
    57281
  ],
  "time": 1616422387029
}