{
  "code": 200,
  "result": [
    0.8533029747634435,
    0,
    130656.55845265,
    null,
    null,
    0,
    130656.55845265,
    "BTC-PERP",
    null,
    2.03,
    111489.63,
    46698.24289725408,
    80963.7773,
    -4,
    5,
    54921
  ],
  "time": 1616447707136
}