{
  "code": 200,
  "result": [
    0.8025494429804648,
    0,
    130657.20164303,
    null,
    null,
    0,
    130657.20164303,
    "BTC-PERP",
    null,
    1.9076,
    104916.0924,
    46698.24289725408,
    81015.7517,
    -4,
    5,
    54969
  ],
  "time": 1616465467877
}