{
  "code": 200,
  "result": [
    0.8019320328770043,
    0,
    130106.01612419,
    null,
    null,
    0,
    130106.01612419,
    "BTC-PERP",
    null,
    1.9076,
    104319.0136,
    46698.24289725408,
    80418.6729,
    -4,
    5,
    54695
  ],
  "time": 1616473267819
}