{
  "code": 200,
  "result": [
    0.852589202856797,
    0,
    129982.59845265,
    null,
    null,
    0,
    129982.59845265,
    "BTC-PERP",
    null,
    2.03,
    110815.67,
    46698.24289725408,
    80289.8173,
    -4,
    5,
    54592
  ],
  "time": 1616449446772
}