{
  "code": 200,
  "result": [
    0.857334881033657,
    0,
    136854.27082885,
    null,
    null,
    0,
    136854.27082885,
    "BTC-PERP",
    null,
    2.03,
    117334,
    46698.24289725408,
    86808.1473,
    -4,
    5,
    57798
  ],
  "time": 1616414168057
}