{
  "code": 200,
  "result": [
    0.8570437356578084,
    0,
    135543.5494909,
    null,
    null,
    0,
    135543.5494909,
    "BTC-PERP",
    null,
    2.03,
    116174.87,
    46698.24289725408,
    85649.0173,
    -4,
    5,
    57225
  ],
  "time": 1616424186849
}