{
  "code": 200,
  "result": [
    0.8577930407274548,
    0,
    137678.092958,
    null,
    null,
    0,
    137678.092958,
    "BTC-PERP",
    null,
    2.03,
    118097.28,
    46698.24289725408,
    87571.4273,
    -4,
    5,
    58177
  ],
  "time": 1616408946856
}