{
  "code": 200,
  "result": [
    0.8564325376027533,
    0,
    133891.00129354,
    null,
    null,
    0,
    133891.00129354,
    "BTC-PERP",
    null,
    2.03,
    114678.76,
    46698.24289725408,
    84152.9073,
    -4,
    5,
    56487
  ],
  "time": 1616439367590
}