{
  "code": 200,
  "result": [
    0.8553154150830246,
    0,
    135677.40970591,
    null,
    null,
    0,
    135677.40970591,
    "BTC-PERP",
    null,
    2.03,
    116046.98,
    46698.24289725408,
    85521.1273,
    -4,
    5,
    57166
  ],
  "time": 1616403968305
}