{
  "code": 200,
  "result": [
    0.8032718080036222,
    0,
    131078.78124303,
    null,
    null,
    0,
    131078.78124303,
    "BTC-PERP",
    null,
    1.9076,
    105291.8896,
    46698.24289725408,
    81391.5489,
    -4,
    5,
    55196
  ],
  "time": 1616464626290
}