{
  "code": 200,
  "result": [
    0.8567463698456851,
    0,
    134780.25009992,
    null,
    null,
    0,
    134780.25009992,
    "BTC-PERP",
    null,
    2.03,
    115472.49,
    46698.24289725408,
    84946.6373,
    -4,
    5,
    56883
  ],
  "time": 1616430726769
}