{
  "code": 200,
  "result": [
    0.85766469879456,
    0,
    137639.522958,
    null,
    null,
    0,
    137639.522958,
    "BTC-PERP",
    null,
    2.03,
    118058.71,
    46698.24289725408,
    87532.8573,
    -4,
    5,
    58152
  ],
  "time": 1616408767806
}