{
  "code": 200,
  "result": [
    0.855910540631891,
    0,
    136757.08434854,
    null,
    null,
    0,
    136757.08434854,
    "BTC-PERP",
    null,
    2.03,
    117078.22,
    46698.24289725408,
    86552.3673,
    -4,
    5,
    57661
  ],
  "time": 1616400307576
}