{
  "code": 200,
  "result": [
    0.8517729917370003,
    0,
    129799.71315425,
    null,
    null,
    0,
    129799.71315425,
    "BTC-PERP",
    null,
    2.03,
    110635,
    46698.24289725408,
    80109.1473,
    -4,
    5,
    54463
  ],
  "time": 1616452626719
}