{
  "code": 200,
  "result": [
    0.855731991272339,
    0,
    136028.87491319,
    null,
    null,
    0,
    136028.87491319,
    "BTC-PERP",
    null,
    2.03,
    116375.84,
    46698.24289725408,
    85849.9873,
    -4,
    5,
    57342
  ],
  "time": 1616402468464
}