{
  "code": 200,
  "result": [
    0.857449102312569,
    0,
    135548.12721424,
    null,
    null,
    0,
    135548.12721424,
    "BTC-PERP",
    null,
    2.03,
    116225.62,
    46698.24289725408,
    85699.7673,
    -4,
    5,
    57254
  ],
  "time": 1616427786682
}