{
  "code": 200,
  "result": [
    0.8007269616336625,
    0,
    129032.03732419,
    null,
    null,
    0,
    129032.03732419,
    "BTC-PERP",
    null,
    1.9076,
    103245.0348,
    46698.24289725408,
    79344.6941,
    -4,
    5,
    54162
  ],
  "time": 1616474226470
}