{
  "code": 200,
  "result": [
    0.8015934690927803,
    0,
    129984.86591704,
    null,
    null,
    0,
    129984.86591704,
    "BTC-PERP",
    null,
    1.9076,
    104252.2476,
    46698.24289725408,
    80351.9069,
    -4,
    5,
    54621
  ],
  "time": 1616470208941
}