{
  "code": 200,
  "result": [
    0.8562368616229615,
    0,
    136178.63844239,
    null,
    null,
    0,
    136178.63844239,
    "BTC-PERP",
    null,
    2.03,
    116588.99,
    46698.24289725408,
    86063.1373,
    -4,
    5,
    57439
  ],
  "time": 1616407087118
}