{
  "code": 200,
  "result": [
    0.8018070117674899,
    0,
    130097.75328611,
    null,
    null,
    0,
    130097.75328611,
    "BTC-PERP",
    null,
    1.9076,
    104311.3832,
    46698.24289725408,
    80411.0425,
    -4,
    5,
    54683
  ],
  "time": 1616460667738
}