{
  "code": 200,
  "result": [
    0.8564931149909696,
    0,
    133876.79129354,
    null,
    null,
    0,
    133876.79129354,
    "BTC-PERP",
    null,
    2.03,
    114717.33,
    46698.24289725408,
    84191.4773,
    -4,
    5,
    56485
  ],
  "time": 1616439307163
}