{
  "code": 200,
  "result": [
    0.85682141360995,
    0,
    134289.86270922,
    null,
    null,
    0,
    134289.86270922,
    "BTC-PERP",
    null,
    2.03,
    115060.4,
    46698.24289725408,
    84534.5473,
    -4,
    5,
    56681
  ],
  "time": 1616438286697
}