{
  "code": 200,
  "result": [
    0.8577478169223749,
    0,
    137588.31870123,
    null,
    null,
    0,
    137588.31870123,
    "BTC-PERP",
    null,
    2.03,
    118046.53,
    46698.24289725408,
    87520.6773,
    -4,
    5,
    58136
  ],
  "time": 1616411706460
}