{
  "code": 200,
  "result": [
    0.855977771044225,
    0,
    136585.07727061,
    null,
    null,
    0,
    136585.07727061,
    "BTC-PERP",
    null,
    2.03,
    116913.79,
    46698.24289725408,
    86387.9373,
    -4,
    5,
    57593
  ],
  "time": 1616401387222
}