{
  "code": 200,
  "result": [
    0.8563991935800543,
    0,
    135195.1880244,
    null,
    null,
    0,
    135195.1880244,
    "BTC-PERP",
    null,
    2.03,
    115795.26,
    46698.24289725408,
    85269.4073,
    -4,
    5,
    57035
  ],
  "time": 1616420886397
}