{
  "code": 200,
  "result": [
    0.8027148132220614,
    0,
    130708.70684303,
    null,
    null,
    0,
    130708.70684303,
    "BTC-PERP",
    null,
    1.9076,
    104954.2444,
    46698.24289725408,
    81053.9037,
    -4,
    5,
    55002
  ],
  "time": 1616465167919
}