{
  "code": 200,
  "result": [
    0.8520299822903092,
    0,
    129517.54315425,
    null,
    null,
    0,
    129517.54315425,
    "BTC-PERP",
    null,
    2.03,
    110352.83,
    46698.24289725408,
    79826.9773,
    -4,
    5,
    54361
  ],
  "time": 1616453467333
}