{
  "code": 200,
  "result": [
    0.8016614798519239,
    0,
    130011.91128611,
    null,
    null,
    0,
    130011.91128611,
    "BTC-PERP",
    null,
    1.9076,
    104259.878,
    46698.24289725408,
    80359.5373,
    -4,
    5,
    54637
  ],
  "time": 1616459946646
}