{
  "code": 200,
  "result": [
    0.8520788111328499,
    0,
    129562.53407267,
    null,
    null,
    0,
    129562.53407267,
    "BTC-PERP",
    null,
    2.03,
    110397.49,
    46698.24289725408,
    79871.6373,
    -4,
    5,
    54383
  ],
  "time": 1616455568009
}