{
  "code": 200,
  "result": [
    0.8010826847006798,
    0,
    129641.49791704,
    null,
    null,
    0,
    129641.49791704,
    "BTC-PERP",
    null,
    1.9076,
    103853.5592,
    46698.24289725408,
    79953.2185,
    -4,
    5,
    54442
  ],
  "time": 1616470567580
}