{
  "code": 200,
  "result": [
    0.855529409841379,
    0,
    135878.37970591,
    null,
    null,
    0,
    135878.37970591,
    "BTC-PERP",
    null,
    2.03,
    116247.95,
    46698.24289725408,
    85722.0973,
    -4,
    5,
    57265
  ],
  "time": 1616404327154
}