{
  "code": 200,
  "result": [
    0.8015826431049765,
    0,
    129979.48208611,
    null,
    null,
    0,
    129979.48208611,
    "BTC-PERP",
    null,
    1.9076,
    104185.4816,
    46698.24289725408,
    80285.1409,
    -4,
    5,
    54618
  ],
  "time": 1616460126660
}