{
  "code": 200,
  "result": [
    0.8016045280781208,
    0,
    130113.95762704,
    null,
    null,
    0,
    130113.95762704,
    "BTC-PERP",
    null,
    1.9076,
    104326.644,
    46698.24289725408,
    80426.3033,
    -4,
    5,
    54676
  ],
  "time": 1616468706507
}