{
  "code": 200,
  "result": [
    0.8553036671703399,
    0,
    132555.84461024,
    null,
    null,
    0,
    132555.84461024,
    "BTC-PERP",
    null,
    2.03,
    113391.74,
    46698.24289725408,
    82865.8873,
    -4,
    5,
    55850
  ],
  "time": 1616443567400
}