{
  "code": 200,
  "result": [
    0.8010427623614144,
    0,
    129588.42408611,
    null,
    null,
    0,
    129588.42408611,
    "BTC-PERP",
    null,
    1.9076,
    103803.9616,
    46698.24289725408,
    79903.6209,
    -4,
    5,
    54417
  ],
  "time": 1616459286349
}