{
  "code": 200,
  "result": [
    0.8559332373385939,
    0,
    132980.11461024,
    null,
    null,
    0,
    132980.11461024,
    "BTC-PERP",
    null,
    2.03,
    113813.98,
    46698.24289725408,
    83288.1273,
    -4,
    5,
    56070
  ],
  "time": 1616442668712
}