{
  "code": 200,
  "result": [
    0.8555774183406926,
    0,
    132764.93461024,
    null,
    null,
    0,
    132764.93461024,
    "BTC-PERP",
    null,
    2.03,
    113598.8,
    46698.24289725408,
    83072.9473,
    -4,
    5,
    55956
  ],
  "time": 1616443507332
}