{
  "code": 200,
  "result": [
    0.8570117107891563,
    0,
    136185.79364864,
    null,
    null,
    0,
    136185.79364864,
    "BTC-PERP",
    null,
    2.03,
    116704.7,
    46698.24289725408,
    86178.8473,
    -4,
    5,
    57494
  ],
  "time": 1616415967679
}