{
  "code": 200,
  "result": [
    0.8035003273386306,
    0,
    131240.92724303,
    null,
    null,
    0,
    131240.92724303,
    "BTC-PERP",
    null,
    1.9076,
    105454.0356,
    46698.24289725408,
    81553.6949,
    -4,
    5,
    55280
  ],
  "time": 1616464146408
}