{
  "code": 200,
  "result": [
    0.855304590448252,
    0,
    135667.25970591,
    null,
    null,
    0,
    135667.25970591,
    "BTC-PERP",
    null,
    2.03,
    116036.83,
    46698.24289725408,
    85510.9773,
    -4,
    5,
    57161
  ],
  "time": 1616404147498
}