{
  "code": 200,
  "result": [
    0.8569203446506033,
    0,
    135290.63783317,
    null,
    null,
    0,
    135290.63783317,
    "BTC-PERP",
    null,
    2.03,
    115961.72,
    46698.24289725408,
    85435.8673,
    -4,
    5,
    57110
  ],
  "time": 1616426826714
}