{
  "code": 200,
  "result": [
    0.8531051860747374,
    0,
    130465.55315425,
    null,
    null,
    0,
    130465.55315425,
    "BTC-PERP",
    null,
    2.03,
    111300.84,
    46698.24289725408,
    80774.9873,
    -4,
    5,
    54828
  ],
  "time": 1616454485807
}