{
  "code": 200,
  "result": [
    0.8010692749127711,
    0,
    129586.51648611,
    null,
    null,
    0,
    129586.51648611,
    "BTC-PERP",
    null,
    1.9076,
    103800.1464,
    46698.24289725408,
    79899.8057,
    -4,
    5,
    54418
  ],
  "time": 1616459167996
}