{
  "code": 200,
  "result": [
    0.8570766753371905,
    0,
    135273.06638509,
    null,
    null,
    0,
    135273.06638509,
    "BTC-PERP",
    null,
    2.03,
    115959.69,
    46698.24289725408,
    85433.8373,
    -4,
    5,
    57113
  ],
  "time": 1616428810388
}