{
  "code": 200,
  "result": [
    0.8570954312628603,
    0,
    136437.75912759,
    null,
    null,
    0,
    136437.75912759,
    "BTC-PERP",
    null,
    2.03,
    116940.18,
    46698.24289725408,
    86414.3273,
    -4,
    5,
    57606
  ],
  "time": 1616415546138
}