{
  "code": 200,
  "result": [
    0.8019435911289546,
    0,
    129985.20488611,
    null,
    null,
    0,
    129985.20488611,
    "BTC-PERP",
    null,
    1.9076,
    104198.8348,
    46698.24289725408,
    80298.4941,
    -4,
    5,
    54645
  ],
  "time": 1616461507079
}