{
  "code": 200,
  "result": [
    0.8564358402888153,
    0,
    134307.65573894,
    null,
    null,
    0,
    134307.65573894,
    "BTC-PERP",
    null,
    2.03,
    115005.59,
    46698.24289725408,
    84479.7373,
    -4,
    5,
    56663
  ],
  "time": 1616432767819
}