{
  "code": 200,
  "result": [
    0.8578987555561937,
    0,
    137623.26758879,
    null,
    null,
    0,
    137623.26758879,
    "BTC-PERP",
    null,
    2.03,
    118072.92,
    46698.24289725408,
    87547.0673,
    -4,
    5,
    58161
  ],
  "time": 1616411407964
}