{
  "code": 200,
  "result": [
    0.8034205714841993,
    0,
    131177.97644303,
    null,
    null,
    0,
    131177.97644303,
    "BTC-PERP",
    null,
    1.9076,
    105391.0848,
    46698.24289725408,
    81490.7441,
    -4,
    5,
    55248
  ],
  "time": 1616464267762
}