{
  "code": 200,
  "result": [
    0.8556057915827575,
    0,
    135956.40789763,
    null,
    null,
    0,
    135956.40789763,
    "BTC-PERP",
    null,
    2.03,
    116333.21,
    46698.24289725408,
    85807.3573,
    -4,
    5,
    57303
  ],
  "time": 1616405167785
}