{
  "code": 200,
  "result": [
    0.8570124878290554,
    0,
    136387.00912759,
    null,
    null,
    0,
    136387.00912759,
    "BTC-PERP",
    null,
    2.03,
    116934.09,
    46698.24289725408,
    86408.2373,
    -4,
    5,
    57579
  ],
  "time": 1616415607352
}