{
  "code": 200,
  "result": [
    0.8543751461232562,
    0,
    131535.66148305,
    null,
    null,
    0,
    131535.66148305,
    "BTC-PERP",
    null,
    2.03,
    112368.62,
    46698.24289725408,
    81842.7673,
    -4,
    5,
    55360
  ],
  "time": 1616445726339
}