{
  "code": 200,
  "result": [
    0.8559495557007384,
    0,
    136610.92434854,
    null,
    null,
    0,
    136610.92434854,
    "BTC-PERP",
    null,
    2.03,
    116925.97,
    46698.24289725408,
    86400.1173,
    -4,
    5,
    57602
  ],
  "time": 1616400727201
}