{
  "code": 200,
  "result": [
    0.856775348000542,
    0,
    136187.82364864,
    null,
    null,
    0,
    136187.82364864,
    "BTC-PERP",
    null,
    2.03,
    116706.73,
    46698.24289725408,
    86180.8773,
    -4,
    5,
    57479
  ],
  "time": 1616416146634
}