{
  "code": 200,
  "result": [
    0.8565263043572623,
    0,
    135333.91725428,
    null,
    null,
    0,
    135333.91725428,
    "BTC-PERP",
    null,
    2.03,
    115949.54,
    46698.24289725408,
    85423.6873,
    -4,
    5,
    57102
  ],
  "time": 1616421787203
}