{
  "code": 200,
  "result": [
    0.8025739201375581,
    0,
    130617.56402704,
    null,
    null,
    0,
    130617.56402704,
    "BTC-PERP",
    null,
    1.9076,
    104814.9896,
    46698.24289725408,
    80914.6489,
    -4,
    5,
    54954
  ],
  "time": 1616466726310
}