{
  "code": 200,
  "result": [
    0.8568007480555809,
    0,
    135475.37191514,
    null,
    null,
    0,
    135475.37191514,
    "BTC-PERP",
    null,
    2.03,
    116014.5,
    46698.24289725408,
    85488.6473,
    -4,
    5,
    57180
  ],
  "time": 1616418368073
}