{
  "code": 200,
  "result": [
    0.8572974840821316,
    0,
    136722.90211547,
    null,
    null,
    0,
    136722.90211547,
    "BTC-PERP",
    null,
    2.03,
    117212.2,
    46698.24289725408,
    86686.3473,
    -4,
    5,
    57740
  ],
  "time": 1616414767543
}