{
  "code": 200,
  "result": [
    0.8518848123767452,
    0,
    129692.12315425,
    null,
    null,
    0,
    129692.12315425,
    "BTC-PERP",
    null,
    2.03,
    110484.78,
    46698.24289725408,
    79958.9273,
    -4,
    5,
    54425
  ],
  "time": 1616452326784
}