{
  "code": 200,
  "result": [
    0.852418070273361,
    0,
    129844.37315425,
    null,
    null,
    0,
    129844.37315425,
    "BTC-PERP",
    null,
    2.03,
    110679.66,
    46698.24289725408,
    80153.8073,
    -4,
    5,
    54523
  ],
  "time": 1616454067832
}