{
  "code": 200,
  "result": [
    0.8556807534999128,
    0,
    135984.82789763,
    null,
    null,
    0,
    135984.82789763,
    "BTC-PERP",
    null,
    2.03,
    116361.63,
    46698.24289725408,
    85835.7773,
    -4,
    5,
    57320
  ],
  "time": 1616405227261
}