{
  "code": 200,
  "result": [
    0.8563200506817231,
    0,
    134439.60573894,
    null,
    null,
    0,
    134439.60573894,
    "BTC-PERP",
    null,
    2.03,
    115137.54,
    46698.24289725408,
    84611.6873,
    -4,
    5,
    56711
  ],
  "time": 1616432948503
}