{
  "code": 200,
  "result": [
    0.8556181347482554,
    0,
    132886.73461024,
    null,
    null,
    0,
    132886.73461024,
    "BTC-PERP",
    null,
    2.03,
    113720.6,
    46698.24289725408,
    83194.7473,
    -4,
    5,
    56010
  ],
  "time": 1616442786261
}