{
  "code": 200,
  "result": [
    0.8574026210330835,
    0,
    136890.81082885,
    null,
    null,
    0,
    136890.81082885,
    "BTC-PERP",
    null,
    2.03,
    117370.54,
    46698.24289725408,
    86844.6873,
    -4,
    5,
    57818
  ],
  "time": 1616414226396
}