{
  "code": 200,
  "result": [
    0.8529154033267381,
    0,
    130339.87845265,
    null,
    null,
    0,
    130339.87845265,
    "BTC-PERP",
    null,
    2.03,
    111172.95,
    46698.24289725408,
    80647.0973,
    -4,
    5,
    54763
  ],
  "time": 1616448907456
}