{
  "code": 200,
  "result": [
    0.8567602397206687,
    0,
    136761.24844239,
    null,
    null,
    0,
    136761.24844239,
    "BTC-PERP",
    null,
    2.03,
    117171.6,
    46698.24289725408,
    86645.7473,
    -4,
    5,
    57720
  ],
  "time": 1616407626453
}