{
  "code": 200,
  "result": [
    0.8561344848082781,
    0,
    134791.2180244,
    null,
    null,
    0,
    134791.2180244,
    "BTC-PERP",
    null,
    2.03,
    115391.29,
    46698.24289725408,
    84865.4373,
    -4,
    5,
    56847
  ],
  "time": 1616420708279
}