{
  "code": 200,
  "result": [
    0.8553370919166272,
    0,
    132600.50461024,
    null,
    null,
    0,
    132600.50461024,
    "BTC-PERP",
    null,
    2.03,
    113434.37,
    46698.24289725408,
    82908.5173,
    -4,
    5,
    55871
  ],
  "time": 1616442967832
}