{
  "code": 200,
  "result": [
    0.856418068922852,
    0,
    135713.68262487,
    null,
    null,
    0,
    135713.68262487,
    "BTC-PERP",
    null,
    2.03,
    116270.28,
    46698.24289725408,
    85744.4273,
    -4,
    5,
    57255
  ],
  "time": 1616418307661
}