{
  "code": 200,
  "result": [
    0.8558029727616319,
    0,
    136012.84840643,
    null,
    null,
    0,
    136012.84840643,
    "BTC-PERP",
    null,
    2.03,
    116406.29,
    46698.24289725408,
    85880.4373,
    -4,
    5,
    57340
  ],
  "time": 1616405527587
}