{
  "code": 200,
  "result": [
    0.8566921701707653,
    0,
    136696.28844239,
    null,
    null,
    0,
    136696.28844239,
    "BTC-PERP",
    null,
    2.03,
    117106.64,
    46698.24289725408,
    86580.7873,
    -4,
    5,
    57688
  ],
  "time": 1616407568480
}