{
  "code": 200,
  "result": [
    0.8529625830676402,
    0,
    130354.08845265,
    null,
    null,
    0,
    130354.08845265,
    "BTC-PERP",
    null,
    2.03,
    111187.16,
    46698.24289725408,
    80661.3073,
    -4,
    5,
    54772
  ],
  "time": 1616449567617
}