{
  "code": 200,
  "result": [
    0.8575396755744297,
    0,
    135145.58369835,
    null,
    null,
    0,
    135145.58369835,
    "BTC-PERP",
    null,
    2.03,
    115892.7,
    46698.24289725408,
    85366.8473,
    -4,
    5,
    57090
  ],
  "time": 1616436307684
}