{
  "code": 200,
  "result": [
    0.8019161450309146,
    0,
    130196.60951704,
    null,
    null,
    0,
    130196.60951704,
    "BTC-PERP",
    null,
    1.9076,
    104399.1328,
    46698.24289725408,
    80498.7921,
    -4,
    5,
    54732
  ],
  "time": 1616471767810
}