{
  "code": 200,
  "result": [
    0.8566730994915245,
    0,
    133931.60129354,
    null,
    null,
    0,
    133931.60129354,
    "BTC-PERP",
    null,
    2.03,
    114719.36,
    46698.24289725408,
    84193.5073,
    -4,
    5,
    56520
  ],
  "time": 1616439246563
}