{
  "code": 200,
  "result": [
    0.8566032991679947,
    0,
    134606.06573894,
    null,
    null,
    0,
    134606.06573894,
    "BTC-PERP",
    null,
    2.03,
    115304,
    46698.24289725408,
    84778.1473,
    -4,
    5,
    56800
  ],
  "time": 1616433246906
}