{
  "code": 200,
  "result": [
    0.8564038688948905,
    0,
    134966.89377309,
    null,
    null,
    0,
    134966.89377309,
    "BTC-PERP",
    null,
    2.03,
    115584.14,
    46698.24289725408,
    85058.2873,
    -4,
    5,
    56939
  ],
  "time": 1616423107512
}