{
  "code": 200,
  "result": [
    0.8569460146141729,
    0,
    134715.68573894,
    null,
    null,
    0,
    134715.68573894,
    "BTC-PERP",
    null,
    2.03,
    115413.62,
    46698.24289725408,
    84887.7673,
    -4,
    5,
    56869
  ],
  "time": 1616433846893
}