{
  "code": 200,
  "result": [
    0.8578857102283792,
    0,
    135171.5253179,
    null,
    null,
    0,
    135171.5253179,
    "BTC-PERP",
    null,
    2.03,
    115935.33,
    46698.24289725408,
    85409.4773,
    -4,
    5,
    57124
  ],
  "time": 1616437567349
}