{
  "code": 200,
  "result": [
    0.8568141653557135,
    0,
    135032.57144677,
    null,
    null,
    0,
    135032.57144677,
    "BTC-PERP",
    null,
    2.03,
    115697.82,
    46698.24289725408,
    85171.9673,
    -4,
    5,
    56994
  ],
  "time": 1616426108225
}