{
  "code": 200,
  "result": [
    0.8562085783323738,
    0,
    136804.31727061,
    null,
    null,
    0,
    136804.31727061,
    "BTC-PERP",
    null,
    2.03,
    117133.03,
    46698.24289725408,
    86607.1773,
    -4,
    5,
    57701
  ],
  "time": 1616401268073
}