{
  "code": 200,
  "result": [
    0.8023010126771668,
    0,
    130338.63244303,
    null,
    null,
    0,
    130338.63244303,
    "BTC-PERP",
    null,
    1.9076,
    104551.7408,
    46698.24289725408,
    80651.4001,
    -4,
    5,
    54818
  ],
  "time": 1616462886203
}