{
  "code": 200,
  "result": [
    0.8015953291361517,
    0,
    130141.62808611,
    null,
    null,
    0,
    130141.62808611,
    "BTC-PERP",
    null,
    1.9076,
    104355.258,
    46698.24289725408,
    80454.9173,
    -4,
    5,
    54687
  ],
  "time": 1616460486099
}