{
  "code": 200,
  "result": [
    0.8575760896787227,
    0,
    135165.88369835,
    null,
    null,
    0,
    135165.88369835,
    "BTC-PERP",
    null,
    2.03,
    115913,
    46698.24289725408,
    85387.1473,
    -4,
    5,
    57101
  ],
  "time": 1616436247075
}