{
  "code": 200,
  "result": [
    0.8548626857379622,
    0,
    132061.43148305,
    null,
    null,
    0,
    132061.43148305,
    "BTC-PERP",
    null,
    2.03,
    112894.39,
    46698.24289725408,
    82368.5373,
    -4,
    5,
    55613
  ],
  "time": 1616445126942
}