{
  "code": 200,
  "result": [
    0.8564836816410275,
    0,
    134281.19235108,
    null,
    null,
    0,
    134281.19235108,
    "BTC-PERP",
    null,
    2.03,
    114981.23,
    46698.24289725408,
    84455.3773,
    -4,
    5,
    56655
  ],
  "time": 1616431568126
}