{
  "code": 200,
  "result": [
    0.8015270967804189,
    0,
    129879.01172419,
    null,
    null,
    0,
    129879.01172419,
    "BTC-PERP",
    null,
    1.9076,
    104092.0092,
    46698.24289725408,
    80191.6685,
    -4,
    5,
    54572
  ],
  "time": 1616475246771
}