{
  "code": 200,
  "result": [
    0.8025920063929607,
    0,
    131013.92284303,
    null,
    null,
    0,
    131013.92284303,
    "BTC-PERP",
    null,
    1.9076,
    105227.0312,
    46698.24289725408,
    81326.6905,
    -4,
    5,
    55122
  ],
  "time": 1616463786378
}