{
  "code": 200,
  "result": [
    0.8551902841050337,
    0,
    132307.56020388,
    null,
    null,
    0,
    132307.56020388,
    "BTC-PERP",
    null,
    2.03,
    113113.63,
    46698.24289725408,
    82587.7773,
    -4,
    5,
    55738
  ],
  "time": 1616440568114
}