{
  "code": 200,
  "result": [
    0.8015230372856857,
    0,
    129805.89048611,
    null,
    null,
    0,
    129805.89048611,
    "BTC-PERP",
    null,
    1.9076,
    104021.428,
    46698.24289725408,
    80121.0873,
    -4,
    5,
    54541
  ],
  "time": 1616459706793
}