{
  "code": 200,
  "result": [
    0.8513477623575457,
    0,
    129633.25315425,
    null,
    null,
    0,
    129633.25315425,
    "BTC-PERP",
    null,
    2.03,
    110468.54,
    46698.24289725408,
    79942.6873,
    -4,
    5,
    54366
  ],
  "time": 1616451786401
}