{
  "code": 200,
  "result": [
    0.857008530616223,
    0,
    135776.51311864,
    null,
    null,
    0,
    135776.51311864,
    "BTC-PERP",
    null,
    2.03,
    116363.66,
    46698.24289725408,
    85837.8073,
    -4,
    5,
    57321
  ],
  "time": 1616419809052
}