{
  "code": 200,
  "result": [
    0.8571341807460388,
    0,
    135320.83144677,
    null,
    null,
    0,
    135320.83144677,
    "BTC-PERP",
    null,
    2.03,
    115986.08,
    46698.24289725408,
    85460.2273,
    -4,
    5,
    57137
  ],
  "time": 1616426586956
}