{
  "code": 200,
  "result": [
    0.8024238744416675,
    0,
    130518.36882704,
    null,
    null,
    0,
    130518.36882704,
    "BTC-PERP",
    null,
    1.9076,
    104731.0552,
    46698.24289725408,
    80830.7145,
    -4,
    5,
    54902
  ],
  "time": 1616465767526
}