{
  "code": 200,
  "result": [
    0.8020695837069698,
    0,
    130371.48362704,
    null,
    null,
    0,
    130371.48362704,
    "BTC-PERP",
    null,
    1.9076,
    104559.3712,
    46698.24289725408,
    80659.0305,
    -4,
    5,
    54816
  ],
  "time": 1616466608083
}