{
  "code": 200,
  "result": [
    0.8555986525501008,
    0,
    133546.97282358,
    null,
    null,
    0,
    133546.97282358,
    "BTC-PERP",
    null,
    2.03,
    114240.28,
    46698.24289725408,
    83714.4273,
    -4,
    5,
    56287
  ],
  "time": 1616431088306
}