{
  "code": 200,
  "result": [
    0.8523178863632997,
    0,
    129785.80148305,
    null,
    null,
    0,
    129785.80148305,
    "BTC-PERP",
    null,
    2.03,
    110618.76,
    46698.24289725408,
    80092.9073,
    -4,
    5,
    54492
  ],
  "time": 1616446809360
}