{
  "code": 200,
  "result": [
    0.8569289531471965,
    0,
    135476.42377309,
    null,
    null,
    0,
    135476.42377309,
    "BTC-PERP",
    null,
    2.03,
    116093.67,
    46698.24289725408,
    85567.8173,
    -4,
    5,
    57189
  ],
  "time": 1616422686991
}