{
  "code": 200,
  "result": [
    0.8564046186536087,
    0,
    137043.2240131,
    null,
    null,
    0,
    137043.2240131,
    "BTC-PERP",
    null,
    2.03,
    117366.48,
    46698.24289725408,
    86840.6273,
    -4,
    5,
    57815
  ],
  "time": 1616398415816
}