{
  "code": 200,
  "result": [
    0.8010149717009714,
    0,
    129631.02372419,
    null,
    null,
    0,
    129631.02372419,
    "BTC-PERP",
    null,
    1.9076,
    103844.0212,
    46698.24289725408,
    79943.6805,
    -4,
    5,
    54433
  ],
  "time": 1616475608872
}