{
  "code": 200,
  "result": [
    0.8031610081208657,
    0,
    130966.23284303,
    null,
    null,
    0,
    130966.23284303,
    "BTC-PERP",
    null,
    1.9076,
    105202.2324,
    46698.24289725408,
    81301.8917,
    -4,
    5,
    55141
  ],
  "time": 1616463846243
}