{
  "code": 200,
  "result": [
    0.8556309943028679,
    0,
    136085.26429652,
    null,
    null,
    0,
    136085.26429652,
    "BTC-PERP",
    null,
    2.03,
    116438.77,
    46698.24289725408,
    85912.9173,
    -4,
    5,
    57359
  ],
  "time": 1616402707709
}