{
  "code": 200,
  "result": [
    0.8519098347469003,
    0,
    129481.00315425,
    null,
    null,
    0,
    129481.00315425,
    "BTC-PERP",
    null,
    2.03,
    110316.29,
    46698.24289725408,
    79790.4373,
    -4,
    5,
    54338
  ],
  "time": 1616452386564
}