{
  "code": 200,
  "result": [
    0.8554085356734573,
    0,
    133982.46009992,
    null,
    null,
    0,
    133982.46009992,
    "BTC-PERP",
    null,
    2.03,
    114735.6,
    46698.24289725408,
    84209.7473,
    -4,
    5,
    56458
  ],
  "time": 1616430907221
}