{
  "code": 200,
  "result": [
    0.8016342929733511,
    0,
    129840.22728611,
    null,
    null,
    0,
    129840.22728611,
    "BTC-PERP",
    null,
    1.9076,
    104053.8572,
    46698.24289725408,
    80153.5165,
    -4,
    5,
    54563
  ],
  "time": 1616460246527
}