{
  "code": 200,
  "result": [
    0.8576998302974904,
    0,
    135475.36783317,
    null,
    null,
    0,
    135475.36783317,
    "BTC-PERP",
    null,
    2.03,
    116146.45,
    46698.24289725408,
    85620.5973,
    -4,
    5,
    57240
  ],
  "time": 1616427008816
}