{
  "code": 200,
  "result": [
    0.8578747670889183,
    0,
    137496.96870123,
    null,
    null,
    0,
    137496.96870123,
    "BTC-PERP",
    null,
    2.03,
    117953.15,
    46698.24289725408,
    87427.2973,
    -4,
    5,
    58106
  ],
  "time": 1616411647089
}