{
  "code": 200,
  "result": [
    0.856444233627416,
    0,
    133915.2457297,
    null,
    null,
    0,
    133915.2457297,
    "BTC-PERP",
    null,
    2.03,
    114690.94,
    46698.24289725408,
    84165.0873,
    -4,
    5,
    56498
  ],
  "time": 1616438707858
}