{
  "code": 200,
  "result": [
    0.8560476471498256,
    0,
    136780.23692939,
    null,
    null,
    0,
    136780.23692939,
    "BTC-PERP",
    null,
    2.03,
    117090.4,
    46698.24289725408,
    86564.5473,
    -4,
    5,
    57680
  ],
  "time": 1616399947170
}