{
  "code": 200,
  "result": [
    0.856840541576557,
    0,
    134180.2522421,
    null,
    null,
    0,
    134180.2522421,
    "BTC-PERP",
    null,
    2.03,
    114962.96,
    46698.24289725408,
    84437.1073,
    -4,
    5,
    56636
  ],
  "time": 1616439007999
}