{
  "code": 200,
  "result": [
    0.8567859277344058,
    0,
    135835.48262487,
    null,
    null,
    0,
    135835.48262487,
    "BTC-PERP",
    null,
    2.03,
    116392.08,
    46698.24289725408,
    85866.2273,
    -4,
    5,
    57331
  ],
  "time": 1616417827536
}