{
  "code": 200,
  "result": [
    0.8581199108637219,
    0,
    137637.47758879,
    null,
    null,
    0,
    137637.47758879,
    "BTC-PERP",
    null,
    2.03,
    118087.13,
    46698.24289725408,
    87561.2773,
    -4,
    5,
    58182
  ],
  "time": 1616410507337
}