{
  "code": 200,
  "result": [
    0.8012990436931725,
    0,
    129782.66031704,
    null,
    null,
    0,
    129782.66031704,
    "BTC-PERP",
    null,
    1.9076,
    103994.7216,
    46698.24289725408,
    80094.3809,
    -4,
    5,
    54516
  ],
  "time": 1616472546249
}