{
  "code": 200,
  "result": [
    0.856858358514366,
    0,
    134828.97009992,
    null,
    null,
    0,
    134828.97009992,
    "BTC-PERP",
    null,
    2.03,
    115521.21,
    46698.24289725408,
    84995.3573,
    -4,
    5,
    56911
  ],
  "time": 1616430067735
}