{
  "code": 200,
  "result": [
    0.8523506359565877,
    0,
    129649.82407267,
    null,
    null,
    0,
    129649.82407267,
    "BTC-PERP",
    null,
    2.03,
    110484.78,
    46698.24289725408,
    79958.9273,
    -4,
    5,
    54437
  ],
  "time": 1616456226516
}