{
  "code": 200,
  "result": [
    0.8579782499998414,
    0,
    137371.54758879,
    null,
    null,
    0,
    137371.54758879,
    "BTC-PERP",
    null,
    2.03,
    117821.2,
    46698.24289725408,
    87295.3473,
    -4,
    5,
    58060
  ],
  "time": 1616410926985
}