{
  "code": 200,
  "result": [
    0.8558330829430045,
    0,
    132775.08461024,
    null,
    null,
    0,
    132775.08461024,
    "BTC-PERP",
    null,
    2.03,
    113608.95,
    46698.24289725408,
    83083.0973,
    -4,
    5,
    55977
  ],
  "time": 1616443626487
}