{
  "code": 200,
  "result": [
    0.8025736296918918,
    0,
    130615.23444303,
    null,
    null,
    0,
    130615.23444303,
    "BTC-PERP",
    null,
    1.9076,
    104828.3428,
    46698.24289725408,
    80928.0021,
    -4,
    5,
    54953
  ],
  "time": 1616465346600
}