{
  "code": 200,
  "result": [
    0.8560059411242157,
    0,
    134396.45039018,
    null,
    null,
    0,
    134396.45039018,
    "BTC-PERP",
    null,
    2.03,
    115094.91,
    46698.24289725408,
    84569.0573,
    -4,
    5,
    56672
  ],
  "time": 1616432647550
}