{
  "code": 200,
  "result": [
    0.8036749170105457,
    0,
    131027.27604303,
    null,
    null,
    0,
    131027.27604303,
    "BTC-PERP",
    null,
    1.9076,
    105240.3844,
    46698.24289725408,
    81340.0437,
    -4,
    5,
    55202
  ],
  "time": 1616463967454
}