{
  "code": 200,
  "result": [
    0.856766851683315,
    0,
    135224.8394909,
    null,
    null,
    0,
    135224.8394909,
    "BTC-PERP",
    null,
    2.03,
    115856.16,
    46698.24289725408,
    85330.3073,
    -4,
    5,
    57072
  ],
  "time": 1616423768293
}