{
  "code": 200,
  "result": [
    0.8567133017582201,
    0,
    135245.1394909,
    null,
    null,
    0,
    135245.1394909,
    "BTC-PERP",
    null,
    2.03,
    115876.46,
    46698.24289725408,
    85350.6073,
    -4,
    5,
    57077
  ],
  "time": 1616423886425
}