{
  "code": 200,
  "result": [
    0.855574866338135,
    0,
    132746.34923078,
    null,
    null,
    0,
    132746.34923078,
    "BTC-PERP",
    null,
    2.03,
    113554.14,
    46698.24289725408,
    83028.2873,
    -4,
    5,
    55948
  ],
  "time": 1616440926714
}