{
  "code": 200,
  "result": [
    0.8561738034557872,
    0,
    133836.62235108,
    null,
    null,
    0,
    133836.62235108,
    "BTC-PERP",
    null,
    2.03,
    114532.6,
    46698.24289725408,
    84006.7473,
    -4,
    5,
    56447
  ],
  "time": 1616431447175
}