{
  "code": 200,
  "result": [
    0.8526936410879378,
    0,
    129673.85315425,
    null,
    null,
    0,
    129673.85315425,
    "BTC-PERP",
    null,
    2.03,
    110509.14,
    46698.24289725408,
    79983.2873,
    -4,
    5,
    54469
  ],
  "time": 1616451726410
}