{
  "code": 200,
  "result": [
    0.8573786165989675,
    0,
    135481.13721424,
    null,
    null,
    0,
    135481.13721424,
    "BTC-PERP",
    null,
    2.03,
    116158.63,
    46698.24289725408,
    85632.7773,
    -4,
    5,
    57221
  ],
  "time": 1616427608138
}