{
  "code": 200,
  "result": [
    0.8556476486033124,
    0,
    135883.32789763,
    null,
    null,
    0,
    135883.32789763,
    "BTC-PERP",
    null,
    2.03,
    116268.25,
    46698.24289725408,
    85742.3973,
    -4,
    5,
    57275
  ],
  "time": 1616404867762
}