{
  "code": 200,
  "result": [
    0.8575411349454058,
    0,
    135535.94721424,
    null,
    null,
    0,
    135535.94721424,
    "BTC-PERP",
    null,
    2.03,
    116213.44,
    46698.24289725408,
    85687.5873,
    -4,
    5,
    57255
  ],
  "time": 1616427908263
}