{
  "code": 200,
  "result": [
    0.8556697245596108,
    0,
    136112.31840643,
    null,
    null,
    0,
    136112.31840643,
    "BTC-PERP",
    null,
    2.03,
    116505.76,
    46698.24289725408,
    85979.9073,
    -4,
    5,
    57373
  ],
  "time": 1616405707016
}