{
  "code": 200,
  "result": [
    0.8531874228252094,
    0,
    130538.63315425,
    null,
    null,
    0,
    130538.63315425,
    "BTC-PERP",
    null,
    2.03,
    111373.92,
    46698.24289725408,
    80848.0673,
    -4,
    5,
    54864
  ],
  "time": 1616454607421
}