{
  "code": 200,
  "result": [
    0.8560336775042642,
    0,
    136071.04844239,
    null,
    null,
    0,
    136071.04844239,
    "BTC-PERP",
    null,
    2.03,
    116481.4,
    46698.24289725408,
    85955.5473,
    -4,
    5,
    57380
  ],
  "time": 1616407026864
}