{
  "code": 200,
  "result": [
    0.8566317552779722,
    0,
    135547.12311864,
    null,
    null,
    0,
    135547.12311864,
    "BTC-PERP",
    null,
    2.03,
    116134.27,
    46698.24289725408,
    85608.4173,
    -4,
    5,
    57199
  ],
  "time": 1616420226327
}