{
  "code": 200,
  "result": [
    0.8516550403027415,
    0,
    129176.50315425,
    null,
    null,
    0,
    129176.50315425,
    "BTC-PERP",
    null,
    2.03,
    110011.79,
    46698.24289725408,
    79485.9373,
    -4,
    5,
    54194
  ],
  "time": 1616453107149
}