{
  "code": 200,
  "result": [
    0.8567405028957569,
    0,
    135212.41216968,
    null,
    null,
    0,
    135212.41216968,
    "BTC-PERP",
    null,
    2.03,
    115841.95,
    46698.24289725408,
    85316.0973,
    -4,
    5,
    57065
  ],
  "time": 1616421427226
}