{
  "code": 200,
  "result": [
    0.8558017355775365,
    0,
    132915.15461024,
    null,
    null,
    0,
    132915.15461024,
    "BTC-PERP",
    null,
    2.03,
    113749.02,
    46698.24289725408,
    83223.1673,
    -4,
    5,
    56034
  ],
  "time": 1616442607584
}