{
  "code": 200,
  "result": [
    0.8523489546483154,
    0,
    129785.83407267,
    null,
    null,
    0,
    129785.83407267,
    "BTC-PERP",
    null,
    2.03,
    110632.97,
    46698.24289725408,
    80107.1173,
    -4,
    5,
    54494
  ],
  "time": 1616456046370
}