{
  "code": 200,
  "result": [
    0.8557351018130203,
    0,
    136694.97692939,
    null,
    null,
    0,
    136694.97692939,
    "BTC-PERP",
    null,
    2.03,
    117005.14,
    46698.24289725408,
    86479.2873,
    -4,
    5,
    57623
  ],
  "time": 1616400068318
}