{
  "code": 200,
  "result": [
    0.8566423850517609,
    0,
    135040.69144677,
    null,
    null,
    0,
    135040.69144677,
    "BTC-PERP",
    null,
    2.03,
    115705.94,
    46698.24289725408,
    85180.0873,
    -4,
    5,
    56986
  ],
  "time": 1616426047004
}