{
  "code": 200,
  "result": [
    0.8578108738516316,
    0,
    137495.37758879,
    null,
    null,
    0,
    137495.37758879,
    "BTC-PERP",
    null,
    2.03,
    117945.03,
    46698.24289725408,
    87419.1773,
    -4,
    5,
    58101
  ],
  "time": 1616410386279
}