{
  "code": 200,
  "result": [
    0.8526799086033638,
    0,
    130090.18845265,
    null,
    null,
    0,
    130090.18845265,
    "BTC-PERP",
    null,
    2.03,
    110923.26,
    46698.24289725408,
    80397.4073,
    -4,
    5,
    54643
  ],
  "time": 1616448186261
}