{
  "code": 200,
  "result": [
    0.8528289139248107,
    0,
    130236.46148305,
    null,
    null,
    0,
    130236.46148305,
    "BTC-PERP",
    null,
    2.03,
    111067.39,
    46698.24289725408,
    80541.5373,
    -4,
    5,
    54714
  ],
  "time": 1616446326866
}