{
  "code": 200,
  "result": [
    0.8565022135413607,
    0,
    135207.3680244,
    null,
    null,
    0,
    135207.3680244,
    "BTC-PERP",
    null,
    2.03,
    115821.65,
    46698.24289725408,
    85295.7973,
    -4,
    5,
    57047
  ],
  "time": 1616420408256
}