{
  "code": 200,
  "result": [
    0.8019098530910269,
    0,
    130487.84722704,
    null,
    null,
    0,
    130487.84722704,
    "BTC-PERP",
    null,
    1.9076,
    104700.5336,
    46698.24289725408,
    80800.1929,
    -4,
    5,
    54854
  ],
  "time": 1616465946464
}