{
  "code": 200,
  "result": [
    0.8525606777451391,
    0,
    129708.36315425,
    null,
    null,
    0,
    129708.36315425,
    "BTC-PERP",
    null,
    2.03,
    110543.65,
    46698.24289725408,
    80017.7973,
    -4,
    5,
    54475
  ],
  "time": 1616452567975
}