{
  "code": 200,
  "result": [
    0.8572652977045524,
    0,
    135309.60638509,
    null,
    null,
    0,
    135309.60638509,
    "BTC-PERP",
    null,
    2.03,
    115996.23,
    46698.24289725408,
    85470.3773,
    -4,
    5,
    57141
  ],
  "time": 1616428447003
}