{
  "code": 200,
  "result": [
    0.8556217684428145,
    0,
    132952.60148305,
    null,
    null,
    0,
    132952.60148305,
    "BTC-PERP",
    null,
    2.03,
    113785.56,
    46698.24289725408,
    83259.7073,
    -4,
    5,
    56038
  ],
  "time": 1616444227169
}