{
  "code": 200,
  "result": [
    0.8018620752066893,
    0,
    130143.53568611,
    null,
    null,
    0,
    130143.53568611,
    "BTC-PERP",
    null,
    1.9076,
    104357.1656,
    46698.24289725408,
    80456.8249,
    -4,
    5,
    54706
  ],
  "time": 1616461746194
}