{
  "code": 200,
  "result": [
    0.8012250114231432,
    0,
    129839.88831704,
    null,
    null,
    0,
    129839.88831704,
    "BTC-PERP",
    null,
    1.9076,
    104051.9496,
    46698.24289725408,
    80151.6089,
    -4,
    5,
    54535
  ],
  "time": 1616471346527
}