{
  "code": 200,
  "result": [
    0.8007097642948399,
    0,
    129470.78532419,
    null,
    null,
    0,
    129470.78532419,
    "BTC-PERP",
    null,
    1.9076,
    103681.8752,
    46698.24289725408,
    79781.5345,
    -4,
    5,
    54345
  ],
  "time": 1616473626697
}