{
  "code": 200,
  "result": [
    0.857179420958185,
    0,
    135697.34311864,
    null,
    null,
    0,
    135697.34311864,
    "BTC-PERP",
    null,
    2.03,
    116284.49,
    46698.24289725408,
    85758.6373,
    -4,
    5,
    57299
  ],
  "time": 1616419926777
}