{
  "code": 200,
  "result": [
    0.8001617148915694,
    0,
    128930.08210719,
    null,
    null,
    0,
    128930.08210719,
    "BTC-PERP",
    null,
    1.9076,
    103143.932,
    46698.24289725408,
    79243.5913,
    -4,
    5,
    54081
  ],
  "time": 1616457906636
}