{
  "code": 200,
  "result": [
    0.8558449976619065,
    0,
    136554.08434854,
    null,
    null,
    0,
    136554.08434854,
    "BTC-PERP",
    null,
    2.03,
    116875.22,
    46698.24289725408,
    86349.3673,
    -4,
    5,
    57571
  ],
  "time": 1616400668009
}