{
  "code": 200,
  "result": [
    0.8508352596404912,
    0,
    133931.97885117,
    null,
    null,
    0,
    133931.97885117,
    "BTC-PERP",
    null,
    2.03,
    114731.54,
    46698.24289725408,
    84205.6873,
    -4,
    5,
    56135
  ],
  "time": 1616440207840
}