{
  "code": 200,
  "result": [
    0.8577675423258188,
    0,
    137421.85870123,
    null,
    null,
    0,
    137421.85870123,
    "BTC-PERP",
    null,
    2.03,
    117880.07,
    46698.24289725408,
    87354.2173,
    -4,
    5,
    58067
  ],
  "time": 1616412246531
}