{
  "code": 200,
  "result": [
    0.8578846178549435,
    0,
    137509.58758879,
    null,
    null,
    0,
    137509.58758879,
    "BTC-PERP",
    null,
    2.03,
    117959.24,
    46698.24289725408,
    87433.3873,
    -4,
    5,
    58112
  ],
  "time": 1616411046682
}