{
  "code": 200,
  "result": [
    0.8568377760250119,
    0,
    134957.77524709,
    null,
    null,
    0,
    134957.77524709,
    "BTC-PERP",
    null,
    2.03,
    115647.07,
    46698.24289725408,
    85121.2173,
    -4,
    5,
    56964
  ],
  "time": 1616429168167
}