{
  "code": 200,
  "result": [
    0.8551640966163965,
    0,
    132392.32148305,
    null,
    null,
    0,
    132392.32148305,
    "BTC-PERP",
    null,
    2.03,
    113225.28,
    46698.24289725408,
    82699.4273,
    -4,
    5,
    55772
  ],
  "time": 1616444886943
}