{
  "code": 200,
  "result": [
    0.8019453058952908,
    0,
    130206.14751704,
    null,
    null,
    0,
    130206.14751704,
    "BTC-PERP",
    null,
    1.9076,
    104418.2088,
    46698.24289725408,
    80517.8681,
    -4,
    5,
    54738
  ],
  "time": 1616472126180
}