{
  "code": 200,
  "result": [
    0.8557961821336039,
    0,
    135904.81288434,
    null,
    null,
    0,
    135904.81288434,
    "BTC-PERP",
    null,
    2.03,
    116306.82,
    46698.24289725408,
    85780.9673,
    -4,
    5,
    57294
  ],
  "time": 1616406127513
}