{
  "code": 200,
  "result": [
    0.856948126804004,
    0,
    135245.98091164,
    null,
    null,
    0,
    135245.98091164,
    "BTC-PERP",
    null,
    2.03,
    115923.15,
    46698.24289725408,
    85397.2973,
    -4,
    5,
    57093
  ],
  "time": 1616425687788
}