{
  "code": 200,
  "result": [
    0.8003186567687414,
    0,
    129140.77052419,
    null,
    null,
    0,
    129140.77052419,
    "BTC-PERP",
    null,
    1.9076,
    103353.768,
    46698.24289725408,
    79453.4273,
    -4,
    5,
    54180
  ],
  "time": 1616474106944
}