{
  "code": 200,
  "result": [
    0.8556417613475579,
    0,
    136095.41429652,
    null,
    null,
    0,
    136095.41429652,
    "BTC-PERP",
    null,
    2.03,
    116448.92,
    46698.24289725408,
    85923.0673,
    -4,
    5,
    57364
  ],
  "time": 1616402827080
}