{
  "code": 200,
  "result": [
    0.8549404918190384,
    0,
    132118.27148305,
    null,
    null,
    0,
    132118.27148305,
    "BTC-PERP",
    null,
    2.03,
    112951.23,
    46698.24289725408,
    82425.3773,
    -4,
    5,
    55642
  ],
  "time": 1616443926388
}