{
  "code": 200,
  "result": [
    0.8013081519502302,
    0,
    129838.31968611,
    null,
    null,
    0,
    129838.31968611,
    "BTC-PERP",
    null,
    1.9076,
    104069.118,
    46698.24289725408,
    80168.7773,
    -4,
    5,
    54540
  ],
  "time": 1616459586029
}