{
  "code": 200,
  "result": [
    0.8012762230479985,
    0,
    129798.26008611,
    null,
    null,
    0,
    129798.26008611,
    "BTC-PERP",
    null,
    1.9076,
    104011.89,
    46698.24289725408,
    80111.5493,
    -4,
    5,
    54521
  ],
  "time": 1616458746169
}