{
  "code": 200,
  "result": [
    0.8570113190578585,
    0,
    134155.88270922,
    null,
    null,
    0,
    134155.88270922,
    "BTC-PERP",
    null,
    2.03,
    114942.66,
    46698.24289725408,
    84416.8073,
    -4,
    5,
    56637
  ],
  "time": 1616438408980
}