{
  "code": 200,
  "result": [
    0.8554199143314692,
    0,
    132590.03923078,
    null,
    null,
    0,
    132590.03923078,
    "BTC-PERP",
    null,
    2.03,
    113397.83,
    46698.24289725408,
    82871.9773,
    -4,
    5,
    55872
  ],
  "time": 1616441107241
}