{
  "code": 200,
  "result": [
    0.8001177959936566,
    0,
    129106.43372419,
    null,
    null,
    0,
    129106.43372419,
    "BTC-PERP",
    null,
    1.9076,
    103319.4312,
    46698.24289725408,
    79419.0905,
    -4,
    5,
    54152
  ],
  "time": 1616473987082
}