{
  "code": 200,
  "result": [
    0.8030195408327631,
    0,
    130910.91244303,
    null,
    null,
    0,
    130910.91244303,
    "BTC-PERP",
    null,
    1.9076,
    105124.0208,
    46698.24289725408,
    81223.6801,
    -4,
    5,
    55108
  ],
  "time": 1616464867925
}