{
  "code": 200,
  "result": [
    0.8571275473630677,
    0,
    135167.93428986,
    null,
    null,
    0,
    135167.93428986,
    "BTC-PERP",
    null,
    2.03,
    115880.52,
    46698.24289725408,
    85354.6673,
    -4,
    5,
    57072
  ],
  "time": 1616434387281
}