{
  "code": 200,
  "result": [
    0.8567349161331457,
    0,
    134251.29270922,
    null,
    null,
    0,
    134251.29270922,
    "BTC-PERP",
    null,
    2.03,
    115021.83,
    46698.24289725408,
    84495.9773,
    -4,
    5,
    56659
  ],
  "time": 1616438168136
}