{
  "code": 200,
  "result": [
    0.8019230454540897,
    0,
    130183.59528611,
    null,
    null,
    0,
    130183.59528611,
    "BTC-PERP",
    null,
    1.9076,
    104397.2252,
    46698.24289725408,
    80496.8845,
    -4,
    5,
    54727
  ],
  "time": 1616461807179
}