{
  "code": 200,
  "result": [
    0.8525277902279744,
    0,
    129970.53148305,
    null,
    null,
    0,
    129970.53148305,
    "BTC-PERP",
    null,
    2.03,
    110838,
    46698.24289725408,
    80312.1473,
    -4,
    5,
    54583
  ],
  "time": 1616446746833
}