{
  "code": 200,
  "result": [
    0.8559872804328056,
    0,
    136467.35491319,
    null,
    null,
    0,
    136467.35491319,
    "BTC-PERP",
    null,
    2.03,
    116814.32,
    46698.24289725408,
    86288.4673,
    -4,
    5,
    57544
  ],
  "time": 1616402168166
}