{
  "code": 200,
  "result": [
    0.8013454063228884,
    0,
    129837.04452419,
    null,
    null,
    0,
    129837.04452419,
    "BTC-PERP",
    null,
    1.9076,
    104050.042,
    46698.24289725408,
    80149.7013,
    -4,
    5,
    54542
  ],
  "time": 1616473386890
}