{
  "code": 200,
  "result": [
    0.8008534767391039,
    0,
    129573.79572419,
    null,
    null,
    0,
    129573.79572419,
    "BTC-PERP",
    null,
    1.9076,
    103786.7932,
    46698.24289725408,
    79886.4525,
    -4,
    5,
    54398
  ],
  "time": 1616474768084
}