{
  "code": 200,
  "result": [
    0.8525142041472613,
    0,
    129944.02845265,
    null,
    null,
    0,
    129944.02845265,
    "BTC-PERP",
    null,
    2.03,
    110789.28,
    46698.24289725408,
    80263.4273,
    -4,
    5,
    54571
  ],
  "time": 1616450409416
}