{
  "code": 200,
  "result": [
    0.8022461859225533,
    0,
    130292.85004303,
    null,
    null,
    0,
    130292.85004303,
    "BTC-PERP",
    null,
    1.9076,
    104505.9584,
    46698.24289725408,
    80605.6177,
    -4,
    5,
    54795
  ],
  "time": 1616462706775
}