{
  "code": 200,
  "result": [
    0.8523594535384745,
    0,
    129767.56407267,
    null,
    null,
    0,
    129767.56407267,
    "BTC-PERP",
    null,
    2.03,
    110602.52,
    46698.24289725408,
    80076.6673,
    -4,
    5,
    54487
  ],
  "time": 1616455746480
}