{
  "code": 200,
  "result": [
    0.8014887008474256,
    0,
    129906.65431704,
    null,
    null,
    0,
    129906.65431704,
    "BTC-PERP",
    null,
    1.9076,
    104118.7156,
    46698.24289725408,
    80218.3749,
    -4,
    5,
    54581
  ],
  "time": 1616471526731
}