{
  "code": 200,
  "result": [
    0.852642857372346,
    0,
    130014.89315425,
    null,
    null,
    0,
    130014.89315425,
    "BTC-PERP",
    null,
    2.03,
    110860.33,
    46698.24289725408,
    80334.4773,
    -4,
    5,
    54609
  ],
  "time": 1616454007507
}