{
  "code": 200,
  "result": [
    0.8561347631682193,
    0,
    136194.87844239,
    null,
    null,
    0,
    136194.87844239,
    "BTC-PERP",
    null,
    2.03,
    116605.23,
    46698.24289725408,
    86079.3773,
    -4,
    5,
    57439
  ],
  "time": 1616407446492
}