{
  "code": 200,
  "result": [
    0.8567583550758783,
    0,
    134159.9522421,
    null,
    null,
    0,
    134159.9522421,
    "BTC-PERP",
    null,
    2.03,
    114948.75,
    46698.24289725408,
    84422.8973,
    -4,
    5,
    56622
  ],
  "time": 1616438886659
}