{
  "code": 200,
  "result": [
    0.852661050435688,
    0,
    130088.30407267,
    null,
    null,
    0,
    130088.30407267,
    "BTC-PERP",
    null,
    2.03,
    110923.26,
    46698.24289725408,
    80397.4073,
    -4,
    5,
    54641
  ],
  "time": 1616456947300
}