{
  "code": 200,
  "result": [
    0.8554154604346003,
    0,
    135644.92970591,
    null,
    null,
    0,
    135644.92970591,
    "BTC-PERP",
    null,
    2.03,
    116014.5,
    46698.24289725408,
    85488.6473,
    -4,
    5,
    57159
  ],
  "time": 1616403786981
}