{
  "code": 200,
  "result": [
    0.855859762814445,
    0,
    136418.90304091,
    null,
    null,
    0,
    136418.90304091,
    "BTC-PERP",
    null,
    2.03,
    116755.45,
    46698.24289725408,
    86229.5973,
    -4,
    5,
    57515
  ],
  "time": 1616401687719
}