{
  "code": 200,
  "result": [
    0.8533462671518468,
    0,
    130695.12845265,
    null,
    null,
    0,
    130695.12845265,
    "BTC-PERP",
    null,
    2.03,
    111528.2,
    46698.24289725408,
    81002.3473,
    -4,
    5,
    54940
  ],
  "time": 1616447646230
}