{
  "code": 200,
  "result": [
    0.8017320603424274,
    0,
    130000.46568611,
    null,
    null,
    0,
    130000.46568611,
    "BTC-PERP",
    null,
    1.9076,
    104214.0956,
    46698.24289725408,
    80313.7549,
    -4,
    5,
    54637
  ],
  "time": 1616461567512
}