{
  "code": 200,
  "result": [
    0.8565017502539337,
    0,
    134946.7294909,
    null,
    null,
    0,
    134946.7294909,
    "BTC-PERP",
    null,
    2.03,
    115578.05,
    46698.24289725408,
    85052.1973,
    -4,
    5,
    56937
  ],
  "time": 1616423467830
}