{
  "code": 200,
  "result": [
    0.8568933737466804,
    0,
    135790.02191514,
    null,
    null,
    0,
    135790.02191514,
    "BTC-PERP",
    null,
    2.03,
    116359.6,
    46698.24289725408,
    85833.7473,
    -4,
    5,
    57319
  ],
  "time": 1616418726955
}