{
  "code": 200,
  "result": [
    0.8018529020428005,
    0,
    129964.22128611,
    null,
    null,
    0,
    129964.22128611,
    "BTC-PERP",
    null,
    1.9076,
    104212.188,
    46698.24289725408,
    80311.8473,
    -4,
    5,
    54630
  ],
  "time": 1616458926256
}