{
  "code": 200,
  "result": [
    0.8560682410611788,
    0,
    133883.95282358,
    null,
    null,
    0,
    133883.95282358,
    "BTC-PERP",
    null,
    2.03,
    114577.26,
    46698.24289725408,
    84051.4073,
    -4,
    5,
    56460
  ],
  "time": 1616431328033
}