{
  "code": 200,
  "result": [
    0.855304449851804,
    0,
    132695.75531808,
    null,
    null,
    0,
    132695.75531808,
    "BTC-PERP",
    null,
    2.03,
    113523.69,
    46698.24289725408,
    82997.8373,
    -4,
    5,
    55909
  ],
  "time": 1616442067291
}