{
  "code": 200,
  "result": [
    0.8580293070808025,
    0,
    135193.8553179,
    null,
    null,
    0,
    135193.8553179,
    "BTC-PERP",
    null,
    2.03,
    115957.66,
    46698.24289725408,
    85431.8073,
    -4,
    5,
    57143
  ],
  "time": 1616437626387
}