{
  "code": 200,
  "result": [
    0.8580595890986209,
    0,
    137822.222958,
    null,
    null,
    0,
    137822.222958,
    "BTC-PERP",
    null,
    2.03,
    118241.41,
    46698.24289725408,
    87715.5573,
    -4,
    5,
    58256
  ],
  "time": 1616409126716
}