{
  "code": 200,
  "result": [
    0.8015935860265742,
    0,
    129975.32791704,
    null,
    null,
    0,
    129975.32791704,
    "BTC-PERP",
    null,
    1.9076,
    104187.3892,
    46698.24289725408,
    80287.0485,
    -4,
    5,
    54617
  ],
  "time": 1616470146286
}