{
  "code": 200,
  "result": [
    0.8557417987015808,
    0,
    132817.71461024,
    null,
    null,
    0,
    132817.71461024,
    "BTC-PERP",
    null,
    2.03,
    113651.58,
    46698.24289725408,
    83125.7273,
    -4,
    5,
    55989
  ],
  "time": 1616442846565
}