{
  "code": 200,
  "result": [
    0.8014653231274239,
    0,
    129886.64212419,
    null,
    null,
    0,
    129886.64212419,
    "BTC-PERP",
    null,
    1.9076,
    104099.6396,
    46698.24289725408,
    80199.2989,
    -4,
    5,
    54571
  ],
  "time": 1616472907074
}