{
  "code": 200,
  "result": [
    0.8574407800564451,
    0,
    136962.84656798,
    null,
    null,
    0,
    136962.84656798,
    "BTC-PERP",
    null,
    2.03,
    117437.53,
    46698.24289725408,
    86911.6773,
    -4,
    5,
    57851
  ],
  "time": 1616413507687
}