{
  "code": 200,
  "result": [
    0.8561936119448048,
    0,
    134388.33039018,
    null,
    null,
    0,
    134388.33039018,
    "BTC-PERP",
    null,
    2.03,
    115082.73,
    46698.24289725408,
    84556.8773,
    -4,
    5,
    56681
  ],
  "time": 1616432168807
}