{
  "code": 200,
  "result": [
    0.8017485660096288,
    0,
    130062.03044303,
    null,
    null,
    0,
    130062.03044303,
    "BTC-PERP",
    null,
    1.9076,
    104275.1388,
    46698.24289725408,
    80374.7981,
    -4,
    5,
    54664
  ],
  "time": 1616462107140
}