{
  "code": 200,
  "result": [
    0.801362475113158,
    0,
    129900.93151704,
    null,
    null,
    0,
    129900.93151704,
    "BTC-PERP",
    null,
    1.9076,
    104112.9928,
    46698.24289725408,
    80212.6521,
    -4,
    5,
    54570
  ],
  "time": 1616471168338
}