{
  "code": 200,
  "result": [
    0.8012152293570016,
    0,
    129720.04848611,
    null,
    null,
    0,
    129720.04848611,
    "BTC-PERP",
    null,
    1.9076,
    103933.6784,
    46698.24289725408,
    80033.3377,
    -4,
    5,
    54484
  ],
  "time": 1616458385758
}