{
  "code": 200,
  "result": [
    0.856308791384765,
    0,
    136899.72727061,
    null,
    null,
    0,
    136899.72727061,
    "BTC-PERP",
    null,
    2.03,
    117228.44,
    46698.24289725408,
    86702.5873,
    -4,
    5,
    57748
  ],
  "time": 1616401147055
}