{
  "code": 200,
  "result": [
    0.8013604571104409,
    0,
    129813.18191704,
    null,
    null,
    0,
    129813.18191704,
    "BTC-PERP",
    null,
    1.9076,
    104025.2432,
    46698.24289725408,
    80124.9025,
    -4,
    5,
    54533
  ],
  "time": 1616471046085
}