{
  "code": 200,
  "result": [
    0.8569166589351817,
    0,
    135547.06725428,
    null,
    null,
    0,
    135547.06725428,
    "BTC-PERP",
    null,
    2.03,
    116203.29,
    46698.24289725408,
    85677.4373,
    -4,
    5,
    57218
  ],
  "time": 1616422508164
}