{
  "code": 200,
  "result": [
    0.857202323614469,
    0,
    135224.82009992,
    null,
    null,
    0,
    135224.82009992,
    "BTC-PERP",
    null,
    2.03,
    115917.06,
    46698.24289725408,
    85391.2073,
    -4,
    5,
    57101
  ],
  "time": 1616429826448
}