{
  "code": 200,
  "result": [
    0.8555538982471478,
    0,
    133800.72282358,
    null,
    null,
    0,
    133800.72282358,
    "BTC-PERP",
    null,
    2.03,
    114494.03,
    46698.24289725408,
    83968.1773,
    -4,
    5,
    56391
  ],
  "time": 1616431387109
}