{
  "code": 200,
  "result": [
    0.800607343393428,
    0,
    129318.17732419,
    null,
    null,
    0,
    129318.17732419,
    "BTC-PERP",
    null,
    1.9076,
    103573.142,
    46698.24289725408,
    79672.8013,
    -4,
    5,
    54274
  ],
  "time": 1616473808260
}