{
  "code": 200,
  "result": [
    0.8567797762619936,
    0,
    134144.75129354,
    null,
    null,
    0,
    134144.75129354,
    "BTC-PERP",
    null,
    2.03,
    114932.51,
    46698.24289725408,
    84406.6573,
    -4,
    5,
    56617
  ],
  "time": 1616439126510
}