{
  "code": 200,
  "result": [
    0.8550597526423415,
    0,
    132218.54923078,
    null,
    null,
    0,
    132218.54923078,
    "BTC-PERP",
    null,
    2.03,
    113026.34,
    46698.24289725408,
    82500.4873,
    -4,
    5,
    55692
  ],
  "time": 1616440986649
}