{
  "code": 200,
  "result": [
    0.8570151093714314,
    0,
    135583.60725428,
    null,
    null,
    0,
    135583.60725428,
    "BTC-PERP",
    null,
    2.03,
    116199.23,
    46698.24289725408,
    85673.3773,
    -4,
    5,
    57240
  ],
  "time": 1616422447203
}