{
  "code": 200,
  "result": [
    0.8514419296568232,
    0,
    129332.81315425,
    null,
    null,
    0,
    129332.81315425,
    "BTC-PERP",
    null,
    2.03,
    110168.1,
    46698.24289725408,
    79642.2473,
    -4,
    5,
    54246
  ],
  "time": 1616453046228
}