{
  "code": 200,
  "result": [
    0.8577768488192961,
    0,
    137515.03105075,
    null,
    null,
    0,
    137515.03105075,
    "BTC-PERP",
    null,
    2.03,
    117957.21,
    46698.24289725408,
    87431.3573,
    -4,
    5,
    58107
  ],
  "time": 1616409607294
}