{
  "code": 200,
  "result": [
    0.8566173149441823,
    0,
    135153.65377309,
    null,
    null,
    0,
    135153.65377309,
    "BTC-PERP",
    null,
    2.03,
    115770.9,
    46698.24289725408,
    85245.0473,
    -4,
    5,
    57032
  ],
  "time": 1616423227230
}