{
  "code": 200,
  "result": [
    0.8573928735863032,
    0,
    136963.39638188,
    null,
    null,
    0,
    136963.39638188,
    "BTC-PERP",
    null,
    2.03,
    117443.62,
    46698.24289725408,
    86917.7673,
    -4,
    5,
    57848
  ],
  "time": 1616412727114
}