{
  "code": 200,
  "result": [
    0.8526704026782806,
    0,
    130289.24148305,
    null,
    null,
    0,
    130289.24148305,
    "BTC-PERP",
    null,
    2.03,
    111122.2,
    46698.24289725408,
    80596.3473,
    -4,
    5,
    54726
  ],
  "time": 1616446446816
}