{
  "code": 200,
  "result": [
    0.8527734826519364,
    0,
    129911.66148305,
    null,
    null,
    0,
    129911.66148305,
    "BTC-PERP",
    null,
    2.03,
    110744.62,
    46698.24289725408,
    80218.7673,
    -4,
    5,
    54574
  ],
  "time": 1616446026600
}