{
  "code": 200,
  "result": [
    0.8567183612297377,
    0,
    135490.7694909,
    null,
    null,
    0,
    135490.7694909,
    "BTC-PERP",
    null,
    2.03,
    116122.09,
    46698.24289725408,
    85596.2373,
    -4,
    5,
    57181
  ],
  "time": 1616424009066
}