{
  "code": 200,
  "result": [
    0.8569911706216036,
    0,
    136338.28912759,
    null,
    null,
    0,
    136338.28912759,
    "BTC-PERP",
    null,
    2.03,
    116840.71,
    46698.24289725408,
    86314.8573,
    -4,
    5,
    57557
  ],
  "time": 1616415786611
}