{
  "code": 200,
  "result": [
    0.8573081402290619,
    0,
    136995.87638188,
    null,
    null,
    0,
    136995.87638188,
    "BTC-PERP",
    null,
    2.03,
    117463.92,
    46698.24289725408,
    86938.0673,
    -4,
    5,
    57856
  ],
  "time": 1616412967799
}