{
  "code": 200,
  "result": [
    0.801481456571311,
    0,
    130026.83311704,
    null,
    null,
    0,
    130026.83311704,
    "BTC-PERP",
    null,
    1.9076,
    104238.8944,
    46698.24289725408,
    80338.5537,
    -4,
    5,
    54631
  ],
  "time": 1616472367571
}