{
  "code": 200,
  "result": [
    0.8564013393440353,
    0,
    135348.92424244,
    null,
    null,
    0,
    135348.92424244,
    "BTC-PERP",
    null,
    2.03,
    116000.29,
    46698.24289725408,
    85474.4373,
    -4,
    5,
    57100
  ],
  "time": 1616425146645
}