{
  "code": 200,
  "result": [
    0.8571643987812823,
    0,
    135600.25377309,
    null,
    null,
    0,
    135600.25377309,
    "BTC-PERP",
    null,
    2.03,
    116213.44,
    46698.24289725408,
    85687.5873,
    -4,
    5,
    57257
  ],
  "time": 1616422747181
}