{
  "code": 200,
  "result": [
    0.8520347627569723,
    0,
    129523.96407267,
    null,
    null,
    0,
    129523.96407267,
    "BTC-PERP",
    null,
    2.03,
    110360.95,
    46698.24289725408,
    79835.0973,
    -4,
    5,
    54364
  ],
  "time": 1616455686204
}