{
  "code": 200,
  "result": [
    0.80269556912549,
    0,
    130792.64124303,
    null,
    null,
    0,
    130792.64124303,
    "BTC-PERP",
    null,
    1.9076,
    104975.228,
    46698.24289725408,
    81074.8873,
    -4,
    5,
    55036
  ],
  "time": 1616465046132
}