{
  "code": 200,
  "result": [
    0.8568049039595416,
    0,
    135422.59091164,
    null,
    null,
    0,
    135422.59091164,
    "BTC-PERP",
    null,
    2.03,
    116077.43,
    46698.24289725408,
    85551.5773,
    -4,
    5,
    57158
  ],
  "time": 1616425387763
}