{
  "code": 200,
  "result": [
    0.800731501766411,
    0,
    129274.30252419,
    null,
    null,
    0,
    129274.30252419,
    "BTC-PERP",
    null,
    1.9076,
    103487.3,
    46698.24289725408,
    79586.9593,
    -4,
    5,
    54264
  ],
  "time": 1616474467704
}