{
  "code": 200,
  "result": [
    0.8547929181184625,
    0,
    132005.71461024,
    null,
    null,
    0,
    132005.71461024,
    "BTC-PERP",
    null,
    2.03,
    112803.04,
    46698.24289725408,
    82277.1873,
    -4,
    5,
    55585
  ],
  "time": 1616443326917
}