{
  "code": 200,
  "result": [
    0.8580832599373265,
    0,
    137759.27758879,
    null,
    null,
    0,
    137759.27758879,
    "BTC-PERP",
    null,
    2.03,
    118208.93,
    46698.24289725408,
    87683.0773,
    -4,
    5,
    58231
  ],
  "time": 1616411167185
}