{
  "code": 200,
  "result": [
    0.8556765962280972,
    0,
    136229.84491319,
    null,
    null,
    0,
    136229.84491319,
    "BTC-PERP",
    null,
    2.03,
    116576.81,
    46698.24289725408,
    86050.9573,
    -4,
    5,
    57423
  ],
  "time": 1616402346473
}