{
  "code": 200,
  "result": [
    0.8569015108694504,
    0,
    134741.63428986,
    null,
    null,
    0,
    134741.63428986,
    "BTC-PERP",
    null,
    2.03,
    115440.01,
    46698.24289725408,
    84914.1573,
    -4,
    5,
    56877
  ],
  "time": 1616434147384
}