{
  "code": 200,
  "result": [
    0.855941393085444,
    0,
    134610.5480244,
    null,
    null,
    0,
    134610.5480244,
    "BTC-PERP",
    null,
    2.03,
    115210.62,
    46698.24289725408,
    84684.7673,
    -4,
    5,
    56758
  ],
  "time": 1616420647110
}