{
  "code": 200,
  "result": [
    0.8017381096231234,
    0,
    130211.24522704,
    null,
    null,
    0,
    130211.24522704,
    "BTC-PERP",
    null,
    1.9076,
    104385.7796,
    46698.24289725408,
    80485.4389,
    -4,
    5,
    54726
  ],
  "time": 1616468106328
}