{
  "code": 200,
  "result": [
    0.8026805447254561,
    0,
    130688.14522704,
    null,
    null,
    0,
    130688.14522704,
    "BTC-PERP",
    null,
    1.9076,
    104900.8316,
    46698.24289725408,
    81000.4909,
    -4,
    5,
    54991
  ],
  "time": 1616465707174
}