{
  "code": 200,
  "result": [
    0.8519481949382518,
    0,
    129432.28315425,
    null,
    null,
    0,
    129432.28315425,
    "BTC-PERP",
    null,
    2.03,
    110247.27,
    46698.24289725408,
    79721.4173,
    -4,
    5,
    54320
  ],
  "time": 1616451846885
}