{
  "code": 200,
  "result": [
    0.8571190828163017,
    0,
    135470.05582757,
    null,
    null,
    0,
    135470.05582757,
    "BTC-PERP",
    null,
    2.03,
    116109.91,
    46698.24289725408,
    85584.0573,
    -4,
    5,
    57199
  ],
  "time": 1616425027556
}