{
  "code": 200,
  "result": [
    0.85653353173951,
    0,
    135131.32377309,
    null,
    null,
    0,
    135131.32377309,
    "BTC-PERP",
    null,
    2.03,
    115748.57,
    46698.24289725408,
    85222.7173,
    -4,
    5,
    57017
  ],
  "time": 1616422987264
}