{
  "code": 200,
  "result": [
    0.8567218280373351,
    0,
    134210.69270922,
    null,
    null,
    0,
    134210.69270922,
    "BTC-PERP",
    null,
    2.03,
    114981.23,
    46698.24289725408,
    84455.3773,
    -4,
    5,
    56641
  ],
  "time": 1616438346441
}