{
  "code": 200,
  "result": [
    0.8524925413599275,
    0,
    129802.07407267,
    null,
    null,
    0,
    129802.07407267,
    "BTC-PERP",
    null,
    2.03,
    110637.03,
    46698.24289725408,
    80111.1773,
    -4,
    5,
    54510
  ],
  "time": 1616455326411
}