{
  "code": 200,
  "result": [
    0.8572954524285618,
    0,
    137170.76145321,
    null,
    null,
    0,
    137170.76145321,
    "BTC-PERP",
    null,
    2.03,
    117581.66,
    46698.24289725408,
    87055.8073,
    -4,
    5,
    57929
  ],
  "time": 1616407928384
}