{
  "code": 200,
  "result": [
    0.8579981401432136,
    0,
    137891.242958,
    null,
    null,
    0,
    137891.242958,
    "BTC-PERP",
    null,
    2.03,
    118336.82,
    46698.24289725408,
    87810.9673,
    -4,
    5,
    58281
  ],
  "time": 1616408346991
}