{
  "code": 200,
  "result": [
    0.852957107566056,
    0,
    130183.56845265,
    null,
    null,
    0,
    130183.56845265,
    "BTC-PERP",
    null,
    2.03,
    111016.64,
    46698.24289725408,
    80490.7873,
    -4,
    5,
    54700
  ],
  "time": 1616449506885
}