{
  "code": 200,
  "result": [
    0.8559808534261182,
    0,
    136461.26491319,
    null,
    null,
    0,
    136461.26491319,
    "BTC-PERP",
    null,
    2.03,
    116808.23,
    46698.24289725408,
    86282.3773,
    -4,
    5,
    57541
  ],
  "time": 1616402107891
}