{
  "code": 200,
  "result": [
    0.801542206226399,
    0,
    129924.16168611,
    null,
    null,
    0,
    129924.16168611,
    "BTC-PERP",
    null,
    1.9076,
    104128.2536,
    46698.24289725408,
    80227.9129,
    -4,
    5,
    54592
  ],
  "time": 1616460906507
}