{
  "code": 200,
  "result": [
    0.8014274665996434,
    0,
    129866.59471704,
    null,
    null,
    0,
    129866.59471704,
    "BTC-PERP",
    null,
    1.9076,
    104114.9004,
    46698.24289725408,
    80214.5597,
    -4,
    5,
    54560
  ],
  "time": 1616469307573
}