{
  "code": 200,
  "result": [
    0.8575339794116243,
    0,
    135274.31307106,
    null,
    null,
    0,
    135274.31307106,
    "BTC-PERP",
    null,
    2.03,
    116000.29,
    46698.24289725408,
    85474.4373,
    -4,
    5,
    57144
  ],
  "time": 1616435287203
}