{
  "code": 200,
  "result": [
    0.8523915528622543,
    0,
    129850.79407267,
    null,
    null,
    0,
    129850.79407267,
    "BTC-PERP",
    null,
    2.03,
    110685.75,
    46698.24289725408,
    80159.8973,
    -4,
    5,
    54524
  ],
  "time": 1616456706577
}