{
  "code": 200,
  "result": [
    0.8014751652903263,
    0,
    129880.28688611,
    null,
    null,
    0,
    129880.28688611,
    "BTC-PERP",
    null,
    1.9076,
    104093.9168,
    46698.24289725408,
    80193.5761,
    -4,
    5,
    54569
  ],
  "time": 1616460726651
}