{
  "code": 200,
  "result": [
    0.8528935532004245,
    0,
    129905.27315425,
    null,
    null,
    0,
    129905.27315425,
    "BTC-PERP",
    null,
    2.03,
    110740.56,
    46698.24289725408,
    80214.7073,
    -4,
    5,
    54579
  ],
  "time": 1616453886099
}