{
  "code": 200,
  "result": [
    0.8569183300400098,
    0,
    136807.08638188,
    null,
    null,
    0,
    136807.08638188,
    "BTC-PERP",
    null,
    2.03,
    117275.13,
    46698.24289725408,
    86749.2773,
    -4,
    5,
    57750
  ],
  "time": 1616412608667
}