{
  "code": 200,
  "result": [
    0.8019046748414373,
    0,
    130179.44111704,
    null,
    null,
    0,
    130179.44111704,
    "BTC-PERP",
    null,
    1.9076,
    104391.5024,
    46698.24289725408,
    80491.1617,
    -4,
    5,
    54724
  ],
  "time": 1616469607319
}