{
  "code": 200,
  "result": [
    0.8015226688944188,
    0,
    130015.38751704,
    null,
    null,
    0,
    130015.38751704,
    "BTC-PERP",
    null,
    1.9076,
    104217.9108,
    46698.24289725408,
    80317.5701,
    -4,
    5,
    54629
  ],
  "time": 1616469906962
}