{
  "code": 200,
  "result": [
    0.8565139997624232,
    0,
    133994.40059571,
    null,
    null,
    0,
    133994.40059571,
    "BTC-PERP",
    null,
    2.03,
    114768.08,
    46698.24289725408,
    84242.2273,
    -4,
    5,
    56536
  ],
  "time": 1616439546196
}