{
  "code": 200,
  "result": [
    0.8567931982128275,
    0,
    135571.33768369,
    null,
    null,
    0,
    135571.33768369,
    "BTC-PERP",
    null,
    2.03,
    116162.69,
    46698.24289725408,
    85636.8373,
    -4,
    5,
    57220
  ],
  "time": 1616419447672
}