{
  "code": 200,
  "result": [
    0.8574490705416963,
    0,
    135451.06524709,
    null,
    null,
    0,
    135451.06524709,
    "BTC-PERP",
    null,
    2.03,
    116142.39,
    46698.24289725408,
    85616.5373,
    -4,
    5,
    57213
  ],
  "time": 1616429646966
}