{
  "code": 200,
  "result": [
    0.8573124662000737,
    0,
    135406.34783317,
    null,
    null,
    0,
    135406.34783317,
    "BTC-PERP",
    null,
    2.03,
    116077.43,
    46698.24289725408,
    85551.5773,
    -4,
    5,
    57185
  ],
  "time": 1616426768228
}