{
  "code": 200,
  "result": [
    0.8569227971067798,
    0,
    135979.61262487,
    null,
    null,
    0,
    135979.61262487,
    "BTC-PERP",
    null,
    2.03,
    116536.21,
    46698.24289725408,
    86010.3573,
    -4,
    5,
    57401
  ],
  "time": 1616417886729
}