{
  "code": 200,
  "result": [
    0.8525247761659184,
    0,
    129801.92845265,
    null,
    null,
    0,
    129801.92845265,
    "BTC-PERP",
    null,
    2.03,
    110659.36,
    46698.24289725408,
    80133.5073,
    -4,
    5,
    54512
  ],
  "time": 1616448726386
}