{
  "code": 200,
  "result": [
    0.8519980707259426,
    0,
    129503.33315425,
    null,
    null,
    0,
    129503.33315425,
    "BTC-PERP",
    null,
    2.03,
    110338.62,
    46698.24289725408,
    79812.7673,
    -4,
    5,
    54353
  ],
  "time": 1616455206861
}