{
  "code": 200,
  "result": [
    0.8023093329815506,
    0,
    130548.89042704,
    null,
    null,
    0,
    130548.89042704,
    "BTC-PERP",
    null,
    1.9076,
    104752.0388,
    46698.24289725408,
    80851.6981,
    -4,
    5,
    54907
  ],
  "time": 1616467386246
}