{
  "code": 200,
  "result": [
    0.8016640237060276,
    0,
    130042.43288611,
    null,
    null,
    0,
    130042.43288611,
    "BTC-PERP",
    null,
    1.9076,
    104256.0628,
    46698.24289725408,
    80355.7221,
    -4,
    5,
    54650
  ],
  "time": 1616461446526
}