{
  "code": 200,
  "result": [
    0.8576294416799862,
    0,
    136901.94656798,
    null,
    null,
    0,
    136901.94656798,
    "BTC-PERP",
    null,
    2.03,
    117376.63,
    46698.24289725408,
    86850.7773,
    -4,
    5,
    57838
  ],
  "time": 1616413926704
}