{
  "code": 200,
  "result": [
    0.801647049013438,
    0,
    129992.83528611,
    null,
    null,
    0,
    129992.83528611,
    "BTC-PERP",
    null,
    1.9076,
    104206.4652,
    46698.24289725408,
    80306.1245,
    -4,
    5,
    54628
  ],
  "time": 1616461686021
}