{
  "code": 200,
  "result": [
    0.8525617281272369,
    0,
    129793.92148305,
    null,
    null,
    0,
    129793.92148305,
    "BTC-PERP",
    null,
    2.03,
    110653.27,
    46698.24289725408,
    80127.4173,
    -4,
    5,
    54511
  ],
  "time": 1616445967244
}