{
  "code": 200,
  "result": [
    0.8558258451987563,
    0,
    136550.02434854,
    null,
    null,
    0,
    136550.02434854,
    "BTC-PERP",
    null,
    2.03,
    116869.13,
    46698.24289725408,
    86343.2773,
    -4,
    5,
    57568
  ],
  "time": 1616400486974
}