{
  "code": 200,
  "result": [
    0.8524717641924789,
    0,
    129907.63407267,
    null,
    null,
    0,
    129907.63407267,
    "BTC-PERP",
    null,
    2.03,
    110740.56,
    46698.24289725408,
    80214.7073,
    -4,
    5,
    54553
  ],
  "time": 1616457067935
}