{
  "code": 200,
  "result": [
    0.8564876042635656,
    0,
    135131.4594909,
    null,
    null,
    0,
    135131.4594909,
    "BTC-PERP",
    null,
    2.03,
    115787.14,
    46698.24289725408,
    85261.2873,
    -4,
    5,
    57014
  ],
  "time": 1616423286709
}