{
  "code": 200,
  "result": [
    0.8523640730821037,
    0,
    129866.88845265,
    null,
    null,
    0,
    129866.88845265,
    "BTC-PERP",
    null,
    2.03,
    110699.96,
    46698.24289725408,
    80174.1073,
    -4,
    5,
    54529
  ],
  "time": 1616448546442
}