{
  "code": 200,
  "result": [
    0.8567142442507435,
    0,
    134735.54428986,
    null,
    null,
    0,
    134735.54428986,
    "BTC-PERP",
    null,
    2.03,
    115448.13,
    46698.24289725408,
    84922.2773,
    -4,
    5,
    56862
  ],
  "time": 1616434210135
}