{
  "code": 200,
  "result": [
    0.8023574353030581,
    0,
    130474.49402704,
    null,
    null,
    0,
    130474.49402704,
    "BTC-PERP",
    null,
    1.9076,
    104687.1804,
    46698.24289725408,
    80786.8397,
    -4,
    5,
    54879
  ],
  "time": 1616465826787
}