{
  "code": 200,
  "result": [
    0.8574001054827182,
    0,
    135061.04006694,
    null,
    null,
    0,
    135061.04006694,
    "BTC-PERP",
    null,
    2.03,
    115817.59,
    46698.24289725408,
    85291.7373,
    -4,
    5,
    57045
  ],
  "time": 1616436607775
}