{
  "code": 200,
  "result": [
    0.802633299456939,
    0,
    130569.87402704,
    null,
    null,
    0,
    130569.87402704,
    "BTC-PERP",
    null,
    1.9076,
    104782.5604,
    46698.24289725408,
    80882.2197,
    -4,
    5,
    54938
  ],
  "time": 1616467507419
}