{
  "code": 200,
  "result": [
    0.8015256177210183,
    0,
    129836.41208611,
    null,
    null,
    0,
    129836.41208611,
    "BTC-PERP",
    null,
    1.9076,
    104050.042,
    46698.24289725408,
    80149.7013,
    -4,
    5,
    54554
  ],
  "time": 1616460967747
}