{
  "code": 200,
  "result": [
    0.8013608836233121,
    0,
    129853.58048611,
    null,
    null,
    0,
    129853.58048611,
    "BTC-PERP",
    null,
    1.9076,
    104067.2104,
    46698.24289725408,
    80166.8697,
    -4,
    5,
    54550
  ],
  "time": 1616461625859
}