{
  "code": 200,
  "result": [
    0.8549060889507258,
    0,
    132030.98148305,
    null,
    null,
    0,
    132030.98148305,
    "BTC-PERP",
    null,
    2.03,
    112916.72,
    46698.24289725408,
    82390.8673,
    -4,
    5,
    55603
  ],
  "time": 1616445606936
}