{
  "code": 200,
  "result": [
    0.8522652442022909,
    0,
    129877.18407267,
    null,
    null,
    0,
    129877.18407267,
    "BTC-PERP",
    null,
    2.03,
    110712.14,
    46698.24289725408,
    80186.2873,
    -4,
    5,
    54527
  ],
  "time": 1616455867531
}