{
  "code": 200,
  "result": [
    0.801052752973756,
    0,
    129613.00290719,
    null,
    null,
    0,
    129613.00290719,
    "BTC-PERP",
    null,
    1.9076,
    103828.7604,
    46698.24289725408,
    79928.4197,
    -4,
    5,
    54428
  ],
  "time": 1616458145878
}