{
  "code": 200,
  "result": [
    0.8010106824795002,
    0,
    129345.93890719,
    null,
    null,
    0,
    129345.93890719,
    "BTC-PERP",
    null,
    1.9076,
    103559.7888,
    46698.24289725408,
    79659.4481,
    -4,
    5,
    54313
  ],
  "time": 1616458026052
}