{
  "code": 200,
  "result": [
    0.8556811197423,
    0,
    136188.79429652,
    null,
    null,
    0,
    136188.79429652,
    "BTC-PERP",
    null,
    2.03,
    116528.09,
    46698.24289725408,
    86002.2373,
    -4,
    5,
    57406
  ],
  "time": 1616403187067
}