{
  "code": 200,
  "result": [
    0.8023426911898746,
    0,
    130462.62644303,
    null,
    null,
    0,
    130462.62644303,
    "BTC-PERP",
    null,
    1.9076,
    104675.7348,
    46698.24289725408,
    80775.3941,
    -4,
    5,
    54873
  ],
  "time": 1616462286365
}