{
  "code": 200,
  "result": [
    0.8020591820861587,
    0,
    130099.66088611,
    null,
    null,
    0,
    130099.66088611,
    "BTC-PERP",
    null,
    1.9076,
    104313.2908,
    46698.24289725408,
    80412.9501,
    -4,
    5,
    54701
  ],
  "time": 1616460367645
}