{
  "code": 200,
  "result": [
    0.8579039803711721,
    0,
    137553.80870123,
    null,
    null,
    0,
    137553.80870123,
    "BTC-PERP",
    null,
    2.03,
    118026.23,
    46698.24289725408,
    87500.3773,
    -4,
    5,
    58132
  ],
  "time": 1616411886729
}