{
  "code": 200,
  "result": [
    0.8553373056639516,
    0,
    132564.87148305,
    null,
    null,
    0,
    132564.87148305,
    "BTC-PERP",
    null,
    2.03,
    113355.2,
    46698.24289725408,
    82829.3473,
    -4,
    5,
    55856
  ],
  "time": 1616444586525
}