{
  "code": 200,
  "result": [
    0.8570657383599375,
    0,
    136551.43912759,
    null,
    null,
    0,
    136551.43912759,
    "BTC-PERP",
    null,
    2.03,
    117053.86,
    46698.24289725408,
    86528.0073,
    -4,
    5,
    57652
  ],
  "time": 1616415008436
}