{
  "code": 200,
  "result": [
    0.8555625809102848,
    0,
    132560.81148305,
    null,
    null,
    0,
    132560.81148305,
    "BTC-PERP",
    null,
    2.03,
    113393.77,
    46698.24289725408,
    82867.9173,
    -4,
    5,
    55869
  ],
  "time": 1616445007980
}