{
  "code": 200,
  "result": [
    0.8573417715669676,
    0,
    136587.97912759,
    null,
    null,
    0,
    136587.97912759,
    "BTC-PERP",
    null,
    2.03,
    117090.4,
    46698.24289725408,
    86564.5473,
    -4,
    5,
    57686
  ],
  "time": 1616414886838
}