{
  "code": 200,
  "result": [
    0.8559137041617364,
    0,
    132990.26461024,
    null,
    null,
    0,
    132990.26461024,
    "BTC-PERP",
    null,
    2.03,
    113824.13,
    46698.24289725408,
    83298.2773,
    -4,
    5,
    56073
  ],
  "time": 1616442726157
}