{
  "code": 200,
  "result": [
    0.8014829795279006,
    0,
    129893.30111704,
    null,
    null,
    0,
    129893.30111704,
    "BTC-PERP",
    null,
    1.9076,
    104105.3624,
    46698.24289725408,
    80205.0217,
    -4,
    5,
    54575
  ],
  "time": 1616470086227
}