{
  "code": 200,
  "result": [
    0.8573099105915285,
    0,
    135169.96428986,
    null,
    null,
    0,
    135169.96428986,
    "BTC-PERP",
    null,
    2.03,
    115886.61,
    46698.24289725408,
    85360.7573,
    -4,
    5,
    57085
  ],
  "time": 1616434326835
}