{
  "code": 200,
  "result": [
    0.8574173648842066,
    0,
    136933.44082885,
    null,
    null,
    0,
    136933.44082885,
    "BTC-PERP",
    null,
    2.03,
    117413.17,
    46698.24289725408,
    86887.3173,
    -4,
    5,
    57837
  ],
  "time": 1616414107402
}