{
  "code": 200,
  "result": [
    0.8559824141655329,
    0,
    136631.76727061,
    null,
    null,
    0,
    136631.76727061,
    "BTC-PERP",
    null,
    2.03,
    116960.48,
    46698.24289725408,
    86434.6273,
    -4,
    5,
    57613
  ],
  "time": 1616400847104
}