{
  "code": 200,
  "result": [
    0.8030285895046272,
    0,
    130645.75604303,
    null,
    null,
    0,
    130645.75604303,
    "BTC-PERP",
    null,
    1.9076,
    104858.8644,
    46698.24289725408,
    80958.5237,
    -4,
    5,
    54997
  ],
  "time": 1616465227362
}