{
  "code": 200,
  "result": [
    0.852112323750482,
    0,
    129562.20315425,
    null,
    null,
    0,
    129562.20315425,
    "BTC-PERP",
    null,
    2.03,
    110383.28,
    46698.24289725408,
    79857.4273,
    -4,
    5,
    54385
  ],
  "time": 1616452507222
}