{
  "code": 200,
  "result": [
    0.8012463962414509,
    0,
    129743.57212419,
    null,
    null,
    0,
    129743.57212419,
    "BTC-PERP",
    null,
    1.9076,
    103956.5696,
    46698.24289725408,
    80056.2289,
    -4,
    5,
    54496
  ],
  "time": 1616475186708
}