{
  "code": 200,
  "result": [
    0.7992195821241154,
    0,
    128743.13730719,
    null,
    null,
    0,
    128743.13730719,
    "BTC-PERP",
    null,
    1.9076,
    102956.9872,
    46698.24289725408,
    79056.6465,
    -4,
    5,
    53939
  ],
  "time": 1616457786053
}