{
  "code": 200,
  "result": [
    0.8560396739461968,
    0,
    136843.16692939,
    null,
    null,
    0,
    136843.16692939,
    "BTC-PERP",
    null,
    2.03,
    117153.33,
    46698.24289725408,
    86627.4773,
    -4,
    5,
    57706
  ],
  "time": 1616399887081
}