{
  "code": 200,
  "result": [
    0.8529167596886127,
    0,
    130244.46845265,
    null,
    null,
    0,
    130244.46845265,
    "BTC-PERP",
    null,
    2.03,
    111077.54,
    46698.24289725408,
    80551.6873,
    -4,
    5,
    54723
  ],
  "time": 1616450046245
}