{
  "code": 200,
  "result": [
    0.8566542434517712,
    0,
    134062.5122421,
    null,
    null,
    0,
    134062.5122421,
    "BTC-PERP",
    null,
    2.03,
    114845.22,
    46698.24289725408,
    84319.3673,
    -4,
    5,
    56574
  ],
  "time": 1616438826505
}