{
  "code": 200,
  "result": [
    0.8009478796715026,
    0,
    129548.99692419,
    null,
    null,
    0,
    129548.99692419,
    "BTC-PERP",
    null,
    1.9076,
    103761.9944,
    46698.24289725408,
    79861.6537,
    -4,
    5,
    54394
  ],
  "time": 1616475726733
}