{
  "code": 200,
  "result": [
    0.8003303080601314,
    0,
    129205.62892419,
    null,
    null,
    0,
    129205.62892419,
    "BTC-PERP",
    null,
    1.9076,
    103418.6264,
    46698.24289725408,
    79518.2857,
    -4,
    5,
    54208
  ],
  "time": 1616474407186
}