{
  "code": 200,
  "result": [
    0.8543657890241565,
    0,
    132603.94020388,
    null,
    null,
    0,
    132603.94020388,
    "BTC-PERP",
    null,
    2.03,
    113410.01,
    46698.24289725408,
    82884.1573,
    -4,
    5,
    55809
  ],
  "time": 1616440626460
}