{
  "code": 200,
  "result": [
    0.8575842658368895,
    0,
    135349.22995203,
    null,
    null,
    0,
    135349.22995203,
    "BTC-PERP",
    null,
    2.03,
    116071.34,
    46698.24289725408,
    85545.4873,
    -4,
    5,
    57179
  ],
  "time": 1616434808114
}