{
  "code": 200,
  "result": [
    0.852949598358656,
    0,
    130327.51315425,
    null,
    null,
    0,
    130327.51315425,
    "BTC-PERP",
    null,
    2.03,
    111160.77,
    46698.24289725408,
    80634.9173,
    -4,
    5,
    54760
  ],
  "time": 1616454307585
}