{
  "code": 200,
  "result": [
    0.8015867652273769,
    0,
    130100.18244303,
    null,
    null,
    0,
    130100.18244303,
    "BTC-PERP",
    null,
    1.9076,
    104313.2908,
    46698.24289725408,
    80412.9501,
    -4,
    5,
    54669
  ],
  "time": 1616462046654
}