{
  "code": 200,
  "result": [
    0.8024120294498005,
    0,
    130508.40884303,
    null,
    null,
    0,
    130508.40884303,
    "BTC-PERP",
    null,
    1.9076,
    104721.5172,
    46698.24289725408,
    80821.1765,
    -4,
    5,
    54897
  ],
  "time": 1616463186184
}