{
  "code": 200,
  "result": [
    0.8575996573447011,
    0,
    137529.24105075,
    null,
    null,
    0,
    137529.24105075,
    "BTC-PERP",
    null,
    2.03,
    117971.42,
    46698.24289725408,
    87445.5673,
    -4,
    5,
    58101
  ],
  "time": 1616409786986
}