{
  "code": 200,
  "result": [
    0.8571837732522382,
    0,
    135952.42191514,
    null,
    null,
    0,
    135952.42191514,
    "BTC-PERP",
    null,
    2.03,
    116522,
    46698.24289725408,
    85996.1473,
    -4,
    5,
    57407
  ],
  "time": 1616419026401
}