{
  "code": 200,
  "result": [
    0.8566663893624025,
    0,
    135617.47191514,
    null,
    null,
    0,
    135617.47191514,
    "BTC-PERP",
    null,
    2.03,
    116187.05,
    46698.24289725408,
    85661.1973,
    -4,
    5,
    57231
  ],
  "time": 1616418426346
}