{
  "code": 200,
  "result": [
    0.8573604741691108,
    0,
    136750.74082885,
    null,
    null,
    0,
    136750.74082885,
    "BTC-PERP",
    null,
    2.03,
    117230.47,
    46698.24289725408,
    86704.6173,
    -4,
    5,
    57756
  ],
  "time": 1616414527290
}