{
  "code": 200,
  "result": [
    0.855603153275313,
    0,
    136073.08429652,
    null,
    null,
    0,
    136073.08429652,
    "BTC-PERP",
    null,
    2.03,
    116426.59,
    46698.24289725408,
    85900.7373,
    -4,
    5,
    57352
  ],
  "time": 1616402946542
}