{
  "code": 200,
  "result": [
    0.8016024390423263,
    0,
    129971.51271704,
    null,
    null,
    0,
    129971.51271704,
    "BTC-PERP",
    null,
    1.9076,
    104183.574,
    46698.24289725408,
    80283.2333,
    -4,
    5,
    54616
  ],
  "time": 1616472067631
}