{
  "code": 200,
  "result": [
    0.8567593923068969,
    0,
    135316.05377309,
    null,
    null,
    0,
    135316.05377309,
    "BTC-PERP",
    null,
    2.03,
    115933.3,
    46698.24289725408,
    85407.4473,
    -4,
    5,
    57110
  ],
  "time": 1616422868344
}