{
  "code": 200,
  "result": [
    0.8552489943799021,
    0,
    132542.95619744,
    null,
    null,
    0,
    132542.95619744,
    "BTC-PERP",
    null,
    2.03,
    113357.23,
    46698.24289725408,
    82831.3773,
    -4,
    5,
    55841
  ],
  "time": 1616441345924
}