{
  "code": 200,
  "result": [
    0.8575336891278172,
    0,
    137052.16656798,
    null,
    null,
    0,
    137052.16656798,
    "BTC-PERP",
    null,
    2.03,
    117526.85,
    46698.24289725408,
    87000.9973,
    -4,
    5,
    57895
  ],
  "time": 1616413567845
}