{
  "code": 200,
  "result": [
    0.8572433949453576,
    0,
    136094.52191514,
    null,
    null,
    0,
    136094.52191514,
    "BTC-PERP",
    null,
    2.03,
    116631.62,
    46698.24289725408,
    86105.7673,
    -4,
    5,
    57471
  ],
  "time": 1616419207667
}