{
  "code": 200,
  "result": [
    0.8554412151979723,
    0,
    132309.09148305,
    null,
    null,
    0,
    132309.09148305,
    "BTC-PERP",
    null,
    2.03,
    113142.05,
    46698.24289725408,
    82616.1973,
    -4,
    5,
    55755
  ],
  "time": 1616443986534
}