{
  "code": 200,
  "result": [
    0.8558388962605158,
    0,
    133910.34282358,
    null,
    null,
    0,
    133910.34282358,
    "BTC-PERP",
    null,
    2.03,
    114603.65,
    46698.24289725408,
    84077.7973,
    -4,
    5,
    56456
  ],
  "time": 1616431268248
}