{
  "code": 200,
  "result": [
    0.8522503169679426,
    0,
    129600.77315425,
    null,
    null,
    0,
    129600.77315425,
    "BTC-PERP",
    null,
    2.03,
    110436.06,
    46698.24289725408,
    79910.2073,
    -4,
    5,
    54410
  ],
  "time": 1616452746396
}