{
  "code": 200,
  "result": [
    0.8570771585137957,
    0,
    136035.65191514,
    null,
    null,
    0,
    136035.65191514,
    "BTC-PERP",
    null,
    2.03,
    116605.23,
    46698.24289725408,
    86079.3773,
    -4,
    5,
    57435
  ],
  "time": 1616419146705
}