{
  "code": 200,
  "result": [
    0.8553311091701161,
    0,
    132482.76461024,
    null,
    null,
    0,
    132482.76461024,
    "BTC-PERP",
    null,
    2.03,
    113316.63,
    46698.24289725408,
    82790.7773,
    -4,
    5,
    55821
  ],
  "time": 1616443026668
}