{
  "code": 200,
  "result": [
    0.855112065014891,
    0,
    132459.72619744,
    null,
    null,
    0,
    132459.72619744,
    "BTC-PERP",
    null,
    2.03,
    113274,
    46698.24289725408,
    82748.1473,
    -4,
    5,
    55797
  ],
  "time": 1616441645967
}