{
  "code": 200,
  "result": [
    0.8553037693584817,
    0,
    132197.44148305,
    null,
    null,
    0,
    132197.44148305,
    "BTC-PERP",
    null,
    2.03,
    113030.4,
    46698.24289725408,
    82504.5473,
    -4,
    5,
    55699
  ],
  "time": 1616445367916
}