{
  "code": 200,
  "result": [
    0.8559064389818679,
    0,
    135944.22789763,
    null,
    null,
    0,
    135944.22789763,
    "BTC-PERP",
    null,
    2.03,
    116321.03,
    46698.24289725408,
    85795.1773,
    -4,
    5,
    57318
  ],
  "time": 1616404927077
}