{
  "code": 200,
  "result": [
    0.8555706284869243,
    0,
    135959.62288434,
    null,
    null,
    0,
    135959.62288434,
    "BTC-PERP",
    null,
    2.03,
    116361.63,
    46698.24289725408,
    85835.7773,
    -4,
    5,
    57302
  ],
  "time": 1616406426944
}