{
  "code": 200,
  "result": [
    0.8561655736761276,
    0,
    134390.36039018,
    null,
    null,
    0,
    134390.36039018,
    "BTC-PERP",
    null,
    2.03,
    115088.82,
    46698.24289725408,
    84562.9673,
    -4,
    5,
    56680
  ],
  "time": 1616432467980
}