{
  "code": 200,
  "result": [
    0.8572246425372512,
    0,
    135199.98638509,
    null,
    null,
    0,
    135199.98638509,
    "BTC-PERP",
    null,
    2.03,
    115886.61,
    46698.24289725408,
    85360.7573,
    -4,
    5,
    57092
  ],
  "time": 1616428386628
}