{
  "code": 200,
  "result": [
    0.8014549662541888,
    0,
    129847.85768611,
    null,
    null,
    0,
    129847.85768611,
    "BTC-PERP",
    null,
    1.9076,
    104084.3788,
    46698.24289725408,
    80184.0381,
    -4,
    5,
    54554
  ],
  "time": 1616461326051
}