{
  "code": 200,
  "result": [
    0.8025073987319882,
    0,
    130583.22722704,
    null,
    null,
    0,
    130583.22722704,
    "BTC-PERP",
    null,
    1.9076,
    104795.9136,
    46698.24289725408,
    80895.5729,
    -4,
    5,
    54935
  ],
  "time": 1616466307012
}