{
  "code": 200,
  "result": [
    0.8571064278723125,
    0,
    135140.47524709,
    null,
    null,
    0,
    135140.47524709,
    "BTC-PERP",
    null,
    2.03,
    115829.77,
    46698.24289725408,
    85303.9173,
    -4,
    5,
    57059
  ],
  "time": 1616429467660
}