{
  "code": 200,
  "result": [
    0.8016343447814812,
    0,
    130002.03431704,
    null,
    null,
    0,
    130002.03431704,
    "BTC-PERP",
    null,
    1.9076,
    104214.0956,
    46698.24289725408,
    80313.7549,
    -4,
    5,
    54631
  ],
  "time": 1616469967559
}