{
  "code": 200,
  "result": [
    0.856583380051783,
    0,
    135078.43216968,
    null,
    null,
    0,
    135078.43216968,
    "BTC-PERP",
    null,
    2.03,
    115687.67,
    46698.24289725408,
    85161.8173,
    -4,
    5,
    56998
  ],
  "time": 1616421547732
}