{
  "code": 200,
  "result": [
    0.8577200365778789,
    0,
    135181.0673126,
    null,
    null,
    0,
    135181.0673126,
    "BTC-PERP",
    null,
    2.03,
    115941.42,
    46698.24289725408,
    85415.5673,
    -4,
    5,
    57117
  ],
  "time": 1616436967902
}