{
  "code": 200,
  "result": [
    0.8560325751316666,
    0,
    136751.81692939,
    null,
    null,
    0,
    136751.81692939,
    "BTC-PERP",
    null,
    2.03,
    117061.98,
    46698.24289725408,
    86536.1273,
    -4,
    5,
    57667
  ],
  "time": 1616399769146
}