{
  "code": 200,
  "result": [
    0.8525960313014302,
    0,
    130305.36845265,
    null,
    null,
    0,
    130305.36845265,
    "BTC-PERP",
    null,
    2.03,
    111138.44,
    46698.24289725408,
    80612.5873,
    -4,
    5,
    54728
  ],
  "time": 1616447825975
}