{
  "code": 200,
  "result": [
    0.856947118303062,
    0,
    136954.09844239,
    null,
    null,
    0,
    136954.09844239,
    "BTC-PERP",
    null,
    2.03,
    117364.45,
    46698.24289725408,
    86838.5973,
    -4,
    5,
    57814
  ],
  "time": 1616407686801
}