{
  "code": 200,
  "result": [
    0.8571437371470343,
    0,
    136055.87364864,
    null,
    null,
    0,
    136055.87364864,
    "BTC-PERP",
    null,
    2.03,
    116574.78,
    46698.24289725408,
    86048.9273,
    -4,
    5,
    57448
  ],
  "time": 1616416209151
}