{
  "code": 200,
  "result": [
    0.8550003427651688,
    0,
    132455.66619744,
    null,
    null,
    0,
    132455.66619744,
    "BTC-PERP",
    null,
    2.03,
    113269.94,
    46698.24289725408,
    82744.0873,
    -4,
    5,
    55788
  ],
  "time": 1616441467644
}