{
  "code": 200,
  "result": [
    0.8528713995452393,
    0,
    130287.09845265,
    null,
    null,
    0,
    130287.09845265,
    "BTC-PERP",
    null,
    2.03,
    111120.17,
    46698.24289725408,
    80594.3173,
    -4,
    5,
    54738
  ],
  "time": 1616448367750
}