{
  "code": 200,
  "result": [
    0.8573051638818893,
    0,
    136896.90082885,
    null,
    null,
    0,
    136896.90082885,
    "BTC-PERP",
    null,
    2.03,
    117384.75,
    46698.24289725408,
    86858.8973,
    -4,
    5,
    57814
  ],
  "time": 1616414287390
}