{
  "code": 200,
  "result": [
    0.856875792867785,
    0,
    135437.44725428,
    null,
    null,
    0,
    135437.44725428,
    "BTC-PERP",
    null,
    2.03,
    116053.07,
    46698.24289725408,
    85527.2173,
    -4,
    5,
    57169
  ],
  "time": 1616421968683
}