{
  "code": 200,
  "result": [
    0.855771579915326,
    0,
    134136.74009992,
    null,
    null,
    0,
    134136.74009992,
    "BTC-PERP",
    null,
    2.03,
    114800.56,
    46698.24289725408,
    84274.7073,
    -4,
    5,
    56547
  ],
  "time": 1616430846729
}