{
  "code": 200,
  "result": [
    0.8557617052769317,
    0,
    136225.78491319,
    null,
    null,
    0,
    136225.78491319,
    "BTC-PERP",
    null,
    2.03,
    116572.75,
    46698.24289725408,
    86046.8973,
    -4,
    5,
    57427
  ],
  "time": 1616402408107
}