{
  "code": 200,
  "result": [
    0.8023939435302665,
    0,
    130556.52082704,
    null,
    null,
    0,
    130556.52082704,
    "BTC-PERP",
    null,
    1.9076,
    104769.2072,
    46698.24289725408,
    80868.8665,
    -4,
    5,
    54916
  ],
  "time": 1616466126706
}