{
  "code": 200,
  "result": [
    0.8011850753508374,
    0,
    129708.26391704,
    null,
    null,
    0,
    129708.26391704,
    "BTC-PERP",
    null,
    1.9076,
    103920.3252,
    46698.24289725408,
    80019.9845,
    -4,
    5,
    54477
  ],
  "time": 1616470386784
}