{
  "code": 200,
  "result": [
    0.8558797110153102,
    0,
    136403.86434854,
    null,
    null,
    0,
    136403.86434854,
    "BTC-PERP",
    null,
    2.03,
    116725,
    46698.24289725408,
    86199.1473,
    -4,
    5,
    57510
  ],
  "time": 1616400608571
}