{
  "code": 200,
  "result": [
    0.8014664174809913,
    0,
    129874.56408611,
    null,
    null,
    0,
    129874.56408611,
    "BTC-PERP",
    null,
    1.9076,
    104088.194,
    46698.24289725408,
    80187.8533,
    -4,
    5,
    54566
  ],
  "time": 1616460786505
}