{
  "code": 200,
  "result": [
    0.8572517503942252,
    0,
    135539.07582757,
    null,
    null,
    0,
    135539.07582757,
    "BTC-PERP",
    null,
    2.03,
    116178.93,
    46698.24289725408,
    85653.0773,
    -4,
    5,
    57237
  ],
  "time": 1616424667948
}