{
  "code": 200,
  "result": [
    0.8020590541703019,
    0,
    130275.68164303,
    null,
    null,
    0,
    130275.68164303,
    "BTC-PERP",
    null,
    1.9076,
    104488.79,
    46698.24289725408,
    80588.4493,
    -4,
    5,
    54775
  ],
  "time": 1616462586325
}