{
  "code": 200,
  "result": [
    0.8012785974592462,
    0,
    129769.30711704,
    null,
    null,
    0,
    129769.30711704,
    "BTC-PERP",
    null,
    1.9076,
    103981.3684,
    46698.24289725408,
    80081.0277,
    -4,
    5,
    54509
  ],
  "time": 1616471225971
}