{
  "code": 200,
  "result": [
    0.8554515015931646,
    0,
    132599.38148305,
    null,
    null,
    0,
    132599.38148305,
    "BTC-PERP",
    null,
    2.03,
    113432.34,
    46698.24289725408,
    82906.4873,
    -4,
    5,
    55878
  ],
  "time": 1616444526826
}