{
  "code": 200,
  "result": [
    0.8579566389791735,
    0,
    137561.92870123,
    null,
    null,
    0,
    137561.92870123,
    "BTC-PERP",
    null,
    2.03,
    118020.14,
    46698.24289725408,
    87494.2873,
    -4,
    5,
    58139
  ],
  "time": 1616412007365
}