{
  "code": 200,
  "result": [
    0.8007141209723634,
    0,
    129215.16692419,
    null,
    null,
    0,
    129215.16692419,
    "BTC-PERP",
    null,
    1.9076,
    103443.4252,
    46698.24289725408,
    79543.0845,
    -4,
    5,
    54238
  ],
  "time": 1616474346794
}