{
  "code": 200,
  "result": [
    0.8569969004141454,
    0,
    135205.12144677,
    null,
    null,
    0,
    135205.12144677,
    "BTC-PERP",
    null,
    2.03,
    115870.37,
    46698.24289725408,
    85344.5173,
    -4,
    5,
    57079
  ],
  "time": 1616426408046
}