{
  "code": 200,
  "result": [
    0.8571791396396484,
    0,
    137300.68145321,
    null,
    null,
    0,
    137300.68145321,
    "BTC-PERP",
    null,
    2.03,
    117711.58,
    46698.24289725408,
    87185.7273,
    -4,
    5,
    57976
  ],
  "time": 1616407868231
}