{
  "code": 200,
  "result": [
    0.801523523329644,
    0,
    129991.44924303,
    null,
    null,
    0,
    129991.44924303,
    "BTC-PERP",
    null,
    1.9076,
    104204.5576,
    46698.24289725408,
    80304.2169,
    -4,
    5,
    54619
  ],
  "time": 1616462467917
}