{
  "code": 200,
  "result": [
    0.8557010190718558,
    0,
    132662.72619744,
    null,
    null,
    0,
    132662.72619744,
    "BTC-PERP",
    null,
    2.03,
    113479.03,
    46698.24289725408,
    82953.1773,
    -4,
    5,
    55921
  ],
  "time": 1616441886576
}