{
  "code": 200,
  "result": [
    0.8545917608588653,
    0,
    132359.84148305,
    null,
    null,
    0,
    132359.84148305,
    "BTC-PERP",
    null,
    2.03,
    113192.8,
    46698.24289725408,
    82666.9473,
    -4,
    5,
    55721
  ],
  "time": 1616443746910
}