{
  "code": 200,
  "result": [
    0.8521944635755934,
    0,
    129661.67315425,
    null,
    null,
    0,
    129661.67315425,
    "BTC-PERP",
    null,
    2.03,
    110496.96,
    46698.24289725408,
    79971.1073,
    -4,
    5,
    54432
  ],
  "time": 1616453767436
}