{
  "code": 200,
  "result": [
    0.8568651205289635,
    0,
    135626.29311864,
    null,
    null,
    0,
    135626.29311864,
    "BTC-PERP",
    null,
    2.03,
    116211.41,
    46698.24289725408,
    85685.5573,
    -4,
    5,
    57248
  ],
  "time": 1616420047675
}