{
  "code": 200,
  "result": [
    0.8527598464561038,
    0,
    130147.02845265,
    null,
    null,
    0,
    130147.02845265,
    "BTC-PERP",
    null,
    2.03,
    110982.13,
    46698.24289725408,
    80456.2773,
    -4,
    5,
    54672
  ],
  "time": 1616448246664
}