{
  "code": 200,
  "result": [
    0.8554214108585415,
    0,
    135776.87970591,
    null,
    null,
    0,
    135776.87970591,
    "BTC-PERP",
    null,
    2.03,
    116146.45,
    46698.24289725408,
    85620.5973,
    -4,
    5,
    57215
  ],
  "time": 1616404268429
}