{
  "code": 200,
  "result": [
    0.8571314533033288,
    0,
    136858.33082885,
    null,
    null,
    0,
    136858.33082885,
    "BTC-PERP",
    null,
    2.03,
    117338.06,
    46698.24289725408,
    86812.2073,
    -4,
    5,
    57786
  ],
  "time": 1616414046483
}