{
  "code": 200,
  "result": [
    0.8035091504103274,
    0,
    131237.11204303,
    null,
    null,
    0,
    131237.11204303,
    "BTC-PERP",
    null,
    1.9076,
    105450.2204,
    46698.24289725408,
    81549.8797,
    -4,
    5,
    55279
  ],
  "time": 1616464207596
}