{
  "code": 200,
  "result": [
    0.856766542351129,
    0,
    135547.12311864,
    null,
    null,
    0,
    135547.12311864,
    "BTC-PERP",
    null,
    2.03,
    116087.58,
    46698.24289725408,
    85561.7273,
    -4,
    5,
    57208
  ],
  "time": 1616420108134
}