{
  "code": 200,
  "result": [
    0.8571761853204481,
    0,
    136500.68912759,
    null,
    null,
    0,
    136500.68912759,
    "BTC-PERP",
    null,
    2.03,
    117003.11,
    46698.24289725408,
    86477.2573,
    -4,
    5,
    57638
  ],
  "time": 1616415667941
}