{
  "code": 200,
  "result": [
    0.8567494732107636,
    0,
    134888.75524709,
    null,
    null,
    0,
    134888.75524709,
    "BTC-PERP",
    null,
    2.03,
    115578.05,
    46698.24289725408,
    85052.1973,
    -4,
    5,
    56929
  ],
  "time": 1616429226911
}