{
  "code": 200,
  "result": [
    0.8567087721749447,
    0,
    135170.0294909,
    null,
    null,
    0,
    135170.0294909,
    "BTC-PERP",
    null,
    2.03,
    115801.35,
    46698.24289725408,
    85275.4973,
    -4,
    5,
    57045
  ],
  "time": 1616423826741
}