{
  "code": 200,
  "result": [
    0.8570548388521185,
    0,
    135245.72144677,
    null,
    null,
    0,
    135245.72144677,
    "BTC-PERP",
    null,
    2.03,
    115910.97,
    46698.24289725408,
    85385.1173,
    -4,
    5,
    57100
  ],
  "time": 1616426287125
}