{
  "code": 200,
  "result": [
    0.8555971261202894,
    0,
    135998.11926395,
    null,
    null,
    0,
    135998.11926395,
    "BTC-PERP",
    null,
    2.03,
    116381.93,
    46698.24289725408,
    85856.0773,
    -4,
    5,
    57320
  ],
  "time": 1616405347261
}