{
  "code": 200,
  "result": [
    0.8580852554387821,
    0,
    137761.322958,
    null,
    null,
    0,
    137761.322958,
    "BTC-PERP",
    null,
    2.03,
    118180.51,
    46698.24289725408,
    87654.6573,
    -4,
    5,
    58232
  ],
  "time": 1616408706966
}