{
  "code": 200,
  "result": [
    0.8574043106665912,
    0,
    135477.07721424,
    null,
    null,
    0,
    135477.07721424,
    "BTC-PERP",
    null,
    2.03,
    116154.57,
    46698.24289725408,
    85628.7173,
    -4,
    5,
    57221
  ],
  "time": 1616427487452
}