{
  "code": 200,
  "result": [
    0.8579152487813978,
    0,
    137750.76287298,
    null,
    null,
    0,
    137750.76287298,
    "BTC-PERP",
    null,
    2.03,
    118178.48,
    46698.24289725408,
    87652.6273,
    -4,
    5,
    58216
  ],
  "time": 1616409306888
}