{
  "code": 200,
  "result": [
    0.8552090778090888,
    0,
    132506.41619744,
    null,
    null,
    0,
    132506.41619744,
    "BTC-PERP",
    null,
    2.03,
    113320.69,
    46698.24289725408,
    82794.8373,
    -4,
    5,
    55823
  ],
  "time": 1616441586384
}