{
  "code": 200,
  "result": [
    0.8573530919334631,
    0,
    134916.91006694,
    null,
    null,
    0,
    134916.91006694,
    "BTC-PERP",
    null,
    2.03,
    115659.25,
    46698.24289725408,
    85133.3973,
    -4,
    5,
    56981
  ],
  "time": 1616436786249
}