{
  "code": 200,
  "result": [
    0.8013180034878967,
    0,
    130031.93082704,
    null,
    null,
    0,
    130031.93082704,
    "BTC-PERP",
    null,
    1.9076,
    104244.6172,
    46698.24289725408,
    80344.2765,
    -4,
    5,
    54622
  ],
  "time": 1616468167483
}