{
  "code": 200,
  "result": [
    0.8031025198245483,
    0,
    130975.77084303,
    null,
    null,
    0,
    130975.77084303,
    "BTC-PERP",
    null,
    1.9076,
    105209.8628,
    46698.24289725408,
    81309.5221,
    -4,
    5,
    55141
  ],
  "time": 1616464686536
}