{
  "code": 200,
  "result": [
    0.8562722131804547,
    0,
    134380.73573894,
    null,
    null,
    0,
    134380.73573894,
    "BTC-PERP",
    null,
    2.03,
    115078.67,
    46698.24289725408,
    84552.8173,
    -4,
    5,
    56683
  ],
  "time": 1616433546498
}