{
  "code": 200,
  "result": [
    0.8032830661532245,
    0,
    130875.09002704,
    null,
    null,
    0,
    130875.09002704,
    "BTC-PERP",
    null,
    1.9076,
    105087.7764,
    46698.24289725408,
    81187.4357,
    -4,
    5,
    55111
  ],
  "time": 1616467086626
}