{
  "code": 200,
  "result": [
    0.8564553668037713,
    0,
    134325.92573894,
    null,
    null,
    0,
    134325.92573894,
    "BTC-PERP",
    null,
    2.03,
    115023.86,
    46698.24289725408,
    84498.0073,
    -4,
    5,
    56672
  ],
  "time": 1616432828042
}