{
  "code": 200,
  "result": [
    0.8571496858837315,
    0,
    135237.86091164,
    null,
    null,
    0,
    135237.86091164,
    "BTC-PERP",
    null,
    2.03,
    115892.7,
    46698.24289725408,
    85366.8473,
    -4,
    5,
    57103
  ],
  "time": 1616425327123
}