{
  "code": 200,
  "result": [
    0.8559046312459966,
    0,
    134829.7880244,
    null,
    null,
    0,
    134829.7880244,
    "BTC-PERP",
    null,
    2.03,
    115429.86,
    46698.24289725408,
    84904.0073,
    -4,
    5,
    56848
  ],
  "time": 1616420768384
}