{
  "code": 200,
  "result": [
    0.8025292543919865,
    0,
    130510.73842704,
    null,
    null,
    0,
    130510.73842704,
    "BTC-PERP",
    null,
    1.9076,
    104723.4248,
    46698.24289725408,
    80823.0841,
    -4,
    5,
    54906
  ],
  "time": 1616466667268
}