{
  "code": 200,
  "result": [
    0.855684241693833,
    0,
    135813.46288434,
    null,
    null,
    0,
    135813.46288434,
    "BTC-PERP",
    null,
    2.03,
    116215.47,
    46698.24289725408,
    85689.6173,
    -4,
    5,
    57248
  ],
  "time": 1616406008056
}