{
  "code": 200,
  "result": [
    0.8565757146300452,
    0,
    134619.88009992,
    null,
    null,
    0,
    134619.88009992,
    "BTC-PERP",
    null,
    2.03,
    115312.12,
    46698.24289725408,
    84786.2673,
    -4,
    5,
    56804
  ],
  "time": 1616430608530
}