{
  "code": 200,
  "result": [
    0.8012085529890464,
    0,
    129713.98671704,
    null,
    null,
    0,
    129713.98671704,
    "BTC-PERP",
    null,
    1.9076,
    103926.048,
    46698.24289725408,
    80025.7073,
    -4,
    5,
    54481
  ],
  "time": 1616471106677
}