{
  "code": 200,
  "result": [
    0.8576802061304934,
    0,
    137421.65105075,
    null,
    null,
    0,
    137421.65105075,
    "BTC-PERP",
    null,
    2.03,
    117863.83,
    46698.24289725408,
    87337.9773,
    -4,
    5,
    58061
  ],
  "time": 1616410026677
}