{
  "code": 200,
  "result": [
    0.8553167538651654,
    0,
    135776.87970591,
    null,
    null,
    0,
    135776.87970591,
    "BTC-PERP",
    null,
    2.03,
    116132.24,
    46698.24289725408,
    85606.3873,
    -4,
    5,
    57208
  ],
  "time": 1616404387569
}