{
  "code": 200,
  "result": [
    0.8556781837437964,
    0,
    136018.44970591,
    null,
    null,
    0,
    136018.44970591,
    "BTC-PERP",
    null,
    2.03,
    116388.02,
    46698.24289725408,
    85862.1673,
    -4,
    5,
    57334
  ],
  "time": 1616403547323
}