{
  "code": 200,
  "result": [
    0.8022461215457826,
    0,
    130466.44164303,
    null,
    null,
    0,
    130466.44164303,
    "BTC-PERP",
    null,
    1.9076,
    104679.55,
    46698.24289725408,
    80779.2093,
    -4,
    5,
    54868
  ],
  "time": 1616463007767
}