{
  "code": 200,
  "result": [
    0.8528177848857353,
    0,
    129976.32315425,
    null,
    null,
    0,
    129976.32315425,
    "BTC-PERP",
    null,
    2.03,
    110811.61,
    46698.24289725408,
    80285.7573,
    -4,
    5,
    54604
  ],
  "time": 1616455026092
}