{
  "code": 200,
  "result": [
    0.8531580565184982,
    0,
    130417.01845265,
    null,
    null,
    0,
    130417.01845265,
    "BTC-PERP",
    null,
    2.03,
    111250.09,
    46698.24289725408,
    80724.2373,
    -4,
    5,
    54811
  ],
  "time": 1616449626521
}