{
  "code": 200,
  "result": [
    0.8024206933118944,
    0,
    130514.13164303,
    null,
    null,
    0,
    130514.13164303,
    "BTC-PERP",
    null,
    1.9076,
    104727.24,
    46698.24289725408,
    80826.8993,
    -4,
    5,
    54900
  ],
  "time": 1616463306456
}