{
  "code": 200,
  "result": [
    0.8576316307431621,
    0,
    135232.87369835,
    null,
    null,
    0,
    135232.87369835,
    "BTC-PERP",
    null,
    2.03,
    115979.99,
    46698.24289725408,
    85454.1373,
    -4,
    5,
    57133
  ],
  "time": 1616436187039
}