{
  "code": 200,
  "result": [
    0.8558134117676632,
    0,
    135921.05288434,
    null,
    null,
    0,
    135921.05288434,
    "BTC-PERP",
    null,
    2.03,
    116323.06,
    46698.24289725408,
    85797.2073,
    -4,
    5,
    57302
  ],
  "time": 1616406368167
}