{
  "code": 200,
  "result": [
    0.8563540879128901,
    0,
    134358.40573894,
    null,
    null,
    0,
    134358.40573894,
    "BTC-PERP",
    null,
    2.03,
    115056.34,
    46698.24289725408,
    84530.4873,
    -4,
    5,
    56679
  ],
  "time": 1616433486659
}