{
  "code": 200,
  "result": [
    0.8016549335073019,
    0,
    130070.08282704,
    null,
    null,
    0,
    130070.08282704,
    "BTC-PERP",
    null,
    1.9076,
    104282.7692,
    46698.24289725408,
    80382.4285,
    -4,
    5,
    54661
  ],
  "time": 1616468226606
}