{
  "code": 200,
  "result": [
    0.8015566600826172,
    0,
    129943.23768611,
    null,
    null,
    0,
    129943.23768611,
    "BTC-PERP",
    null,
    1.9076,
    104156.8676,
    46698.24289725408,
    80256.5269,
    -4,
    5,
    54601
  ],
  "time": 1616461386281
}