{
  "code": 200,
  "result": [
    0.8016752854571342,
    0,
    130004.91332419,
    null,
    null,
    0,
    130004.91332419,
    "BTC-PERP",
    null,
    1.9076,
    104217.9108,
    46698.24289725408,
    80317.5701,
    -4,
    5,
    54635
  ],
  "time": 1616472726520
}