{
  "code": 200,
  "result": [
    0.8552126984769547,
    0,
    132318.33461024,
    null,
    null,
    0,
    132318.33461024,
    "BTC-PERP",
    null,
    2.03,
    113172.5,
    46698.24289725408,
    82646.6473,
    -4,
    5,
    55744
  ],
  "time": 1616443146040
}