{
  "code": 200,
  "result": [
    0.8562587992775692,
    0,
    135210.24262487,
    null,
    null,
    0,
    135210.24262487,
    "BTC-PERP",
    null,
    2.03,
    115766.84,
    46698.24289725408,
    85240.9873,
    -4,
    5,
    57032
  ],
  "time": 1616417407884
}