{
  "code": 200,
  "result": [
    0.855756847212882,
    0,
    136376.00491319,
    null,
    null,
    0,
    136376.00491319,
    "BTC-PERP",
    null,
    2.03,
    116722.97,
    46698.24289725408,
    86197.1173,
    -4,
    5,
    57490
  ],
  "time": 1616402287159
}