{
  "code": 200,
  "result": [
    0.8574986990952318,
    0,
    136979.63638188,
    null,
    null,
    0,
    136979.63638188,
    "BTC-PERP",
    null,
    2.03,
    117447.68,
    46698.24289725408,
    86921.8273,
    -4,
    5,
    57862
  ],
  "time": 1616412787125
}