{
  "code": 200,
  "result": [
    0.8528556826986388,
    0,
    130080.03845265,
    null,
    null,
    0,
    130080.03845265,
    "BTC-PERP",
    null,
    2.03,
    110937.47,
    46698.24289725408,
    80411.6173,
    -4,
    5,
    54650
  ],
  "time": 1616448126919
}