{
  "code": 200,
  "result": [
    0.8541083926749606,
    0,
    131058.61148305,
    null,
    null,
    0,
    131058.61148305,
    "BTC-PERP",
    null,
    2.03,
    111891.57,
    46698.24289725408,
    81365.7173,
    -4,
    5,
    55142
  ],
  "time": 1616445846520
}