{
  "code": 200,
  "result": [
    0.8573230919849234,
    0,
    135364.41638509,
    null,
    null,
    0,
    135364.41638509,
    "BTC-PERP",
    null,
    2.03,
    116051.04,
    46698.24289725408,
    85525.1873,
    -4,
    5,
    57168
  ],
  "time": 1616428568169
}