{
  "code": 200,
  "result": [
    0.8022761963432109,
    0,
    130418.75164303,
    null,
    null,
    0,
    130418.75164303,
    "BTC-PERP",
    null,
    1.9076,
    104631.86,
    46698.24289725408,
    80731.5193,
    -4,
    5,
    54850
  ],
  "time": 1616462826282
}