{
  "code": 200,
  "result": [
    0.8558280318278612,
    0,
    136061.04926395,
    null,
    null,
    0,
    136061.04926395,
    "BTC-PERP",
    null,
    2.03,
    116444.86,
    46698.24289725408,
    85919.0073,
    -4,
    5,
    57362
  ],
  "time": 1616405409397
}