{
  "code": 200,
  "result": [
    0.8550813097422818,
    0,
    132616.42923078,
    null,
    null,
    0,
    132616.42923078,
    "BTC-PERP",
    null,
    2.03,
    113424.22,
    46698.24289725408,
    82898.3673,
    -4,
    5,
    55861
  ],
  "time": 1616441167520
}