{
  "code": 200,
  "result": [
    0.8576445264263132,
    0,
    137048.65638188,
    null,
    null,
    0,
    137048.65638188,
    "BTC-PERP",
    null,
    2.03,
    117516.7,
    46698.24289725408,
    86990.8473,
    -4,
    5,
    57901
  ],
  "time": 1616412426394
}