{
  "code": 200,
  "result": [
    0.8575073438248605,
    0,
    135105.70006694,
    null,
    null,
    0,
    135105.70006694,
    "BTC-PERP",
    null,
    2.03,
    115862.25,
    46698.24289725408,
    85336.3973,
    -4,
    5,
    57071
  ],
  "time": 1616436546586
}