{
  "code": 200,
  "result": [
    0.8557041411534628,
    0,
    134904.08009992,
    null,
    null,
    0,
    134904.08009992,
    "BTC-PERP",
    null,
    2.03,
    115596.32,
    46698.24289725408,
    85070.4673,
    -4,
    5,
    56866
  ],
  "time": 1616429947138
}