{
  "code": 200,
  "result": [
    0.8570335156605902,
    0,
    135545.16582757,
    null,
    null,
    0,
    135545.16582757,
    "BTC-PERP",
    null,
    2.03,
    116150.51,
    46698.24289725408,
    85624.6573,
    -4,
    5,
    57225
  ],
  "time": 1616424546672
}