{
  "code": 200,
  "result": [
    0.857156265035632,
    0,
    135703.37725428,
    null,
    null,
    0,
    135703.37725428,
    "BTC-PERP",
    null,
    2.03,
    116319,
    46698.24289725408,
    85793.1473,
    -4,
    5,
    57300
  ],
  "time": 1616422327264
}