{
  "code": 200,
  "result": [
    0.8556311521548441,
    0,
    136099.47429652,
    null,
    null,
    0,
    136099.47429652,
    "BTC-PERP",
    null,
    2.03,
    116452.98,
    46698.24289725408,
    85927.1273,
    -4,
    5,
    57365
  ],
  "time": 1616403007240
}