{
  "code": 200,
  "result": [
    0.8519790851916578,
    0,
    129475.24407267,
    null,
    null,
    0,
    129475.24407267,
    "BTC-PERP",
    null,
    2.03,
    110310.2,
    46698.24289725408,
    79784.3473,
    -4,
    5,
    54340
  ],
  "time": 1616456167584
}