{
  "code": 200,
  "result": [
    0.8565802120644729,
    0,
    134467.50039018,
    null,
    null,
    0,
    134467.50039018,
    "BTC-PERP",
    null,
    2.03,
    115178.14,
    46698.24289725408,
    84652.2873,
    -4,
    5,
    56740
  ],
  "time": 1616432346629
}