{
  "code": 200,
  "result": [
    0.8573871437592931,
    0,
    135562.65783317,
    null,
    null,
    0,
    135562.65783317,
    "BTC-PERP",
    null,
    2.03,
    116233.74,
    46698.24289725408,
    85707.8873,
    -4,
    5,
    57256
  ],
  "time": 1616427067734
}