{
  "code": 200,
  "result": [
    0.8564509026685767,
    0,
    135447.75262487,
    null,
    null,
    0,
    135447.75262487,
    "BTC-PERP",
    null,
    2.03,
    116004.35,
    46698.24289725408,
    85478.4973,
    -4,
    5,
    57145
  ],
  "time": 1616417346755
}