{
  "code": 200,
  "result": [
    0.8559299221162553,
    0,
    136469.38491319,
    null,
    null,
    0,
    136469.38491319,
    "BTC-PERP",
    null,
    2.03,
    116816.35,
    46698.24289725408,
    86290.4973,
    -4,
    5,
    57541
  ],
  "time": 1616402047729
}