{
  "code": 200,
  "result": [
    0.8015877116467747,
    0,
    129966.76132419,
    null,
    null,
    0,
    129966.76132419,
    "BTC-PERP",
    null,
    1.9076,
    104179.7588,
    46698.24289725408,
    80279.4181,
    -4,
    5,
    54613
  ],
  "time": 1616473027118
}