{
  "code": 200,
  "result": [
    0.852060506886123,
    0,
    129667.76315425,
    null,
    null,
    0,
    129667.76315425,
    "BTC-PERP",
    null,
    2.03,
    110503.05,
    46698.24289725408,
    79977.1973,
    -4,
    5,
    54426
  ],
  "time": 1616451126597
}