{
  "code": 200,
  "result": [
    0.7994646575829719,
    0,
    128529.48610719,
    null,
    null,
    0,
    128529.48610719,
    "BTC-PERP",
    null,
    1.9076,
    102737.6132,
    46698.24289725408,
    78837.2725,
    -4,
    5,
    53866
  ],
  "time": 1616457846623
}