{
  "code": 200,
  "result": [
    0.8579438955633135,
    0,
    137578.16870123,
    null,
    null,
    0,
    137578.16870123,
    "BTC-PERP",
    null,
    2.03,
    118036.38,
    46698.24289725408,
    87510.5273,
    -4,
    5,
    58145
  ],
  "time": 1616412068008
}