{
  "code": 200,
  "result": [
    0.801054786364801,
    0,
    129815.08951704,
    null,
    null,
    0,
    129815.08951704,
    "BTC-PERP",
    null,
    1.9076,
    104027.1508,
    46698.24289725408,
    80126.8101,
    -4,
    5,
    54513
  ],
  "time": 1616470626492
}