{
  "code": 200,
  "result": [
    0.8572741740313228,
    0,
    135317.67725428,
    null,
    null,
    0,
    135317.67725428,
    "BTC-PERP",
    null,
    2.03,
    115933.3,
    46698.24289725408,
    85407.4473,
    -4,
    5,
    57145
  ],
  "time": 1616421847297
}