{
  "code": 200,
  "result": [
    0.8573710717623771,
    0,
    135262.13307106,
    null,
    null,
    0,
    135262.13307106,
    "BTC-PERP",
    null,
    2.03,
    115990.14,
    46698.24289725408,
    85464.2873,
    -4,
    5,
    57128
  ],
  "time": 1616434867665
}