{
  "code": 200,
  "result": [
    0.8026690232957043,
    0,
    130680.51482704,
    null,
    null,
    0,
    130680.51482704,
    "BTC-PERP",
    null,
    1.9076,
    104893.2012,
    46698.24289725408,
    80992.8605,
    -4,
    5,
    54987
  ],
  "time": 1616466906717
}