{
  "code": 200,
  "result": [
    0.8014163187853696,
    0,
    129811.27431704,
    null,
    null,
    0,
    129811.27431704,
    "BTC-PERP",
    null,
    1.9076,
    104042.4116,
    46698.24289725408,
    80142.0709,
    -4,
    5,
    54536
  ],
  "time": 1616470326807
}