{
  "code": 200,
  "result": [
    0.857499839450588,
    0,
    135213.41307106,
    null,
    null,
    0,
    135213.41307106,
    "BTC-PERP",
    null,
    2.03,
    115941.42,
    46698.24289725408,
    85415.5673,
    -4,
    5,
    57116
  ],
  "time": 1616435046990
}