{
  "code": 200,
  "result": [
    0.855398716457656,
    0,
    132410.59148305,
    null,
    null,
    0,
    132410.59148305,
    "BTC-PERP",
    null,
    2.03,
    113243.55,
    46698.24289725408,
    82717.6973,
    -4,
    5,
    55795
  ],
  "time": 1616445186037
}