{
  "code": 200,
  "result": [
    0.8566938991692569,
    0,
    135530.18191514,
    null,
    null,
    0,
    135530.18191514,
    "BTC-PERP",
    null,
    2.03,
    116099.76,
    46698.24289725408,
    85573.9073,
    -4,
    5,
    57196
  ],
  "time": 1616418667963
}