{
  "code": 200,
  "result": [
    0.8577405305808677,
    0,
    137622.62105075,
    null,
    null,
    0,
    137622.62105075,
    "BTC-PERP",
    null,
    2.03,
    118064.8,
    46698.24289725408,
    87538.9473,
    -4,
    5,
    58150
  ],
  "time": 1616409486863
}