{
  "code": 200,
  "result": [
    0.85695771154989,
    0,
    134455.64284801,
    null,
    null,
    0,
    134455.64284801,
    "BTC-PERP",
    null,
    2.03,
    115222.8,
    46698.24289725408,
    84696.9473,
    -4,
    5,
    56760
  ],
  "time": 1616437986383
}