{
  "code": 200,
  "result": [
    0.8571276496960671,
    0,
    135506.59582757,
    null,
    null,
    0,
    135506.59582757,
    "BTC-PERP",
    null,
    2.03,
    116146.45,
    46698.24289725408,
    85620.5973,
    -4,
    5,
    57215
  ],
  "time": 1616424726627
}