{
  "code": 200,
  "result": [
    0.8570376722595073,
    0,
    135229.48144677,
    null,
    null,
    0,
    135229.48144677,
    "BTC-PERP",
    null,
    2.03,
    115880.52,
    46698.24289725408,
    85354.6673,
    -4,
    5,
    57092
  ],
  "time": 1616426227083
}