{
  "code": 200,
  "result": [
    0.80276202240218,
    0,
    130546.56084303,
    null,
    null,
    0,
    130546.56084303,
    "BTC-PERP",
    null,
    1.9076,
    104759.6692,
    46698.24289725408,
    80859.3285,
    -4,
    5,
    54937
  ],
  "time": 1616465407688
}