{
  "code": 200,
  "result": [
    0.803156072321594,
    0,
    131050.16724303,
    null,
    null,
    0,
    131050.16724303,
    "BTC-PERP",
    null,
    1.9076,
    105263.2756,
    46698.24289725408,
    81362.9349,
    -4,
    5,
    55176
  ],
  "time": 1616463906349
}