{
  "code": 200,
  "result": [
    0.852140854332245,
    0,
    129779.41315425,
    null,
    null,
    0,
    129779.41315425,
    "BTC-PERP",
    null,
    2.03,
    110614.7,
    46698.24289725408,
    80088.8473,
    -4,
    5,
    54478
  ],
  "time": 1616451307705
}