{
  "code": 200,
  "result": [
    0.8014255841752852,
    0,
    129847.85768611,
    null,
    null,
    0,
    129847.85768611,
    "BTC-PERP",
    null,
    1.9076,
    104074.8408,
    46698.24289725408,
    80174.5001,
    -4,
    5,
    54552
  ],
  "time": 1616459046609
}