{
  "code": 200,
  "result": [
    0.8560906935268179,
    0,
    136744.90434854,
    null,
    null,
    0,
    136744.90434854,
    "BTC-PERP",
    null,
    2.03,
    117066.04,
    46698.24289725408,
    86540.1873,
    -4,
    5,
    57668
  ],
  "time": 1616400247178
}