{
  "code": 200,
  "result": [
    0.8525970905950121,
    0,
    129726.63315425,
    null,
    null,
    0,
    129726.63315425,
    "BTC-PERP",
    null,
    2.03,
    110561.92,
    46698.24289725408,
    80036.0673,
    -4,
    5,
    54485
  ],
  "time": 1616451486223
}