{
  "code": 200,
  "result": [
    0.8564389039051734,
    0,
    134480.20573894,
    null,
    null,
    0,
    134480.20573894,
    "BTC-PERP",
    null,
    2.03,
    115178.14,
    46698.24289725408,
    84652.2873,
    -4,
    5,
    56736
  ],
  "time": 1616433307662
}