{
  "code": 200,
  "result": [
    0.8014078721955191,
    0,
    129855.48808611,
    null,
    null,
    0,
    129855.48808611,
    "BTC-PERP",
    null,
    1.9076,
    104069.118,
    46698.24289725408,
    80168.7773,
    -4,
    5,
    54554
  ],
  "time": 1616459527157
}