{
  "code": 200,
  "result": [
    0.8571263485700634,
    0,
    135717.58725428,
    null,
    null,
    0,
    135717.58725428,
    "BTC-PERP",
    null,
    2.03,
    116314.94,
    46698.24289725408,
    85789.0873,
    -4,
    5,
    57304
  ],
  "time": 1616422267903
}