{
  "code": 200,
  "result": [
    0.8525265027273535,
    0,
    130065.97407267,
    null,
    null,
    0,
    130065.97407267,
    "BTC-PERP",
    null,
    2.03,
    110900.93,
    46698.24289725408,
    80375.0773,
    -4,
    5,
    54623
  ],
  "time": 1616456526444
}