{
  "code": 200,
  "result": [
    0.8520059853240198,
    0,
    129194.77315425,
    null,
    null,
    0,
    129194.77315425,
    "BTC-PERP",
    null,
    2.03,
    110030.06,
    46698.24289725408,
    79504.2073,
    -4,
    5,
    54224
  ],
  "time": 1616451906726
}