{
  "code": 200,
  "result": [
    0.8564575723036195,
    0,
    135496.47262487,
    null,
    null,
    0,
    135496.47262487,
    "BTC-PERP",
    null,
    2.03,
    116053.07,
    46698.24289725408,
    85527.2173,
    -4,
    5,
    57166
  ],
  "time": 1616417526365
}