{
  "code": 200,
  "result": [
    0.855473794363747,
    0,
    135868.22970591,
    null,
    null,
    0,
    135868.22970591,
    "BTC-PERP",
    null,
    2.03,
    116237.8,
    46698.24289725408,
    85711.9473,
    -4,
    5,
    57257
  ],
  "time": 1616403609520
}