{
  "code": 200,
  "result": [
    0.8518587443725825,
    0,
    129326.72315425,
    null,
    null,
    0,
    129326.72315425,
    "BTC-PERP",
    null,
    2.03,
    110162.01,
    46698.24289725408,
    79636.1573,
    -4,
    5,
    54270
  ],
  "time": 1616452208096
}