{
  "code": 200,
  "result": [
    -0.197585545389022,
    1.16011742818,
    0,
    0.006801703014113821,
    1.166932186468699,
    1.1623194498077696,
    64088.696240750236,
    "pi_xbtusd",
    null,
    -12663,
    null,
    56572.889153590084,
    0.006801703014113821,
    -160222,
    96133
  ],
  "time": 1616466550101
}