{
  "code": 200,
  "result": [
    -0.19823945064657778,
    1.16011742818,
    0,
    0.007635392343765829,
    1.1677540969786917,
    1.1631246865311693,
    63877.29565784388,
    "pi_xbtusd",
    null,
    -12663,
    null,
    56572.889153590084,
    0.007635392343765829,
    -159694,
    95815
  ],
  "time": 1616458570239
}