{
  "code": 200,
  "result": [
    -0.14875718489167214,
    1.1601361385,
    0,
    0.0048736219475576424,
    1.1650102408665841,
    1.1615463248196587,
    64931.317482472325,
    "pi_xbtusd",
    null,
    -9659,
    null,
    57384,
    0.0048736219475576424,
    -162329,
    97396
  ],
  "time": 1616445248989
}