{
  "code": 200,
  "result": [
    -0.1461094339623273,
    1.16009938678,
    0,
    0.001372872724319839,
    1.1614733545779738,
    1.158079453515513,
    66107.98316069355,
    "pi_xbtusd",
    null,
    -9659,
    null,
    57384,
    0.001372872724319839,
    -165270,
    99161
  ],
  "time": 1616429230591
}