{
  "code": 200,
  "result": [
    -0.1460442128627362,
    1.16002449842,
    0,
    0.0013408297627953189,
    1.1614252855559561,
    1.1580320253527259,
    66137.50596936207,
    "pi_xbtusd",
    null,
    -9659,
    null,
    57384,
    0.0013408297627953189,
    -165344,
    99206
  ],
  "time": 1616425930107
}