{
  "code": 200,
  "result": [
    -0.14628737560245508,
    1.16009938678,
    0,
    0.0015915346057243738,
    1.1617038073632129,
    1.158305533063124,
    66027.57046000281,
    "pi_xbtusd",
    null,
    -9659,
    null,
    57384,
    0.0015915346057243738,
    -165069,
    99041
  ],
  "time": 1616433849958
}