{
  "code": 200,
  "result": [
    -0.19876769821899015,
    1.16011742818,
    0,
    0.008439975553488875,
    1.168577101774792,
    1.163931599663075,
    63707.53454139554,
    "pi_xbtusd",
    null,
    -12663,
    null,
    56572.889153590084,
    0.008439975553488875,
    -159269,
    95561
  ],
  "time": 1616471049187
}