{
  "code": 200,
  "result": [
    -0.1515534816574331,
    1.1601361385,
    0,
    0.008719578104886548,
    1.168858898867954,
    1.165318063697882,
    63733.27682324653,
    "pi_xbtusd",
    null,
    -9659,
    null,
    57384,
    0.008719578104886548,
    -159334,
    95599
  ],
  "time": 1616456770245
}