{
  "code": 200,
  "result": [
    -0.19840935723862974,
    1.16011742818,
    0,
    0.007785694441200058,
    1.1679206057461027,
    1.1632881892566316,
    63822.59474168868,
    "pi_xbtusd",
    null,
    -12663,
    null,
    56572.889153590084,
    0.007785694441200058,
    -159557,
    95733
  ],
  "time": 1616469549268
}