{
  "code": 200,
  "result": [
    -0.19836701479681376,
    1.16011742818,
    0,
    0.007765572286758476,
    1.167903673937016,
    1.1632716598906339,
    63836.21799708304,
    "pi_xbtusd",
    null,
    -12663,
    null,
    56572.889153590084,
    0.007765572286758476,
    -159591,
    95754
  ],
  "time": 1616471710494
}