{
  "code": 200,
  "result": [
    -0.1485483769496609,
    1.1601361385,
    0,
    0.004667346920249363,
    1.164803853723625,
    1.1613440631772456,
    65022.588589259234,
    "pi_xbtusd",
    null,
    -9659,
    null,
    57384,
    0.004667346920249363,
    -162557,
    97533
  ],
  "time": 1616444770944
}