{
  "code": 200,
  "result": [
    -0.14478399947607984,
    1.15995524933,
    0,
    -0.0006486741667276897,
    1.1593083600009069,
    1.155954889876267,
    66713.17296767859,
    "pi_xbtusd",
    null,
    -9659,
    null,
    57384,
    -0.0006486741667276897,
    -166783,
    100069
  ],
  "time": 1616400372213
}