{
  "code": 200,
  "result": [
    -0.14557362264489035,
    1.16002449842,
    0,
    0.0005813195531942934,
    1.1606202245069284,
    1.1572421545078901,
    66351.30612612417,
    "pi_xbtusd",
    null,
    -9659,
    null,
    57384,
    0.0005813195531942934,
    -165879,
    99526
  ],
  "time": 1616417171219
}