{
  "code": 200,
  "result": [
    -0.14565114505661836,
    1.16002449842,
    0,
    0.0006906718572078173,
    1.1607651584079488,
    1.1573849013628303,
    66315.99083031787,
    "pi_xbtusd",
    null,
    -9659,
    null,
    57384,
    0.0006906718572078173,
    -165790,
    99473
  ],
  "time": 1616424012614
}