{
  "code": 200,
  "result": [
    -0.1458768330158902,
    1.16009938678,
    0,
    0.0010455618761478953,
    1.1611668682371052,
    1.157779513391608,
    66213.39249219824,
    "pi_xbtusd",
    null,
    -9659,
    null,
    57384,
    0.0010455618761478953,
    -165534,
    99320
  ],
  "time": 1616437389440
}