{
  "code": 200,
  "result": [
    -0.14567192168194526,
    1.16002449842,
    0,
    0.0007816602840706313,
    1.160879533611368,
    1.1574974567977123,
    66306.532435874,
    "pi_xbtusd",
    null,
    -9659,
    null,
    57384,
    0.0007816602840706313,
    -165767,
    99459
  ],
  "time": 1616428510207
}