{
  "code": 200,
  "result": [
    -0.14603286580051594,
    1.16009938678,
    0,
    0.0013497707672392902,
    1.1614723049699924,
    1.1580788659466732,
    66142.64499331544,
    "pi_xbtusd",
    null,
    -9659,
    null,
    57384,
    0.0013497707672392902,
    -165357,
    99213
  ],
  "time": 1616437870918
}