{
  "code": 200,
  "result": [
    -0.1516148250193252,
    1.1601361385,
    0,
    0.008700921125195073,
    1.1688383283666572,
    1.165297866336179,
    63707.49033789302,
    "pi_xbtusd",
    null,
    -9659,
    null,
    57384,
    0.008700921125195073,
    -159269,
    95561
  ],
  "time": 1616448611085
}