{
  "code": 200,
  "result": [
    -0.1975265915625349,
    1.16011742818,
    0,
    0.006607584580272601,
    1.1667383342308288,
    1.1621294799385762,
    64107.82416599855,
    "pi_xbtusd",
    null,
    -12663,
    null,
    56572.889153590084,
    0.006607584580272601,
    -160270,
    96161
  ],
  "time": 1616466730045
}