{
  "code": 200,
  "result": [
    -0.1454609146284399,
    1.15995524933,
    0,
    0.0003416836434354358,
    1.1603272811667218,
    1.1569540038858788,
    66402.71735312953,
    "pi_xbtusd",
    null,
    -9659,
    null,
    57384,
    0.0003416836434354358,
    -166007,
    99604
  ],
  "time": 1616406311267
}