{
  "code": 200,
  "result": [
    -0.14552864540270471,
    1.15995524933,
    0,
    0.00048390843463483525,
    1.1604637292034892,
    1.1570876074268222,
    66371.81273330592,
    "pi_xbtusd",
    null,
    -9659,
    null,
    57384,
    0.00048390843463483525,
    -165930,
    99557
  ],
  "time": 1616405110878
}