{
  "code": 200,
  "result": [
    -0.19879349492148798,
    1.16011742818,
    0,
    0.00854973733227706,
    1.1686865981827825,
    1.1640389008354899,
    63699.26744836976,
    "pi_xbtusd",
    null,
    -12663,
    null,
    56572.889153590084,
    0.00854973733227706,
    -159249,
    95548
  ],
  "time": 1616470869995
}