{
  "code": 200,
  "result": [
    -0.1459557101415749,
    1.16002449842,
    0,
    0.0010433345450407585,
    1.1611040843916178,
    1.1577167740927428,
    66177.60956821019,
    "pi_xbtusd",
    null,
    -9659,
    null,
    57384,
    0.0010433345450407585,
    -165445,
    99266
  ],
  "time": 1616421371364
}