{
  "code": 200,
  "result": [
    -0.15194554852489855,
    1.1601361385,
    0,
    0.009372607325091278,
    1.169511125832411,
    1.1659572300779348,
    63568.82510722075,
    "pi_xbtusd",
    null,
    -9659,
    null,
    57384,
    0.009372607325091278,
    -158923,
    95353
  ],
  "time": 1616453349339
}