{
  "code": 200,
  "result": [
    -0.14611755139085686,
    1.16002449842,
    0,
    0.001443708240202733,
    1.1615135000760948,
    1.1581181823033164,
    66104.31059142701,
    "pi_xbtusd",
    null,
    -9659,
    null,
    57384,
    0.001443708240202733,
    -165261,
    99156
  ],
  "time": 1616423110529
}