{
  "code": 200,
  "result": [
    -0.1452751516623288,
    1.15995524933,
    0,
    0.00010786637771912521,
    1.1600905731698015,
    1.1567219722342728,
    66487.62633854244,
    "pi_xbtusd",
    null,
    -9659,
    null,
    57384,
    0.00010786637771912521,
    -166220,
    99731
  ],
  "time": 1616405710116
}