{
  "code": 200,
  "result": [
    -0.15174230897921706,
    1.1601361385,
    0,
    0.009066664617903031,
    1.1692052678031863,
    1.1656574909028539,
    63653.96747272982,
    "pi_xbtusd",
    null,
    -9659,
    null,
    57384,
    0.009066664617903031,
    -159135,
    95480
  ],
  "time": 1616453710036
}