{
  "code": 200,
  "result": [
    -0.1454225491144319,
    1.15995524933,
    0,
    0.00031076491647638376,
    1.1602911596448868,
    1.156918500738583,
    66420.23578062441,
    "pi_xbtusd",
    null,
    -9659,
    null,
    57384,
    0.00031076491647638376,
    -166051,
    99630
  ],
  "time": 1616405230211
}