{
  "code": 200,
  "result": [
    -0.14653183929763636,
    1.16009938678,
    0,
    0.0019097096616894247,
    1.162021371317188,
    1.15861673351598,
    65917.4145789611,
    "pi_xbtusd",
    null,
    -9659,
    null,
    57384,
    0.0019097096616894247,
    -164794,
    98876
  ],
  "time": 1616433610821
}