{
  "code": 200,
  "result": [
    -0.14539066237748277,
    1.16002449842,
    0,
    0.00020043336800462712,
    1.1602502614078314,
    1.156879809132497,
    66434.80290998335,
    "pi_xbtusd",
    null,
    -9659,
    null,
    57384,
    0.00020043336800462712,
    -166088,
    99652
  ],
  "time": 1616419272699
}