{
  "code": 200,
  "result": [
    -0.1456714098668416,
    1.15995524933,
    0,
    0.0005968271430904434,
    1.1605682860600601,
    1.1571899059092239,
    66306.76540324077,
    "pi_xbtusd",
    null,
    -9659,
    null,
    57384,
    0.0005968271430904434,
    -165767,
    99460
  ],
  "time": 1616403371963
}