{
  "code": 200,
  "result": [
    -0.15116816177729217,
    1.1601361385,
    0,
    0.008242226125336474,
    1.1683794642789278,
    1.1648481761484468,
    63895.72967242983,
    "pi_xbtusd",
    null,
    -9659,
    null,
    57384,
    0.008242226125336474,
    -159740,
    95843
  ],
  "time": 1616447889520
}