{
  "code": 200,
  "result": [
    -0.15140166217870898,
    1.1601361385,
    0,
    0.00859392228185734,
    1.168731723103748,
    1.1651934010501364,
    63797.18598200639,
    "pi_xbtusd",
    null,
    -9659,
    null,
    57384,
    0.00859392228185734,
    -159493,
    95695
  ],
  "time": 1616450289331
}