{
  "code": 200,
  "result": [
    -0.15160509634091995,
    1.1601361385,
    0,
    0.008740673339739529,
    1.1688793611096475,
    1.1653381040348785,
    63711.57852292413,
    "pi_xbtusd",
    null,
    -9659,
    null,
    57384,
    0.008740673339739529,
    -159279,
    95567
  ],
  "time": 1616454070716
}