{
  "code": 200,
  "result": [
    -0.19681840284612057,
    1.16011742818,
    0,
    0.0057094696513227405,
    1.1658373894422287,
    1.161246497448555,
    64338.495876833076,
    "pi_xbtusd",
    null,
    -12663,
    null,
    56572.889153590084,
    0.0057094696513227405,
    -160847,
    96507
  ],
  "time": 1616464812518
}