{
  "code": 200,
  "result": [
    -0.14584346883590762,
    1.16002449842,
    0,
    0.0008127519446830649,
    1.1608875419700995,
    1.1575048433232316,
    66228.53993460344,
    "pi_xbtusd",
    null,
    -9659,
    null,
    57384,
    0.0008127519446830649,
    -165572,
    99342
  ],
  "time": 1616424070987
}