{
  "code": 200,
  "result": [
    -0.15088752934993316,
    1.1601361385,
    0,
    0.007799549456185935,
    1.1679366751592313,
    1.1644142405621332,
    64014.56794748875,
    "pi_xbtusd",
    null,
    -9659,
    null,
    57384,
    0.007799549456185935,
    -160037,
    96021
  ],
  "time": 1616447410185
}