{
  "code": 200,
  "result": [
    -0.1973802337079877,
    1.16011742818,
    0,
    0.006493365002019585,
    1.1666223435142202,
    1.1620157736135326,
    64155.360251189864,
    "pi_xbtusd",
    null,
    -12663,
    null,
    56572.889153590084,
    0.006493365002019585,
    -160389,
    96233
  ],
  "time": 1616465529671
}