{
  "code": 200,
  "result": [
    -0.14716245181627666,
    1.16009938678,
    0,
    0.0029860422718215175,
    1.1630911186749637,
    1.159664954221553,
    65634.94886629554,
    "pi_xbtusd",
    null,
    -9659,
    null,
    57384,
    0.0029860422718215175,
    -164088,
    98452
  ],
  "time": 1616431030157
}