{
  "code": 200,
  "result": [
    -0.19797342866513268,
    1.16011742818,
    0,
    0.007308999640539385,
    1.1674338149395682,
    1.1628109323461102,
    63963.12922083681,
    "pi_xbtusd",
    null,
    -12663,
    null,
    56572.889153590084,
    0.007308999640539385,
    -159908,
    95944
  ],
  "time": 1616462709681
}