{
  "code": 200,
  "result": [
    -0.14580743373386834,
    1.16002449842,
    0,
    0.0009142494993097035,
    1.1610012072241493,
    1.1576164786261889,
    66244.90777081961,
    "pi_xbtusd",
    null,
    -9659,
    null,
    57384,
    0.0009142494993097035,
    -165613,
    99367
  ],
  "time": 1616426411101
}