{
  "code": 200,
  "result": [
    -0.14437469834526648,
    1.15995524933,
    0,
    -0.0011955507021199953,
    1.1588269701628247,
    1.1554844375688926,
    66902.30428673088,
    "pi_xbtusd",
    null,
    -9659,
    null,
    57384,
    -0.0011955507021199953,
    -167256,
    100353
  ],
  "time": 1616413989654
}