{
  "code": 200,
  "result": [
    -0.19676561946988494,
    1.16011742818,
    0,
    0.00555457704877912,
    1.165682139437679,
    1.1610943452960563,
    64355.75500494423,
    "pi_xbtusd",
    null,
    -12663,
    null,
    56572.889153590084,
    0.00555457704877912,
    -160890,
    96533
  ],
  "time": 1616464570740
}