{
  "code": 200,
  "result": [
    -0.1436888044112151,
    1.15995524933,
    0,
    -0.002016368131963528,
    1.1579951903997663,
    1.1546690741544312,
    67221.66030665436,
    "pi_xbtusd",
    null,
    -9659,
    null,
    57384,
    -0.002016368131963528,
    -168055,
    100832
  ],
  "time": 1616411709702
}