{
  "code": 200,
  "result": [
    -0.14467426746029366,
    1.15995524933,
    0,
    -0.0008318476376152537,
    1.1591246032170268,
    1.1557747965618048,
    66763.77333412762,
    "pi_xbtusd",
    null,
    -9659,
    null,
    57384,
    -0.0008318476376152537,
    -166910,
    100145
  ],
  "time": 1616400251276
}