{
  "code": 200,
  "result": [
    -0.15123028657205848,
    1.1601361385,
    0,
    0.008056836359936943,
    1.1681945809757852,
    1.1646670006406121,
    63869.481563123685,
    "pi_xbtusd",
    null,
    -9659,
    null,
    57384,
    0.008056836359936943,
    -159674,
    95804
  ],
  "time": 1616450049176
}