{
  "code": 200,
  "result": [
    -0.14703289949170498,
    1.16009938678,
    0,
    0.0027009216193339316,
    1.1628269760371213,
    1.1594065139967602,
    65692.78055041636,
    "pi_xbtusd",
    null,
    -9659,
    null,
    57384,
    0.0027009216193339316,
    -164232,
    98539
  ],
  "time": 1616439249441
}