{
  "code": 200,
  "result": [
    -0.14535041501584062,
    1.16002449842,
    0,
    0.00024822597481113934,
    1.1602915064837678,
    1.1569200983562973,
    66453.19862999594,
    "pi_xbtusd",
    null,
    -9659,
    null,
    57384,
    0.00024822597481113934,
    -166133,
    99679
  ],
  "time": 1616418012785
}