{
  "code": 200,
  "result": [
    -0.1455089172626386,
    1.15995524933,
    0,
    0.00041755615835604987,
    1.160404298628815,
    1.1570295038976735,
    66380.8114424069,
    "pi_xbtusd",
    null,
    -9659,
    null,
    57384,
    0.00041755615835604987,
    -165953,
    99571
  ],
  "time": 1616406549655
}