{
  "code": 200,
  "result": [
    -0.1520512725872411,
    1.1601361385,
    0,
    0.009462550802880243,
    1.169600970909523,
    1.166045276285491,
    63524.62452728267,
    "pi_xbtusd",
    null,
    -9659,
    null,
    57384,
    0.009462550802880243,
    -158812,
    95286
  ],
  "time": 1616452930148
}