{
  "code": 200,
  "result": [
    -0.1487358734910908,
    1.1601361385,
    0,
    0.0048192913665314925,
    1.1649556149385936,
    1.1614927855032886,
    64940.62107066974,
    "pi_xbtusd",
    null,
    -9659,
    null,
    57384,
    0.0048192913665314925,
    -162352,
    97410
  ],
  "time": 1616443990070
}