{
  "code": 200,
  "result": [
    -0.14552341795037904,
    1.15995524933,
    0,
    0.00039839743301614956,
    1.1603710145747097,
    1.156996603018075,
    66374.1969233677,
    "pi_xbtusd",
    null,
    -9659,
    null,
    57384,
    0.00039839743301614956,
    -165936,
    99561
  ],
  "time": 1616403612510
}