{
  "code": 200,
  "result": [
    -0.1514608056326345,
    1.1601361385,
    0,
    0.008573671916413228,
    1.1687127954864782,
    1.1651748784401756,
    63772.27401937722,
    "pi_xbtusd",
    null,
    -9659,
    null,
    57384,
    0.008573671916413228,
    -159431,
    95658
  ],
  "time": 1616455928837
}