{
  "code": 200,
  "result": [
    -0.14344806734756096,
    1.15995524933,
    0,
    -0.002369961030466367,
    1.1576294766259332,
    1.1543104322385682,
    67334.4728764952,
    "pi_xbtusd",
    null,
    -9659,
    null,
    57384,
    -0.002369961030466367,
    -168337,
    101001
  ],
  "time": 1616409190132
}