{
  "code": 200,
  "result": [
    -0.1457587193786795,
    1.16009938678,
    0,
    0.0007890620235354555,
    1.1609106772393143,
    1.1575284523908693,
    66267.04763305464,
    "pi_xbtusd",
    null,
    -9659,
    null,
    57384,
    0.0007890620235354555,
    -165668,
    99400
  ],
  "time": 1616437510851
}