{
  "code": 200,
  "result": [
    -0.19687079116991832,
    1.16011742818,
    0,
    0.005601334656658215,
    1.1657279202378699,
    1.1611391909440896,
    64321.37507422632,
    "pi_xbtusd",
    null,
    -12663,
    null,
    56572.889153590084,
    0.005601334656658215,
    -160804,
    96482
  ],
  "time": 1616463909232
}