{
  "code": 200,
  "result": [
    -0.14650635682085555,
    1.16009938678,
    0,
    0.0019877505269317807,
    1.1620966604535234,
    1.1586904618350105,
    65928.87987659671,
    "pi_xbtusd",
    null,
    -9659,
    null,
    57384,
    0.0019877505269317807,
    -164823,
    98893
  ],
  "time": 1616432531784
}