{
  "code": 200,
  "result": [
    -0.1481972873603949,
    1.16009938678,
    0,
    0.004100692096005376,
    1.1642350167814797,
    1.1607865593315851,
    65176.63158375277,
    "pi_xbtusd",
    null,
    -9659,
    null,
    57384,
    0.004100692096005376,
    -162942,
    97764
  ],
  "time": 1616442489762
}