{
  "code": 200,
  "result": [
    -0.14536111045130162,
    1.15995524933,
    0,
    0.0003254867059082269,
    1.1602929002207747,
    1.1569199468786822,
    66448.30911109423,
    "pi_xbtusd",
    null,
    -9659,
    null,
    57384,
    0.0003254867059082269,
    -166121,
    99672
  ],
  "time": 1616402530015
}