{
  "code": 200,
  "result": [
    -0.19761058121350206,
    1.16011742818,
    0,
    0.00664847965803736,
    1.1667783446738251,
    1.1621686724800173,
    64080.576668709175,
    "pi_xbtusd",
    null,
    -12663,
    null,
    56572.889153590084,
    0.00664847965803736,
    -160202,
    96120
  ],
  "time": 1616466130359
}