{
  "code": 200,
  "result": [
    -0.14837237461026567,
    1.16009938678,
    0,
    0.004241622114972091,
    1.1643744172193708,
    1.160923141169097,
    65099.71971110926,
    "pi_xbtusd",
    null,
    -9659,
    null,
    57384,
    0.004241622114972091,
    -162750,
    97649
  ],
  "time": 1616441891505
}