{
  "code": 200,
  "result": [
    -0.14352006486874702,
    1.15995524933,
    0,
    -0.002330034049290113,
    1.157678926771073,
    1.1543590838440845,
    67300.69421884262,
    "pi_xbtusd",
    null,
    -9659,
    null,
    57384,
    -0.002330034049290113,
    -168252,
    100951
  ],
  "time": 1616411170849
}