{
  "code": 200,
  "result": [
    -0.14553306142230393,
    1.16002449842,
    0,
    0.0004264001145689916,
    1.16052116898133,
    1.1571461973710642,
    66369.79876326365,
    "pi_xbtusd",
    null,
    -9659,
    null,
    57384,
    0.0004264001145689916,
    -165925,
    99554
  ],
  "time": 1616427913335
}