{
  "code": 200,
  "result": [
    -0.14579202093743804,
    1.16002449842,
    0,
    0.0008638559292502148,
    1.1609611039595484,
    1.157577383232989,
    66251.91102978708,
    "pi_xbtusd",
    null,
    -9659,
    null,
    57384,
    0.0008638559292502148,
    -165630,
    99377
  ],
  "time": 1616428389625
}