{
  "code": 200,
  "result": [
    -0.14363875531905693,
    1.15995524933,
    0,
    -0.002199424298534674,
    1.1578060739854843,
    1.1544836188634806,
    67245.08283676638,
    "pi_xbtusd",
    null,
    -9659,
    null,
    57384,
    -0.002199424298534674,
    -168113,
    100867
  ],
  "time": 1616410450130
}