{
  "code": 200,
  "result": [
    -0.14467422553237835,
    1.15995524933,
    0,
    -0.000803525542818313,
    1.159153213902605,
    1.155802840805487,
    66763.79268288046,
    "pi_xbtusd",
    null,
    -9659,
    null,
    57384,
    -0.000803525542818313,
    -166910,
    100145
  ],
  "time": 1616400310983
}