{
  "code": 200,
  "result": [
    -0.19834527690353465,
    1.16011742818,
    0,
    0.007924526620002724,
    1.1680574897447509,
    1.1634222966117036,
    63843.21420549206,
    "pi_xbtusd",
    null,
    -12663,
    null,
    56572.889153590084,
    0.007924526620002724,
    -159609,
    95764
  ],
  "time": 1616468229503
}