{
  "code": 200,
  "result": [
    -0.14602259176886428,
    1.16002449842,
    0,
    0.0010841782590454354,
    1.1611574067373536,
    1.1577692795641983,
    66147.29873641062,
    "pi_xbtusd",
    null,
    -9659,
    null,
    57384,
    0.0010841782590454354,
    -165369,
    99220
  ],
  "time": 1616423771349
}