{
  "code": 200,
  "result": [
    -0.14653010879456932,
    1.16009938678,
    0,
    0.001985498345882782,
    1.1621084906869033,
    1.1587023371120113,
    65918.19305574679,
    "pi_xbtusd",
    null,
    -9659,
    null,
    57384,
    0.001985498345882782,
    -164796,
    98877
  ],
  "time": 1616438049790
}