{
  "code": 200,
  "result": [
    -0.15138078377048197,
    1.1601361385,
    0,
    0.008502427494224883,
    1.1686399328840202,
    1.1651034407261613,
    63805.98487747708,
    "pi_xbtusd",
    null,
    -9659,
    null,
    57384,
    0.008502427494224883,
    -159515,
    95708
  ],
  "time": 1616449029798
}