{
  "code": 200,
  "result": [
    -0.14559953186930918,
    1.15995524933,
    0,
    0.000494972220972104,
    1.1604794114425916,
    1.1571030683901977,
    66339.49900793612,
    "pi_xbtusd",
    null,
    -9659,
    null,
    57384,
    0.000494972220972104,
    -165849,
    99509
  ],
  "time": 1616406071197
}