{
  "code": 200,
  "result": [
    -0.1462228924426767,
    1.16009938678,
    0,
    0.0016760156034473933,
    1.1617987005061192,
    1.158398736586076,
    66056.68810570538,
    "pi_xbtusd",
    null,
    -9659,
    null,
    57384,
    0.0016760156034473933,
    -165142,
    99085
  ],
  "time": 1616437929655
}