{
  "code": 200,
  "result": [
    -0.14524438571480566,
    1.15995524933,
    0,
    0.00012769359959092098,
    1.1600968367596038,
    1.1567278392796376,
    66501.70987652433,
    "pi_xbtusd",
    null,
    -9659,
    null,
    57384,
    0.00012769359959092098,
    -166255,
    99752
  ],
  "time": 1616402890596
}