{
  "code": 200,
  "result": [
    -0.19857721472144407,
    1.16011742818,
    0,
    0.00800514679185333,
    1.168140943971499,
    1.1635041384350147,
    63768.645449897835,
    "pi_xbtusd",
    null,
    -12663,
    null,
    56572.889153590084,
    0.00800514679185333,
    -159422,
    95652
  ],
  "time": 1616470149874
}