{
  "code": 200,
  "result": [
    -0.14549309339307315,
    1.15995524933,
    0,
    0.0003939768065227444,
    1.1603789895645094,
    1.1570046664204046,
    66388.03103804143,
    "pi_xbtusd",
    null,
    -9659,
    null,
    57384,
    0.0003939768065227444,
    -165971,
    99582
  ],
  "time": 1616406189924
}