{
  "code": 200,
  "result": [
    -0.1456634014343123,
    1.16002449842,
    0,
    0.0006943686644647391,
    1.1607619735158339,
    1.1573816425345702,
    66310.41088489052,
    "pi_xbtusd",
    null,
    -9659,
    null,
    57384,
    0.0006943686644647391,
    -165777,
    99465
  ],
  "time": 1616422689990
}