{
  "code": 200,
  "result": [
    -0.14418996115813296,
    1.15995524933,
    0,
    -0.0014056602599515312,
    1.1586151305847472,
    1.1552768001819718,
    66988.01998709873,
    "pi_xbtusd",
    null,
    -9659,
    null,
    57384,
    -0.0014056602599515312,
    -167471,
    100482
  ],
  "time": 1616413629684
}