{
  "code": 200,
  "result": [
    -0.19854344098403273,
    1.16011742818,
    0,
    0.008013636388661094,
    1.1681489023395788,
    1.1635119270111585,
    63779.4929776521,
    "pi_xbtusd",
    null,
    -12663,
    null,
    56572.889153590084,
    0.008013636388661094,
    -159449,
    95669
  ],
  "time": 1616469789744
}