{
  "code": 200,
  "result": [
    -0.19889907659479514,
    1.16011742818,
    0,
    0.00870549984552302,
    1.1688429805932719,
    1.1641921679957143,
    63665.45394173725,
    "pi_xbtusd",
    null,
    -12663,
    null,
    56572.889153590084,
    0.00870549984552302,
    -159164,
    95498
  ],
  "time": 1616471289296
}