{
  "code": 200,
  "result": [
    -0.1448453113534963,
    1.15995524933,
    0,
    -0.000620290084677879,
    1.1593358707509205,
    1.1559818329446396,
    66684.93380795133,
    "pi_xbtusd",
    null,
    -9659,
    null,
    57384,
    -0.000620290084677879,
    -166713,
    100027
  ],
  "time": 1616400190843
}