{
  "code": 200,
  "result": [
    -0.14625044528106634,
    1.16009938678,
    0,
    0.001593776379053993,
    1.1616973204217718,
    1.1582990012862164,
    66044.24336238558,
    "pi_xbtusd",
    null,
    -9659,
    null,
    57384,
    0.001593776379053993,
    -165111,
    99066
  ],
  "time": 1616430430004
}