{
  "code": 200,
  "result": [
    -0.1456443068852136,
    1.16009938678,
    0,
    0.0007646387419315274,
    1.1608818119151003,
    1.1575000755322873,
    66319.10444403798,
    "pi_xbtusd",
    null,
    -9659,
    null,
    57384,
    0.0007646387419315274,
    -165798,
    99478
  ],
  "time": 1616435770422
}