{
  "code": 200,
  "result": [
    -0.14667664559726357,
    1.16009938678,
    0,
    0.0021515686029989663,
    1.1622627689376333,
    1.1588532939575988,
    65852.33770972058,
    "pi_xbtusd",
    null,
    -9659,
    null,
    57384,
    0.0021515686029989663,
    -164631,
    98778
  ],
  "time": 1616433430774
}