{
  "code": 200,
  "result": [
    -0.19764090801393247,
    1.16011742818,
    0,
    0.006705127579949334,
    1.1668314480457391,
    1.162220642893493,
    64070.74389228842,
    "pi_xbtusd",
    null,
    -12663,
    null,
    56572.889153590084,
    0.006705127579949334,
    -160177,
    96106
  ],
  "time": 1616463729106
}