{
  "code": 200,
  "result": [
    -0.1471803599286805,
    1.16009938678,
    0,
    0.0028972193850203805,
    1.1630029113335374,
    1.1595785233378626,
    65626.96275970845,
    "pi_xbtusd",
    null,
    -9659,
    null,
    57384,
    0.0028972193850203805,
    -164068,
    98440
  ],
  "time": 1616431271255
}