{
  "code": 200,
  "result": [
    -0.19813797950295373,
    1.16011742818,
    0,
    0.007594146328520548,
    1.1677176337697726,
    1.1630890482425549,
    63910.008731118745,
    "pi_xbtusd",
    null,
    -12663,
    null,
    56572.889153590084,
    0.007594146328520548,
    -159776,
    95865
  ],
  "time": 1616461810532
}