{
  "code": 200,
  "result": [
    -0.19861396011556137,
    1.16011742818,
    0,
    0.008231394605124164,
    1.1683671030985405,
    1.1637257726057908,
    63756.8476688757,
    "pi_xbtusd",
    null,
    -12663,
    null,
    56572.889153590084,
    0.008231394605124164,
    -159393,
    95635
  ],
  "time": 1616470089250
}