{
  "code": 200,
  "result": [
    -0.14696416239917834,
    1.16009938678,
    0,
    0.002446934771870471,
    1.1625719169224882,
    1.1591565346190764,
    65723.50593721346,
    "pi_xbtusd",
    null,
    -9659,
    null,
    57384,
    0.002446934771870471,
    -164309,
    98585
  ],
  "time": 1616438829459
}