{
  "code": 200,
  "result": [
    -0.1482166288097435,
    1.1601361385,
    0,
    0.0041938495357339975,
    1.164330243550151,
    1.160879922951462,
    65168.12639422975,
    "pi_xbtusd",
    null,
    -9659,
    null,
    57384,
    0.0041938495357339975,
    -162921,
    97752
  ],
  "time": 1616444290822
}