{
  "code": 200,
  "result": [
    -0.14592880507127362,
    1.16009938678,
    0,
    0.0011495691922536952,
    1.161249748734934,
    1.1578603137431147,
    66189.81081413236,
    "pi_xbtusd",
    null,
    -9659,
    null,
    57384,
    0.0011495691922536952,
    -165475,
    99284
  ],
  "time": 1616429110997
}