{
  "code": 200,
  "result": [
    -0.1985009504737179,
    1.16011742818,
    0,
    0.008085823072467234,
    1.1682047027283287,
    1.1635662836662322,
    63793.14542212541,
    "pi_xbtusd",
    null,
    -12663,
    null,
    56572.889153590084,
    0.008085823072467234,
    -159483,
    95689
  ],
  "time": 1616458689246
}