{
  "code": 200,
  "result": [
    -0.14372719326513309,
    1.15995524933,
    0,
    -0.002024242121267231,
    1.1579887623122642,
    1.1546628035467152,
    67203.70571894544,
    "pi_xbtusd",
    null,
    -9659,
    null,
    57384,
    -0.002024242121267231,
    -168010,
    100805
  ],
  "time": 1616412010462
}