{
  "code": 200,
  "result": [
    -0.14376741395996778,
    1.15995524933,
    0,
    -0.001957647615396925,
    1.1580536221668558,
    1.1547263315111893,
    67184.90465919879,
    "pi_xbtusd",
    null,
    -9659,
    null,
    57384,
    -0.001957647615396925,
    -167963,
    100777
  ],
  "time": 1616411650160
}