{
  "code": 200,
  "result": [
    -0.14411674730705876,
    1.15995524933,
    0,
    -0.0015389605967714053,
    1.1584544268626533,
    1.1551187624666144,
    67022.05108348922,
    "pi_xbtusd",
    null,
    -9659,
    null,
    57384,
    -0.0015389605967714053,
    -167556,
    100533
  ],
  "time": 1616407931572
}