{
  "code": 200,
  "result": [
    -0.1453753993333516,
    1.15995524933,
    0,
    0.00018867319014155836,
    1.1601759987523805,
    1.1568057816806034,
    66441.7779369364,
    "pi_xbtusd",
    null,
    -9659,
    null,
    57384,
    0.00018867319014155836,
    -166105,
    99662
  ],
  "time": 1616406671360
}