{
  "code": 200,
  "result": [
    -0.19857544376795194,
    1.16011742818,
    0,
    0.008319676505303429,
    1.1684397984990762,
    1.1637967023683229,
    63769.214157202245,
    "pi_xbtusd",
    null,
    -12663,
    null,
    56572.889153590084,
    0.008319676505303429,
    -159424,
    95653
  ],
  "time": 1616459530128
}