{
  "code": 200,
  "result": [
    -0.14548913162743748,
    1.16002449842,
    0,
    0.0004286112484765521,
    1.1604743780977718,
    1.1570993622648278,
    66389.8388281976,
    "pi_xbtusd",
    null,
    -9659,
    null,
    57384,
    0.0004286112484765521,
    -165975,
    99584
  ],
  "time": 1616418490086
}