{
  "code": 200,
  "result": [
    -0.14866769578173442,
    1.16009938678,
    0,
    0.004965285009720896,
    1.1650963899101607,
    1.161630640601992,
    64970.402273408494,
    "pi_xbtusd",
    null,
    -9659,
    null,
    57384,
    0.004965285009720896,
    -162427,
    97455
  ],
  "time": 1616441229702
}