{
  "code": 200,
  "result": [
    -0.15184933844275342,
    1.1601361385,
    0,
    0.009350544198442471,
    1.1694895836644146,
    1.1659361291724715,
    63609.10162042888,
    "pi_xbtusd",
    null,
    -9659,
    null,
    57384,
    0.009350544198442471,
    -159023,
    95413
  ],
  "time": 1616455571074
}