{
  "code": 200,
  "result": [
    -0.14426520325858366,
    1.15995524933,
    0,
    -0.001287313015824689,
    1.1587337669101698,
    1.1553930695625119,
    66953.08211424363,
    "pi_xbtusd",
    null,
    -9659,
    null,
    57384,
    -0.001287313015824689,
    -167383,
    100429
  ],
  "time": 1616413689577
}