{
  "code": 200,
  "result": [
    -0.14544281280896507,
    1.15995524933,
    0,
    0.00034683786692012186,
    1.1603304055887185,
    1.1569570252234058,
    66410.98183852383,
    "pi_xbtusd",
    null,
    -9659,
    null,
    57384,
    0.00034683786692012186,
    -166028,
    99616
  ],
  "time": 1616405890079
}