{
  "code": 200,
  "result": [
    -0.14675182190088548,
    1.16009938678,
    0,
    0.002256939155894311,
    1.16236707028345,
    1.1589554878923578,
    65818.60364584488,
    "pi_xbtusd",
    null,
    -9659,
    null,
    57384,
    0.002256939155894311,
    -164547,
    98727
  ],
  "time": 1616433011170
}