{
  "code": 200,
  "result": [
    -0.14840452266791646,
    1.16009938678,
    0,
    0.004430659989569569,
    1.164564066647698,
    1.1611090098399321,
    65085.6175159423,
    "pi_xbtusd",
    null,
    -9659,
    null,
    57384,
    0.004430659989569569,
    -162715,
    97628
  ],
  "time": 1616442130319
}