{
  "code": 200,
  "result": [
    -0.15123326481583418,
    1.1601361385,
    0,
    0.008496762788197349,
    1.168634014806152,
    1.1650976359424137,
    63868.22377842827,
    "pi_xbtusd",
    null,
    -9659,
    null,
    57384,
    0.008496762788197349,
    -159671,
    95802
  ],
  "time": 1616447949343
}