{
  "code": 200,
  "result": [
    -0.1991778771756416,
    1.16011742818,
    0,
    0.009243736324162878,
    1.1693617315814417,
    1.1647001542543114,
    63576.33779193937,
    "pi_xbtusd",
    null,
    -12663,
    null,
    56572.889153590084,
    0.009243736324162878,
    -158941,
    95364
  ],
  "time": 1616458089661
}