{
  "code": 200,
  "result": [
    -0.14553250611174315,
    1.16002449842,
    0,
    0.0004846459752738568,
    1.160574732410957,
    1.1571985958834772,
    66370.0520114977,
    "pi_xbtusd",
    null,
    -9659,
    null,
    57384,
    0.0004846459752738568,
    -165926,
    99555
  ],
  "time": 1616427012407
}