{
  "code": 200,
  "result": [
    -0.14590450185640608,
    1.16009938678,
    0,
    0.0012350993822045364,
    1.1613562552550765,
    1.157965109659458,
    66200.83600645879,
    "pi_xbtusd",
    null,
    -9659,
    null,
    57384,
    0.0012350993822045364,
    -165503,
    99301
  ],
  "time": 1616437330001
}