{
  "code": 200,
  "result": [
    -0.1486070144052989,
    1.1601361385,
    0,
    0.00474328579313458,
    1.1648799188799939,
    1.1614186095561567,
    64996.93193254537,
    "pi_xbtusd",
    null,
    -9659,
    null,
    57384,
    0.00474328579313458,
    -162493,
    97495
  ],
  "time": 1616445309497
}