{
  "code": 200,
  "result": [
    -0.1457378723363868,
    1.16002449842,
    0,
    0.0008201564062453173,
    1.160898995811675,
    1.1575161490755759,
    66276.52678848949,
    "pi_xbtusd",
    null,
    -9659,
    null,
    57384,
    0.0008201564062453173,
    -165692,
    99414
  ],
  "time": 1616424850032
}