{
  "code": 200,
  "result": [
    -0.1455741665525886,
    1.16009938678,
    0,
    0.00048243337269119403,
    1.1605820004658187,
    1.1572059081903905,
    66351.05821822233,
    "pi_xbtusd",
    null,
    -9659,
    null,
    57384,
    0.00048243337269119403,
    -165878,
    99526
  ],
  "time": 1616428871279
}