{
  "code": 200,
  "result": [
    -0.145307507505922,
    1.16002449842,
    0,
    0.00043671923525101573,
    1.1604718744092146,
    1.1570966964165352,
    66472.82143771097,
    "pi_xbtusd",
    null,
    -9659,
    null,
    57384,
    0.00043671923525101573,
    -166183,
    99709
  ],
  "time": 1616416450032
}