{
  "code": 200,
  "result": [
    -0.14535842177583774,
    1.15995524933,
    0,
    0.00032695902622724925,
    1.1602940882543358,
    1.1569211054658368,
    66449.53819666176,
    "pi_xbtusd",
    null,
    -9659,
    null,
    57384,
    0.00032695902622724925,
    -166124,
    99674
  ],
  "time": 1616402471456
}