{
  "code": 200,
  "result": [
    -0.15222883172569765,
    1.1601361385,
    0,
    0.009642711194518832,
    1.169781187950916,
    1.166221890119051,
    63450.52964345565,
    "pi_xbtusd",
    null,
    -9659,
    null,
    57384,
    0.009642711194518832,
    -158627,
    95175
  ],
  "time": 1616453171353
}