{
  "code": 200,
  "result": [
    -0.14515337281268229,
    1.15995524933,
    0,
    -0.00016995728670879604,
    1.1598196749050718,
    1.1564566304428316,
    66543.40724458921,
    "pi_xbtusd",
    null,
    -9659,
    null,
    57384,
    -0.00016995728670879604,
    -166359,
    99815
  ],
  "time": 1616407150668
}