{
  "code": 200,
  "result": [
    -0.1443617578666668,
    1.1599289151,
    0,
    -0.0011232259331256979,
    1.1588291310199939,
    1.155485151930682,
    66908.3013585987,
    "pi_xbtusd",
    null,
    -9659,
    null,
    57384,
    -0.0011232259331256979,
    -167271,
    100362
  ],
  "time": 1616398418947
}