{
  "code": 200,
  "result": [
    -0.1454919368421964,
    1.16002449842,
    0,
    0.0004654720130028137,
    1.1605305901391905,
    1.1571548370909561,
    66388.55877268547,
    "pi_xbtusd",
    null,
    -9659,
    null,
    57384,
    0.0004654720130028137,
    -165972,
    99582
  ],
  "time": 1616422211665
}