{
  "code": 200,
  "result": [
    -0.14529773040533,
    1.15995524933,
    0,
    7.042769054339141e-05,
    1.1600401502586697,
    1.1566722980968844,
    66477.29440132862,
    "pi_xbtusd",
    null,
    -9659,
    null,
    57384,
    7.042769054339141e-05,
    -166194,
    99715
  ],
  "time": 1616403010396
}