{
  "code": 200,
  "result": [
    -0.1482623331763972,
    1.16009938678,
    0,
    0.004378922785677085,
    1.1645088038359666,
    1.1610547817722787,
    65148.03721932575,
    "pi_xbtusd",
    null,
    -9659,
    null,
    57384,
    0.004378922785677085,
    -162871,
    97722
  ],
  "time": 1616440749487
}