{
  "code": 200,
  "result": [
    -0.19992950273579882,
    1.16013853049,
    0,
    0.010166533092468965,
    1.17030598187301,
    1.1656259486105134,
    63337.32554086225,
    "pi_xbtusd",
    null,
    -12663,
    null,
    56572.889153590084,
    0.010166533092468965,
    -158344,
    95005
  ],
  "time": 1616474230711
}