{
  "code": 200,
  "result": [
    -0.14499568451650827,
    1.16002449842,
    0,
    -0.00020873558732071955,
    1.1598245483033602,
    1.1564622794071322,
    66615.7757191752,
    "pi_xbtusd",
    null,
    -9659,
    null,
    57384,
    -0.00020873558732071955,
    -166540,
    99923
  ],
  "time": 1616416090102
}