{
  "code": 200,
  "result": [
    -0.15094131098924174,
    1.1601361385,
    0,
    0.007927294994965396,
    1.16806433607727,
    1.1645393465693963,
    63991.75902671496,
    "pi_xbtusd",
    null,
    -9659,
    null,
    57384,
    0.007927294994965396,
    -159980,
    95987
  ],
  "time": 1616447049477
}