{
  "code": 200,
  "result": [
    -0.14500529179656757,
    1.16002449842,
    0,
    -9.747440879279381e-05,
    1.1599367523939412,
    1.1565722582741427,
    66611.36211188011,
    "pi_xbtusd",
    null,
    -9659,
    null,
    57384,
    -9.747440879279381e-05,
    -166529,
    99917
  ],
  "time": 1616416271231
}