{
  "code": 200,
  "result": [
    -0.19752782587982512,
    1.16011742818,
    0,
    0.0065405061476965076,
    1.166670635357782,
    1.1620631226341809,
    64107.423567270474,
    "pi_xbtusd",
    null,
    -12663,
    null,
    56572.889153590084,
    0.0065405061476965076,
    -160269,
    96161
  ],
  "time": 1616466310013
}