{
  "code": 200,
  "result": [
    -0.19772885297917836,
    1.16011742818,
    0,
    0.007098232479952098,
    1.1672277421190256,
    1.1626090748687794,
    64042.24679001939,
    "pi_xbtusd",
    null,
    -12663,
    null,
    56572.889153590084,
    0.007098232479952098,
    -160106,
    96063
  ],
  "time": 1616465889518
}