{
  "code": 200,
  "result": [
    -0.1457609040925422,
    1.16009938678,
    0,
    0.0008527437405423243,
    1.1609546047943788,
    1.1575711063115937,
    66266.05440007146,
    "pi_xbtusd",
    null,
    -9659,
    null,
    57384,
    0.0008527437405423243,
    -165666,
    99399
  ],
  "time": 1616429770806
}