{
  "code": 200,
  "result": [
    -0.145660408454277,
    1.16002449842,
    0,
    0.0007572391402046215,
    1.1608039473465792,
    1.1574223589558008,
    66311.77340843427,
    "pi_xbtusd",
    null,
    -9659,
    null,
    57384,
    0.0007572391402046215,
    -165780,
    99467
  ],
  "time": 1616418671983
}