{
  "code": 200,
  "result": [
    -0.1973231328865368,
    1.16011742818,
    0,
    0.00627258247383191,
    1.1664046597179323,
    1.1618025054678085,
    64173.9253515774,
    "pi_xbtusd",
    null,
    -12663,
    null,
    56572.889153590084,
    0.00627258247383191,
    -160435,
    96260
  ],
  "time": 1616467629297
}