{
  "code": 200,
  "result": [
    -0.19786244927147872,
    1.16011742818,
    0,
    0.007149834876642721,
    1.1672759796793672,
    1.1626562803811873,
    63999.00560528103,
    "pi_xbtusd",
    null,
    -12663,
    null,
    56572.889153590084,
    0.007149834876642721,
    -159998,
    95998
  ],
  "time": 1616463610661
}