{
  "code": 200,
  "result": [
    -0.14585486117303442,
    1.16009938678,
    0,
    0.0010232912009827634,
    1.161124387599548,
    1.157737478167554,
    66223.36699865683,
    "pi_xbtusd",
    null,
    -9659,
    null,
    57384,
    0.0010232912009827634,
    -165559,
    99335
  ],
  "time": 1616429470851
}