{
  "code": 200,
  "result": [
    -0.19873832867984598,
    1.16011742818,
    0,
    0.008150617033012434,
    1.168284908666524,
    1.1636451937252166,
    63716.94923730207,
    "pi_xbtusd",
    null,
    -12663,
    null,
    56572.889153590084,
    0.008150617033012434,
    -159293,
    95575
  ],
  "time": 1616469129916
}