{
  "code": 200,
  "result": [
    -0.19672911368956386,
    1.16011742818,
    0,
    0.005537956713888173,
    1.1656656045532745,
    1.1610781428183496,
    64367.69709633348,
    "pi_xbtusd",
    null,
    -12663,
    null,
    56572.889153590084,
    0.005537956713888173,
    -160920,
    96551
  ],
  "time": 1616464629264
}