{
  "code": 200,
  "result": [
    -0.14626453584119167,
    1.16009938678,
    0,
    0.0014825064145659998,
    1.161585439569679,
    1.1581893458334134,
    66037.88091521629,
    "pi_xbtusd",
    null,
    -9659,
    null,
    57384,
    0.0014825064145659998,
    -165095,
    99056
  ],
  "time": 1616430190840
}