{
  "code": 200,
  "result": [
    -0.19981150147960472,
    1.16011742818,
    0,
    0.010063879457148355,
    1.170181342930663,
    1.1655033627408729,
    63374.7302143793,
    "pi_xbtusd",
    null,
    -12663,
    null,
    56572.889153590084,
    0.010063879457148355,
    -158437,
    95062
  ],
  "time": 1616457729280
}