{
  "code": 200,
  "result": [
    -0.14571647723266792,
    1.16009938678,
    0,
    0.0009075780384609164,
    1.1610258263091924,
    1.1576412311404487,
    66286.25796777474,
    "pi_xbtusd",
    null,
    -9659,
    null,
    57384,
    0.0009075780384609164,
    -165716,
    99429
  ],
  "time": 1616436191063
}