{
  "code": 200,
  "result": [
    -0.1510749922474689,
    1.1601361385,
    0,
    0.008059251981400171,
    1.1681967294499276,
    1.1646691008023253,
    63935.13483805475,
    "pi_xbtusd",
    null,
    -9659,
    null,
    57384,
    0.008059251981400171,
    -159838,
    95902
  ],
  "time": 1616448910421
}