{
  "code": 200,
  "result": [
    -0.15126176940078645,
    1.1601361385,
    0,
    0.008399709952841852,
    1.168537497022235,
    1.1650030592152039,
    63856.188105318965,
    "pi_xbtusd",
    null,
    -9659,
    null,
    57384,
    0.008399709952841852,
    -159641,
    95784
  ],
  "time": 1616450230034
}