{
  "code": 200,
  "result": [
    -0.14597810389610572,
    1.16002449842,
    0,
    0.001033683453826018,
    1.1610947398226188,
    1.157707622545568,
    66167.45759949328,
    "pi_xbtusd",
    null,
    -9659,
    null,
    57384,
    0.001033683453826018,
    -165419,
    99251
  ],
  "time": 1616421430165
}