{
  "code": 200,
  "result": [
    -0.19841099478368973,
    1.16013853049,
    0,
    0.007958465120533,
    1.168097147816851,
    1.163461275913793,
    63822.06799479721,
    "pi_xbtusd",
    null,
    -12663,
    null,
    56572.889153590084,
    0.007958465120533,
    -159556,
    95733
  ],
  "time": 1616472370567
}