{
  "code": 200,
  "result": [
    -0.15208181645423924,
    1.1601361385,
    0,
    0.009569784166544018,
    1.1697092174005608,
    1.1661513781092556,
    63511.866344036935,
    "pi_xbtusd",
    null,
    -9659,
    null,
    57384,
    0.009569784166544018,
    -158780,
    95267
  ],
  "time": 1616457249851
}