{
  "code": 200,
  "result": [
    -0.1442959270492894,
    1.15995524933,
    0,
    -0.0012266311190239547,
    1.1587915634810426,
    1.1554496524954487,
    66938.82632391021,
    "pi_xbtusd",
    null,
    -9659,
    null,
    57384,
    -0.0012266311190239547,
    -167348,
    100408
  ],
  "time": 1616413089869
}