{
  "code": 200,
  "result": [
    -0.19864650915423246,
    1.16013853049,
    0,
    0.008397377567053521,
    1.1685361595704635,
    1.1638915094184754,
    63746.40085000555,
    "pi_xbtusd",
    null,
    -12663,
    null,
    56572.889153590084,
    0.008397377567053521,
    -159367,
    95619
  ],
  "time": 1616472611012
}