{
  "code": 200,
  "result": [
    -0.1438820786208478,
    1.15995524933,
    0,
    -0.0017891332698133722,
    1.1582250191309202,
    1.1548943581883422,
    67131.36265881316,
    "pi_xbtusd",
    null,
    -9659,
    null,
    57384,
    -0.0017891332698133722,
    -167829,
    100697
  ],
  "time": 1616412249623
}