{
  "code": 200,
  "result": [
    -0.14569839586737005,
    1.16009938678,
    0,
    0.0008297831755569091,
    1.1609501709987278,
    1.1575671317272422,
    66294.48418081853,
    "pi_xbtusd",
    null,
    -9659,
    null,
    57384,
    0.0008297831755569091,
    -165737,
    99441
  ],
  "time": 1616437029697
}