{
  "code": 200,
  "result": [
    -0.1454742308850689,
    1.15995524933,
    0,
    0.00030193307645988665,
    1.160281176630089,
    1.1569086943605853,
    66396.63905582728,
    "pi_xbtusd",
    null,
    -9659,
    null,
    57384,
    0.00030193307645988665,
    -165992,
    99594
  ],
  "time": 1616404990521
}