{
  "code": 200,
  "result": [
    -0.19863680940033104,
    1.16011742818,
    0,
    0.008092194643918341,
    1.1682266638875505,
    1.163588117394025,
    63749.51368897137,
    "pi_xbtusd",
    null,
    -12663,
    null,
    56572.889153590084,
    0.008092194643918341,
    -159374,
    95624
  ],
  "time": 1616469249338
}