{
  "code": 200,
  "result": [
    -0.1468157128022707,
    1.16009938678,
    0,
    0.0023126876591383757,
    1.1624379744840694,
    1.1590252771229124,
    65789.9608675306,
    "pi_xbtusd",
    null,
    -9659,
    null,
    57384,
    0.0023126876591383757,
    -164475,
    98684
  ],
  "time": 1616438948897
}