{
  "code": 200,
  "result": [
    -0.1485382084702214,
    1.1601361385,
    0,
    0.004535774172157647,
    1.1646722382966144,
    1.161215079205197,
    65027.03984030085,
    "pi_xbtusd",
    null,
    -9659,
    null,
    57384,
    0.004535774172157647,
    -162568,
    97540
  ],
  "time": 1616444589484
}