{
  "code": 200,
  "result": [
    -0.1990089823484026,
    1.16011742818,
    0,
    0.008814444187504614,
    1.1689342095749216,
    1.1642812180905242,
    63630.29372127053,
    "pi_xbtusd",
    null,
    -12663,
    null,
    56572.889153590084,
    0.008814444187504614,
    -159076,
    95445
  ],
  "time": 1616459289275
}