{
  "code": 200,
  "result": [
    -0.14384058221452167,
    1.15995524933,
    0,
    -0.0019196720432751854,
    1.1580939015745106,
    1.1547658514074017,
    67150.72930944282,
    "pi_xbtusd",
    null,
    -9659,
    null,
    57384,
    -0.0019196720432751854,
    -167877,
    100726
  ],
  "time": 1616412129324
}