{
  "code": 200,
  "result": [
    -0.1457049256615117,
    1.16009938678,
    0,
    0.000786101249996403,
    1.160885518998425,
    1.1575033533654508,
    66291.51318081656,
    "pi_xbtusd",
    null,
    -9659,
    null,
    57384,
    0.000786101249996403,
    -165729,
    99437
  ],
  "time": 1616428813388
}