{
  "code": 200,
  "result": [
    -0.1470791054593149,
    1.16009938678,
    0,
    0.0027562032213996504,
    1.1628808819048961,
    1.1594593142324938,
    65672.14268699694,
    "pi_xbtusd",
    null,
    -9659,
    null,
    57384,
    0.0027562032213996504,
    -164181,
    98508
  ],
  "time": 1616438710890
}