{
  "code": 200,
  "result": [
    -0.19756643322402784,
    1.16011742818,
    0,
    0.006789101629983402,
    1.1669194967777123,
    1.1623070121444654,
    64094.89604765481,
    "pi_xbtusd",
    null,
    -12663,
    null,
    56572.889153590084,
    0.006789101629983402,
    -160238,
    96142
  ],
  "time": 1616466489339
}