{
  "code": 200,
  "result": [
    -0.1448352457095019,
    1.15995524933,
    0,
    -0.0005525661698254095,
    1.1594047514093355,
    1.1560493591247576,
    66689.56822411303,
    "pi_xbtusd",
    null,
    -9659,
    null,
    57384,
    -0.0005525661698254095,
    -166724,
    100034
  ],
  "time": 1616400430604
}