{
  "code": 200,
  "result": [
    -0.14551849005533002,
    1.16009938678,
    0,
    0.0005399798970841917,
    1.160657305589892,
    1.157280062383976,
    66376.44464512647,
    "pi_xbtusd",
    null,
    -9659,
    null,
    57384,
    0.0005399798970841917,
    -165942,
    99564
  ],
  "time": 1616435829322
}