{
  "code": 200,
  "result": [
    -0.19862957128052355,
    1.16011742818,
    0,
    0.00822607856250177,
    1.168360637853383,
    1.163719413681486,
    63751.83673993893,
    "pi_xbtusd",
    null,
    -12663,
    null,
    56572.889153590084,
    0.00822607856250177,
    -159380,
    95627
  ],
  "time": 1616469310585
}