{
  "code": 200,
  "result": [
    -0.1435924330817217,
    1.15995524933,
    0,
    -0.0021965671451303448,
    1.1578011432657962,
    1.1544786310007245,
    67266.7757813035,
    "pi_xbtusd",
    null,
    -9659,
    null,
    57384,
    -0.0021965671451303448,
    -168167,
    100900
  ],
  "time": 1616408830835
}