{
  "code": 200,
  "result": [
    -0.19849608243031155,
    1.16011742818,
    0,
    0.00809644255271859,
    1.1682316196771716,
    1.16359298822547,
    63794.70992555107,
    "pi_xbtusd",
    null,
    -12663,
    null,
    56572.889153590084,
    0.00809644255271859,
    -159487,
    95692
  ],
  "time": 1616469729693
}