{
  "code": 200,
  "result": [
    -0.1448437636389081,
    1.15995524933,
    0,
    -0.0006050023674278181,
    1.1593569265664663,
    1.1560025830058405,
    66685.6463636201,
    "pi_xbtusd",
    null,
    -9659,
    null,
    57384,
    -0.0006050023674278181,
    -166715,
    100028
  ],
  "time": 1616401390328
}