{
  "code": 200,
  "result": [
    -0.15193129677241907,
    1.1601361385,
    0,
    0.009352178316229195,
    1.1694913583578133,
    1.1659378711835142,
    63574.788112737624,
    "pi_xbtusd",
    null,
    -9659,
    null,
    57384,
    0.009352178316229195,
    -158937,
    95362
  ],
  "time": 1616456170447
}