{
  "code": 200,
  "result": [
    -0.14569241672164274,
    1.16002449842,
    0,
    0.000675886245203897,
    1.1607519259961212,
    1.1573719646632428,
    66297.20487411715,
    "pi_xbtusd",
    null,
    -9659,
    null,
    57384,
    0.000675886245203897,
    -165744,
    99445
  ],
  "time": 1616424311191
}