{
  "code": 200,
  "result": [
    -0.19826526405153114,
    1.16011742818,
    0,
    0.007731690244139895,
    1.1678555303267815,
    1.1632241939212515,
    63868.979069923,
    "pi_xbtusd",
    null,
    -12663,
    null,
    56572.889153590084,
    0.007731690244139895,
    -159673,
    95803
  ],
  "time": 1616462049517
}