{
  "code": 200,
  "result": [
    -0.19755073779737625,
    1.16011742818,
    0,
    0.006609681410720261,
    1.1667415830744203,
    1.1621326868455588,
    64099.98839380787,
    "pi_xbtusd",
    null,
    -12663,
    null,
    56572.889153590084,
    0.006609681410720261,
    -160250,
    96149
  ],
  "time": 1616467510631
}