{
  "code": 200,
  "result": [
    -0.14537703323715487,
    1.15995524933,
    0,
    0.00010272674874811572,
    1.1600840000557755,
    1.1567155019128261,
    66441.03119261752,
    "pi_xbtusd",
    null,
    -9659,
    null,
    57384,
    0.00010272674874811572,
    -166103,
    99661
  ],
  "time": 1616405412415
}