{
  "code": 200,
  "result": [
    -0.1984386398840109,
    1.16011742818,
    0,
    0.007856679425234913,
    1.1679797240597556,
    1.1633458878706038,
    63813.17674522277,
    "pi_xbtusd",
    null,
    -12663,
    null,
    56572.889153590084,
    0.007856679425234913,
    -159533,
    95719
  ],
  "time": 1616461510013
}