{
  "code": 200,
  "result": [
    -0.15230275787518852,
    1.1601361385,
    0,
    0.009950645868793326,
    1.1700888548423196,
    1.1665233983169694,
    63419.73142676452,
    "pi_xbtusd",
    null,
    -9659,
    null,
    57384,
    0.009950645868793326,
    -158550,
    95129
  ],
  "time": 1616452029262
}