{
  "code": 200,
  "result": [
    -0.14348379556676272,
    1.15995524933,
    0,
    -0.0024184179782641346,
    1.1575781351168328,
    1.1542600598684238,
    67317.70623886018,
    "pi_xbtusd",
    null,
    -9659,
    null,
    57384,
    -0.0024184179782641346,
    -168295,
    100976
  ],
  "time": 1616408590149
}