{
  "code": 200,
  "result": [
    -0.1466805717353243,
    1.16009938678,
    0,
    0.002154577383619826,
    1.1622644025964919,
    1.1588548674408452,
    65850.5750674946,
    "pi_xbtusd",
    null,
    -9659,
    null,
    57384,
    0.002154577383619826,
    -164627,
    98775
  ],
  "time": 1616432891200
}