{
  "code": 200,
  "result": [
    -0.14822549840430102,
    1.16009938678,
    0,
    0.004250871476824155,
    1.1643839789529795,
    1.1609325179154686,
    65164.226829948224,
    "pi_xbtusd",
    null,
    -9659,
    null,
    57384,
    0.004250871476824155,
    -162911,
    97746
  ],
  "time": 1616442013479
}