{
  "code": 200,
  "result": [
    -0.1462686599560144,
    1.16009938678,
    0,
    0.00162217729553581,
    1.1617346038564214,
    1.1583357167025363,
    66036.01894558023,
    "pi_xbtusd",
    null,
    -9659,
    null,
    57384,
    0.00162217729553581,
    -165091,
    99054
  ],
  "time": 1616433910168
}