{
  "code": 200,
  "result": [
    -0.14984853720956934,
    1.1601361385,
    0,
    0.00654170221672776,
    1.1666784478993009,
    1.1631811702469919,
    64458.420348084495,
    "pi_xbtusd",
    null,
    -9659,
    null,
    57384,
    0.00654170221672776,
    -161147,
    96687
  ],
  "time": 1616445790468
}