{
  "code": 200,
  "result": [
    -0.14550965782046907,
    1.16002449842,
    0,
    0.0002864795822554267,
    1.1603384857604178,
    1.1569663125607983,
    66380.47360345902,
    "pi_xbtusd",
    null,
    -9659,
    null,
    57384,
    0.0002864795822554267,
    -165952,
    99570
  ],
  "time": 1616419689879
}