{
  "code": 200,
  "result": [
    -0.15143413371850714,
    1.1601361385,
    0,
    0.008601213548447352,
    1.1687385922087017,
    1.1652001243297585,
    63783.506154263756,
    "pi_xbtusd",
    null,
    -9659,
    null,
    57384,
    0.008601213548447352,
    -159459,
    95675
  ],
  "time": 1616448489894
}