{
  "code": 200,
  "result": [
    -0.19876559227870844,
    1.16011742818,
    0,
    0.00822820495032405,
    1.1683625853202544,
    1.1637213186206008,
    63708.20952875981,
    "pi_xbtusd",
    null,
    -12663,
    null,
    56572.889153590084,
    0.00822820495032405,
    -159271,
    95562
  ],
  "time": 1616469189326
}