{
  "code": 200,
  "result": [
    -0.14516608172583287,
    1.15995524933,
    0,
    -4.3997746921716045e-06,
    1.159986669624282,
    1.1566203140118014,
    66537.58154223945,
    "pi_xbtusd",
    null,
    -9659,
    null,
    57384,
    -4.3997746921716045e-06,
    -166344,
    99806
  ],
  "time": 1616407449464
}