{
  "code": 200,
  "result": [
    -0.19940555524013606,
    1.16011742818,
    0,
    0.008822993159043627,
    1.1689408126012126,
    1.1642876501373847,
    63503.74734921733,
    "pi_xbtusd",
    null,
    -12663,
    null,
    56572.889153590084,
    0.008822993159043627,
    -158760,
    95255
  ],
  "time": 1616457970572
}