{
  "code": 200,
  "result": [
    -0.19859727361764515,
    1.16011742818,
    0,
    0.008195250317529296,
    1.1683151966984262,
    1.1636745890914284,
    63762.20463318036,
    "pi_xbtusd",
    null,
    -12663,
    null,
    56572.889153590084,
    0.008195250317529296,
    -159406,
    95643
  ],
  "time": 1616459411037
}