{
  "code": 200,
  "result": [
    -0.19837145855926352,
    1.16013853049,
    0,
    0.007841843146316866,
    1.1679805010704372,
    1.1633469616068637,
    63834.78798799539,
    "pi_xbtusd",
    null,
    -12663,
    null,
    56572.889153590084,
    0.007841843146316866,
    -159587,
    95752
  ],
  "time": 1616472310009
}