{
  "code": 200,
  "result": [
    -0.1456410724640684,
    1.16002449842,
    0,
    0.0007010233250777643,
    1.1607976620293599,
    1.157417197954884,
    66320.57726973278,
    "pi_xbtusd",
    null,
    -9659,
    null,
    57384,
    0.0007010233250777643,
    -165802,
    99480
  ],
  "time": 1616428271998
}