{
  "code": 200,
  "result": [
    -0.14696892662766606,
    1.16009938678,
    0,
    0.002569298469849714,
    1.1626936662644192,
    1.159275836687048,
    65721.37540658713,
    "pi_xbtusd",
    null,
    -9659,
    null,
    57384,
    0.002569298469849714,
    -164304,
    98582
  ],
  "time": 1616438589237
}