{
  "code": 200,
  "result": [
    -0.15160854113429528,
    1.1601361385,
    0,
    0.008923438465398559,
    1.1690624354979944,
    1.165517523120712,
    63710.13089192667,
    "pi_xbtusd",
    null,
    -9659,
    null,
    57384,
    0.008923438465398559,
    -159276,
    95565
  ],
  "time": 1616455389588
}