{
  "code": 200,
  "result": [
    -0.1988569329752683,
    1.16013853049,
    0,
    0.008673476807210714,
    1.168812604268337,
    1.1641624321315458,
    63678.94651968151,
    "pi_xbtusd",
    null,
    -12663,
    null,
    56572.889153590084,
    0.008673476807210714,
    -159198,
    95518
  ],
  "time": 1616473451131
}