{
  "code": 200,
  "result": [
    -0.14527796778920482,
    1.15995524933,
    0,
    0.00038439957709180875,
    1.1603521016490768,
    1.1569779700495606,
    66486.33751550682,
    "pi_xbtusd",
    null,
    -9659,
    null,
    57384,
    0.00038439957709180875,
    -166216,
    99729
  ],
  "time": 1616402590573
}