{
  "code": 200,
  "result": [
    -0.14602222278065946,
    1.16009938678,
    0,
    0.0013110332190063333,
    1.1614308068826487,
    1.1580381426102941,
    66147.46588612626,
    "pi_xbtusd",
    null,
    -9659,
    null,
    57384,
    0.0013110332190063333,
    -165369,
    99221
  ],
  "time": 1616436789120
}