{
  "code": 200,
  "result": [
    -0.14665370115441267,
    1.16009938678,
    0,
    0.0021967114668129204,
    1.1623059222700403,
    1.1588955444327296,
    65862.64051958684,
    "pi_xbtusd",
    null,
    -9659,
    null,
    57384,
    0.0021967114668129204,
    -164657,
    98793
  ],
  "time": 1616432650490
}