{
  "code": 200,
  "result": [
    -0.1454598831283682,
    1.15995524933,
    0,
    0.00031297302103728864,
    1.1603005832066617,
    1.1569278801382668,
    66403.18823490283,
    "pi_xbtusd",
    null,
    -9659,
    null,
    57384,
    0.00031297302103728864,
    -166008,
    99604
  ],
  "time": 1616406730220
}