{
  "code": 200,
  "result": [
    -0.15134375832105165,
    1.1601361385,
    0,
    0.00857772161862642,
    1.1687168592073691,
    1.1651788611670222,
    63821.59467396053,
    "pi_xbtusd",
    null,
    -9659,
    null,
    57384,
    0.00857772161862642,
    -159554,
    95732
  ],
  "time": 1616455989158
}