{
  "code": 200,
  "result": [
    -0.1461302086103184,
    1.16002449842,
    0,
    0.001289437268354585,
    1.1613511162506467,
    1.1579588838973052,
    66098.58489805761,
    "pi_xbtusd",
    null,
    -9659,
    null,
    57384,
    0.001289437268354585,
    -165247,
    99147
  ],
  "time": 1616421550702
}