{
  "code": 200,
  "result": [
    -0.1515727202752062,
    1.1601361385,
    0,
    0.009021067558686412,
    1.1691591078955588,
    1.1656122429364106,
    63725.18737185974,
    "pi_xbtusd",
    null,
    -9659,
    null,
    57384,
    0.009021067558686412,
    -159313,
    95587
  ],
  "time": 1616451310563
}