{
  "code": 200,
  "result": [
    -0.14483068323735218,
    1.15995524933,
    0,
    -0.00034541437318786716,
    1.159619980602786,
    1.1562604452822753,
    66691.66908624319,
    "pi_xbtusd",
    null,
    -9659,
    null,
    57384,
    -0.00034541437318786716,
    -166730,
    100037
  ],
  "time": 1616402110770
}