{
  "code": 200,
  "result": [
    -0.145661908357368,
    1.16009938678,
    0,
    0.0007372634501460014,
    1.160838664341818,
    1.1574574754648408,
    66311.09058589661,
    "pi_xbtusd",
    null,
    -9659,
    null,
    57384,
    0.0007372634501460014,
    -165778,
    99466
  ],
  "time": 1616429590612
}