{
  "code": 200,
  "result": [
    -0.19828370248600782,
    1.16011742818,
    0,
    0.007614238704705082,
    1.1677493287977043,
    1.1631203414229632,
    63863.03988293532,
    "pi_xbtusd",
    null,
    -12663,
    null,
    56572.889153590084,
    0.007614238704705082,
    -159658,
    95794
  ],
  "time": 1616469670518
}