{
  "code": 200,
  "result": [
    -0.14433161035558242,
    1.15995524933,
    0,
    -0.0013428993829080636,
    1.158649620789349,
    1.1553100351690329,
    66922.27694407078,
    "pi_xbtusd",
    null,
    -9659,
    null,
    57384,
    -0.0013428993829080636,
    -167306,
    100383
  ],
  "time": 1616407751020
}