{
  "code": 200,
  "result": [
    -0.145501951612695,
    1.16002449842,
    0,
    0.0004308224403304079,
    1.1605077912437536,
    1.1571327311869726,
    66383.98930696718,
    "pi_xbtusd",
    null,
    -9659,
    null,
    57384,
    0.0004308224403304079,
    -165960,
    99575
  ],
  "time": 1616424489876
}