{
  "code": 200,
  "result": [
    -0.19831853873154687,
    1.16011742818,
    0,
    0.0076449127429166295,
    1.1677776102060635,
    1.163148009350558,
    63851.82182660806,
    "pi_xbtusd",
    null,
    -12663,
    null,
    56572.889153590084,
    0.0076449127429166295,
    -159630,
    95777
  ],
  "time": 1616468049611
}