{
  "code": 200,
  "result": [
    -0.1517349056898496,
    1.1601361385,
    0,
    0.00933910621552823,
    1.1694772587513065,
    1.1659240330190215,
    63657.07320992617,
    "pi_xbtusd",
    null,
    -9659,
    null,
    57384,
    0.00933910621552823,
    -159143,
    95485
  ],
  "time": 1616451789249
}