{
  "code": 200,
  "result": [
    -0.1510899597169872,
    1.1601361385,
    0,
    0.008260786538823154,
    1.1683978135039514,
    1.1648661541652006,
    63928.8012128183,
    "pi_xbtusd",
    null,
    -9659,
    null,
    57384,
    0.008260786538823154,
    -159823,
    95893
  ],
  "time": 1616446989907
}