{
  "code": 200,
  "result": [
    -0.14559114670193254,
    1.16009938678,
    0,
    0.000618247068313057,
    1.1607199576391682,
    1.1573411490898275,
    66343.31976088343,
    "pi_xbtusd",
    null,
    -9659,
    null,
    57384,
    0.000618247068313057,
    -165859,
    99514
  ],
  "time": 1616429711034
}