{
  "code": 200,
  "result": [
    -0.14673568954315971,
    1.16009938678,
    0,
    0.002055343667835469,
    1.1621647130419748,
    1.1587571625606436,
    65825.8398489958,
    "pi_xbtusd",
    null,
    -9659,
    null,
    57384,
    0.002055343667835469,
    -164565,
    98738
  ],
  "time": 1616432711874
}