{
  "code": 200,
  "result": [
    -0.1485155248352515,
    1.16009938678,
    0,
    0.00459070079640257,
    1.164722272683597,
    1.1612640150596947,
    65036.97179614551,
    "pi_xbtusd",
    null,
    -9659,
    null,
    57384,
    0.00459070079640257,
    -162593,
    97555
  ],
  "time": 1616441411238
}