{
  "code": 200,
  "result": [
    -0.15117436268764073,
    1.1601361385,
    0,
    0.008180923800974673,
    1.1683182604807112,
    1.1647881983967174,
    63893.10878033999,
    "pi_xbtusd",
    null,
    -9659,
    null,
    57384,
    0.008180923800974673,
    -159733,
    95839
  ],
  "time": 1616448309916
}