{
  "code": 200,
  "result": [
    -0.14360128100350394,
    1.15995524933,
    0,
    -0.0023243286264295416,
    1.1576843427712014,
    1.1543643857357555,
    67262.63117224083,
    "pi_xbtusd",
    null,
    -9659,
    null,
    57384,
    -0.0023243286264295416,
    -168157,
    100893
  ],
  "time": 1616411110582
}