{
  "code": 200,
  "result": [
    -0.1443414873485493,
    1.15995524933,
    0,
    -0.0011319082103925363,
    1.158889460743999,
    1.1555456553002326,
    66917.69758943861,
    "pi_xbtusd",
    null,
    -9659,
    null,
    57384,
    -0.0011319082103925363,
    -167295,
    100376
  ],
  "time": 1616413749747
}