{
  "code": 200,
  "result": [
    -0.14830730758600885,
    1.1601361385,
    0,
    0.004233144404212409,
    1.1643695523639024,
    1.1609184458678439,
    65128.28098101903,
    "pi_xbtusd",
    null,
    -9659,
    null,
    57384,
    0.004233144404212409,
    -162821,
    97692
  ],
  "time": 1616444349426
}