{
  "code": 200,
  "result": [
    -0.1454996995076169,
    1.15995524933,
    0,
    0.00025778774928528485,
    1.1602367403316953,
    1.1568651409687352,
    66385.01682606123,
    "pi_xbtusd",
    null,
    -9659,
    null,
    57384,
    0.00025778774928528485,
    -165963,
    99577
  ],
  "time": 1616404930067
}