{
  "code": 200,
  "result": [
    -0.14627774709224967,
    1.16009938678,
    0,
    0.0014511680505781845,
    1.1615537959418192,
    1.1581583289728332,
    66031.91662439659,
    "pi_xbtusd",
    null,
    -9659,
    null,
    57384,
    0.0014511680505781845,
    -165080,
    99047
  ],
  "time": 1616430070697
}