{
  "code": 200,
  "result": [
    -0.1453604900907241,
    1.15995524933,
    0,
    0.00021587109271957875,
    1.1601977119922338,
    1.156826950962405,
    66448.59269510931,
    "pi_xbtusd",
    null,
    -9659,
    null,
    57384,
    0.00021587109271957875,
    -166122,
    99672
  ],
  "time": 1616405530614
}