{
  "code": 200,
  "result": [
    -0.14489106497623092,
    1.16002449842,
    0,
    -0.0005343514870626966,
    1.1594936335529327,
    1.1561378769746995,
    66663.87607534349,
    "pi_xbtusd",
    null,
    -9659,
    null,
    57384,
    -0.0005343514870626966,
    -166660,
    99995
  ],
  "time": 1616415071542
}