{
  "code": 200,
  "result": [
    -0.19776459551216508,
    1.16011742818,
    0,
    0.006944615003681619,
    1.1670743017421243,
    1.1624587068414036,
    64030.672260652755,
    "pi_xbtusd",
    null,
    -12663,
    null,
    56572.889153590084,
    0.006944615003681619,
    -160077,
    96046
  ],
  "time": 1616466010285
}