{
  "code": 200,
  "result": [
    -0.19853194867792975,
    1.16011742818,
    0,
    0.007961647364573369,
    1.1680954099334078,
    1.1634594743854692,
    63783.18494492122,
    "pi_xbtusd",
    null,
    -12663,
    null,
    56572.889153590084,
    0.007961647364573369,
    -159458,
    95674
  ],
  "time": 1616468770560
}