{
  "code": 200,
  "result": [
    -0.14579345081789233,
    1.16009938678,
    0,
    0.0009943480778019582,
    1.161116422358298,
    1.1577300917887676,
    66251.26125908675,
    "pi_xbtusd",
    null,
    -9659,
    null,
    57384,
    0.0009943480778019582,
    -165629,
    99376
  ],
  "time": 1616437689766
}