{
  "code": 200,
  "result": [
    -0.14549973805147884,
    1.16002449842,
    0,
    0.0004300853699404963,
    1.1604770998801064,
    1.1571020545647333,
    66384.99924022253,
    "pi_xbtusd",
    null,
    -9659,
    null,
    57384,
    0.0004300853699404963,
    -165963,
    99577
  ],
  "time": 1616418730477
}