{
  "code": 200,
  "result": [
    -0.19898464141770403,
    1.16011742818,
    0,
    0.008718311530853852,
    1.1688545520826001,
    1.164203483251336,
    63638.07733993961,
    "pi_xbtusd",
    null,
    -12663,
    null,
    56572.889153590084,
    0.008718311530853852,
    -159096,
    95457
  ],
  "time": 1616470450151
}