{
  "code": 200,
  "result": [
    -0.14700023163476053,
    1.16009938678,
    0,
    0.0025617400771887214,
    1.1626890243810861,
    1.159271345971568,
    65707.3794550129,
    "pi_xbtusd",
    null,
    -9659,
    null,
    57384,
    0.0025617400771887214,
    -164269,
    98561
  ],
  "time": 1616439731248
}