{
  "code": 200,
  "result": [
    -0.1453137731461615,
    1.15995524933,
    0,
    5.20814712845482e-05,
    1.160034494281736,
    1.156667009044336,
    66469.95526215296,
    "pi_xbtusd",
    null,
    -9659,
    null,
    57384,
    5.20814712845482e-05,
    -166175,
    99704
  ],
  "time": 1616405649822
}