{
  "code": 200,
  "result": [
    -0.19851217455499925,
    1.16013853049,
    0,
    0.008006207957453501,
    1.1681447670843992,
    1.163507940324603,
    63789.53849246976,
    "pi_xbtusd",
    null,
    -12663,
    null,
    56572.889153590084,
    0.008006207957453501,
    -159474,
    95684
  ],
  "time": 1616472070529
}