{
  "code": 200,
  "result": [
    -0.14530229139952439,
    1.15995524933,
    0,
    0.00034683786692012186,
    1.1603177111193135,
    1.1569443307540008,
    66475.20769952302,
    "pi_xbtusd",
    null,
    -9659,
    null,
    57384,
    0.00034683786692012186,
    -166189,
    99712
  ],
  "time": 1616403249752
}