{
  "code": 200,
  "result": [
    -0.14856430007225518,
    1.1601361385,
    0,
    0.004641016349381095,
    1.1647775648248802,
    1.1613183008899182,
    65015.61946781484,
    "pi_xbtusd",
    null,
    -9659,
    null,
    57384,
    0.004641016349381095,
    -162540,
    97523
  ],
  "time": 1616444949366
}