{
  "code": 200,
  "result": [
    -0.1469090950020724,
    1.16009938678,
    0,
    0.0023692267141608636,
    1.1624957497521127,
    1.1590819216098551,
    65748.14173257105,
    "pi_xbtusd",
    null,
    -9659,
    null,
    57384,
    0.0023692267141608636,
    -164371,
    98622
  ],
  "time": 1616439433555
}