{
  "code": 200,
  "result": [
    -0.1437879895060594,
    1.15995524933,
    0,
    -0.002046428443785232,
    1.1579478226383761,
    1.1546223075992774,
    67175.29074007226,
    "pi_xbtusd",
    null,
    -9659,
    null,
    57384,
    -0.002046428443785232,
    -167939,
    100762
  ],
  "time": 1616408111318
}