{
  "code": 200,
  "result": [
    -0.15079280240423304,
    1.1601361385,
    0,
    0.007773059432826202,
    1.1679118736311513,
    1.1643899688345205,
    64054.7814351705,
    "pi_xbtusd",
    null,
    -9659,
    null,
    57384,
    0.007773059432826202,
    -160137,
    96082
  ],
  "time": 1616454610433
}