{
  "code": 200,
  "result": [
    -0.15139763399600392,
    1.1601361385,
    0,
    0.008516995547932388,
    1.1686542763051615,
    1.1651174927862284,
    63798.88341091873,
    "pi_xbtusd",
    null,
    -9659,
    null,
    57384,
    0.008516995547932388,
    -159498,
    95698
  ],
  "time": 1616448071120
}