{
  "code": 200,
  "result": [
    -0.19823572354688251,
    1.16011742818,
    0,
    0.007589916799094683,
    1.1677144654342098,
    1.1630859644975806,
    63878.49663738946,
    "pi_xbtusd",
    null,
    -12663,
    null,
    56572.889153590084,
    0.007589916799094683,
    -159697,
    95817
  ],
  "time": 1616462529314
}