{
  "code": 200,
  "result": [
    -0.14346394771814433,
    1.15995524933,
    0,
    -0.0023179095568803655,
    1.1576809600165179,
    1.1543608745996812,
    67327.01946119942,
    "pi_xbtusd",
    null,
    -9659,
    null,
    57384,
    -0.0023179095568803655,
    -168318,
    100990
  ],
  "time": 1616409071327
}