{
  "code": 200,
  "result": [
    -0.14591419093507751,
    1.16002449842,
    0,
    0.0012738022536450465,
    1.1613432812330144,
    1.1579513615799673,
    66196.4401001794,
    "pi_xbtusd",
    null,
    -9659,
    null,
    57384,
    0.0012738022536450465,
    -165492,
    99294
  ],
  "time": 1616423049955
}