{
  "code": 200,
  "result": [
    -0.19836895821091485,
    1.16011742818,
    0,
    0.007957404391936209,
    1.1680777024930984,
    1.1634418518046126,
    63835.5925957736,
    "pi_xbtusd",
    null,
    -12663,
    null,
    56572.889153590084,
    0.007957404391936209,
    -159589,
    95753
  ],
  "time": 1616459649537
}