{
  "code": 200,
  "result": [
    -0.146351549983828,
    1.16009938678,
    0,
    0.0015833152762475193,
    1.161687474685686,
    1.1582893647721868,
    65998.6177192338,
    "pi_xbtusd",
    null,
    -9659,
    null,
    57384,
    0.0015833152762475193,
    -164997,
    98997
  ],
  "time": 1616430670507
}