{
  "code": 200,
  "result": [
    -0.14562025617902374,
    1.16002449842,
    0,
    0.0007158133360789598,
    1.1608149356555955,
    1.1574341757808995,
    66330.05773678454,
    "pi_xbtusd",
    null,
    -9659,
    null,
    57384,
    0.0007158133360789598,
    -165826,
    99495
  ],
  "time": 1616428749662
}