{
  "code": 200,
  "result": [
    -0.144634296510776,
    1.15995524933,
    0,
    -0.0008978952972947868,
    1.1590634605378478,
    1.1557149748358193,
    66782.22408528364,
    "pi_xbtusd",
    null,
    -9659,
    null,
    57384,
    -0.0008978952972947868,
    -166956,
    100173
  ],
  "time": 1616401271079
}