{
  "code": 200,
  "result": [
    -0.1437942896801615,
    1.15995524933,
    0,
    -0.0019117881481111897,
    1.1580916904476724,
    1.1547634826026603,
    67172.34753538755,
    "pi_xbtusd",
    null,
    -9659,
    null,
    57384,
    -0.0019117881481111897,
    -167931,
    100758
  ],
  "time": 1616410030153
}