{
  "code": 200,
  "result": [
    -0.14606402594023077,
    1.16002449842,
    0,
    0.0012023645931213789,
    1.1612637352433959,
    1.157873244343559,
    66128.53464652858,
    "pi_xbtusd",
    null,
    -9659,
    null,
    57384,
    0.0012023645931213789,
    -165322,
    99192
  ],
  "time": 1616421490449
}