{
  "code": 200,
  "result": [
    -0.1454081719368701,
    1.16002449842,
    0,
    0.00025043244187684455,
    1.1602980711049138,
    1.156926618848102,
    66426.80305611377,
    "pi_xbtusd",
    null,
    -9659,
    null,
    57384,
    0.00025043244187684455,
    -166068,
    99640
  ],
  "time": 1616418850013
}