{
  "code": 200,
  "result": [
    -0.1489011758475241,
    1.1601361385,
    0,
    0.005161365246457645,
    1.1652979562442163,
    1.1618282853313129,
    64868.52736402086,
    "pi_xbtusd",
    null,
    -9659,
    null,
    57384,
    0.005161365246457645,
    -162172,
    97302
  ],
  "time": 1616445129894
}