{
  "code": 200,
  "result": [
    -0.146228469619432,
    1.16002449842,
    0,
    0.001419841251781673,
    1.1614915108352777,
    1.1580966704022677,
    66054.16869326543,
    "pi_xbtusd",
    null,
    -9659,
    null,
    57384,
    0.001419841251781673,
    -165136,
    99081
  ],
  "time": 1616423470774
}