{
  "code": 200,
  "result": [
    -0.199407482645504,
    1.16013853049,
    0,
    0.009506802598290108,
    1.1696461033853067,
    1.1649792647326938,
    63503.13354344684,
    "pi_xbtusd",
    null,
    -12663,
    null,
    56572.889153590084,
    0.009506802598290108,
    -158758,
    95254
  ],
  "time": 1616473870641
}