{
  "code": 200,
  "result": [
    -0.19737559500037552,
    1.16011742818,
    0,
    0.006468230945381177,
    1.166598450515662,
    1.1619923832961072,
    64156.86802603892,
    "pi_xbtusd",
    null,
    -12663,
    null,
    56572.889153590084,
    0.006468230945381177,
    -160393,
    96235
  ],
  "time": 1616466370541
}