{
  "code": 200,
  "result": [
    -0.14586784617235263,
    1.16009938678,
    0,
    0.0011161243411345113,
    1.161235443498294,
    1.157846677403497,
    66217.47186550793,
    "pi_xbtusd",
    null,
    -9659,
    null,
    57384,
    0.0011161243411345113,
    -165544,
    99326
  ],
  "time": 1616436610909
}