{
  "code": 200,
  "result": [
    -0.14424723947098048,
    1.15995524933,
    0,
    -0.001345785975545751,
    1.158669229865184,
    1.1553297019767206,
    66961.42009666111,
    "pi_xbtusd",
    null,
    -9659,
    null,
    57384,
    -0.001345785975545751,
    -167404,
    100442
  ],
  "time": 1616412429511
}