{
  "code": 200,
  "result": [
    -0.19716632071893034,
    1.16011742818,
    0,
    0.0060824841842963715,
    1.1662137661470822,
    1.161615413862749,
    64224.9647598369,
    "pi_xbtusd",
    null,
    -12663,
    null,
    56572.889153590084,
    0.0060824841842963715,
    -160563,
    96337
  ],
  "time": 1616467090143
}