{
  "code": 200,
  "result": [
    -0.19858710344567243,
    1.16011742818,
    0,
    0.008024249259045666,
    1.1681588973911532,
    1.1635217098053252,
    63765.470064697445,
    "pi_xbtusd",
    null,
    -12663,
    null,
    56572.889153590084,
    0.008024249259045666,
    -159414,
    95648
  ],
  "time": 1616469370438
}