{
  "code": 200,
  "result": [
    -0.14565915541869726,
    1.16009938678,
    0,
    0.0007542794808512846,
    1.1608712990343815,
    1.15748976983679,
    66312.34385669204,
    "pi_xbtusd",
    null,
    -9659,
    null,
    57384,
    0.0007542794808512846,
    -165781,
    99468
  ],
  "time": 1616435709660
}