{
  "code": 200,
  "result": [
    -0.1458342704612704,
    1.16009938678,
    0,
    0.0010492742248479874,
    1.1611684375266393,
    1.157781008434168,
    66232.71724436793,
    "pi_xbtusd",
    null,
    -9659,
    null,
    57384,
    0.0010492742248479874,
    -165582,
    99349
  ],
  "time": 1616436550160
}