{
  "code": 200,
  "result": [
    -0.1994857594227755,
    1.16013853049,
    0,
    0.009465961580188847,
    1.1696052380209,
    1.1649392161886492,
    63478.21537056671,
    "pi_xbtusd",
    null,
    -12663,
    null,
    56572.889153590084,
    0.009465961580188847,
    -158696,
    95217
  ],
  "time": 1616473811820
}