{
  "code": 200,
  "result": [
    -0.1436089223628212,
    1.15995524933,
    0,
    -0.002225134257305362,
    1.1577731508778026,
    1.1544512099549744,
    67259.05216109756,
    "pi_xbtusd",
    null,
    -9659,
    null,
    57384,
    -0.002225134257305362,
    -168148,
    100888
  ],
  "time": 1616408950119
}