{
  "code": 200,
  "result": [
    -0.14574182232242133,
    1.15995524933,
    0,
    0.0007002838924652943,
    1.1606743440746266,
    1.157293894788803,
    66274.73052060248,
    "pi_xbtusd",
    null,
    -9659,
    null,
    57384,
    0.0007002838924652943,
    -165687,
    99412
  ],
  "time": 1616403912875
}