{
  "code": 200,
  "result": [
    -0.19662027951275593,
    1.16011742818,
    0,
    0.005500569764802465,
    1.1656278642084814,
    1.1610411502125382,
    64403.326205110374,
    "pi_xbtusd",
    null,
    -12663,
    null,
    56572.889153590084,
    0.005500569764802465,
    -161009,
    96604
  ],
  "time": 1616464389729
}