{
  "code": 200,
  "result": [
    -0.14581621266749747,
    1.16002449842,
    0,
    0.0008320048933270358,
    1.1608724658659522,
    1.1574893821601113,
    66240.91946500677,
    "pi_xbtusd",
    null,
    -9659,
    null,
    57384,
    0.0008320048933270358,
    -165603,
    99361
  ],
  "time": 1616417470726
}