{
  "code": 200,
  "result": [
    -0.14368903148262935,
    1.15995524933,
    0,
    -0.002031399646371729,
    1.1579804486447178,
    1.154654633029671,
    67221.55407643403,
    "pi_xbtusd",
    null,
    -9659,
    null,
    57384,
    -0.002031399646371729,
    -168054,
    100832
  ],
  "time": 1616411770444
}