{
  "code": 200,
  "result": [
    -0.19820284947338124,
    1.16011742818,
    0,
    0.007543402176637528,
    1.1676815922060833,
    1.1630540215619034,
    63889.091572826495,
    "pi_xbtusd",
    null,
    -12663,
    null,
    56572.889153590084,
    0.007543402176637528,
    -159723,
    95833
  ],
  "time": 1616471770889
}