{
  "code": 200,
  "result": [
    -0.14624555522063262,
    1.16009938678,
    0,
    0.0015691201254321655,
    1.161682321019542,
    1.158284495009059,
    66046.451705339,
    "pi_xbtusd",
    null,
    -9659,
    null,
    57384,
    0.0015691201254321655,
    -165117,
    99069
  ],
  "time": 1616434213071
}