{
  "code": 200,
  "result": [
    -0.14571465585532942,
    1.16002449842,
    0,
    0.0008149732150811346,
    1.1608613692410084,
    1.1574786261687324,
    66287.0865205885,
    "pi_xbtusd",
    null,
    -9659,
    null,
    57384,
    0.0008149732150811346,
    -165718,
    99430
  ],
  "time": 1616418611337
}