{
  "code": 200,
  "result": [
    -0.19879107476194013,
    1.16011742818,
    0,
    0.008469803443456391,
    1.168607193947627,
    1.1639610952781108,
    63700.04294792623,
    "pi_xbtusd",
    null,
    -12663,
    null,
    56572.889153590084,
    0.008469803443456391,
    -159251,
    95550
  ],
  "time": 1616471229102
}