{
  "code": 200,
  "result": [
    -0.14572179520861,
    1.16002449842,
    0,
    0.0007638987526136749,
    1.1608517856599738,
    1.1574700640769473,
    66283.83891491679,
    "pi_xbtusd",
    null,
    -9659,
    null,
    57384,
    0.0007638987526136749,
    -165710,
    99425
  ],
  "time": 1616426589971
}