{
  "code": 200,
  "result": [
    -0.14849244126021766,
    1.1601361385,
    0,
    0.004495568354441612,
    1.1646321314776016,
    1.1611757765025383,
    65047.08197957094,
    "pi_xbtusd",
    null,
    -9659,
    null,
    57384,
    0.004495568354441612,
    -162618,
    97570
  ],
  "time": 1616445011854
}