{
  "code": 200,
  "result": [
    -0.1468649950785268,
    1.16009938678,
    0,
    0.0022516675346706564,
    1.1623768028889179,
    1.1589653259302501,
    65767.88427246029,
    "pi_xbtusd",
    null,
    -9659,
    null,
    57384,
    0.0022516675346706564,
    -164420,
    98651
  ],
  "time": 1616438889678
}