{
  "code": 200,
  "result": [
    -0.15104563422798778,
    1.1601361385,
    0,
    0.008047979647296937,
    1.1681856540335003,
    1.16465825083258,
    63947.56160526122,
    "pi_xbtusd",
    null,
    -9659,
    null,
    57384,
    0.008047979647296937,
    -159869,
    95921
  ],
  "time": 1616449750277
}