{
  "code": 200,
  "result": [
    -0.1986479027055274,
    1.16011742818,
    0,
    0.008322868675125506,
    1.1684432554743265,
    1.1638000955001768,
    63745.95365736852,
    "pi_xbtusd",
    null,
    -12663,
    null,
    56572.889153590084,
    0.008322868675125506,
    -159365,
    95618
  ],
  "time": 1616459709859
}