{
  "code": 200,
  "result": [
    -0.1985732460733328,
    1.16011742818,
    0,
    0.008119808832870959,
    1.1682530424610256,
    1.163613943683721,
    63769.91991823296,
    "pi_xbtusd",
    null,
    -12663,
    null,
    56572.889153590084,
    0.008119808832870959,
    -159425,
    95654
  ],
  "time": 1616468412175
}