{
  "code": 200,
  "result": [
    -0.14434652787272154,
    1.15995524933,
    0,
    -0.0012078396906571257,
    1.158815260524693,
    1.1554729737105318,
    66915.36084966923,
    "pi_xbtusd",
    null,
    -9659,
    null,
    57384,
    -0.0012078396906571257,
    -167289,
    100373
  ],
  "time": 1616414110379
}