{
  "code": 200,
  "result": [
    -0.19764867238035716,
    1.16011742818,
    0,
    0.006811154955962342,
    1.166937389924029,
    1.1623244642242625,
    64068.226957938736,
    "pi_xbtusd",
    null,
    -12663,
    null,
    56572.889153590084,
    0.006811154955962342,
    -160171,
    96102
  ],
  "time": 1616463671958
}