{
  "code": 200,
  "result": [
    -0.1519319411150076,
    1.1601361385,
    0,
    0.009194624335554128,
    1.1693335934724447,
    1.1657832573777593,
    63574.518492385,
    "pi_xbtusd",
    null,
    -9659,
    null,
    57384,
    0.009194624335554128,
    -158937,
    95361
  ],
  "time": 1616455270910
}