{
  "code": 200,
  "result": [
    -0.19851873487516045,
    1.16011742818,
    0,
    0.008046539449740188,
    1.168168697722385,
    1.163531064332743,
    63787.430480872215,
    "pi_xbtusd",
    null,
    -12663,
    null,
    56572.889153590084,
    0.008046539449740188,
    -159469,
    95681
  ],
  "time": 1616460909377
}