{
  "code": 200,
  "result": [
    -0.14423027326092994,
    1.15995524933,
    0,
    -0.0013371258982117417,
    1.1586807750328065,
    1.1553410739427965,
    66969.29695561004,
    "pi_xbtusd",
    null,
    -9659,
    null,
    57384,
    -0.0013371258982117417,
    -167424,
    100453
  ],
  "time": 1616413029432
}