{
  "code": 200,
  "result": [
    -0.14686964183240547,
    1.16009938678,
    0,
    0.0035943264515119555,
    1.1637228345545159,
    1.1602845044175112,
    65765.80346687295,
    "pi_xbtusd",
    null,
    -9659,
    null,
    57384,
    0.0035943264515119555,
    -164415,
    98648
  ],
  "time": 1616440210781
}