{
  "code": 200,
  "result": [
    -0.14377274638672824,
    1.15995524933,
    0,
    -0.0018608832104122883,
    1.158132784068242,
    1.154803558124476,
    67182.41281987244,
    "pi_xbtusd",
    null,
    -9659,
    null,
    57384,
    -0.0018608832104122883,
    -167957,
    100773
  ],
  "time": 1616407989553
}