{
  "code": 200,
  "result": [
    -0.1993949442559107,
    1.16011742818,
    0,
    0.009344597712862567,
    1.1694625042145324,
    1.1647989096596278,
    63507.12675918125,
    "pi_xbtusd",
    null,
    -12663,
    null,
    56572.889153590084,
    0.009344597712862567,
    -158768,
    95260
  ],
  "time": 1616458029002
}