{
  "code": 200,
  "result": [
    -0.1455643482908699,
    1.15995524933,
    0,
    0.00047505844963769247,
    1.160461515238739,
    1.157085570461772,
    66355.5335726793,
    "pi_xbtusd",
    null,
    -9659,
    null,
    57384,
    0.00047505844963769247,
    -165889,
    99533
  ],
  "time": 1616406490387
}