{
  "code": 200,
  "result": [
    -0.14557616873046278,
    1.16002449842,
    0,
    0.00044040494135429034,
    1.1604877241483318,
    1.1571124724415303,
    66350.14566074914,
    "pi_xbtusd",
    null,
    -9659,
    null,
    57384,
    0.00044040494135429034,
    -165876,
    99525
  ],
  "time": 1616418789780
}