{
  "code": 200,
  "result": [
    -0.1486427741289414,
    1.1601361385,
    0,
    0.004790587541636718,
    1.1649271923153446,
    1.1614649369565375,
    64981.295300780796,
    "pi_xbtusd",
    null,
    -9659,
    null,
    57384,
    0.004790587541636718,
    -162454,
    97471
  ],
  "time": 1616445188916
}