{
  "code": 200,
  "result": [
    -0.19815299398163988,
    1.16011742818,
    0,
    0.0076586658132581495,
    1.1677830393639628,
    1.1631531634470504,
    63905.166132252874,
    "pi_xbtusd",
    null,
    -12663,
    null,
    56572.889153590084,
    0.0076586658132581495,
    -159763,
    95857
  ],
  "time": 1616462410506
}