{
  "code": 200,
  "result": [
    -0.14555425257117213,
    1.16002449842,
    0,
    0.0006152922729047934,
    1.1606598033640256,
    1.157281053910593,
    66360.136027472,
    "pi_xbtusd",
    null,
    -9659,
    null,
    57384,
    0.0006152922729047934,
    -165901,
    99540
  ],
  "time": 1616418249507
}