{
  "code": 200,
  "result": [
    -0.14575279175117578,
    1.16002449842,
    0,
    0.000856447641252094,
    1.1609349691663984,
    1.157551396605599,
    66269.74265089561,
    "pi_xbtusd",
    null,
    -9659,
    null,
    57384,
    0.000856447641252094,
    -165675,
    99404
  ],
  "time": 1616424789294
}