{
  "code": 200,
  "result": [
    -0.15181068825216965,
    1.1601361385,
    0,
    0.00914325527258846,
    1.1692822804595655,
    1.1657329717461393,
    63625.29615803883,
    "pi_xbtusd",
    null,
    -9659,
    null,
    57384,
    0.00914325527258846,
    -159064,
    95437
  ],
  "time": 1616455510168
}