{
  "code": 200,
  "result": [
    -0.14487984598328466,
    1.15995524933,
    0,
    -0.00031619695754298065,
    1.1596489094805482,
    1.1562887898117247,
    66669.03829477011,
    "pi_xbtusd",
    null,
    -9659,
    null,
    57384,
    -0.00031619695754298065,
    -166673,
    100003
  ],
  "time": 1616402050727
}