{
  "code": 200,
  "result": [
    -0.14556259405681418,
    1.16009938678,
    0,
    0.0007121155906774695,
    1.1608266864026082,
    1.1574460004828204,
    66356.33325021688,
    "pi_xbtusd",
    null,
    -9659,
    null,
    57384,
    0.0007121155906774695,
    -165891,
    99534
  ],
  "time": 1616434749941
}