{
  "code": 200,
  "result": [
    -0.14600025227805022,
    1.16002449842,
    0,
    0.0010856638562098957,
    1.161145782035077,
    1.1577576251499784,
    66157.41993106228,
    "pi_xbtusd",
    null,
    -9659,
    null,
    57384,
    0.0010856638562098957,
    -165394,
    99236
  ],
  "time": 1616421251396
}