{
  "code": 200,
  "result": [
    -0.14564177538697748,
    1.16009938678,
    0,
    0.0007831405801290842,
    1.1609000072107722,
    1.1575179007911953,
    66320.25718126241,
    "pi_xbtusd",
    null,
    -9659,
    null,
    57384,
    0.0007831405801290842,
    -165801,
    99480
  ],
  "time": 1616435650073
}