{
  "code": 200,
  "result": [
    -0.15171083643764846,
    1.1601361385,
    0,
    0.008896609306483639,
    1.1690336084866002,
    1.1654892326924962,
    63667.17254221814,
    "pi_xbtusd",
    null,
    -9659,
    null,
    57384,
    0.008896609306483639,
    -159168,
    95500
  ],
  "time": 1616446871058
}