{
  "code": 200,
  "result": [
    -0.14551110256055486,
    1.15995524933,
    0,
    0.00042197802058359325,
    1.1604104537910023,
    1.1570355706226163,
    66379.81452982518,
    "pi_xbtusd",
    null,
    -9659,
    null,
    57384,
    0.00042197802058359325,
    -165950,
    99569
  ],
  "time": 1616406910356
}