{
  "code": 200,
  "result": [
    -0.20029124533975787,
    1.16011742818,
    0,
    0.010887639262574902,
    1.1710051903402934,
    1.1663107349543946,
    63222.93307687768,
    "pi_xbtusd",
    null,
    -12663,
    null,
    56572.889153590084,
    0.010887639262574902,
    -158058,
    94834
  ],
  "time": 1616457788964
}