{
  "code": 200,
  "result": [
    -0.14699811038571078,
    1.16009938678,
    0,
    0.0025783694236850754,
    1.1627058025082446,
    1.1592877915117965,
    65708.32764214172,
    "pi_xbtusd",
    null,
    -9659,
    null,
    57384,
    0.0025783694236850754,
    -164271,
    98562
  ],
  "time": 1616439790053
}