{
  "code": 200,
  "result": [
    -0.19856166205471676,
    1.16011742818,
    0,
    0.008151679530708994,
    1.1682740134693717,
    1.1636342772781103,
    63773.640233281854,
    "pi_xbtusd",
    null,
    -12663,
    null,
    56572.889153590084,
    0.008151679530708994,
    -159435,
    95660
  ],
  "time": 1616461029285
}