{
  "code": 200,
  "result": [
    -0.19737058092312684,
    1.16011742818,
    0,
    0.006506981573424842,
    1.1666372880983993,
    1.1620304458662836,
    64158.49789149714,
    "pi_xbtusd",
    null,
    -12663,
    null,
    56572.889153590084,
    0.006506981573424842,
    -160397,
    96237
  ],
  "time": 1616466430303
}