{
  "code": 200,
  "result": [
    -0.14563979253272963,
    1.16002449842,
    0,
    0.000687714527836171,
    1.1607834110845507,
    1.1574032131860197,
    66321.16011720721,
    "pi_xbtusd",
    null,
    -9659,
    null,
    57384,
    0.000687714527836171,
    -165803,
    99481
  ],
  "time": 1616428091356
}