{
  "code": 200,
  "result": [
    -0.1443884516764816,
    1.15995524933,
    0,
    -0.0012244630929713306,
    1.1587977685031279,
    1.155455814157013,
    66895.93168878953,
    "pi_xbtusd",
    null,
    -9659,
    null,
    57384,
    -0.0012244630929713306,
    -167240,
    100343
  ],
  "time": 1616413929780
}