{
  "code": 200,
  "result": [
    -0.14532356768465546,
    1.15995524933,
    0,
    -7.110150326249881e-05,
    1.159919393873639,
    1.1565543722957299,
    66465.47531064971,
    "pi_xbtusd",
    null,
    -9659,
    null,
    57384,
    -7.110150326249881e-05,
    -166164,
    99698
  ],
  "time": 1616407330024
}