{
  "code": 200,
  "result": [
    -0.15161318443330557,
    1.1601361385,
    0,
    0.00886084972643336,
    1.168998960319217,
    1.165455299716714,
    63708.17970813733,
    "pi_xbtusd",
    null,
    -9659,
    null,
    57384,
    0.00886084972643336,
    -159271,
    95562
  ],
  "time": 1616451610106
}