{
  "code": 200,
  "result": [
    -0.14543874471830906,
    1.15995524933,
    0,
    0.00041166070253336243,
    1.1603955215788206,
    1.1570208447567956,
    66412.83943084007,
    "pi_xbtusd",
    null,
    -9659,
    null,
    57384,
    0.00041166070253336243,
    -166033,
    99619
  ],
  "time": 1616405950225
}