{
  "code": 200,
  "result": [
    -0.19857071449839203,
    1.16011742818,
    0,
    0.008190998788592899,
    1.1683104106326867,
    1.1636698880562677,
    63770.73291994697,
    "pi_xbtusd",
    null,
    -12663,
    null,
    56572.889153590084,
    0.008190998788592899,
    -159427,
    95656
  ],
  "time": 1616459049514
}