{
  "code": 200,
  "result": [
    -0.1458518721380677,
    1.16002449842,
    0,
    0.0008090499570027276,
    1.1608722907880369,
    1.1574896661809224,
    66224.72415613908,
    "pi_xbtusd",
    null,
    -9659,
    null,
    57384,
    0.0008090499570027276,
    -165562,
    99337
  ],
  "time": 1616421850280
}