{
  "code": 200,
  "result": [
    -0.19917434296683817,
    1.16013853049,
    0,
    0.009123674910865059,
    1.169263741419231,
    1.1646045653203667,
    63577.46590939348,
    "pi_xbtusd",
    null,
    -12663,
    null,
    56572.889153590084,
    0.009123674910865059,
    -158944,
    95366
  ],
  "time": 1616475729743
}