{
  "code": 200,
  "result": [
    -0.1988960097157322,
    1.16011742818,
    0,
    0.008551869655664072,
    1.1686703065520314,
    1.164022566558271,
    63666.435631857654,
    "pi_xbtusd",
    null,
    -12663,
    null,
    56572.889153590084,
    0.008551869655664072,
    -159167,
    95499
  ],
  "time": 1616458388664
}