{
  "code": 200,
  "result": [
    -0.15142368691012556,
    1.1601361385,
    0,
    0.008769890427110261,
    1.1689077202589115,
    1.165365878842395,
    63787.906615514534,
    "pi_xbtusd",
    null,
    -9659,
    null,
    57384,
    0.008769890427110261,
    -159470,
    95681
  ],
  "time": 1616450412493
}