{
  "code": 200,
  "result": [
    -0.1986008261663619,
    1.16013853049,
    0,
    0.008209068862669838,
    1.1683479745779655,
    1.1637070906000648,
    63761.06406220379,
    "pi_xbtusd",
    null,
    -12663,
    null,
    56572.889153590084,
    0.008209068862669838,
    -159403,
    95641
  ],
  "time": 1616472911473
}