{
  "code": 200,
  "result": [
    -0.1991749791083009,
    1.16013853049,
    0,
    0.009117246539951157,
    1.1692572896040474,
    1.1645982420726013,
    63577.26285044331,
    "pi_xbtusd",
    null,
    -12663,
    null,
    56572.889153590084,
    0.009117246539951157,
    -158944,
    95365
  ],
  "time": 1616475672703
}