{
  "code": 200,
  "result": [
    -0.19867286004294393,
    1.16011742818,
    0,
    0.008342023537712004,
    1.1684759616913754,
    1.163832418619974,
    63737.94587374864,
    "pi_xbtusd",
    null,
    -12663,
    null,
    56572.889153590084,
    0.008342023537712004,
    -159345,
    95606
  ],
  "time": 1616468889476
}