{
  "code": 200,
  "result": [
    -0.14678990725567762,
    1.16009938678,
    0,
    0.002273509229809996,
    1.162383181295201,
    1.1589712675026305,
    65801.52668927042,
    "pi_xbtusd",
    null,
    -9659,
    null,
    57384,
    0.002273509229809996,
    -164504,
    98702
  ],
  "time": 1616432831267
}