{
  "code": 200,
  "result": [
    -0.1513250892911948,
    1.1601361385,
    0,
    0.008645784350597806,
    1.1687827551880137,
    1.1652433958930273,
    63829.46836669755,
    "pi_xbtusd",
    null,
    -9659,
    null,
    57384,
    0.008645784350597806,
    -159574,
    95744
  ],
  "time": 1616446749735
}