{
  "code": 200,
  "result": [
    -0.14556133868417628,
    1.15995524933,
    0,
    0.00046031053658468176,
    1.1604372483118586,
    1.1570615984931525,
    66356.90553078166,
    "pi_xbtusd",
    null,
    -9659,
    null,
    57384,
    0.00046031053658468176,
    -165893,
    99535
  ],
  "time": 1616404511268
}