{
  "code": 200,
  "result": [
    -0.19738494817243035,
    1.16011742818,
    0,
    0.0063708882652302465,
    1.1665006642626525,
    1.1618965438967008,
    64153.827924801706,
    "pi_xbtusd",
    null,
    -12663,
    null,
    56572.889153590084,
    0.0063708882652302465,
    -160385,
    96230
  ],
  "time": 1616466070456
}