{
  "code": 200,
  "result": [
    -0.19863741991238462,
    1.16011742818,
    0,
    0.008161242447958773,
    1.1682985491903704,
    1.163658621740764,
    63749.317754859185,
    "pi_xbtusd",
    null,
    -12663,
    null,
    56572.889153590084,
    0.008161242447958773,
    -159374,
    95623
  ],
  "time": 1616471172023
}