{
  "code": 200,
  "result": [
    -0.14681416365682765,
    1.16009938678,
    0,
    0.004033773278054947,
    1.1641625824516617,
    1.1607154633781263,
    65790.65506634316,
    "pi_xbtusd",
    null,
    -9659,
    null,
    57384,
    0.004033773278054947,
    -164477,
    98685
  ],
  "time": 1616440329209
}