{
  "code": 200,
  "result": [
    -0.19852064826536792,
    1.16011742818,
    0,
    0.00816017986266448,
    1.1682807449052588,
    1.1636408387073582,
    63786.81568213008,
    "pi_xbtusd",
    null,
    -12663,
    null,
    56572.889153590084,
    0.00816017986266448,
    -159468,
    95680
  ],
  "time": 1616459830264
}