{
  "code": 200,
  "result": [
    -0.14649170473741738,
    1.16009938678,
    0,
    0.0019472203795612888,
    1.1620591892539194,
    1.1586538012383538,
    65935.47407556974,
    "pi_xbtusd",
    null,
    -9659,
    null,
    57384,
    0.0019472203795612888,
    -164839,
    98903
  ],
  "time": 1616433730328
}