{
  "code": 200,
  "result": [
    -0.14602315714998457,
    1.16009938678,
    0,
    0.0013087989001213038,
    1.1614091314090764,
    1.1580165118230996,
    66147.04262337627,
    "pi_xbtusd",
    null,
    -9659,
    null,
    57384,
    0.0013087989001213038,
    -165368,
    99220
  ],
  "time": 1616429171368
}