{
  "code": 200,
  "result": [
    -0.14576286676969735,
    1.16002449842,
    0,
    0.0007735191189773197,
    1.1608370732953885,
    1.1574551593050346,
    66265.16213667122,
    "pi_xbtusd",
    null,
    -9659,
    null,
    57384,
    0.0007735191189773197,
    -165663,
    99397
  ],
  "time": 1616421911219
}