{
  "code": 200,
  "result": [
    -0.14586452239508949,
    1.16002449842,
    0,
    0.001070809056967947,
    1.161154649345823,
    1.1577667895567092,
    66218.9807459663,
    "pi_xbtusd",
    null,
    -9659,
    null,
    57384,
    0.001070809056967947,
    -165548,
    99328
  ],
  "time": 1616425811189
}