{
  "code": 200,
  "result": [
    -0.15103979379866841,
    1.1601361385,
    0,
    0.00820431045421676,
    1.1683412108459943,
    1.1648106810289356,
    63950.03433913027,
    "pi_xbtusd",
    null,
    -9659,
    null,
    57384,
    0.00820431045421676,
    -159876,
    95925
  ],
  "time": 1616446449785
}