{
  "code": 200,
  "result": [
    -0.14845113317165898,
    1.16009938678,
    0,
    0.004668121470165273,
    1.1647990780748618,
    1.1613392720374842,
    65065.1820140098,
    "pi_xbtusd",
    null,
    -9659,
    null,
    57384,
    0.004668121470165273,
    -162663,
    97597
  ],
  "time": 1616441170476
}