{
  "code": 200,
  "result": [
    -0.14578368305207945,
    1.16002449842,
    0,
    0.0009565143028892214,
    1.161045965773694,
    1.157660391879662,
    66255.70021131542,
    "pi_xbtusd",
    null,
    -9659,
    null,
    57384,
    0.0009565143028892214,
    -165640,
    99383
  ],
  "time": 1616426890136
}