{
  "code": 200,
  "result": [
    -0.14627489471724422,
    1.16009938678,
    0,
    0.0015848096406414066,
    1.1616978504529352,
    1.158299710652148,
    66033.20425334279,
    "pi_xbtusd",
    null,
    -9659,
    null,
    57384,
    0.0015848096406414066,
    -165084,
    99049
  ],
  "time": 1616434150770
}