{
  "code": 200,
  "result": [
    -0.14581178496790653,
    1.16002449842,
    0,
    0.0008779334640779253,
    1.1609645743227472,
    1.1575805720454913,
    66242.93092719471,
    "pi_xbtusd",
    null,
    -9659,
    null,
    57384,
    0.0008779334640779253,
    -165608,
    99364
  ],
  "time": 1616426349799
}