{
  "code": 200,
  "result": [
    -0.14582004044419966,
    1.16009938678,
    0,
    0.0008979424124494658,
    1.1609991897406318,
    1.1576147872844085,
    66239.18064057984,
    "pi_xbtusd",
    null,
    -9659,
    null,
    57384,
    0.0008979424124494658,
    -165598,
    99358
  ],
  "time": 1616429529937
}