{
  "code": 200,
  "result": [
    -0.14562172199717682,
    1.16002449842,
    0,
    0.0006500176481046163,
    1.1607254245195766,
    1.1573459805586401,
    66329.39006302411,
    "pi_xbtusd",
    null,
    -9659,
    null,
    57384,
    0.0006500176481046163,
    -165824,
    99494
  ],
  "time": 1616424189816
}