{
  "code": 200,
  "result": [
    -0.145849521366478,
    1.16002449842,
    0,
    0.0009431652423801013,
    1.1610154513806994,
    1.1576301444678774,
    66225.79155216906,
    "pi_xbtusd",
    null,
    -9659,
    null,
    57384,
    0.0009431652423801013,
    -165565,
    99338
  ],
  "time": 1616423590267
}