{
  "code": 200,
  "result": [
    -0.19786961903421085,
    1.16011742818,
    0,
    0.006983526122943075,
    1.1671085176208835,
    1.1624921444977776,
    63996.6866151929,
    "pi_xbtusd",
    null,
    -12663,
    null,
    56572.889153590084,
    0.006983526122943075,
    -159992,
    95995
  ],
  "time": 1616462829154
}