{
  "code": 200,
  "result": [
    -0.14624859117126496,
    1.16009938678,
    0,
    0.0014884769385305277,
    1.1615915623172273,
    1.1581953491704824,
    66045.08065782864,
    "pi_xbtusd",
    null,
    -9659,
    null,
    57384,
    0.0014884769385305277,
    -165113,
    99067
  ],
  "time": 1616430250542
}