{
  "code": 200,
  "result": [
    -0.1972177920441879,
    1.16011742818,
    0,
    0.006134677690508876,
    1.1662629456072302,
    1.161663549452773,
    64208.20286418567,
    "pi_xbtusd",
    null,
    -12663,
    null,
    56572.889153590084,
    0.006134677690508876,
    -160521,
    96312
  ],
  "time": 1616465049694
}