{
  "code": 200,
  "result": [
    -0.1455788440968011,
    1.15995524933,
    0,
    0.00046031053658468176,
    1.1604363802600655,
    1.1570607304413594,
    66348.9263149895,
    "pi_xbtusd",
    null,
    -9659,
    null,
    57384,
    0.00046031053658468176,
    -165873,
    99523
  ],
  "time": 1616404330202
}