{
  "code": 200,
  "result": [
    -0.15066329000820694,
    1.1601361385,
    0,
    0.007631913781080374,
    1.1677689831411235,
    1.1642499012575276,
    64109.84387420356,
    "pi_xbtusd",
    null,
    -9659,
    null,
    57384,
    0.007631913781080374,
    -160275,
    96164
  ],
  "time": 1616447170517
}