{
  "code": 200,
  "result": [
    -0.14561748937247343,
    1.16002449842,
    0,
    0.0006566688166567021,
    1.1607249150244174,
    1.15734533804011,
    66331.31804170409,
    "pi_xbtusd",
    null,
    -9659,
    null,
    57384,
    0.0006566688166567021,
    -165829,
    99496
  ],
  "time": 1616422813159
}