{
  "code": 200,
  "result": [
    -0.1517751109487121,
    1.1601361385,
    0,
    0.009157929113804848,
    1.1692971511061225,
    1.1657475489158722,
    63640.21043782319,
    "pi_xbtusd",
    null,
    -9659,
    null,
    57384,
    0.009157929113804848,
    -159101,
    95460
  ],
  "time": 1616456348602
}