{
  "code": 200,
  "result": [
    -0.15085108294190558,
    1.1601361385,
    0,
    0.007920863119209788,
    1.1680579748856594,
    1.1645331140153008,
    64030.034200813716,
    "pi_xbtusd",
    null,
    -9659,
    null,
    57384,
    0.007920863119209788,
    -160076,
    96045
  ],
  "time": 1616447350804
}