{
  "code": 200,
  "result": [
    -0.15097270044251704,
    1.1601361385,
    0,
    0.007961874371802125,
    1.1680995346574803,
    1.16457385356207,
    63978.454195284605,
    "pi_xbtusd",
    null,
    -9659,
    null,
    57384,
    0.007961874371802125,
    -159947,
    95967
  ],
  "time": 1616449689802
}