{
  "code": 200,
  "result": [
    -0.1976677617834121,
    1.16011742818,
    0,
    0.006787001533169987,
    1.166912436642349,
    1.1622999940110383,
    64062.0396859406,
    "pi_xbtusd",
    null,
    -12663,
    null,
    56572.889153590084,
    0.006787001533169987,
    -160156,
    96093
  ],
  "time": 1616463130114
}