{
  "code": 200,
  "result": [
    -0.14524958865708254,
    1.15995524933,
    0,
    -1.0265783165265218e-05,
    1.1599799454320112,
    1.1566137071397002,
    66499.3277385713,
    "pi_xbtusd",
    null,
    -9659,
    null,
    57384,
    -1.0265783165265218e-05,
    -166249,
    99748
  ],
  "time": 1616407271185
}