{
  "code": 200,
  "result": [
    -0.1983529793030656,
    1.16011742818,
    0,
    0.007822770722272911,
    1.1679564430475289,
    1.1633232850324362,
    63840.7350597546,
    "pi_xbtusd",
    null,
    -12663,
    null,
    56572.889153590084,
    0.007822770722272911,
    -159602,
    95761
  ],
  "time": 1616468709873
}