{
  "code": 200,
  "result": [
    -0.1434203131687262,
    1.15995524933,
    0,
    -0.0025536625158314465,
    1.157446065145185,
    1.1541306947875274,
    67347.50319947155,
    "pi_xbtusd",
    null,
    -9659,
    null,
    57384,
    -0.0025536625158314465,
    -168369,
    101021
  ],
  "time": 1616409249861
}