{
  "code": 200,
  "result": [
    -0.153093174870874,
    1.1601361385,
    0,
    0.010974850498881502,
    1.1711127498804539,
    1.167526809262502,
    63092.29662358792,
    "pi_xbtusd",
    null,
    -9659,
    null,
    57384,
    0.010974850498881502,
    -157731,
    94638
  ],
  "time": 1616450709792
}