{
  "code": 200,
  "result": [
    -0.14696278905261467,
    1.16009938678,
    0,
    0.002681997775632856,
    1.1627866153743829,
    1.1593665318108959,
    65724.12011411914,
    "pi_xbtusd",
    null,
    -9659,
    null,
    57384,
    0.002681997775632856,
    -164311,
    98586
  ],
  "time": 1616430850785
}