{
  "code": 200,
  "result": [
    -0.14566660460532505,
    1.16002449842,
    0,
    0.0006485396817531521,
    1.1607408105900785,
    1.157361396188469,
    66308.9527360817,
    "pi_xbtusd",
    null,
    -9659,
    null,
    57384,
    0.0006485396817531521,
    -165773,
    99463
  ],
  "time": 1616427432174
}