{
  "code": 200,
  "result": [
    -0.1458376111527815,
    1.16002449842,
    0,
    0.0008890489622951376,
    1.1609516640230775,
    1.1575674394358573,
    66231.20005634965,
    "pi_xbtusd",
    null,
    -9659,
    null,
    57384,
    0.0008890489622951376,
    -165579,
    99346
  ],
  "time": 1616421731116
}