{
  "code": 200,
  "result": [
    -0.14678781011380465,
    1.16009938678,
    0,
    0.002256939155894311,
    1.1623825358539754,
    1.1589709534628831,
    65802.4667887025,
    "pi_xbtusd",
    null,
    -9659,
    null,
    57384,
    0.002256939155894311,
    -164507,
    98703
  ],
  "time": 1616439070540
}