{
  "code": 200,
  "result": [
    -0.15143943929263148,
    1.1601361385,
    0,
    0.008601213548447352,
    1.168740463906918,
    1.165201996027975,
    63781.27154403677,
    "pi_xbtusd",
    null,
    -9659,
    null,
    57384,
    0.008601213548447352,
    -159454,
    95671
  ],
  "time": 1616456470977
}