{
  "code": 200,
  "result": [
    -0.198578405691987,
    1.16011742818,
    0,
    0.008354795202229558,
    1.168477043674168,
    1.1638332451694764,
    63768.262998553095,
    "pi_xbtusd",
    null,
    -12663,
    null,
    56572.889153590084,
    0.008354795202229558,
    -159421,
    95652
  ],
  "time": 1616460970650
}