{
  "code": 200,
  "result": [
    -0.14373484096015554,
    1.15995524933,
    0,
    -0.001991309568182389,
    1.1580208235049883,
    1.1546942060883776,
    67200.13001355428,
    "pi_xbtusd",
    null,
    -9659,
    null,
    57384,
    -0.001991309568182389,
    -168001,
    100800
  ],
  "time": 1616411829725
}