{
  "code": 200,
  "result": [
    -0.145341576697029,
    1.16002449842,
    0,
    0.0002210176295069055,
    1.160256803155434,
    1.1568859391948694,
    66457.2396935986,
    "pi_xbtusd",
    null,
    -9659,
    null,
    57384,
    0.0002210176295069055,
    -166144,
    99685
  ],
  "time": 1616416571452
}