{
  "code": 200,
  "result": [
    -0.14497735015872276,
    1.15995524933,
    0,
    -0.00017215276250571014,
    1.1597915112843278,
    1.1564285107316035,
    66624.2001900657,
    "pi_xbtusd",
    null,
    -9659,
    null,
    57384,
    -0.00017215276250571014,
    -166561,
    99936
  ],
  "time": 1616401750289
}