{
  "code": 200,
  "result": [
    -0.1487518859184811,
    1.1601361385,
    0,
    0.004855766710202335,
    1.1649922869382159,
    1.1615287279960376,
    64933.63052414218,
    "pi_xbtusd",
    null,
    -9659,
    null,
    57384,
    0.004855766710202335,
    -162335,
    97400
  ],
  "time": 1616444828924
}