{
  "code": 200,
  "result": [
    -0.15192098647426666,
    1.1601361385,
    0,
    0.009348910110714285,
    1.1694874569954437,
    1.165934035185255,
    63579.1026912276,
    "pi_xbtusd",
    null,
    -9659,
    null,
    57384,
    0.009348910110714285,
    -158948,
    95368
  ],
  "time": 1616453470289
}