{
  "code": 200,
  "result": [
    -0.145031665151919,
    1.16002449842,
    0,
    -0.0001545873507124359,
    1.159878072080263,
    1.156514720219303,
    66599.24913557537,
    "pi_xbtusd",
    null,
    -9659,
    null,
    57384,
    -0.0001545873507124359,
    -166499,
    99898
  ],
  "time": 1616415971358
}