{
  "code": 200,
  "result": [
    -0.1987056030587234,
    1.16011742818,
    0,
    0.00827818628458695,
    1.1684149584562438,
    1.163772692129905,
    63727.44303671049,
    "pi_xbtusd",
    null,
    -12663,
    null,
    56572.889153590084,
    0.00827818628458695,
    -159319,
    95591
  ],
  "time": 1616470809736
}