{
  "code": 200,
  "result": [
    -0.14469174933413276,
    1.16002449842,
    0,
    -0.0005882554787075241,
    1.1594390968898654,
    1.1560844183914651,
    66755.70683505065,
    "pi_xbtusd",
    null,
    -9659,
    null,
    57384,
    -0.0005882554787075241,
    -166890,
    100133
  ],
  "time": 1616414949330
}