{
  "code": 200,
  "result": [
    -0.14566250372006634,
    1.15995524933,
    0,
    0.0006951080453226337,
    1.1606688694513152,
    1.1572885236824344,
    66310.81955423909,
    "pi_xbtusd",
    null,
    -9659,
    null,
    57384,
    0.0006951080453226337,
    -165778,
    99466
  ],
  "time": 1616403850449
}