{
  "code": 200,
  "result": [
    -0.15129696706087833,
    1.1601361385,
    0,
    0.008438518299230233,
    1.1685765727054367,
    1.1650413587314776,
    63841.33262971125,
    "pi_xbtusd",
    null,
    -9659,
    null,
    57384,
    0.008438518299230233,
    -159604,
    95761
  ],
  "time": 1616451370509
}