{
  "code": 200,
  "result": [
    -0.15182359061318804,
    1.1601361385,
    0,
    0.009206859448363901,
    1.1693453922956538,
    1.1657948114987122,
    63619.889115973645,
    "pi_xbtusd",
    null,
    -9659,
    null,
    57384,
    0.009206859448363901,
    -159050,
    95429
  ],
  "time": 1616453409936
}