{
  "code": 200,
  "result": [
    -0.14835110762300252,
    1.16009938678,
    0,
    0.004500206532696645,
    1.1646357568472068,
    1.1611793091085785,
    65109.052131555014,
    "pi_xbtusd",
    null,
    -9659,
    null,
    57384,
    0.004500206532696645,
    -162773,
    97663
  ],
  "time": 1616442970700
}