{
  "code": 200,
  "result": [
    -0.14592110898024516,
    1.16009938678,
    0,
    0.0011190966822403796,
    1.1612212676219882,
    1.157832442080369,
    66193.30176080034,
    "pi_xbtusd",
    null,
    -9659,
    null,
    57384,
    0.0011190966822403796,
    -165484,
    99289
  ],
  "time": 1616429891465
}