{
  "code": 200,
  "result": [
    -0.14583670270879812,
    1.16002449842,
    0,
    0.0012760356506923978,
    1.1613567616863179,
    1.1579647973653298,
    66231.61262283042,
    "pi_xbtusd",
    null,
    -9659,
    null,
    57384,
    0.0012760356506923978,
    -165580,
    99347
  ],
  "time": 1616425213629
}