{
  "code": 200,
  "result": [
    -0.19864172757407794,
    1.16011742818,
    0,
    0.00812512000771275,
    1.1682630426071174,
    1.163623837606316,
    63747.935313730515,
    "pi_xbtusd",
    null,
    -12663,
    null,
    56572.889153590084,
    0.00812512000771275,
    -159370,
    95621
  ],
  "time": 1616471589256
}