{
  "code": 200,
  "result": [
    -0.14643114491870166,
    1.16009938678,
    0,
    0.0017403671942346334,
    1.1618442172792465,
    1.1584429663273874,
    65962.74314021558,
    "pi_xbtusd",
    null,
    -9659,
    null,
    57384,
    0.0017403671942346334,
    -164907,
    98944
  ],
  "time": 1616430549440
}