{
  "code": 200,
  "result": [
    -0.14382556169470379,
    1.15995524933,
    0,
    -0.0019519165643125962,
    1.1580506963408794,
    1.1547232910641914,
    67157.74224127839,
    "pi_xbtusd",
    null,
    -9659,
    null,
    57384,
    -0.0019519165643125962,
    -167895,
    100736
  ],
  "time": 1616409850778
}