{
  "code": 200,
  "result": [
    -0.15092276638986768,
    1.1601361385,
    0,
    0.007858176923282785,
    1.1679970051672557,
    1.1644733980208157,
    63999.621999033705,
    "pi_xbtusd",
    null,
    -9659,
    null,
    57384,
    0.007858176923282785,
    -160000,
    95999
  ],
  "time": 1616454669916
}