{
  "code": 200,
  "result": [
    -0.14573115983016302,
    1.16002449842,
    0,
    0.0007498401860942906,
    1.1608290038373181,
    1.1574475634256218,
    66279.5795439817,
    "pi_xbtusd",
    null,
    -9659,
    null,
    57384,
    0.0007498401860942906,
    -165699,
    99419
  ],
  "time": 1616424912478
}