{
  "code": 200,
  "result": [
    -0.14888438033190188,
    1.1601361385,
    0,
    0.005160586273337457,
    1.1652968954969865,
    1.1618272401635454,
    64875.84512537571,
    "pi_xbtusd",
    null,
    -9659,
    null,
    57384,
    0.005160586273337457,
    -162190,
    97313
  ],
  "time": 1616443929251
}