{
  "code": 200,
  "result": [
    -0.14377112260231265,
    1.15995524933,
    0,
    -0.002009925222444334,
    1.1579984562138506,
    1.1546722111103251,
    67183.17159363009,
    "pi_xbtusd",
    null,
    -9659,
    null,
    57384,
    -0.002009925222444334,
    -167958,
    100774
  ],
  "time": 1616411049875
}