{
  "code": 200,
  "result": [
    -0.1445197485008681,
    1.16002449842,
    0,
    -0.0008819325060220294,
    1.159143551756823,
    1.155794746798969,
    66835.15644190303,
    "pi_xbtusd",
    null,
    -9659,
    null,
    57384,
    -0.0008819325060220294,
    -167088,
    100252
  ],
  "time": 1616414589966
}