{
  "code": 200,
  "result": [
    -0.14576849911404569,
    1.15995524933,
    0,
    0.0007964644109825344,
    1.1607710880499211,
    1.1573887151537272,
    66262.60171920297,
    "pi_xbtusd",
    null,
    -9659,
    null,
    57384,
    0.0007964644109825344,
    -165657,
    99393
  ],
  "time": 1616404029953
}