{
  "code": 200,
  "result": [
    -0.1973467184532508,
    1.16011742818,
    0,
    0.006558320047241941,
    1.1666870319752412,
    1.162079162973649,
    64166.25571101007,
    "pi_xbtusd",
    null,
    -12663,
    null,
    56572.889153590084,
    0.006558320047241941,
    -160416,
    96249
  ],
  "time": 1616465349718
}