{
  "code": 200,
  "result": [
    -0.14520587506746985,
    1.15995524933,
    0,
    -0.00010040422128253836,
    1.1598903808043723,
    1.1565259452808236,
    66519.34706851187,
    "pi_xbtusd",
    null,
    -9659,
    null,
    57384,
    -0.00010040422128253836,
    -166299,
    99779
  ],
  "time": 1616407390359
}