{
  "code": 200,
  "result": [
    -0.15123872891148785,
    1.1601361385,
    0,
    0.008184955540467215,
    1.168322728554832,
    1.1647925858360484,
    63865.9162869116,
    "pi_xbtusd",
    null,
    -9659,
    null,
    57384,
    0.008184955540467215,
    -159665,
    95798
  ],
  "time": 1616450170651
}