{
  "code": 200,
  "result": [
    -0.1456451117207967,
    1.16002449842,
    0,
    0.0007047205851874914,
    1.1608010469842085,
    1.1574205089645304,
    66318.73796435002,
    "pi_xbtusd",
    null,
    -9659,
    null,
    57384,
    0.0007047205851874914,
    -165797,
    99478
  ],
  "time": 1616428212816
}