{
  "code": 200,
  "result": [
    -0.14514576654425235,
    1.16002449842,
    0,
    -3.4458746852937636e-05,
    1.1600147337092266,
    1.1566489792761894,
    66546.89440807868,
    "pi_xbtusd",
    null,
    -9659,
    null,
    57384,
    -3.4458746852937636e-05,
    -166368,
    99820
  ],
  "time": 1616419149740
}