{
  "code": 200,
  "result": [
    -0.19647456294946405,
    1.16011742818,
    0,
    0.005261996076898917,
    1.1653889379101878,
    1.1608069953880027,
    64451.091326550486,
    "pi_xbtusd",
    null,
    -12663,
    null,
    56572.889153590084,
    0.005261996076898917,
    -161128,
    96676
  ],
  "time": 1616464150413
}