{
  "code": 200,
  "result": [
    -0.14443688248123443,
    1.16002449842,
    0,
    -0.0009943328456641547,
    1.1590308390339112,
    1.1556842820828501,
    66873.50096506631,
    "pi_xbtusd",
    null,
    -9659,
    null,
    57384,
    -0.0009943328456641547,
    -167184,
    100310
  ],
  "time": 1616414530532
}