{
  "code": 200,
  "result": [
    -0.14580010184510095,
    1.16009938678,
    0,
    0.0010284871679735036,
    1.1611441303261922,
    1.1577571169748584,
    66248.23904623736,
    "pi_xbtusd",
    null,
    -9659,
    null,
    57384,
    0.0010284871679735036,
    -165621,
    99372
  ],
  "time": 1616435170915
}