{
  "code": 200,
  "result": [
    -0.1524223666376213,
    1.1601361385,
    0,
    0.009913637453466228,
    1.1700518745799666,
    1.166487158222923,
    63369.964743848424,
    "pi_xbtusd",
    null,
    -9659,
    null,
    57384,
    0.009913637453466228,
    -158425,
    95054
  ],
  "time": 1616452150011
}