{
  "code": 200,
  "result": [
    -0.14838315988107134,
    1.16009938678,
    0,
    0.0044739268139412924,
    1.164607484422104,
    1.1611515622778508,
    65094.98792006896,
    "pi_xbtusd",
    null,
    -9659,
    null,
    57384,
    0.0044739268139412924,
    -162738,
    97642
  ],
  "time": 1616442189477
}