{
  "code": 200,
  "result": [
    -0.144360043160507,
    1.15995524933,
    0,
    -0.0010711133268664613,
    1.15894766724555,
    1.155602645904113,
    66909.09609427466,
    "pi_xbtusd",
    null,
    -9659,
    null,
    57384,
    -0.0010711133268664613,
    -167273,
    100363
  ],
  "time": 1616413212765
}