{
  "code": 200,
  "result": [
    -0.19885536969082063,
    1.16013853049,
    0,
    0.008582792742781595,
    1.1687226862555917,
    1.164074327800089,
    63679.44712626252,
    "pi_xbtusd",
    null,
    -12663,
    null,
    56572.889153590084,
    0.008582792742781595,
    -159199,
    95519
  ],
  "time": 1616475309753
}