{
  "code": 200,
  "result": [
    -0.14661804726615815,
    1.16002449842,
    0,
    0.001927712743432153,
    1.1619847095546754,
    1.1585797116918324,
    65878.65668723482,
    "pi_xbtusd",
    null,
    -9659,
    null,
    57384,
    0.001927712743432153,
    -164697,
    98817
  ],
  "time": 1616420650101
}