{
  "code": 200,
  "result": [
    -0.14563979521543982,
    1.15995524933,
    0,
    0.0006596250596450746,
    1.1606328065093026,
    1.1572531704001352,
    66321.15889555997,
    "pi_xbtusd",
    null,
    -9659,
    null,
    57384,
    0.0006596250596450746,
    -165803,
    99481
  ],
  "time": 1616403730894
}