{
  "code": 200,
  "result": [
    -0.151791974099304,
    1.1601361385,
    0,
    0.009358715087978118,
    1.1694967271025531,
    1.1659431091928192,
    63633.14040359588,
    "pi_xbtusd",
    null,
    -9659,
    null,
    57384,
    0.009358715087978118,
    -159083,
    95449
  ],
  "time": 1616451189756
}