{
  "code": 200,
  "result": [
    -0.14551253130770972,
    1.15995524933,
    0,
    0.00042197802058359325,
    1.1604000677496915,
    1.1570251845813055,
    66379.16276485141,
    "pi_xbtusd",
    null,
    -9659,
    null,
    57384,
    0.00042197802058359325,
    -165948,
    99568
  ],
  "time": 1616404750180
}