{
  "code": 200,
  "result": [
    -0.1990868852361134,
    1.16013853049,
    0,
    0.009030498243263307,
    1.1691701704620843,
    1.1645128578965718,
    63605.39512676545,
    "pi_xbtusd",
    null,
    -12663,
    null,
    56572.889153590084,
    0.009030498243263307,
    -159014,
    95408
  ],
  "time": 1616474772533
}