{
  "code": 200,
  "result": [
    -0.14565774536176643,
    1.16002449842,
    0,
    0.0007424418795154468,
    1.1607885206804325,
    1.1574072282348677,
    66312.98580113394,
    "pi_xbtusd",
    null,
    -9659,
    null,
    57384,
    0.0007424418795154468,
    -165783,
    99469
  ],
  "time": 1616418550267
}