{
  "code": 200,
  "result": [
    -0.14661979164305472,
    1.16009938678,
    0,
    0.002053841015144249,
    1.162164890106241,
    1.1587573696779636,
    65877.87291032847,
    "pi_xbtusd",
    null,
    -9659,
    null,
    57384,
    0.002053841015144249,
    -164695,
    98816
  ],
  "time": 1616433371521
}