{
  "code": 200,
  "result": [
    -0.14697619226364453,
    1.16009938678,
    0,
    0.002530757656258362,
    1.1626575763541431,
    1.1592405175930436,
    65718.12652945706,
    "pi_xbtusd",
    null,
    -9659,
    null,
    57384,
    0.002530757656258362,
    -164296,
    98577
  ],
  "time": 1616439549117
}