{
  "code": 200,
  "result": [
    -0.1460235691645918,
    1.16002449842,
    0,
    0.001236587627544099,
    1.161321669102547,
    1.1579304937420218,
    66146.8559853702,
    "pi_xbtusd",
    null,
    -9659,
    null,
    57384,
    0.001236587627544099,
    -165368,
    99220
  ],
  "time": 1616426049980
}