{
  "code": 200,
  "result": [
    -0.14515262667794487,
    1.15995524933,
    0,
    -0.0004213321161419905,
    1.1595700311490478,
    1.1562120141833963,
    66543.74930073264,
    "pi_xbtusd",
    null,
    -9659,
    null,
    57384,
    -0.0004213321161419905,
    -166360,
    99815
  ],
  "time": 1616407510525
}