{
  "code": 200,
  "result": [
    -0.19703654926971406,
    1.16011742818,
    0,
    0.006119017150644889,
    1.166247197922248,
    1.161648114978588,
    64267.26435746809,
    "pi_xbtusd",
    null,
    -12663,
    null,
    56572.889153590084,
    0.006119017150644889,
    -160669,
    96400
  ],
  "time": 1616464990036
}