{
  "code": 200,
  "result": [
    -0.14456617564396596,
    1.16002449842,
    0,
    -0.0006937778059352107,
    1.1593320141544567,
    1.1559794461026012,
    66813.69246280644,
    "pi_xbtusd",
    null,
    -9659,
    null,
    57384,
    -0.0006937778059352107,
    -167035,
    100220
  ],
  "time": 1616414649777
}