{
  "code": 200,
  "result": [
    -0.14554387955674475,
    1.16002449842,
    0,
    0.0004831709004406361,
    1.1605510919783086,
    1.1571749849523254,
    66364.86556093307,
    "pi_xbtusd",
    null,
    -9659,
    null,
    57384,
    0.0004831709004406361,
    -165913,
    99547
  ],
  "time": 1616422750232
}