{
  "code": 200,
  "result": [
    -0.14582616432035983,
    1.16009938678,
    0,
    0.0008149732150811346,
    1.1609358268943808,
    1.1575530838221049,
    66236.39896870988,
    "pi_xbtusd",
    null,
    -9659,
    null,
    57384,
    0.0008149732150811346,
    -165591,
    99354
  ],
  "time": 1616437212286
}