{
  "code": 200,
  "result": [
    -0.19921583757637268,
    1.16013853049,
    0,
    0.00923301152391455,
    1.1693721643227613,
    1.1647108014916359,
    63564.223377297654,
    "pi_xbtusd",
    null,
    -12663,
    null,
    56572.889153590084,
    0.00923301152391455,
    -158911,
    95346
  ],
  "time": 1616473511893
}