{
  "code": 200,
  "result": [
    -0.19716321780786478,
    1.16011742818,
    0,
    0.00618898408052894,
    1.1663173420444992,
    1.1617168597622414,
    64225.97551811146,
    "pi_xbtusd",
    null,
    -12663,
    null,
    56572.889153590084,
    0.00618898408052894,
    -160565,
    96338
  ],
  "time": 1616465110100
}