{
  "code": 200,
  "result": [
    -0.1519123472019578,
    1.1601361385,
    0,
    0.009456006388934367,
    1.1695942997067024,
    1.1660387359709494,
    63582.718441964265,
    "pi_xbtusd",
    null,
    -9659,
    null,
    57384,
    0.009456006388934367,
    -158957,
    95374
  ],
  "time": 1616452389503
}