{
  "code": 200,
  "result": [
    -0.19738234435773225,
    1.16011742818,
    0,
    0.006595004398868444,
    1.1667238954456243,
    1.1621152927569998,
    64154.674224812145,
    "pi_xbtusd",
    null,
    -12663,
    null,
    56572.889153590084,
    0.006595004398868444,
    -160387,
    96232
  ],
  "time": 1616465471000
}