{
  "code": 200,
  "result": [
    -0.15176197221781065,
    1.1601361385,
    0,
    0.00903734953150661,
    1.1691767544594078,
    1.1656295638608034,
    63645.720063108325,
    "pi_xbtusd",
    null,
    -9659,
    null,
    57384,
    0.00903734953150661,
    -159115,
    95468
  ],
  "time": 1616457129245
}