{
  "code": 200,
  "result": [
    -0.19960531123899697,
    1.16013853049,
    0,
    0.00992570953512098,
    1.1700650841840066,
    1.165389867392657,
    63440.19566111638,
    "pi_xbtusd",
    null,
    -12663,
    null,
    56572.889153590084,
    0.00992570953512098,
    -158601,
    95160
  ],
  "time": 1616474049957
}