{
  "code": 200,
  "result": [
    -0.14361899846738516,
    1.15995524933,
    0,
    -0.0021944242155795884,
    1.157815109996882,
    1.1544925548732192,
    67254.33336170694,
    "pi_xbtusd",
    null,
    -9659,
    null,
    57384,
    -0.0021944242155795884,
    -168136,
    100881
  ],
  "time": 1616411289264
}