{
  "code": 200,
  "result": [
    -0.14619778806212047,
    1.16002449842,
    0,
    0.0014280447720828634,
    1.1614872385321613,
    1.1580922340287454,
    66068.0310422742,
    "pi_xbtusd",
    null,
    -9659,
    null,
    57384,
    0.0014280447720828634,
    -165171,
    99102
  ],
  "time": 1616421072322
}