{
  "code": 200,
  "result": [
    -0.15115436413372793,
    1.1601361385,
    0,
    0.008228510066375495,
    1.1683672255166992,
    1.1648362117073974,
    63901.56219012358,
    "pi_xbtusd",
    null,
    -9659,
    null,
    57384,
    0.008228510066375495,
    -159754,
    95852
  ],
  "time": 1616454189113
}