{
  "code": 200,
  "result": [
    -0.1445509964163128,
    1.15995524933,
    0,
    -0.0010196926857245793,
    1.1589956181561363,
    1.1556495684018764,
    66820.70853515035,
    "pi_xbtusd",
    null,
    -9659,
    null,
    57384,
    -0.0010196926857245793,
    -167052,
    100231
  ],
  "time": 1616412490073
}