{
  "code": 200,
  "result": [
    -0.14855496983441116,
    1.16009938678,
    0,
    0.005024373622899299,
    1.1651538009655453,
    1.161686869885113,
    65019.70288012941,
    "pi_xbtusd",
    null,
    -9659,
    null,
    57384,
    0.005024373622899299,
    -162550,
    97529
  ],
  "time": 1616440571807
}