{
  "code": 200,
  "result": [
    -0.1460440302661994,
    1.16002449842,
    0,
    0.0011882330231237743,
    1.1612589584724307,
    1.157868750203994,
    66137.58866003776,
    "pi_xbtusd",
    null,
    -9659,
    null,
    57384,
    0.0011882330231237743,
    -165344,
    99206
  ],
  "time": 1616423289840
}