{
  "code": 200,
  "result": [
    -0.14611734469509086,
    1.16009938678,
    0,
    0.0015138563501506698,
    1.1616161751772895,
    1.1582194544423121,
    66104.40410175697,
    "pi_xbtusd",
    null,
    -9659,
    null,
    57384,
    0.0015138563501506698,
    -165262,
    99156
  ],
  "time": 1616429950265
}