{
  "code": 200,
  "result": [
    -0.14678364079687573,
    1.16009938678,
    0,
    0.0042763123352237645,
    1.1644046637304237,
    1.1609526938757448,
    65804.33587532045,
    "pi_xbtusd",
    null,
    -9659,
    null,
    57384,
    0.0042763123352237645,
    -164511,
    98706
  ],
  "time": 1616440149701
}