{
  "code": 200,
  "result": [
    -0.15173075204339986,
    1.1601361385,
    0,
    0.009034092897769987,
    1.169173286744853,
    1.1656261612789232,
    63658.81582948469,
    "pi_xbtusd",
    null,
    -9659,
    null,
    57384,
    0.009034092897769987,
    -159148,
    95488
  ],
  "time": 1616456229451
}