{
  "code": 200,
  "result": [
    -0.14591286786981256,
    1.16002449842,
    0,
    0.0009891542054588254,
    1.1610704896035045,
    1.157684262911421,
    66197.04033655225,
    "pi_xbtusd",
    null,
    -9659,
    null,
    57384,
    0.0009891542054588254,
    -165493,
    99295
  ],
  "time": 1616425330432
}