{
  "code": 200,
  "result": [
    -0.14659277667451565,
    1.16009938678,
    0,
    0.002046328149252202,
    1.1621535514322083,
    1.158746181261249,
    65890.01326747613,
    "pi_xbtusd",
    null,
    -9659,
    null,
    57384,
    0.002046328149252202,
    -164726,
    98835
  ],
  "time": 1616431871066
}