{
  "code": 200,
  "result": [
    -0.1522623896620639,
    1.16013951559,
    0,
    0.009913637453466228,
    1.1700532311467773,
    1.1664885147897337,
    63436.545436056134,
    "pi_xbtusd",
    null,
    -9659,
    null,
    57384,
    0.009913637453466228,
    -158592,
    95154
  ],
  "time": 1616457670743
}