{
  "code": 200,
  "result": [
    -0.14560829442230258,
    1.16002449842,
    0,
    0.0005089884324514283,
    1.160562866517966,
    1.1571862431413424,
    66335.50676712375,
    "pi_xbtusd",
    null,
    -9659,
    null,
    57384,
    0.0005089884324514283,
    -165839,
    99503
  ],
  "time": 1616420050732
}