{
  "code": 200,
  "result": [
    -0.14597283306247333,
    1.16002449842,
    0,
    0.0011726166602609427,
    1.1612417831731512,
    1.1578518872319716,
    66169.84679516462,
    "pi_xbtusd",
    null,
    -9659,
    null,
    57384,
    0.0011726166602609427,
    -165425,
    99254
  ],
  "time": 1616422990234
}