{
  "code": 200,
  "result": [
    -0.14563054514738163,
    1.16002449842,
    0,
    0.0006359780115820563,
    1.160724495608943,
    1.157345332440737,
    66325.37144061954,
    "pi_xbtusd",
    null,
    -9659,
    null,
    57384,
    0.0006359780115820563,
    -165814,
    99488
  ],
  "time": 1616426710982
}