{
  "code": 200,
  "result": [
    -0.14666134995024319,
    1.16009938678,
    0,
    0.0022080009187028186,
    1.1623311459018684,
    1.15892054227552,
    65859.205600364,
    "pi_xbtusd",
    null,
    -9659,
    null,
    57384,
    0.0022080009187028186,
    -164649,
    98788
  ],
  "time": 1616438110336
}