{
  "code": 200,
  "result": [
    -0.1514267644443622,
    1.1601361385,
    0,
    0.008585821579340798,
    1.1687233410659092,
    1.165185181026348,
    63786.61021677542,
    "pi_xbtusd",
    null,
    -9659,
    null,
    57384,
    0.008585821579340798,
    -159467,
    95679
  ],
  "time": 1616449089216
}