{
  "code": 200,
  "result": [
    -0.1453045091802913,
    1.15995524933,
    0,
    0.0001835286284364463,
    1.1601518105461504,
    1.1567816963656072,
    66474.19308932306,
    "pi_xbtusd",
    null,
    -9659,
    null,
    57384,
    0.0001835286284364463,
    -166186,
    99711
  ],
  "time": 1616402710703
}