{
  "code": 200,
  "result": [
    -0.14381775862108337,
    1.15995524933,
    0,
    -0.001863034753427562,
    1.158138716971982,
    1.154809534059076,
    67161.3859971811,
    "pi_xbtusd",
    null,
    -9659,
    null,
    57384,
    -0.001863034753427562,
    -167904,
    100742
  ],
  "time": 1616409670880
}