{
  "code": 200,
  "result": [
    -0.19853871214366028,
    1.16013853049,
    0,
    0.008145304690513241,
    1.1682842834974465,
    1.1636446748029892,
    63781.012092176774,
    "pi_xbtusd",
    null,
    -12663,
    null,
    56572.889153590084,
    0.008145304690513241,
    -159453,
    95671
  ],
  "time": 1616473089465
}