{
  "code": 200,
  "result": [
    -0.14459728825569448,
    1.15995524933,
    0,
    -0.000980562855480862,
    1.159035031575838,
    1.1556881992249732,
    66799.31633932017,
    "pi_xbtusd",
    null,
    -9659,
    null,
    57384,
    -0.000980562855480862,
    -166999,
    100198
  ],
  "time": 1616412549587
}