{
  "code": 200,
  "result": [
    -0.1486129086426993,
    1.16009938678,
    0,
    0.0048192913665314925,
    1.1649517797931377,
    1.1614889503578327,
    64994.35404512893,
    "pi_xbtusd",
    null,
    -9659,
    null,
    57384,
    0.0048192913665314925,
    -162486,
    97491
  ],
  "time": 1616441770687
}