{
  "code": 200,
  "result": [
    -0.19746851557739245,
    1.16011742818,
    0,
    0.006561463962556837,
    1.1666914162740312,
    1.1620834843941328,
    64126.67843769291,
    "pi_xbtusd",
    null,
    -12663,
    null,
    56572.889153590084,
    0.006561463962556837,
    -160317,
    96190
  ],
  "time": 1616466189378
}