{
  "code": 200,
  "result": [
    -0.14641390081863567,
    1.16009938678,
    0,
    0.0019817448431665293,
    1.1620862077273828,
    1.158680129222545,
    65970.51199369859,
    "pi_xbtusd",
    null,
    -9659,
    null,
    57384,
    0.0019817448431665293,
    -164927,
    98955
  ],
  "time": 1616430789927
}