{
  "code": 200,
  "result": [
    -0.15145070482316364,
    1.1601361385,
    0,
    0.008629574188123402,
    1.1687669955416025,
    1.1652279604498657,
    63776.52722896211,
    "pi_xbtusd",
    null,
    -9659,
    null,
    57384,
    0.008629574188123402,
    -159442,
    95664
  ],
  "time": 1616448670619
}