{
  "code": 200,
  "result": [
    -0.14555739698901893,
    1.16009938678,
    0,
    0.0007039811202256339,
    1.1608182427174742,
    1.1574377194870953,
    66358.70247616952,
    "pi_xbtusd",
    null,
    -9659,
    null,
    57384,
    0.0007039811202256339,
    -165897,
    99538
  ],
  "time": 1616434629716
}