{
  "code": 200,
  "result": [
    -0.14373088199919623,
    1.15995524933,
    0,
    -0.002009209312793052,
    1.158003213303334,
    1.1546769538816155,
    67201.98099148946,
    "pi_xbtusd",
    null,
    -9659,
    null,
    57384,
    -0.002009209312793052,
    -168005,
    100802
  ],
  "time": 1616411890346
}