{
  "code": 200,
  "result": [
    -0.19879137333336758,
    1.16011742818,
    0,
    0.008354795202229558,
    1.1684879355872484,
    1.1638441370825567,
    63699.94727469639,
    "pi_xbtusd",
    null,
    -12663,
    null,
    56572.889153590084,
    0.008354795202229558,
    -159250,
    95549
  ],
  "time": 1616468349271
}