{
  "code": 200,
  "result": [
    -0.198508049181243,
    1.16013853049,
    0,
    0.008095380560930468,
    1.1682343356084992,
    1.1635957253966334,
    63790.86416006411,
    "pi_xbtusd",
    null,
    -12663,
    null,
    56572.889153590084,
    0.008095380560930468,
    -159478,
    95686
  ],
  "time": 1616473031552
}