{
  "code": 200,
  "result": [
    -0.14849920482428397,
    1.16009938678,
    0,
    0.0044847469066198525,
    1.1646173861199194,
    1.1611612475738127,
    65044.11933672839,
    "pi_xbtusd",
    null,
    -9659,
    null,
    57384,
    0.0044847469066198525,
    -162611,
    97566
  ],
  "time": 1616441829815
}