{
  "code": 200,
  "result": [
    -0.19740845164391008,
    1.16011742818,
    0,
    0.006455665973970973,
    1.166587656357852,
    1.1619818404377256,
    64146.18976315063,
    "pi_xbtusd",
    null,
    -12663,
    null,
    56572.889153590084,
    0.006455665973970973,
    -160366,
    96219
  ],
  "time": 1616467570724
}