{
  "code": 200,
  "result": [
    -0.15078229140759797,
    1.1601361385,
    0,
    0.007785902085283532,
    1.167922957327916,
    1.1644007956782358,
    64059.24667830907,
    "pi_xbtusd",
    null,
    -9659,
    null,
    57384,
    0.007785902085283532,
    -160149,
    96088
  ],
  "time": 1616447110251
}