{
  "code": 200,
  "result": [
    -0.1984419118036239,
    1.16011742818,
    0,
    0.00816868081757165,
    1.1683015571352422,
    1.1636614809182435,
    63812.124590551095,
    "pi_xbtusd",
    null,
    -12663,
    null,
    56572.889153590084,
    0.00816868081757165,
    -159531,
    95718
  ],
  "time": 1616468170497
}