{
  "code": 200,
  "result": [
    -0.15173505149573302,
    1.1601361385,
    0,
    0.009204412290877532,
    1.1693426917238787,
    1.1657921598700869,
    63657.012040303845,
    "pi_xbtusd",
    null,
    -9659,
    null,
    57384,
    0.009204412290877532,
    -159143,
    95485
  ],
  "time": 1616452329703
}