{
  "code": 200,
  "result": [
    -0.14479530479385366,
    1.16002449842,
    0,
    -0.00048114197026142967,
    1.159548703941454,
    1.156191883172885,
    66707.96414118263,
    "pi_xbtusd",
    null,
    -9659,
    null,
    57384,
    -0.00048114197026142967,
    -166770,
    100061
  ],
  "time": 1616415429848
}