{
  "code": 200,
  "result": [
    -0.14357605600926054,
    1.15995524933,
    0,
    -0.002130110611468731,
    1.157867311261575,
    1.15454346986583,
    67274.44859870647,
    "pi_xbtusd",
    null,
    -9659,
    null,
    57384,
    -0.002130110611468731,
    -168187,
    100911
  ],
  "time": 1616408770799
}