{
  "code": 200,
  "result": [
    -0.19821291615245756,
    1.16011742818,
    0,
    0.0076311613066206985,
    1.1677551802688806,
    1.163125854442101,
    63885.84682473527,
    "pi_xbtusd",
    null,
    -12663,
    null,
    56572.889153590084,
    0.0076311613066206985,
    -159715,
    95828
  ],
  "time": 1616462170196
}