{
  "code": 200,
  "result": [
    -0.1460210280447632,
    1.16002449842,
    0,
    0.0011741038089457948,
    1.1612445214410925,
    1.1578545957569393,
    66148.00710099784,
    "pi_xbtusd",
    null,
    -9659,
    null,
    57384,
    0.0011741038089457948,
    -165371,
    99222
  ],
  "time": 1616423230081
}