{
  "code": 200,
  "result": [
    -0.14574827276935604,
    1.16009938678,
    0,
    0.000977283693723335,
    1.1610959927417,
    1.157710003459851,
    66271.79737001199,
    "pi_xbtusd",
    null,
    -9659,
    null,
    57384,
    0.000977283693723335,
    -165680,
    99407
  ],
  "time": 1616436371882
}