{
  "code": 200,
  "result": [
    -0.14928644042359784,
    1.1601361385,
    0,
    0.0057954242448994215,
    1.1659321420106603,
    1.162449789917788,
    64701.12069517328,
    "pi_xbtusd",
    null,
    -9659,
    null,
    57384,
    0.0057954242448994215,
    -161753,
    97051
  ],
  "time": 1616445670697
}