{
  "code": 200,
  "result": [
    -0.20063759578350543,
    1.16011742818,
    0,
    0.011126090140574236,
    1.1712437305067955,
    1.1665445061033368,
    63113.79455355812,
    "pi_xbtusd",
    null,
    -12663,
    null,
    56572.889153590084,
    0.011126090140574236,
    -157785,
    94670
  ],
  "time": 1616457849631
}