{
  "code": 200,
  "result": [
    -0.14565115249559807,
    1.16009938678,
    0,
    0.0008964601058375829,
    1.1610139383438067,
    1.1576295655337157,
    66315.98744329825,
    "pi_xbtusd",
    null,
    -9659,
    null,
    57384,
    0.0008964601058375829,
    -165790,
    99473
  ],
  "time": 1616435889735
}