{
  "code": 200,
  "result": [
    -0.14571695016007902,
    1.16002449842,
    0,
    0.0008038674464969556,
    1.160883339148907,
    1.1575008181920028,
    66286.04283433736,
    "pi_xbtusd",
    null,
    -9659,
    null,
    57384,
    0.0008038674464969556,
    -165716,
    99429
  ],
  "time": 1616424971077
}