{
  "code": 200,
  "result": [
    -0.15163401449027522,
    1.1601361385,
    0,
    0.009045491639110231,
    1.1691835598951401,
    1.1656362064543835,
    63699.42807666984,
    "pi_xbtusd",
    null,
    -9659,
    null,
    57384,
    0.009045491639110231,
    -159249,
    95549
  ],
  "time": 1616451428982
}