{
  "code": 200,
  "result": [
    -0.14432721296918877,
    1.15995524933,
    0,
    -0.0011637355139319794,
    1.1588535951892869,
    1.1555104262915912,
    66924.31594353603,
    "pi_xbtusd",
    null,
    -9659,
    null,
    57384,
    -0.0011637355139319794,
    -167311,
    100386
  ],
  "time": 1616412910169
}