{
  "code": 200,
  "result": [
    -0.1507926365132013,
    1.1601361385,
    0,
    0.007634317777321063,
    1.1677714575511076,
    1.164252327587587,
    64054.851903556926,
    "pi_xbtusd",
    null,
    -9659,
    null,
    57384,
    0.007634317777321063,
    -160138,
    96082
  ],
  "time": 1616447470597
}