{
  "code": 200,
  "result": [
    -0.14630178716633907,
    1.16009938678,
    0,
    0.0016932211414366026,
    1.1618058029400573,
    1.1584054949092542,
    66021.06636618264,
    "pi_xbtusd",
    null,
    -9659,
    null,
    57384,
    0.0016932211414366026,
    -165053,
    99031
  ],
  "time": 1616433971388
}