{
  "code": 200,
  "result": [
    -0.14584437246843265,
    1.16002449842,
    0,
    0.001000284322117009,
    1.1610875606553215,
    1.1577011113609048,
    66228.12959129189,
    "pi_xbtusd",
    null,
    -9659,
    null,
    57384,
    0.001000284322117009,
    -165571,
    99342
  ],
  "time": 1616426471914
}