{
  "code": 200,
  "result": [
    -0.1453472102386048,
    1.16002449842,
    0,
    0.000132834752467433,
    1.1601842214166762,
    1.1568151211136526,
    66454.66386416084,
    "pi_xbtusd",
    null,
    -9659,
    null,
    57384,
    0.000132834752467433,
    -166137,
    99681
  ],
  "time": 1616419571266
}