{
  "code": 200,
  "result": [
    -0.1985821788408685,
    1.16011742818,
    0,
    0.008253724644059424,
    1.1683769440825202,
    1.163735166988992,
    63767.051373463604,
    "pi_xbtusd",
    null,
    -12663,
    null,
    56572.889153590084,
    0.008253724644059424,
    -159418,
    95650
  ],
  "time": 1616461628755
}