{
  "code": 200,
  "result": [
    -0.15180992275239785,
    1.1601361385,
    0,
    0.009149776680225352,
    1.1692891957224885,
    1.1657397565809096,
    63625.61698785553,
    "pi_xbtusd",
    null,
    -9659,
    null,
    57384,
    0.009149776680225352,
    -159065,
    95438
  ],
  "time": 1616457189629
}