{
  "code": 200,
  "result": [
    -0.14501628556920007,
    1.16002449842,
    0,
    -0.00015165942528187808,
    1.159881935397707,
    1.1565185249782384,
    66606.31226408594,
    "pi_xbtusd",
    null,
    -9659,
    null,
    57384,
    -0.00015165942528187808,
    -166516,
    99909
  ],
  "time": 1616416149658
}