{
  "code": 200,
  "result": [
    -0.1455852568159939,
    1.16002449842,
    0,
    0.0006056899016153084,
    1.160656136644105,
    1.1572775792380985,
    66346.00378668885,
    "pi_xbtusd",
    null,
    -9659,
    null,
    57384,
    0.0006056899016153084,
    -165866,
    99519
  ],
  "time": 1616419391189
}