{
  "code": 200,
  "result": [
    -0.1968267037871541,
    1.16011742818,
    0,
    0.0057125904425810135,
    1.1658403284886416,
    1.1612493740791427,
    64335.78247438217,
    "pi_xbtusd",
    null,
    -12663,
    null,
    56572.889153590084,
    0.0057125904425810135,
    -160840,
    96503
  ],
  "time": 1616464689439
}