{
  "code": 200,
  "result": [
    -0.1449059346577559,
    1.16002449842,
    0,
    -0.00044321871419222814,
    1.159586320077241,
    1.1562287408435505,
    66657.03528853375,
    "pi_xbtusd",
    null,
    -9659,
    null,
    57384,
    -0.00044321871419222814,
    -166643,
    99985
  ],
  "time": 1616415371094
}