{
  "code": 200,
  "result": [
    -0.146398128678842,
    1.16009938678,
    0,
    0.001860220813473208,
    1.1619720364637842,
    1.1585683884395404,
    65977.61929859937,
    "pi_xbtusd",
    null,
    -9659,
    null,
    57384,
    0.001860220813473208,
    -164945,
    98966
  ],
  "time": 1616433670358
}