{
  "code": 200,
  "result": [
    -0.15158873839449205,
    1.1601361385,
    0,
    0.008905551456953627,
    1.1690447596170372,
    1.165500204979924,
    63718.45364174465,
    "pi_xbtusd",
    null,
    -9659,
    null,
    57384,
    0.008905551456953627,
    -159297,
    95577
  ],
  "time": 1616456289805
}