{
  "code": 200,
  "result": [
    -0.14559409783884425,
    1.16002449842,
    0,
    0.0006670161196747519,
    1.1607043572484461,
    1.1573245733180784,
    66341.97500705963,
    "pi_xbtusd",
    null,
    -9659,
    null,
    57384,
    0.0006670161196747519,
    -165855,
    99512
  ],
  "time": 1616416871041
}