{
  "code": 200,
  "result": [
    -0.19823483485446947,
    1.16013853049,
    0,
    0.007677711224206829,
    1.1678162460588046,
    1.1631859892336733,
    63878.78300651,
    "pi_xbtusd",
    null,
    -12663,
    null,
    56572.889153590084,
    0.007677711224206829,
    -159697,
    95818
  ],
  "time": 1616472011799
}