{
  "code": 200,
  "result": [
    -0.14844281938071086,
    1.1601361385,
    0,
    0.0044986604456158825,
    1.1646349136210545,
    1.1611784968041678,
    65068.826099480044,
    "pi_xbtusd",
    null,
    -9659,
    null,
    57384,
    0.0044986604456158825,
    -162673,
    97603
  ],
  "time": 1616443689678
}