{
  "code": 200,
  "result": [
    -0.1456808086613048,
    1.16009938678,
    0,
    0.000923886982559329,
    1.161044891466418,
    1.1576599701187924,
    66302.48753256397,
    "pi_xbtusd",
    null,
    -9659,
    null,
    57384,
    0.000923886982559329,
    -165757,
    99453
  ],
  "time": 1616437271153
}