{
  "code": 200,
  "result": [
    -0.15182105036388127,
    1.1601361385,
    0,
    0.009028394076497293,
    1.1691667300757638,
    1.1656197185862596,
    63620.95359536458,
    "pi_xbtusd",
    null,
    -9659,
    null,
    57384,
    0.009028394076497293,
    -159053,
    95431
  ],
  "time": 1616452570912
}