{
  "code": 200,
  "result": [
    -0.14727656409425963,
    1.16009938678,
    0,
    0.003081800808776507,
    1.163187795254578,
    1.159759715630428,
    65584.09384006316,
    "pi_xbtusd",
    null,
    -9659,
    null,
    57384,
    0.003081800808776507,
    -163961,
    98376
  ],
  "time": 1616431390340
}