{
  "code": 200,
  "result": [
    -0.14900030532721809,
    1.1601361385,
    0,
    0.005423496870350928,
    1.1655596655498135,
    1.1620847520044322,
    64825.37051711381,
    "pi_xbtusd",
    null,
    -9659,
    null,
    57384,
    0.005423496870350928,
    -162064,
    97238
  ],
  "time": 1616443329790
}