{
  "code": 200,
  "result": [
    -0.19682064741073024,
    1.16011742818,
    0,
    0.005677226443124112,
    1.1658050529584187,
    1.1612148058289091,
    64337.762153452,
    "pi_xbtusd",
    null,
    -12663,
    null,
    56572.889153590084,
    0.005677226443124112,
    -160845,
    96506
  ],
  "time": 1616464749208
}