{
  "code": 200,
  "result": [
    -0.1489238140514227,
    1.1601361385,
    0,
    0.005215910754145759,
    1.165352571704581,
    1.1618818098815238,
    64858.66657071241,
    "pi_xbtusd",
    null,
    -9659,
    null,
    57384,
    0.005215910754145759,
    -162147,
    97287
  ],
  "time": 1616445428973
}