{
  "code": 200,
  "result": [
    -0.15121719713906187,
    1.1601361385,
    0,
    0.008711465891393058,
    1.1688483100738452,
    1.1653076371480429,
    63875.010136032484,
    "pi_xbtusd",
    null,
    -9659,
    null,
    57384,
    0.008711465891393058,
    -159688,
    95812
  ],
  "time": 1616446209814
}