{
  "code": 200,
  "result": [
    -0.1453720911193372,
    1.15995524933,
    0,
    0.0001622187901712379,
    1.1601492547950272,
    1.1567795668112495,
    66443.28994394698,
    "pi_xbtusd",
    null,
    -9659,
    null,
    57384,
    0.0001622187901712379,
    -166109,
    99664
  ],
  "time": 1616406611312
}