{
  "code": 200,
  "result": [
    -0.1455654459680083,
    1.16002449842,
    0,
    0.0004617852119209215,
    1.1604985020110015,
    1.1571228226987886,
    66355.03320013742,
    "pi_xbtusd",
    null,
    -9659,
    null,
    57384,
    0.0004617852119209215,
    -165888,
    99532
  ],
  "time": 1616416749995
}