{
  "code": 200,
  "result": [
    -0.14827839526738182,
    1.16009938678,
    0,
    0.004252413133532015,
    1.164386278146865,
    1.16093478627622,
    65140.980131208504,
    "pi_xbtusd",
    null,
    -9659,
    null,
    57384,
    0.004252413133532015,
    -162853,
    97711
  ],
  "time": 1616442310344
}