{
  "code": 200,
  "result": [
    -0.1986379414932735,
    1.16011742818,
    0,
    0.008290950926722735,
    1.168427634640955,
    1.1637851130217733,
    63749.150362740795,
    "pi_xbtusd",
    null,
    -12663,
    null,
    56572.889153590084,
    0.008290950926722735,
    -159373,
    95623
  ],
  "time": 1616470749717
}