{
  "code": 200,
  "result": [
    -0.14404080686693047,
    1.15995524933,
    0,
    -0.0017187582930185245,
    1.158274341676878,
    1.1549422732347638,
    67057.38609839429,
    "pi_xbtusd",
    null,
    -9659,
    null,
    57384,
    -0.0017187582930185245,
    -167644,
    100586
  ],
  "time": 1616407871369
}