{
  "code": 200,
  "result": [
    -0.15188985601608185,
    1.1601361385,
    0,
    0.00935299538639477,
    1.1694914016666662,
    1.165937898150964,
    63592.133492952424,
    "pi_xbtusd",
    null,
    -9659,
    null,
    57384,
    0.00935299538639477,
    -158981,
    95388
  ],
  "time": 1616452870627
}