{
  "code": 200,
  "result": [
    -0.15127215192656873,
    1.1601361385,
    0,
    0.008439326987695594,
    1.1685762835268856,
    1.1650410533791573,
    63851.805352043375,
    "pi_xbtusd",
    null,
    -9659,
    null,
    57384,
    0.008439326987695594,
    -159630,
    95777
  ],
  "time": 1616446689430
}