{
  "code": 200,
  "result": [
    -0.145768303565474,
    1.16002449842,
    0,
    0.000856447641252094,
    1.1609321696419004,
    1.157548597081101,
    66262.69061066158,
    "pi_xbtusd",
    null,
    -9659,
    null,
    57384,
    0.000856447641252094,
    -165657,
    99394
  ],
  "time": 1616424250238
}