{
  "code": 200,
  "result": [
    -0.14453834522024656,
    1.15995524933,
    0,
    -0.0010095496721918937,
    1.1589512251053626,
    1.1556049724908322,
    66826.55723836938,
    "pi_xbtusd",
    null,
    -9659,
    null,
    57384,
    -0.0010095496721918937,
    -167067,
    100239
  ],
  "time": 1616401150083
}