{
  "code": 200,
  "result": [
    -0.1450904873192113,
    1.16002449842,
    0,
    -3.1526636831522143e-05,
    1.1600030121019222,
    1.1566371990266846,
    66572.24865989585,
    "pi_xbtusd",
    null,
    -9659,
    null,
    57384,
    -3.1526636831522143e-05,
    -166431,
    99858
  ],
  "time": 1616416331732
}