{
  "code": 200,
  "result": [
    -0.1437760702743421,
    1.15995524933,
    0,
    -0.0019999019264234424,
    1.1580032934646194,
    1.1546768478951734,
    67180.8596630125,
    "pi_xbtusd",
    null,
    -9659,
    null,
    57384,
    -0.0019999019264234424,
    -167953,
    100771
  ],
  "time": 1616409971076
}