{
  "code": 200,
  "result": [
    -0.14561564667704435,
    1.16002449842,
    0,
    0.0006308061020106774,
    1.1606762550242171,
    1.1572971952942026,
    66332.15743238325,
    "pi_xbtusd",
    null,
    -9659,
    null,
    57384,
    0.0006308061020106774,
    -165831,
    99498
  ],
  "time": 1616418429771
}