{
  "code": 200,
  "result": [
    -0.144841915963089,
    1.15995524933,
    0,
    -0.0005809731795415501,
    1.1593780742852142,
    1.1560232501408307,
    66686.49703903022,
    "pi_xbtusd",
    null,
    -9659,
    null,
    57384,
    -0.0005809731795415501,
    -166717,
    100029
  ],
  "time": 1616400790893
}