{
  "code": 200,
  "result": [
    -0.19861187374810635,
    1.16011742818,
    0,
    0.00817293152865358,
    1.1682929643180646,
    1.1636528030868445,
    63757.51741842038,
    "pi_xbtusd",
    null,
    -12663,
    null,
    56572.889153590084,
    0.00817293152865358,
    -159394,
    95636
  ],
  "time": 1616459470157
}