{
  "code": 200,
  "result": [
    -0.15087538688833363,
    1.1601361385,
    0,
    0.007720905412946197,
    1.1678586081456026,
    1.1643377464293694,
    64019.71984435638,
    "pi_xbtusd",
    null,
    -9659,
    null,
    57384,
    0.007720905412946197,
    -160050,
    96029
  ],
  "time": 1616449870382
}