{
  "code": 200,
  "result": [
    -0.14373311748727552,
    1.15995524933,
    0,
    -0.0020457128483645096,
    1.157956324394898,
    1.154630795043891,
    67200.93579585162,
    "pi_xbtusd",
    null,
    -9659,
    null,
    57384,
    -0.0020457128483645096,
    -168003,
    100801
  ],
  "time": 1616409730291
}