{
  "code": 200,
  "result": [
    -0.19767619728570154,
    1.16011742818,
    0,
    0.006904665886009549,
    1.1670340867709503,
    1.162419290852583,
    64059.30594515715,
    "pi_xbtusd",
    null,
    -12663,
    null,
    56572.889153590084,
    0.006904665886009549,
    -160149,
    96088
  ],
  "time": 1616465829721
}