{
  "code": 200,
  "result": [
    -0.19832148196433436,
    1.16011742818,
    0,
    0.007514868369038024,
    1.1676498714217263,
    1.1630228714536983,
    63850.87421985523,
    "pi_xbtusd",
    null,
    -12663,
    null,
    56572.889153590084,
    0.007514868369038024,
    -159628,
    95776
  ],
  "time": 1616469611408
}