{
  "code": 200,
  "result": [
    -0.1462637481496832,
    1.16009938678,
    0,
    0.0015556742756056802,
    1.1616589138328732,
    1.1582613567393867,
    66038.23655684787,
    "pi_xbtusd",
    null,
    -9659,
    null,
    57384,
    0.0015556742756056802,
    -165096,
    99057
  ],
  "time": 1616430310682
}