{
  "code": 200,
  "result": [
    -0.14705470848085297,
    1.16009938678,
    0,
    0.0028524632828045393,
    1.1629580004198046,
    1.159534507546174,
    65683.03796445685,
    "pi_xbtusd",
    null,
    -9659,
    null,
    57384,
    0.0028524632828045393,
    -164208,
    98524
  ],
  "time": 1616431211157
}