{
  "code": 200,
  "result": [
    -0.14529736044187005,
    1.15995524933,
    0,
    9.465082264895907e-05,
    1.1600762029342142,
    1.156707866309787,
    66477.46366916508,
    "pi_xbtusd",
    null,
    -9659,
    null,
    57384,
    9.465082264895907e-05,
    -166194,
    99716
  ],
  "time": 1616405471006
}