{
  "code": 200,
  "result": [
    -0.1977523881309108,
    1.16011742818,
    0,
    0.00700666868518776,
    1.1671391011598626,
    1.1625222651855118,
    64034.62491495766,
    "pi_xbtusd",
    null,
    -12663,
    null,
    56572.889153590084,
    0.00700666868518776,
    -160087,
    96051
  ],
  "time": 1616467870055
}