{
  "code": 200,
  "result": [
    -0.19864670085629488,
    1.16011742818,
    0,
    0.00815805472127655,
    1.1682950920851156,
    1.163655228390043,
    63746.33933216276,
    "pi_xbtusd",
    null,
    -12663,
    null,
    56572.889153590084,
    0.00815805472127655,
    -159366,
    95619
  ],
  "time": 1616470989720
}