{
  "code": 200,
  "result": [
    -0.1431166137861043,
    1.15995524933,
    0,
    -0.0030677075012893206,
    1.1569271123659823,
    1.1536220229080338,
    67490.41739092507,
    "pi_xbtusd",
    null,
    -9659,
    null,
    57384,
    -0.0030677075012893206,
    -168727,
    101235
  ],
  "time": 1616408230324
}