{
  "code": 200,
  "result": [
    -0.19736250806363348,
    1.16011742818,
    0,
    0.0063447349098836444,
    1.1664758407948033,
    1.1618722434959585,
    64161.122212316055,
    "pi_xbtusd",
    null,
    -12663,
    null,
    56572.889153590084,
    0.0063447349098836444,
    -160403,
    96241
  ],
  "time": 1616466970785
}