{
  "code": 200,
  "result": [
    -0.14571087144118847,
    1.16002449842,
    0,
    0.0007631587697727491,
    1.160852292375896,
    1.157470585592526,
    66288.80813398022,
    "pi_xbtusd",
    null,
    -9659,
    null,
    57384,
    0.0007631587697727491,
    -165723,
    99433
  ],
  "time": 1616426829691
}