{
  "code": 200,
  "result": [
    -0.14378413154602213,
    1.15995524933,
    0,
    -0.0019232553850432115,
    1.158083688016916,
    1.1547557095166425,
    67177.09316141307,
    "pi_xbtusd",
    null,
    -9659,
    null,
    57384,
    -0.0019232553850432115,
    -167943,
    100765
  ],
  "time": 1616410750461
}