{
  "code": 200,
  "result": [
    -0.19801346540867462,
    1.16011742818,
    0,
    0.007122451141580837,
    1.1672475315427462,
    1.1626283799192674,
    63950.19638621635,
    "pi_xbtusd",
    null,
    -12663,
    null,
    56572.889153590084,
    0.007122451141580837,
    -159876,
    95925
  ],
  "time": 1616462889999
}