{
  "code": 200,
  "result": [
    -0.19854937889311147,
    1.16011742818,
    0,
    0.008528416250430989,
    1.168661467807509,
    1.1640141968818531,
    63777.58555878985,
    "pi_xbtusd",
    null,
    -12663,
    null,
    56572.889153590084,
    0.008528416250430989,
    -159444,
    95666
  ],
  "time": 1616468289559
}