{
  "code": 200,
  "result": [
    -0.1448228389898214,
    1.16002449842,
    0,
    -0.0004140353152326945,
    1.1596167519535623,
    1.1562585890518926,
    66695.28140294823,
    "pi_xbtusd",
    null,
    -9659,
    null,
    57384,
    -0.0004140353152326945,
    -166739,
    100042
  ],
  "time": 1616415610427
}