{
  "code": 200,
  "result": [
    -0.14467787291291626,
    1.15995524933,
    0,
    -0.000561307812917765,
    1.1594003328187328,
    1.1560451153670168,
    66762.10954396527,
    "pi_xbtusd",
    null,
    -9659,
    null,
    57384,
    -0.000561307812917765,
    -166906,
    100143
  ],
  "time": 1616401330347
}