{
  "code": 200,
  "result": [
    -0.19868469831106098,
    1.16011742818,
    0,
    0.00821332105385177,
    1.1683492987073687,
    1.1637083296856445,
    63734.148163613456,
    "pi_xbtusd",
    null,
    -12663,
    null,
    56572.889153590084,
    0.00821332105385177,
    -159336,
    95601
  ],
  "time": 1616470271068
}