{
  "code": 200,
  "result": [
    -0.14456620267012266,
    1.15995524933,
    0,
    -0.00102838571855269,
    1.1589321056811384,
    1.155586229787535,
    66813.67997221535,
    "pi_xbtusd",
    null,
    -9659,
    null,
    57384,
    -0.00102838571855269,
    -167035,
    100220
  ],
  "time": 1616401091031
}