{
  "code": 200,
  "result": [
    -0.19827310126155023,
    1.16011742818,
    0,
    0.007627988130267778,
    1.1677467799265497,
    1.1631175175632973,
    63866.45449851371,
    "pi_xbtusd",
    null,
    -12663,
    null,
    56572.889153590084,
    0.007627988130267778,
    -159667,
    95799
  ],
  "time": 1616458629332
}