{
  "code": 200,
  "result": [
    -0.14666100184170908,
    1.16009938678,
    0,
    0.0021771466240755456,
    1.1622846729862182,
    1.1588746864457624,
    65859.36192107115,
    "pi_xbtusd",
    null,
    -9659,
    null,
    57384,
    0.0021771466240755456,
    -164649,
    98789
  ],
  "time": 1616431989710
}