{
  "code": 200,
  "result": [
    -0.14375777021333186,
    1.15995524933,
    0,
    -0.001980567871862789,
    1.1580327264364436,
    1.1547058941859065,
    67189.41164478524,
    "pi_xbtusd",
    null,
    -9659,
    null,
    57384,
    -0.001980567871862789,
    -167974,
    100784
  ],
  "time": 1616412071961
}