{
  "code": 200,
  "result": [
    -0.19854927403209002,
    1.16011742818,
    0,
    0.008070957433761888,
    1.1681916094221927,
    1.1635534876728704,
    63777.61924202943,
    "pi_xbtusd",
    null,
    -12663,
    null,
    56572.889153590084,
    0.008070957433761888,
    -159445,
    95666
  ],
  "time": 1616459889819
}