{
  "code": 200,
  "result": [
    -0.14571503112573023,
    1.16002449842,
    0,
    0.0008216373763557906,
    1.16087708006692,
    1.1574942037114184,
    66286.91580668662,
    "pi_xbtusd",
    null,
    -9659,
    null,
    57384,
    0.0008216373763557906,
    -165718,
    99430
  ],
  "time": 1616420351030
}