{
  "code": 200,
  "result": [
    -0.198406579521474,
    1.16011742818,
    0,
    0.007933010313381773,
    1.168066859730626,
    1.1634314969237112,
    63823.488266070606,
    "pi_xbtusd",
    null,
    -12663,
    null,
    56572.889153590084,
    0.007933010313381773,
    -159559,
    95735
  ],
  "time": 1616468830227
}