{
  "code": 200,
  "result": [
    -0.1516469222842296,
    1.1601361385,
    0,
    0.00901129980984542,
    1.1691493259734913,
    1.16560265636932,
    63694.006146041516,
    "pi_xbtusd",
    null,
    -9659,
    null,
    57384,
    0.00901129980984542,
    -159236,
    95541
  ],
  "time": 1616451250162
}