{
  "code": 200,
  "result": [
    -0.1969548577005511,
    1.16011742818,
    0,
    0.0057635753812435115,
    1.1658899846587363,
    1.1612980105504642,
    64293.92068741327,
    "pi_xbtusd",
    null,
    -12663,
    null,
    56572.889153590084,
    0.0057635753812435115,
    -160735,
    96440
  ],
  "time": 1616463789276
}