{
  "code": 200,
  "result": [
    -0.19661149733428665,
    1.16011742818,
    0,
    0.00521744823360402,
    1.1653442998454568,
    1.1607632482801375,
    64406.202951955886,
    "pi_xbtusd",
    null,
    -12663,
    null,
    56572.889153590084,
    0.00521744823360402,
    -161016,
    96609
  ],
  "time": 1616464089257
}