{
  "code": 200,
  "result": [
    -0.15085230046953435,
    1.1601361385,
    0,
    0.007793126900522716,
    1.1679319126829768,
    1.164409606536992,
    64029.51741495451,
    "pi_xbtusd",
    null,
    -9659,
    null,
    57384,
    0.007793126900522716,
    -160074,
    96044
  ],
  "time": 1616454488744
}