{
  "code": 200,
  "result": [
    -0.19723677947463927,
    1.16011742818,
    0,
    0.006061613414822522,
    1.1661937791916317,
    1.1615958443226881,
    64202.02172094485,
    "pi_xbtusd",
    null,
    -12663,
    null,
    56572.889153590084,
    0.006061613414822522,
    -160506,
    96303
  ],
  "time": 1616467689165
}