{
  "code": 200,
  "result": [
    -0.1983336124432965,
    1.16011742818,
    0,
    0.007724279868759057,
    1.1678478574532107,
    1.1632166692551884,
    63846.96897315046,
    "pi_xbtusd",
    null,
    -12663,
    null,
    56572.889153590084,
    0.007724279868759057,
    -159618,
    95770
  ],
  "time": 1616461870778
}