{
  "code": 200,
  "result": [
    -0.1465667518777316,
    1.16009938678,
    0,
    0.0019352151513934049,
    1.162045804534618,
    1.1586406566236158,
    65901.7128799968,
    "pi_xbtusd",
    null,
    -9659,
    null,
    57384,
    0.0019352151513934049,
    -164755,
    98852
  ],
  "time": 1616433190659
}