{
  "code": 200,
  "result": [
    -0.14431063965492028,
    1.15995524933,
    0,
    -0.0012461408221589082,
    1.158770320997316,
    1.1554288002057846,
    66932.00184752057,
    "pi_xbtusd",
    null,
    -9659,
    null,
    57384,
    -0.0012461408221589082,
    -167331,
    100398
  ],
  "time": 1616412730064
}