{
  "code": 200,
  "result": [
    -0.1457062523069522,
    1.16002449842,
    0,
    0.0007431816810368221,
    1.1607883354807003,
    1.1574070282391051,
    66290.90960113269,
    "pi_xbtusd",
    null,
    -9659,
    null,
    57384,
    0.0007431816810368221,
    -165728,
    99436
  ],
  "time": 1616418373011
}