{
  "code": 200,
  "result": [
    -0.14568289376384913,
    1.16009938678,
    0,
    0.0009194387769765444,
    1.1610372344451685,
    1.1576524020616545,
    66301.53857087137,
    "pi_xbtusd",
    null,
    -9659,
    null,
    57384,
    0.0009194387769765444,
    -165754,
    99452
  ],
  "time": 1616436013992
}