{
  "code": 200,
  "result": [
    -0.15198458602247328,
    1.1601361385,
    0,
    0.009480550425914306,
    1.169618773434535,
    1.1660627188180424,
    63552.49734714392,
    "pi_xbtusd",
    null,
    -9659,
    null,
    57384,
    0.009480550425914306,
    -158882,
    95328
  ],
  "time": 1616452089251
}