{
  "code": 200,
  "result": [
    -0.1465253566783136,
    1.16009938678,
    0,
    0.0019629798110758706,
    1.162085818925497,
    1.1586801157213011,
    65920.3309172328,
    "pi_xbtusd",
    null,
    -9659,
    null,
    57384,
    0.0019629798110758706,
    -164801,
    98880
  ],
  "time": 1616437989771
}