{
  "code": 200,
  "result": [
    -0.1461823295771827,
    1.16009938678,
    0,
    0.0014780287971092219,
    1.1615913764045966,
    1.1581953722206801,
    66075.01760259028,
    "pi_xbtusd",
    null,
    -9659,
    null,
    57384,
    0.0014780287971092219,
    -165188,
    99112
  ],
  "time": 1616434271014
}