{
  "code": 200,
  "result": [
    -0.15259882872564914,
    1.1601361385,
    0,
    0.010078237020211427,
    1.170216094082619,
    1.1666480857342403,
    63296.68504445404,
    "pi_xbtusd",
    null,
    -9659,
    null,
    57384,
    0.010078237020211427,
    -158242,
    94945
  ],
  "time": 1616450529786
}