{
  "code": 200,
  "result": [
    -0.14632606392646874,
    1.16009938678,
    0,
    0.0016849919713768902,
    1.1617971113159553,
    1.1583969678685535,
    66010.11290000807,
    "pi_xbtusd",
    null,
    -9659,
    null,
    57384,
    0.0016849919713768902,
    -165026,
    99015
  ],
  "time": 1616433790075
}