{
  "code": 200,
  "result": [
    -0.14356710066784134,
    1.15995524933,
    0,
    -0.002287233815592518,
    1.1577130734555137,
    1.1543923745238511,
    67278.64500340635,
    "pi_xbtusd",
    null,
    -9659,
    null,
    57384,
    -0.002287233815592518,
    -168197,
    100917
  ],
  "time": 1616409371509
}