{
  "code": 200,
  "result": [
    -0.14484329581616978,
    1.15995524933,
    0,
    -0.00033738059698088863,
    1.1596283032438852,
    1.1562686072478505,
    66685.86174854013,
    "pi_xbtusd",
    null,
    -9659,
    null,
    57384,
    -0.00033738059698088863,
    -166715,
    100028
  ],
  "time": 1616402171178
}