{
  "code": 200,
  "result": [
    -0.1484924776810917,
    1.16009938678,
    0,
    0.004608501414378161,
    1.1647399140696402,
    1.1612813004333782,
    65047.06602541881,
    "pi_xbtusd",
    null,
    -9659,
    null,
    57384,
    0.004608501414378161,
    -162618,
    97570
  ],
  "time": 1616441349120
}