{
  "code": 200,
  "result": [
    -0.14564399669185052,
    1.16002449842,
    0,
    0.0005850115782346905,
    1.160662287715164,
    1.157284143875625,
    66319.2456908213,
    "pi_xbtusd",
    null,
    -9659,
    null,
    57384,
    0.0005850115782346905,
    -165799,
    99478
  ],
  "time": 1616424549571
}