{
  "code": 200,
  "result": [
    -0.14572069984314337,
    1.16009938678,
    0,
    0.0008957189622699724,
    1.1610108995822237,
    1.157626541595004,
    66284.33716278564,
    "pi_xbtusd",
    null,
    -9659,
    null,
    57384,
    0.0008957189622699724,
    -165711,
    99426
  ],
  "time": 1616434989293
}