{
  "code": 200,
  "result": [
    -0.14871978983094822,
    1.16009938678,
    0,
    0.0050173741837709574,
    1.1651478685564667,
    1.161681077464817,
    64947.64423066704,
    "pi_xbtusd",
    null,
    -9659,
    null,
    57384,
    0.0050173741837709574,
    -162370,
    97421
  ],
  "time": 1616440989603
}