{
  "code": 200,
  "result": [
    -0.1976868530929153,
    1.16011742818,
    0,
    0.006822708381471121,
    1.166948231810792,
    1.1623350750425154,
    64055.85299113559,
    "pi_xbtusd",
    null,
    -12663,
    null,
    56572.889153590084,
    0.006822708381471121,
    -160140,
    96083
  ],
  "time": 1616463189077
}