{
  "code": 200,
  "result": [
    -0.1436768616899772,
    1.15995524933,
    0,
    -0.0021000805518778527,
    1.157897920469595,
    1.1545734784726582,
    67227.24791165038,
    "pi_xbtusd",
    null,
    -9659,
    null,
    57384,
    -0.0021000805518778527,
    -168069,
    100840
  ],
  "time": 1616408890836
}