{
  "code": 200,
  "result": [
    -0.19824589958678196,
    1.16011742818,
    0,
    0.007739101093830312,
    1.1678632071096864,
    1.1632317224871627,
    63875.21772906472,
    "pi_xbtusd",
    null,
    -12663,
    null,
    56572.889153590084,
    0.007739101093830312,
    -159689,
    95812
  ],
  "time": 1616462229427
}