{
  "code": 200,
  "result": [
    -0.1464704307432893,
    1.16002449842,
    0,
    0.0017089335876135359,
    1.1617662500941428,
    1.158365627814416,
    65945.05082687167,
    "pi_xbtusd",
    null,
    -9659,
    null,
    57384,
    0.0017089335876135359,
    -164863,
    98917
  ],
  "time": 1616420711293
}