{
  "code": 200,
  "result": [
    -0.15196239311036036,
    1.1601361385,
    0,
    0.009425744740680076,
    1.16956405211418,
    1.166009093611392,
    63561.77868945048,
    "pi_xbtusd",
    null,
    -9659,
    null,
    57384,
    0.009425744740680076,
    -158905,
    95342
  ],
  "time": 1616452450088
}