{
  "code": 200,
  "result": [
    -0.148400403435983,
    1.1601361385,
    0,
    0.0043959077037797395,
    1.1645323297313968,
    1.1610779679693468,
    65087.42413336296,
    "pi_xbtusd",
    null,
    -9659,
    null,
    57384,
    0.0043959077037797395,
    -162719,
    97631
  ],
  "time": 1616444410094
}