{
  "code": 200,
  "result": [
    -0.1510814120539095,
    1.1601361385,
    0,
    0.00808985558137482,
    1.1682285853885546,
    1.1647003446689528,
    63932.418082996446,
    "pi_xbtusd",
    null,
    -9659,
    null,
    57384,
    0.00808985558137482,
    -159832,
    95898
  ],
  "time": 1616454249868
}