{
  "code": 200,
  "result": [
    -0.14568556544895472,
    1.16002449842,
    0,
    0.0005532654366557009,
    1.1606174393974507,
    1.1572399304807433,
    66300.32268628781,
    "pi_xbtusd",
    null,
    -9659,
    null,
    57384,
    0.0005532654366557009,
    -165751,
    99450
  ],
  "time": 1616422029851
}