{
  "code": 200,
  "result": [
    -0.14545113718672567,
    1.15995524933,
    0,
    0.00023278232252295673,
    1.1602215566863694,
    1.1568504574319445,
    66407.18104252478,
    "pi_xbtusd",
    null,
    -9659,
    null,
    57384,
    0.00023278232252295673,
    -166018,
    99610
  ],
  "time": 1616406971900
}