{
  "code": 200,
  "result": [
    -0.14681753997892633,
    1.16009938678,
    0,
    0.002328514818681574,
    1.1624524322949328,
    1.1590394183905848,
    65789.14209696211,
    "pi_xbtusd",
    null,
    -9659,
    null,
    57384,
    0.002328514818681574,
    -164473,
    98683
  ],
  "time": 1616438412115
}