{
  "code": 200,
  "result": [
    -0.15132253160022724,
    1.1601361385,
    0,
    0.008758527080783736,
    1.1688954559759086,
    1.1653538418263185,
    63830.54722820601,
    "pi_xbtusd",
    null,
    -9659,
    null,
    57384,
    0.008758527080783736,
    -159577,
    95745
  ],
  "time": 1616446571390
}