{
  "code": 200,
  "result": [
    -0.19672694925820217,
    1.16011742818,
    0,
    0.005482919052896248,
    1.1656103024116093,
    1.1610239414299042,
    64368.40528330432,
    "pi_xbtusd",
    null,
    -12663,
    null,
    56572.889153590084,
    0.005482919052896248,
    -160922,
    96552
  ],
  "time": 1616464449436
}