{
  "code": 200,
  "result": [
    -0.14552834962213862,
    1.16002449842,
    0,
    0.0006219407079286641,
    1.160688618665033,
    1.1573097362429,
    66371.94763136802,
    "pi_xbtusd",
    null,
    -9659,
    null,
    57384,
    0.0006219407079286641,
    -165930,
    99557
  ],
  "time": 1616422511170
}