{
  "code": 200,
  "result": [
    -0.1446124287054143,
    1.1599289151,
    0,
    -0.0009261854939055817,
    1.1590288605438734,
    1.1556809406457773,
    66792.32266872485,
    "pi_xbtusd",
    null,
    -9659,
    null,
    57384,
    -0.0009261854939055817,
    -166981,
    100188
  ],
  "time": 1616399890396
}