{
  "code": 200,
  "result": [
    -0.14487032195117466,
    1.15995524933,
    0,
    -0.0003833818244324525,
    1.1595750921712815,
    1.1562163161997958,
    66673.4212356852,
    "pi_xbtusd",
    null,
    -9659,
    null,
    57384,
    -0.0003833818244324525,
    -166684,
    100010
  ],
  "time": 1616400671051
}