{
  "code": 200,
  "result": [
    -0.145605324275679,
    1.16009938678,
    0,
    0.0008157136515126398,
    1.1609316612339287,
    1.157548903352924,
    66336.85991943757,
    "pi_xbtusd",
    null,
    -9659,
    null,
    57384,
    0.0008157136515126398,
    -165843,
    99505
  ],
  "time": 1616435290172
}