{
  "code": 200,
  "result": [
    -0.14578379301290575,
    1.15995524933,
    0,
    0.0008312643142523436,
    1.1608067599050542,
    1.157423691010795,
    66255.65023640811,
    "pi_xbtusd",
    null,
    -9659,
    null,
    57384,
    0.0008312643142523436,
    -165640,
    99383
  ],
  "time": 1616404211366
}