{
  "code": 200,
  "result": [
    -0.14548564529793875,
    1.16002449842,
    0,
    0.0003888197017161784,
    1.160438955376683,
    1.1570647353746744,
    66391.42975390748,
    "pi_xbtusd",
    null,
    -9659,
    null,
    57384,
    0.0003888197017161784,
    -165979,
    99587
  ],
  "time": 1616419331344
}