{
  "code": 200,
  "result": [
    -0.14577797797061304,
    1.16009938678,
    0,
    0.0010210644555902204,
    1.1611396180642075,
    1.1577527531671215,
    66258.2931555487,
    "pi_xbtusd",
    null,
    -9659,
    null,
    57384,
    0.0010210644555902204,
    -165646,
    99387
  ],
  "time": 1616436310697
}