{
  "code": 200,
  "result": [
    -0.19808052125148098,
    1.16011742818,
    0,
    0.0073533096328087565,
    1.1674779474250483,
    1.162854178631745,
    63928.54744118523,
    "pi_xbtusd",
    null,
    -12663,
    null,
    56572.889153590084,
    0.0073533096328087565,
    -159822,
    95892
  ],
  "time": 1616462589399
}