{
  "code": 200,
  "result": [
    -0.1983759523343607,
    1.16011742818,
    0,
    0.007827008767345826,
    1.1679499633088564,
    1.1633167205328623,
    63833.341949918606,
    "pi_xbtusd",
    null,
    -12663,
    null,
    56572.889153590084,
    0.007827008767345826,
    -159584,
    95750
  ],
  "time": 1616461449361
}