{
  "code": 200,
  "result": [
    -0.1520973323140059,
    1.1601361385,
    0,
    0.009699291287224627,
    1.1698377392851167,
    1.1662773098513979,
    63505.38732697121,
    "pi_xbtusd",
    null,
    -9659,
    null,
    57384,
    0.009699291287224627,
    -158764,
    95258
  ],
  "time": 1616453049114
}