{
  "code": 200,
  "result": [
    -0.15138656785557578,
    1.1601361385,
    0,
    0.008439326987695594,
    1.1685769028597142,
    1.1650416727119859,
    63803.547017558245,
    "pi_xbtusd",
    null,
    -9659,
    null,
    57384,
    0.008439326987695594,
    -159509,
    95705
  ],
  "time": 1616449330218
}