{
  "code": 200,
  "result": [
    -0.15153564210988985,
    1.1601361385,
    0,
    0.00880074114842627,
    1.16893985090924,
    1.165397392478297,
    63740.779829180625,
    "pi_xbtusd",
    null,
    -9659,
    null,
    57384,
    0.00880074114842627,
    -159352,
    95611
  ],
  "time": 1616455870389
}