{
  "code": 200,
  "result": [
    -0.19843886073944048,
    1.16011742818,
    0,
    0.0081718688362806,
    1.1682942942083068,
    1.163654154230934,
    63813.1057234153,
    "pi_xbtusd",
    null,
    -12663,
    null,
    56572.889153590084,
    0.0081718688362806,
    -159533,
    95719
  ],
  "time": 1616461090679
}