{
  "code": 200,
  "result": [
    -0.14552044249188967,
    1.15995524933,
    0,
    0.000512677295993698,
    1.1604968267678715,
    1.1571201296139773,
    66375.55407748521,
    "pi_xbtusd",
    null,
    -9659,
    null,
    57384,
    0.000512677295993698,
    -165939,
    99563
  ],
  "time": 1616406011032
}