{
  "code": 200,
  "result": [
    -0.19756364779233013,
    1.16011742818,
    0,
    0.0067681023828482035,
    1.166899825444448,
    1.162287760796144,
    64095.79971569854,
    "pi_xbtusd",
    null,
    -12663,
    null,
    56572.889153590084,
    0.0067681023828482035,
    -160240,
    96143
  ],
  "time": 1616467389604
}