{
  "code": 200,
  "result": [
    -0.1442962549643859,
    1.15995524933,
    0,
    -0.0012186814151094376,
    1.158798940153531,
    1.1554568701738588,
    66938.67420456589,
    "pi_xbtusd",
    null,
    -9659,
    null,
    57384,
    -0.0012186814151094376,
    -167347,
    100408
  ],
  "time": 1616412970957
}