{
  "code": 200,
  "result": [
    -0.15078557102649903,
    1.1601361385,
    0,
    0.007736147238557577,
    1.1678738636488994,
    1.164352697096154,
    64057.853375788385,
    "pi_xbtusd",
    null,
    -9659,
    null,
    57384,
    0.007736147238557577,
    -160145,
    96086
  ],
  "time": 1616449929639
}