{
  "code": 200,
  "result": [
    -0.19746449464378213,
    1.16011742818,
    0,
    0.006668408159637489,
    1.16679986718046,
    1.1621897964166201,
    64127.98423758931,
    "pi_xbtusd",
    null,
    -12663,
    null,
    56572.889153590084,
    0.006668408159637489,
    -160320,
    96191
  ],
  "time": 1616467210944
}