{
  "code": 200,
  "result": [
    -0.19833534609678985,
    1.16011742818,
    0,
    0.007783576155024165,
    1.1679052909522372,
    1.1632729168284894,
    63846.410885431964,
    "pi_xbtusd",
    null,
    -12663,
    null,
    56572.889153590084,
    0.007783576155024165,
    -159617,
    95769
  ],
  "time": 1616460609367
}