{
  "code": 200,
  "result": [
    -0.14671088041096872,
    1.16009938678,
    0,
    0.002241878245369832,
    1.1623497117676713,
    1.1589384305947896,
    65836.97114312902,
    "pi_xbtusd",
    null,
    -9659,
    null,
    57384,
    0.002241878245369832,
    -164593,
    98755
  ],
  "time": 1616432110671
}