{
  "code": 200,
  "result": [
    -0.19756221764756524,
    1.16011742818,
    0,
    0.006928843962730971,
    1.1670581778752644,
    1.1624428983953627,
    64096.26370255547,
    "pi_xbtusd",
    null,
    -12663,
    null,
    56572.889153590084,
    0.006928843962730971,
    -160241,
    96144
  ],
  "time": 1616465770697
}