{
  "code": 200,
  "result": [
    -0.14660358884615998,
    1.16009938678,
    0,
    0.0021598430052750246,
    1.1622834461139468,
    1.158873805645867,
    65885.15380844989,
    "pi_xbtusd",
    null,
    -9659,
    null,
    57384,
    0.0021598430052750246,
    -164713,
    98827
  ],
  "time": 1616438289628
}