{
  "code": 200,
  "result": [
    -0.19775891807319756,
    1.16011742818,
    0,
    0.00695828498297468,
    1.167083632924893,
    1.1624677646245865,
    64032.51051016054,
    "pi_xbtusd",
    null,
    -12663,
    null,
    56572.889153590084,
    0.00695828498297468,
    -160082,
    96048
  ],
  "time": 1616463070223
}