{
  "code": 200,
  "result": [
    -0.1436781075018287,
    1.15995524933,
    0,
    -0.0019798517094446956,
    1.1580308386935485,
    1.154703992119763,
    67226.6649940184,
    "pi_xbtusd",
    null,
    -9659,
    null,
    57384,
    -0.0019798517094446956,
    -168067,
    100839
  ],
  "time": 1616411530068
}