{
  "code": 200,
  "result": [
    -0.15118048109129079,
    1.1601361385,
    0,
    0.008120469803134885,
    1.1682581020596656,
    1.1647292490556287,
    63890.52297146338,
    "pi_xbtusd",
    null,
    -9659,
    null,
    57384,
    0.008120469803134885,
    -159727,
    95835
  ],
  "time": 1616449570549
}