{
  "code": 200,
  "result": [
    -0.1520231993438489,
    1.1601361385,
    0,
    0.009327669705198275,
    1.169465935083171,
    1.1659129380810929,
    63536.35525162902,
    "pi_xbtusd",
    null,
    -9659,
    null,
    57384,
    0.009327669705198275,
    -158841,
    95304
  ],
  "time": 1616452270178
}