{
  "code": 200,
  "result": [
    -0.1531021645989067,
    1.1601361385,
    0,
    0.01088087712937873,
    1.171018790928313,
    1.167434729777751,
    63088.592021572076,
    "pi_xbtusd",
    null,
    -9659,
    null,
    57384,
    0.01088087712937873,
    -157722,
    94632
  ],
  "time": 1616450771337
}