{
  "code": 200,
  "result": [
    -0.1459935471256448,
    1.16009938678,
    0,
    0.0014362490853638997,
    1.161556181720614,
    1.1581610131309323,
    66160.45839126904,
    "pi_xbtusd",
    null,
    -9659,
    null,
    57384,
    0.0014362490853638997,
    -165402,
    99240
  ],
  "time": 1616436851236
}