{
  "code": 200,
  "result": [
    -0.14686312281328956,
    1.16009938678,
    0,
    0.0022900825232759067,
    1.1624158301331085,
    1.1590035848746685,
    65768.72270569725,
    "pi_xbtusd",
    null,
    -9659,
    null,
    57384,
    0.0022900825232759067,
    -164422,
    98653
  ],
  "time": 1616439129381
}