{
  "code": 200,
  "result": [
    -0.19757889859977257,
    1.16011742818,
    0,
    0.006779651495512923,
    1.1669104879310042,
    1.1622981923004467,
    64090.85226075137,
    "pi_xbtusd",
    null,
    -12663,
    null,
    56572.889153590084,
    0.006779651495512923,
    -160228,
    96136
  ],
  "time": 1616466789041
}