{
  "code": 200,
  "result": [
    -0.14590556444541403,
    1.16009938678,
    0,
    0.0011711295376721353,
    1.161271153094822,
    1.1578812868960944,
    66200.3538844717,
    "pi_xbtusd",
    null,
    -9659,
    null,
    57384,
    0.0011711295376721353,
    -165501,
    99300
  ],
  "time": 1616429050008
}