{
  "code": 200,
  "result": [
    -0.15111258778108,
    1.1601361385,
    0,
    0.008105161364186089,
    1.1682424282195285,
    1.1647138813842703,
    63919.22831732057,
    "pi_xbtusd",
    null,
    -9659,
    null,
    57384,
    0.008105161364186089,
    -159799,
    95878
  ],
  "time": 1616448011758
}