{
  "code": 200,
  "result": [
    -0.14536035680131418,
    1.16002449842,
    0,
    0.0002938380357494395,
    1.1603377289992483,
    1.156965408630559,
    66448.653625709,
    "pi_xbtusd",
    null,
    -9659,
    null,
    57384,
    0.0002938380357494395,
    -166122,
    99672
  ],
  "time": 1616418130311
}