{
  "code": 200,
  "result": [
    -0.1987397125508647,
    1.16013853049,
    0,
    0.008449562254168867,
    1.1685883689873522,
    1.1639426751416218,
    63716.50556130838,
    "pi_xbtusd",
    null,
    -12663,
    null,
    56572.889153590084,
    0.008449562254168867,
    -159292,
    95574
  ],
  "time": 1616472671643
}