{
  "code": 200,
  "result": [
    -0.19899421208598192,
    1.16011742818,
    0,
    0.008675611402036846,
    1.1687937847034273,
    1.1641435698747393,
    63635.016653291095,
    "pi_xbtusd",
    null,
    -12663,
    null,
    56572.889153590084,
    0.008675611402036846,
    -159088,
    95452
  ],
  "time": 1616458209834
}