{
  "code": 200,
  "result": [
    -0.14665974662949163,
    1.16009938678,
    0,
    0.00225995165717784,
    1.1623832589808587,
    1.1589716163397408,
    65859.92558954608,
    "pi_xbtusd",
    null,
    -9659,
    null,
    57384,
    0.00225995165717784,
    -164650,
    98789
  ],
  "time": 1616438173217
}