{
  "code": 200,
  "result": [
    -0.14867861847845357,
    1.1601361385,
    0,
    0.004844123973467334,
    1.164980405435791,
    1.1615170793483474,
    64965.62921318627,
    "pi_xbtusd",
    null,
    -9659,
    null,
    57384,
    0.004844123973467334,
    -162415,
    97448
  ],
  "time": 1616443810134
}