{
  "code": 200,
  "result": [
    -0.14542764543250444,
    1.15995524933,
    0,
    0.0002695575763140971,
    1.1602418755907846,
    1.156870040831284,
    66417.90817195698,
    "pi_xbtusd",
    null,
    -9659,
    null,
    57384,
    0.0002695575763140971,
    -166045,
    99626
  ],
  "time": 1616403550304
}