{
  "code": 200,
  "result": [
    -0.15184234968016733,
    1.1601361385,
    0,
    0.009350544198442471,
    1.169489597260487,
    1.165936142768544,
    63612.02932083971,
    "pi_xbtusd",
    null,
    -9659,
    null,
    57384,
    0.009350544198442471,
    -159031,
    95418
  ],
  "time": 1616455629123
}