{
  "code": 200,
  "result": [
    -0.19856264738805984,
    1.16011742818,
    0,
    0.008272868098020808,
    1.1683956453541662,
    1.1637534853915585,
    63773.32376744622,
    "pi_xbtusd",
    null,
    -12663,
    null,
    56572.889153590084,
    0.008272868098020808,
    -159434,
    95659
  ],
  "time": 1616461329282
}