{
  "code": 200,
  "result": [
    -0.1458132122552204,
    1.16009938678,
    0,
    0.0009928640817593911,
    1.1610927336543058,
    1.1577064327646962,
    66242.28251067961,
    "pi_xbtusd",
    null,
    -9659,
    null,
    57384,
    0.0009928640817593911,
    -165606,
    99363
  ],
  "time": 1616428990630
}