{
  "code": 200,
  "result": [
    -0.1445974669074011,
    1.1599289151,
    0,
    -0.0010001300583221166,
    1.1589548101725633,
    1.1556083691657555,
    66799.23380805513,
    "pi_xbtusd",
    null,
    -9659,
    null,
    57384,
    -0.0010001300583221166,
    -166999,
    100198
  ],
  "time": 1616399831577
}