{
  "code": 200,
  "result": [
    -0.15133511110358758,
    1.1601361385,
    0,
    0.008399709952841852,
    1.1685370184240231,
    1.165002580616992,
    63825.24141002875,
    "pi_xbtusd",
    null,
    -9659,
    null,
    57384,
    0.008399709952841852,
    -159564,
    95737
  ],
  "time": 1616448189351
}