{
  "code": 200,
  "result": [
    -0.14635701643124105,
    1.16002449842,
    0,
    0.001710430162527495,
    1.1617680592603499,
    1.158367407049125,
    65996.15266506765,
    "pi_xbtusd",
    null,
    -9659,
    null,
    57384,
    0.001710430162527495,
    -164991,
    98994
  ],
  "time": 1616420771526
}