{
  "code": 200,
  "result": [
    -0.19887138314642785,
    1.16011742818,
    0,
    0.008639328619573084,
    1.1687754818638236,
    1.164125992690785,
    63674.31955092456,
    "pi_xbtusd",
    null,
    -12663,
    null,
    56572.889153590084,
    0.008639328619573084,
    -159186,
    95511
  ],
  "time": 1616470390747
}