{
  "code": 200,
  "result": [
    -0.14560970820954328,
    1.16002449842,
    0,
    0.0006670161196747519,
    1.1607040507938382,
    1.1573242668634705,
    66334.86268717726,
    "pi_xbtusd",
    null,
    -9659,
    null,
    57384,
    0.0006670161196747519,
    -165838,
    99502
  ],
  "time": 1616416811793
}