{
  "code": 200,
  "result": [
    -0.14674123390917015,
    1.16009938678,
    0,
    0.0022584453932356866,
    1.162365819559869,
    1.15895420704403,
    65823.35273246186,
    "pi_xbtusd",
    null,
    -9659,
    null,
    57384,
    0.0022584453932356866,
    -164559,
    98735
  ],
  "time": 1616431930176
}