{
  "code": 200,
  "result": [
    -0.1460799266716331,
    1.16002449842,
    0,
    0.0013870350980760443,
    1.1614718034669282,
    1.1580776191569924,
    66121.33658659384,
    "pi_xbtusd",
    null,
    -9659,
    null,
    57384,
    0.0013870350980760443,
    -165304,
    99182
  ],
  "time": 1616425989642
}