{
  "code": 200,
  "result": [
    -0.15178977263791926,
    1.1601361385,
    0,
    0.00910984057937222,
    1.16924842948097,
    1.1656997890614083,
    63634.06329779983,
    "pi_xbtusd",
    null,
    -9659,
    null,
    57384,
    0.00910984057937222,
    -159086,
    95451
  ],
  "time": 1616453649220
}