{
  "code": 200,
  "result": [
    -0.14568935129429558,
    1.16009938678,
    0,
    0.0007121155906774695,
    1.1608262289815097,
    1.1574455430617219,
    66298.59982346008,
    "pi_xbtusd",
    null,
    -9659,
    null,
    57384,
    0.0007121155906774695,
    -165747,
    99447
  ],
  "time": 1616434570937
}