{
  "code": 200,
  "result": [
    -0.19701284016317824,
    1.16011742818,
    0,
    0.005735478838280975,
    1.1658619755605526,
    1.1612705633831397,
    64274.998469702376,
    "pi_xbtusd",
    null,
    -12663,
    null,
    56572.889153590084,
    0.005735478838280975,
    -160688,
    96412
  ],
  "time": 1616463849191
}