{
  "code": 200,
  "result": [
    -0.15166551107221693,
    1.1601361385,
    0,
    0.008977934784865032,
    1.1691172271491816,
    1.16557122484551,
    63686.1995302332,
    "pi_xbtusd",
    null,
    -9659,
    null,
    57384,
    0.008977934784865032,
    -159216,
    95529
  ],
  "time": 1616456649113
}