{
  "code": 200,
  "result": [
    -0.15153999157506215,
    1.1601361385,
    0,
    0.008875476901123443,
    1.1690147836190126,
    1.1654708304730157,
    63738.95035631976,
    "pi_xbtusd",
    null,
    -9659,
    null,
    57384,
    0.008875476901123443,
    -159348,
    95608
  ],
  "time": 1616456710029
}