{
  "code": 200,
  "result": [
    -0.14524095727332811,
    1.16002449842,
    0,
    1.2467277509829387e-05,
    1.1600551170652622,
    1.1566884241117377,
    66503.27966251822,
    "pi_xbtusd",
    null,
    -9659,
    null,
    57384,
    1.2467277509829387e-05,
    -166259,
    99754
  ],
  "time": 1616417891326
}