{
  "code": 200,
  "result": [
    -0.15220428854300555,
    1.1601361385,
    0,
    0.009871713153537904,
    1.1700096689165738,
    1.1664457910455286,
    63460.761141896706,
    "pi_xbtusd",
    null,
    -9659,
    null,
    57384,
    0.009871713153537904,
    -158652,
    95191
  ],
  "time": 1616450949828
}