{
  "code": 200,
  "result": [
    -0.14548429889495376,
    1.16002449842,
    0,
    0.0004448280011934627,
    1.1605355255362908,
    1.1571601853682927,
    66392.04418185522,
    "pi_xbtusd",
    null,
    -9659,
    null,
    57384,
    0.0004448280011934627,
    -165981,
    99588
  ],
  "time": 1616427129889
}