{
  "code": 200,
  "result": [
    -0.14701333568884317,
    1.16009938678,
    0,
    0.0024582573819679006,
    1.1625853879335122,
    1.1591697791778985,
    65701.52261862473,
    "pi_xbtusd",
    null,
    -9659,
    null,
    57384,
    0.0024582573819679006,
    -164254,
    98552
  ],
  "time": 1616439670947
}