{
  "code": 200,
  "result": [
    -0.14337849636686661,
    1.15995524933,
    0,
    -0.0025437046544820904,
    1.1574519917475965,
    1.1541364222327117,
    67367.14531644441,
    "pi_xbtusd",
    null,
    -9659,
    null,
    57384,
    -0.0025437046544820904,
    -168418,
    101050
  ],
  "time": 1616408411316
}