{
  "code": 200,
  "result": [
    -0.19859497088388386,
    1.16011742818,
    0,
    0.008264359506394172,
    1.168385191855032,
    1.163743202064257,
    63762.943963993464,
    "pi_xbtusd",
    null,
    -12663,
    null,
    56572.889153590084,
    0.008264359506394172,
    -159408,
    95644
  ],
  "time": 1616460011369
}