{
  "code": 200,
  "result": [
    -0.14552654320272876,
    1.15995524933,
    0,
    0.00047137122975851787,
    1.1604595627951717,
    1.1570836917626022,
    66372.7715056375,
    "pi_xbtusd",
    null,
    -9659,
    null,
    57384,
    0.00047137122975851787,
    -165932,
    99559
  ],
  "time": 1616406850963
}