{
  "code": 200,
  "result": [
    -0.1451087969223694,
    1.16002449842,
    0,
    -0.0001823975582360965,
    1.1598462042498061,
    1.1564834085929965,
    66563.84867670973,
    "pi_xbtusd",
    null,
    -9659,
    null,
    57384,
    -0.0001823975582360965,
    -166410,
    99845
  ],
  "time": 1616415189568
}