{
  "code": 200,
  "result": [
    -0.1506195392846311,
    1.1601361385,
    0,
    0.007477394617321859,
    1.1676145763627144,
    1.1640985848623935,
    64128.465973774124,
    "pi_xbtusd",
    null,
    -9659,
    null,
    57384,
    0.007477394617321859,
    -160322,
    96192
  ],
  "time": 1616447649332
}