{
  "code": 200,
  "result": [
    -0.1455111671655635,
    1.15995524933,
    0,
    0.0006086443611302565,
    1.1605798087097754,
    1.1572011922145784,
    66379.78505807689,
    "pi_xbtusd",
    null,
    -9659,
    null,
    57384,
    0.0006086443611302565,
    -165950,
    99569
  ],
  "time": 1616403310481
}