{
  "code": 200,
  "result": [
    -0.14644830348024332,
    1.16009938678,
    0,
    0.0017912843488378204,
    1.1618952929384043,
    1.1584930236434532,
    65955.01463970904,
    "pi_xbtusd",
    null,
    -9659,
    null,
    57384,
    0.0017912843488378204,
    -164888,
    98932
  ],
  "time": 1616430611592
}