{
  "code": 200,
  "result": [
    -0.14345060604369925,
    1.15995524933,
    0,
    -0.0023307471995715145,
    1.1576692701390523,
    1.1543494414750695,
    67333.28123450093,
    "pi_xbtusd",
    null,
    -9659,
    null,
    57384,
    -0.0023307471995715145,
    -168334,
    100999
  ],
  "time": 1616409309830
}