{
  "code": 200,
  "result": [
    -0.15208475494146545,
    1.1601361385,
    0,
    0.009272141878255454,
    1.1694089571063782,
    1.1658570706608387,
    63510.63920718133,
    "pi_xbtusd",
    null,
    -9659,
    null,
    57384,
    0.009272141878255454,
    -158777,
    95265
  ],
  "time": 1616446090171
}