{
  "code": 200,
  "result": [
    -0.19848405377272132,
    1.16011742818,
    0,
    0.007905440580529496,
    1.1680402648672636,
    1.1634054534550058,
    63798.57605336929,
    "pi_xbtusd",
    null,
    -12663,
    null,
    56572.889153590084,
    0.007905440580529496,
    -159497,
    95697
  ],
  "time": 1616469490369
}