{
  "code": 200,
  "result": [
    -0.14546840506405176,
    1.15995524933,
    0,
    0.0004050288071257483,
    1.160390331738043,
    1.1570157875539262,
    66399.29815513553,
    "pi_xbtusd",
    null,
    -9659,
    null,
    57384,
    0.0004050288071257483,
    -165999,
    99598
  ],
  "time": 1616406251119
}