{
  "code": 200,
  "result": [
    -0.19879993492506323,
    1.16013853049,
    0,
    0.008365439329379446,
    1.168505209529424,
    1.1638611981421891,
    63697.203949152514,
    "pi_xbtusd",
    null,
    -12663,
    null,
    56572.889153590084,
    0.008365439329379446,
    -159244,
    95545
  ],
  "time": 1616475010615
}