{
  "code": 200,
  "result": [
    -0.14485918810925966,
    1.15995524933,
    0,
    -0.000500097173975852,
    1.1594577937011041,
    1.1561013520366092,
    66678.54573860185,
    "pi_xbtusd",
    null,
    -9659,
    null,
    57384,
    -0.000500097173975852,
    -166697,
    100017
  ],
  "time": 1616400550762
}