{
  "code": 200,
  "result": [
    -0.19789943952972616,
    1.16011742818,
    0,
    0.007191976381869071,
    1.1673168824750844,
    1.1626963403467998,
    63987.04326849754,
    "pi_xbtusd",
    null,
    -12663,
    null,
    56572.889153590084,
    0.007191976381869071,
    -159968,
    95980
  ],
  "time": 1616462771303
}