{
  "code": 200,
  "result": [
    -0.14568100216611543,
    1.16002449842,
    0,
    0.0007712989372681335,
    1.1608120666453325,
    1.1574301970586127,
    66302.39946445555,
    "pi_xbtusd",
    null,
    -9659,
    null,
    57384,
    0.0007712989372681335,
    -165756,
    99453
  ],
  "time": 1616417529399
}