{
  "code": 200,
  "result": [
    -0.14504543390689018,
    1.15995524933,
    0,
    -0.00011871323748832787,
    1.1598458100126434,
    1.1564817406694188,
    66592.92705622471,
    "pi_xbtusd",
    null,
    -9659,
    null,
    57384,
    -0.00011871323748832787,
    -166483,
    99889
  ],
  "time": 1616401929971
}