{
  "code": 200,
  "result": [
    -0.15153864139177625,
    1.1601361385,
    0,
    0.008784502586920961,
    1.1689234432511864,
    1.1653813095914736,
    63739.51825942777,
    "pi_xbtusd",
    null,
    -9659,
    null,
    57384,
    0.008784502586920961,
    -159349,
    95609
  ],
  "time": 1616455149565
}