{
  "code": 200,
  "result": [
    -0.14346746143269273,
    1.15995524933,
    0,
    -0.00237352500547203,
    1.1576236077958941,
    1.1543046346880292,
    67325.37053031698,
    "pi_xbtusd",
    null,
    -9659,
    null,
    57384,
    -0.00237352500547203,
    -168314,
    100988
  ],
  "time": 1616408709934
}