{
  "code": 200,
  "result": [
    -0.14558401615261868,
    1.16002449842,
    0,
    0.0005525272962800565,
    1.160651028775695,
    1.157273534621795,
    66346.56918568777,
    "pi_xbtusd",
    null,
    -9659,
    null,
    57384,
    0.0005525272962800565,
    -165867,
    99519
  ],
  "time": 1616428630565
}