{
  "code": 200,
  "result": [
    -0.14578073894659535,
    1.16009938678,
    0,
    0.0009009071035820382,
    1.1610029187654576,
    1.1576184570154116,
    66257.03827402352,
    "pi_xbtusd",
    null,
    -9659,
    null,
    57384,
    0.0009009071035820382,
    -165643,
    99385
  ],
  "time": 1616429829878
}