{
  "code": 200,
  "result": [
    -0.14839823893529755,
    1.16009938678,
    0,
    0.0044847469066198525,
    1.1646147846953396,
    1.161158646149233,
    65088.37348272966,
    "pi_xbtusd",
    null,
    -9659,
    null,
    57384,
    0.0044847469066198525,
    -162721,
    97632
  ],
  "time": 1616440810405
}