{
  "code": 200,
  "result": [
    -0.14564683917094934,
    1.16009938678,
    0,
    0.0007994255474154595,
    1.1609143021260022,
    1.1575318700070796,
    66317.95138830984,
    "pi_xbtusd",
    null,
    -9659,
    null,
    57384,
    0.0007994255474154595,
    -165795,
    99476
  ],
  "time": 1616434870553
}