{
  "code": 200,
  "result": [
    -0.19847015395506554,
    1.16011742818,
    0,
    0.007866218036568912,
    1.167989526094832,
    1.1633554991334536,
    63803.04417392126,
    "pi_xbtusd",
    null,
    -12663,
    null,
    56572.889153590084,
    0.007866218036568912,
    -159508,
    95704
  ],
  "time": 1616461688934
}