{
  "code": 200,
  "result": [
    -0.15159141091629874,
    1.1601361385,
    0,
    0.008804801254088758,
    1.1689421942526717,
    1.1653996546196155,
    63717.3303000209,
    "pi_xbtusd",
    null,
    -9659,
    null,
    57384,
    0.008804801254088758,
    -159294,
    95575
  ],
  "time": 1616448549887
}