{
  "code": 200,
  "result": [
    -0.19932765068325434,
    1.16013853049,
    0,
    0.009349965125502032,
    1.1694891917413217,
    1.1648254898381645,
    63528.56694288942,
    "pi_xbtusd",
    null,
    -12663,
    null,
    56572.889153590084,
    0.009349965125502032,
    -158822,
    95292
  ],
  "time": 1616473691412
}