{
  "code": 200,
  "result": [
    -0.1475222677001285,
    1.16009938678,
    0,
    0.00343383324005081,
    1.16353906651689,
    1.1601039462441147,
    65474.86118932259,
    "pi_xbtusd",
    null,
    -9659,
    null,
    57384,
    0.00343383324005081,
    -163688,
    98212
  ],
  "time": 1616431091614
}