{
  "code": 200,
  "result": [
    -0.14486291663064269,
    1.15995524933,
    0,
    -0.000489162002070938,
    1.1594736425481178,
    1.1561169821801849,
    66676.82954794825,
    "pi_xbtusd",
    null,
    -9659,
    null,
    57384,
    -0.000489162002070938,
    -166693,
    100015
  ],
  "time": 1616401571731
}