{
  "code": 200,
  "result": [
    -0.14707661177429812,
    1.16009938678,
    0,
    0.0026010510218529956,
    1.1627255757641333,
    1.1593071111357218,
    65673.25615865136,
    "pi_xbtusd",
    null,
    -9659,
    null,
    57384,
    0.0026010510218529956,
    -164184,
    98509
  ],
  "time": 1616438650322
}