{
  "code": 200,
  "result": [
    -0.15093123108968232,
    1.1601361385,
    0,
    0.007961874371802125,
    1.168098760650156,
    1.1645730795547458,
    63996.03269823386,
    "pi_xbtusd",
    null,
    -9659,
    null,
    57384,
    0.007961874371802125,
    -159991,
    95994
  ],
  "time": 1616446389112
}