{
  "code": 200,
  "result": [
    -0.15156344839944277,
    1.1601361385,
    0,
    0.008747165192651856,
    1.1688839950928256,
    1.165342608180998,
    63729.08575254818,
    "pi_xbtusd",
    null,
    -9659,
    null,
    57384,
    0.008747165192651856,
    -159323,
    95593
  ],
  "time": 1616446150005
}