{
  "code": 200,
  "result": [
    -0.1455248279796105,
    1.16002449842,
    0,
    0.0005525272962800565,
    1.1606188870402636,
    1.1572413928863636,
    66373.55380590673,
    "pi_xbtusd",
    null,
    -9659,
    null,
    57384,
    0.0005525272962800565,
    -165934,
    99560
  ],
  "time": 1616422450323
}