{
  "code": 200,
  "result": [
    -0.14385800677435814,
    1.15995524933,
    0,
    -0.0019375872089616437,
    1.1580699314413565,
    1.1547422395775613,
    67142.59578995961,
    "pi_xbtusd",
    null,
    -9659,
    null,
    57384,
    -0.0019375872089616437,
    -167857,
    100713
  ],
  "time": 1616410870449
}