{
  "code": 200,
  "result": [
    -0.14523786200877908,
    1.16002449842,
    0,
    -3.7390754704479615e-05,
    1.1600114948723252,
    1.156645799079445,
    66504.69695991634,
    "pi_xbtusd",
    null,
    -9659,
    null,
    57384,
    -3.7390754704479615e-05,
    -166262,
    99757
  ],
  "time": 1616419090112
}