{
  "code": 200,
  "result": [
    -0.19717577159955627,
    1.16011742818,
    0,
    0.006339504951896422,
    1.1664681281242868,
    1.1618646354246016,
    64221.88637718255,
    "pi_xbtusd",
    null,
    -12663,
    null,
    56572.889153590084,
    0.006339504951896422,
    -160555,
    96332
  ],
  "time": 1616465289563
}