{
  "code": 200,
  "result": [
    -0.19930452595449213,
    1.16013853049,
    0,
    0.009501427963192182,
    1.1696415439302812,
    1.1649748127703703,
    63535.93797910734,
    "pi_xbtusd",
    null,
    -12663,
    null,
    56572.889153590084,
    0.009501427963192182,
    -158840,
    95303
  ],
  "time": 1616475850224
}