{
  "code": 200,
  "result": [
    -0.14578936372259646,
    1.16009938678,
    0,
    0.0010188377687564392,
    1.1611324900786313,
    1.1577456697152817,
    66253.11856342861,
    "pi_xbtusd",
    null,
    -9659,
    null,
    57384,
    0.0010188377687564392,
    -165633,
    99379
  ],
  "time": 1616434390245
}