{
  "code": 200,
  "result": [
    -0.14565630696161008,
    1.16009938678,
    0,
    0.0008912722371951155,
    1.1610063018841446,
    1.1576220328314264,
    66313.64066195757,
    "pi_xbtusd",
    null,
    -9659,
    null,
    57384,
    0.0008912722371951155,
    -165785,
    99470
  ],
  "time": 1616434929979
}