{
  "code": 200,
  "result": [
    -0.1986035647204313,
    1.16011742818,
    0,
    0.008091132691031283,
    1.1682288812452422,
    1.1635903559907743,
    63760.184857836524,
    "pi_xbtusd",
    null,
    -12663,
    null,
    56572.889153590084,
    0.008091132691031283,
    -159401,
    95640
  ],
  "time": 1616471470706
}