{
  "code": 200,
  "result": [
    -0.1449216836454399,
    1.15995524933,
    0,
    -0.00012530350772151184,
    1.1598377789621557,
    1.1564738414243358,
    66649.79150829739,
    "pi_xbtusd",
    null,
    -9659,
    null,
    57384,
    -0.00012530350772151184,
    -166625,
    99974
  ],
  "time": 1616401630216
}