{
  "code": 200,
  "result": [
    -0.14578059221090336,
    1.16002449842,
    0,
    0.0010166111404790964,
    1.1610998261531373,
    1.1577130503223534,
    66257.10496515306,
    "pi_xbtusd",
    null,
    -9659,
    null,
    57384,
    0.0010166111404790964,
    -165643,
    99385
  ],
  "time": 1616425691406
}