{
  "code": 200,
  "result": [
    -0.14478990442412834,
    1.16002449842,
    0,
    -0.0006035462489878578,
    1.1594275589728984,
    1.1560731862899039,
    66710.45221292644,
    "pi_xbtusd",
    null,
    -9659,
    null,
    57384,
    -0.0006035462489878578,
    -166777,
    100065
  ],
  "time": 1616415670987
}