{
  "code": 200,
  "result": [
    -0.1974567701780835,
    1.16011742818,
    0,
    0.0064944123734336475,
    1.1666260483814372,
    1.1620194575333214,
    64130.49291031864,
    "pi_xbtusd",
    null,
    -12663,
    null,
    56572.889153590084,
    0.0064944123734336475,
    -160327,
    96195
  ],
  "time": 1616467329964
}