{
  "code": 200,
  "result": [
    -0.14552099597648666,
    1.16002449842,
    0,
    0.0004654720130028137,
    1.160559299319862,
    1.1571835462716276,
    66375.30162012295,
    "pi_xbtusd",
    null,
    -9659,
    null,
    57384,
    0.0004654720130028137,
    -165939,
    99562
  ],
  "time": 1616427732059
}