{
  "code": 200,
  "result": [
    -0.14550334989378694,
    1.16002449842,
    0,
    0.00044556520037402036,
    1.1605397044328518,
    1.1571643495208699,
    66383.35135961323,
    "pi_xbtusd",
    null,
    -9659,
    null,
    57384,
    0.00044556520037402036,
    -165959,
    99575
  ],
  "time": 1616427792728
}