{
  "code": 200,
  "result": [
    -0.19876922429326682,
    1.16013853049,
    0,
    0.008433584859307917,
    1.1685733802710352,
    1.1639280059732018,
    63707.04541924879,
    "pi_xbtusd",
    null,
    -12663,
    null,
    56572.889153590084,
    0.008433584859307917,
    -159268,
    95560
  ],
  "time": 1616475071505
}