{
  "code": 200,
  "result": [
    -0.19871749967785515,
    1.16011742818,
    0,
    0.008297333774280996,
    1.1684349922960044,
    1.1637923430198718,
    63723.627866334056,
    "pi_xbtusd",
    null,
    -12663,
    null,
    56572.889153590084,
    0.008297333774280996,
    -159310,
    95585
  ],
  "time": 1616471410392
}