{
  "code": 200,
  "result": [
    -0.14525786252922068,
    1.15995524933,
    0,
    0.0001394452673068494,
    1.160107431044165,
    1.1567381985308445,
    66495.53994405607,
    "pi_xbtusd",
    null,
    -9659,
    null,
    57384,
    0.0001394452673068494,
    -166239,
    99743
  ],
  "time": 1616402649757
}