{
  "code": 200,
  "result": [
    -0.14528324584729818,
    1.16002449842,
    0,
    0.0001247559388391644,
    1.1601677079687291,
    1.156798769241978,
    66483.92210449521,
    "pi_xbtusd",
    null,
    -9659,
    null,
    57384,
    0.0001247559388391644,
    -166210,
    99725
  ],
  "time": 1616417949442
}