{
  "code": 200,
  "result": [
    -0.15187248762374383,
    1.1601361385,
    0,
    0.009240310696962097,
    1.1693788713506053,
    1.1658276215286916,
    63599.40599596728,
    "pi_xbtusd",
    null,
    -9659,
    null,
    57384,
    0.009240310696962097,
    -158999,
    95399
  ],
  "time": 1616453529492
}