{
  "code": 200,
  "result": [
    -0.14395022913420819,
    1.15995524933,
    0,
    -0.0018364951685262826,
    1.158170748332067,
    1.1548410346274631,
    67099.58058486095,
    "pi_xbtusd",
    null,
    -9659,
    null,
    57384,
    -0.0018364951685262826,
    -167749,
    100649
  ],
  "time": 1616410812436
}