{
  "code": 200,
  "result": [
    -0.14592721434774386,
    1.16009938678,
    0,
    0.0012782691065633947,
    1.1613971288416973,
    1.1580051198515917,
    66190.53233609085,
    "pi_xbtusd",
    null,
    -9659,
    null,
    57384,
    0.0012782691065633947,
    -165477,
    99285
  ],
  "time": 1616436430324
}