{
  "code": 200,
  "result": [
    -0.15127612613325742,
    1.1601361385,
    0,
    0.008518614368743056,
    1.1686578785957984,
    1.1651210627004491,
    63850.12788793585,
    "pi_xbtusd",
    null,
    -9659,
    null,
    57384,
    0.008518614368743056,
    -159626,
    95775
  ],
  "time": 1616456529352
}