{
  "code": 200,
  "result": [
    -0.19666686517332363,
    1.16011742818,
    0,
    0.0054476257787007655,
    1.1655748312719176,
    1.1609891761556965,
    64388.07060274249,
    "pi_xbtusd",
    null,
    -12663,
    null,
    56572.889153590084,
    0.0054476257787007655,
    -160971,
    96582
  ],
  "time": 1616464329826
}