{
  "code": 200,
  "result": [
    -0.14559254843950808,
    1.16002449842,
    0,
    0.0006404113289552645,
    1.1607180142183586,
    1.1573387623838052,
    66342.68101992318,
    "pi_xbtusd",
    null,
    -9659,
    null,
    57384,
    0.0006404113289552645,
    -165857,
    99514
  ],
  "time": 1616424611860
}