{
  "code": 200,
  "result": [
    -0.14470370672075328,
    1.15995524933,
    0,
    -0.0008420122076384887,
    1.1591496460538735,
    1.1558000426900519,
    66750.19057141205,
    "pi_xbtusd",
    null,
    -9659,
    null,
    57384,
    -0.0008420122076384887,
    -166876,
    100125
  ],
  "time": 1616407572217
}