{
  "code": 200,
  "result": [
    -0.1988916958269198,
    1.16011742818,
    0,
    0.008419739561567581,
    1.168553945413933,
    1.1639088480220545,
    63667.81653377645,
    "pi_xbtusd",
    null,
    -12663,
    null,
    56572.889153590084,
    0.008419739561567581,
    -159170,
    95501
  ],
  "time": 1616469070784
}