{
  "code": 200,
  "result": [
    -0.14868976288207375,
    1.1601361385,
    0,
    0.004901576668368906,
    1.165038153495246,
    1.1615736783539043,
    64960.75999301027,
    "pi_xbtusd",
    null,
    -9659,
    null,
    57384,
    0.004901576668368906,
    -162402,
    97441
  ],
  "time": 1616445070051
}