{
  "code": 200,
  "result": [
    -0.1451136045085862,
    1.15995524933,
    0,
    5.354902171200419e-05,
    1.1600203935398739,
    1.1566528789514652,
    66561.64342901763,
    "pi_xbtusd",
    null,
    -9659,
    null,
    57384,
    5.354902171200419e-05,
    -166405,
    99842
  ],
  "time": 1616402412339
}