{
  "code": 200,
  "result": [
    -0.19831428791529385,
    1.16011742818,
    0,
    0.007715811449052593,
    1.1678397419627449,
    1.1632087231331167,
    63853.19047414656,
    "pi_xbtusd",
    null,
    -12663,
    null,
    56572.889153590084,
    0.007715811449052593,
    -159633,
    95779
  ],
  "time": 1616462110640
}