{
  "code": 200,
  "result": [
    -0.1463407475953252,
    1.16009938678,
    0,
    0.0016603092402523605,
    1.1617731970479883,
    1.158373547255209,
    66003.48951824375,
    "pi_xbtusd",
    null,
    -9659,
    null,
    57384,
    0.0016603092402523605,
    -165009,
    99005
  ],
  "time": 1616434090370
}