{
  "code": 200,
  "result": [
    -0.14637024283847883,
    1.16009938678,
    0,
    0.0016034914137468554,
    1.1617071883206511,
    1.1583086748844018,
    65990.18907592312,
    "pi_xbtusd",
    null,
    -9659,
    null,
    57384,
    0.0016034914137468554,
    -164976,
    98985
  ],
  "time": 1616430490028
}