{
  "code": 200,
  "result": [
    -0.15132390490914194,
    1.1601361385,
    0,
    0.008310838400199994,
    1.1684483719647796,
    1.1649157115888011,
    63829.96794722861,
    "pi_xbtusd",
    null,
    -9659,
    null,
    57384,
    0.008310838400199994,
    -159575,
    95744
  ],
  "time": 1616449149423
}