{
  "code": 200,
  "result": [
    -0.14560031655906863,
    1.16002449842,
    0,
    0.0006042127106107766,
    1.1606930447350696,
    1.1573145168728831,
    66339.14148175246,
    "pi_xbtusd",
    null,
    -9659,
    null,
    57384,
    0.0006042127106107766,
    -165848,
    99508
  ],
  "time": 1616426771418
}