{
  "code": 200,
  "result": [
    -0.1485685027743499,
    1.1601361385,
    0,
    0.004769647512989452,
    1.1649061399191716,
    1.1614443033609374,
    65013.780307595654,
    "pi_xbtusd",
    null,
    -9659,
    null,
    57384,
    0.004769647512989452,
    -162535,
    97520
  ],
  "time": 1616444709559
}