{
  "code": 200,
  "result": [
    -0.1510073580260581,
    1.1601361385,
    0,
    0.008114829542875169,
    1.1682525882517443,
    1.1647238480529125,
    63963.770549069704,
    "pi_xbtusd",
    null,
    -9659,
    null,
    57384,
    0.008114829542875169,
    -159910,
    95945
  ],
  "time": 1616450109670
}