{
  "code": 200,
  "result": [
    -0.146271575052902,
    1.16002449842,
    0,
    0.001512363233586143,
    1.1615709214775247,
    1.1581742306048786,
    66034.70289088384,
    "pi_xbtusd",
    null,
    -9659,
    null,
    57384,
    0.001512363233586143,
    -165087,
    99052
  ],
  "time": 1616420950558
}