{
  "code": 200,
  "result": [
    -0.1513958566768829,
    1.1601361385,
    0,
    0.008522661550439015,
    1.1686615739890294,
    1.1651246771500463,
    63799.632381054864,
    "pi_xbtusd",
    null,
    -9659,
    null,
    57384,
    0.008522661550439015,
    -159500,
    95699
  ],
  "time": 1616455029663
}