{
  "code": 200,
  "result": [
    -0.1453512673658698,
    1.15995524933,
    0,
    0.00024381321395949176,
    1.1602268132807545,
    1.156855493408501,
    66452.80894377702,
    "pi_xbtusd",
    null,
    -9659,
    null,
    57384,
    0.00024381321395949176,
    -166133,
    99679
  ],
  "time": 1616405771504
}