{
  "code": 200,
  "result": [
    -0.1454763003436904,
    1.16002449842,
    0,
    0.0002916304322629182,
    1.1603442676644669,
    1.1569719914478473,
    66395.6945370513,
    "pi_xbtusd",
    null,
    -9659,
    null,
    57384,
    0.0002916304322629182,
    -165990,
    99593
  ],
  "time": 1616419812079
}