{
  "code": 200,
  "result": [
    -0.15157943538178223,
    1.1601361385,
    0,
    0.008673348443912515,
    1.1688119935243484,
    1.1652720829474958,
    63722.36428821584,
    "pi_xbtusd",
    null,
    -9659,
    null,
    57384,
    0.008673348443912515,
    -159306,
    95583
  ],
  "time": 1616453889119
}