{
  "code": 200,
  "result": [
    -0.1448009503181993,
    1.16002449842,
    0,
    -0.0004672873825340688,
    1.159564125266469,
    1.1562070274061453,
    66705.36331960805,
    "pi_xbtusd",
    null,
    -9659,
    null,
    57384,
    -0.0004672873825340688,
    -166764,
    100058
  ],
  "time": 1616415730321
}