{
  "code": 200,
  "result": [
    -0.14595587721520967,
    1.16009938678,
    0,
    0.0010693237203248794,
    1.1611699594360767,
    1.1577821293536958,
    66177.53381563358,
    "pi_xbtusd",
    null,
    -9659,
    null,
    57384,
    0.0010693237203248794,
    -165444,
    99266
  ],
  "time": 1616429290542
}