{
  "code": 200,
  "result": [
    -0.19849692049551285,
    1.16011742818,
    0,
    0.00796907294047665,
    1.1681044275481005,
    1.163468343488644,
    63794.44058068526,
    "pi_xbtusd",
    null,
    -12663,
    null,
    56572.889153590084,
    0.00796907294047665,
    -159487,
    95691
  ],
  "time": 1616469849467
}