{
  "code": 200,
  "result": [
    -0.14587334329901866,
    1.16009938678,
    0,
    0.001163694316144841,
    1.1612831667968873,
    1.15789344930259,
    66214.97651013925,
    "pi_xbtusd",
    null,
    -9659,
    null,
    57384,
    0.001163694316144841,
    -165538,
    99322
  ],
  "time": 1616436670439
}