{
  "code": 200,
  "result": [
    -0.14477421814444646,
    1.15995524933,
    0,
    -0.0006530400958054649,
    1.1593091791937602,
    1.1559557963877019,
    66717.68028726542,
    "pi_xbtusd",
    null,
    -9659,
    null,
    57384,
    -0.0006530400958054649,
    -166795,
    100076
  ],
  "time": 1616401450458
}