{
  "code": 200,
  "result": [
    -0.14570348779392875,
    1.16009938678,
    0,
    0.0008134923616664126,
    1.160935411965912,
    1.1575526985107045,
    66292.16737529928,
    "pi_xbtusd",
    null,
    -9659,
    null,
    57384,
    0.0008134923616664126,
    -165731,
    99438
  ],
  "time": 1616437629885
}