{
  "code": 200,
  "result": [
    -0.15179757578267888,
    1.1601361385,
    0,
    0.009223991440022344,
    1.1693623838847762,
    1.1658114604480014,
    63630.792192810215,
    "pi_xbtusd",
    null,
    -9659,
    null,
    57384,
    0.009223991440022344,
    -159077,
    95446
  ],
  "time": 1616452812231
}