{
  "code": 200,
  "result": [
    -0.14471566203553715,
    1.15995524933,
    0,
    -0.0007577542275099036,
    1.1592047521139681,
    1.155853463590544,
    66744.67617491246,
    "pi_xbtusd",
    null,
    -9659,
    null,
    57384,
    -0.0007577542275099036,
    -166862,
    100117
  ],
  "time": 1616401510471
}