{
  "code": 200,
  "result": [
    -0.14697022890737815,
    1.16009938678,
    0,
    0.0027993931615024363,
    1.1629263774973486,
    1.1595039460261443,
    65720.79305998211,
    "pi_xbtusd",
    null,
    -9659,
    null,
    57384,
    0.0027993931615024363,
    -164302,
    98581
  ],
  "time": 1616439614372
}