{
  "code": 200,
  "result": [
    -0.14688178150759412,
    1.16009938678,
    0,
    0.0034987586661312333,
    1.163626653686636,
    1.160190234905339,
    65760.36796980575,
    "pi_xbtusd",
    null,
    -9659,
    null,
    57384,
    0.0034987586661312333,
    -164401,
    98640
  ],
  "time": 1616439971943
}