{
  "code": 200,
  "result": [
    -0.19835839788354637,
    1.16011742818,
    0,
    0.008020003994301072,
    1.168140744333873,
    1.1635036416533397,
    63838.991114630204,
    "pi_xbtusd",
    null,
    -12663,
    null,
    56572.889153590084,
    0.008020003994301072,
    -159598,
    95758
  ],
  "time": 1616459949696
}