{
  "code": 200,
  "result": [
    -0.19910245094808654,
    1.16013853049,
    0,
    0.009119389290836005,
    1.1692590359383959,
    1.164599945551932,
    63600.42249455642,
    "pi_xbtusd",
    null,
    -12663,
    null,
    56572.889153590084,
    0.009119389290836005,
    -159002,
    95400
  ],
  "time": 1616474711302
}