{
  "code": 200,
  "result": [
    -0.19937505390505322,
    1.16013853049,
    0,
    0.009467036160660476,
    1.1696062137370598,
    1.1649401704131994,
    63513.46245167863,
    "pi_xbtusd",
    null,
    -12663,
    null,
    56572.889153590084,
    0.009467036160660476,
    -158784,
    95270
  ],
  "time": 1616473572250
}