{
  "code": 200,
  "result": [
    -0.19893969349270105,
    1.16011742818,
    0,
    0.008762095442576409,
    1.1688962111118861,
    1.1642442666023873,
    63652.4555642014,
    "pi_xbtusd",
    null,
    -12663,
    null,
    56572.889153590084,
    0.008762095442576409,
    -159132,
    95478
  ],
  "time": 1616469011179
}