{
  "code": 200,
  "result": [
    -0.1511320731487485,
    1.1601361385,
    0,
    0.008093883161475269,
    1.168231234179306,
    1.1647029129081021,
    63910.9872494989,
    "pi_xbtusd",
    null,
    -9659,
    null,
    57384,
    0.008093883161475269,
    -159778,
    95866
  ],
  "time": 1616448370931
}