{
  "code": 200,
  "result": [
    -0.14696986573590826,
    1.16009938678,
    0,
    0.0028016669203304867,
    1.1629292511591007,
    1.1595067742127199,
    65720.95546005575,
    "pi_xbtusd",
    null,
    -9659,
    null,
    57384,
    0.0028016669203304867,
    -164303,
    98581
  ],
  "time": 1616439849427
}