{
  "code": 200,
  "result": [
    -0.14515941371508356,
    1.15995524933,
    0,
    -8.868435897117607e-05,
    1.1598813273144957,
    1.1565166573937007,
    66540.63799788088,
    "pi_xbtusd",
    null,
    -9659,
    null,
    57384,
    -8.868435897117607e-05,
    -166352,
    99810
  ],
  "time": 1616403070854
}