{
  "code": 200,
  "result": [
    -0.19826340627619088,
    1.16011742818,
    0,
    0.007694643109420591,
    1.1678172491486953,
    1.1631866536858597,
    63869.577537469544,
    "pi_xbtusd",
    null,
    -12663,
    null,
    56572.889153590084,
    0.007694643109420591,
    -159674,
    95804
  ],
  "time": 1616461212946
}