{
  "code": 200,
  "result": [
    -0.1981003258525007,
    1.16013853049,
    0,
    0.0075127550336183,
    1.1676513631534413,
    1.1630244054521217,
    63922.15633925041,
    "pi_xbtusd",
    null,
    -12663,
    null,
    56572.889153590084,
    0.0075127550336183,
    -159806,
    95883
  ],
  "time": 1616472189414
}