{
  "code": 200,
  "result": [
    -0.1987458836790564,
    1.16011742818,
    0,
    0.008288823388872097,
    1.1684254182559735,
    1.163782939187549,
    63714.52714184898,
    "pi_xbtusd",
    null,
    -12663,
    null,
    56572.889153590084,
    0.008288823388872097,
    -159287,
    95571
  ],
  "time": 1616470689851
}