{
  "code": 200,
  "result": [
    -0.14550091583663294,
    1.16002449842,
    0,
    0.00044703961805641447,
    1.1605118400615826,
    1.1571364556612471,
    66384.4618740753,
    "pi_xbtusd",
    null,
    -9659,
    null,
    57384,
    0.00044703961805641447,
    -165962,
    99576
  ],
  "time": 1616422149991
}