{
  "code": 200,
  "result": [
    -0.1511432544281764,
    1.1601361385,
    0,
    0.008220442791807501,
    1.1683573151375526,
    1.1648264626737421,
    63906.2592408977,
    "pi_xbtusd",
    null,
    -9659,
    null,
    57384,
    0.008220442791807501,
    -159766,
    95859
  ],
  "time": 1616446329730
}