{
  "code": 200,
  "result": [
    -0.14540178050076225,
    1.16002449842,
    0,
    0.0003637753908573844,
    1.1604295140139083,
    1.1570557948981168,
    66429.72298368358,
    "pi_xbtusd",
    null,
    -9659,
    null,
    57384,
    0.0003637753908573844,
    -166075,
    99644
  ],
  "time": 1616422330694
}