{
  "code": 200,
  "result": [
    -0.1448557436556266,
    1.15995524933,
    0,
    -0.0006093705710488775,
    1.1593493869852693,
    1.155995130788716,
    66680.13125501509,
    "pi_xbtusd",
    null,
    -9659,
    null,
    57384,
    -0.0006093705710488775,
    -166701,
    100020
  ],
  "time": 1616400730297
}