{
  "code": 200,
  "result": [
    -0.19682756199671098,
    1.16011742818,
    0,
    0.005511992261656786,
    1.1656386681218749,
    1.1610517256759947,
    64335.50195684282,
    "pi_xbtusd",
    null,
    -12663,
    null,
    56572.889153590084,
    0.005511992261656786,
    -160839,
    96503
  ],
  "time": 1616463970330
}