{
  "code": 200,
  "result": [
    -0.14860354166270143,
    1.1601361385,
    0,
    0.004557431208325562,
    1.1646936281753768,
    1.1612360359432359,
    64998.4508574088,
    "pi_xbtusd",
    null,
    -9659,
    null,
    57384,
    0.004557431208325562,
    -162497,
    97497
  ],
  "time": 1616443450193
}