{
  "code": 200,
  "result": [
    -0.1457430761048633,
    1.15995524933,
    0,
    0.000735044220383134,
    1.1607093884632809,
    1.157328243970899,
    66274.16037966889,
    "pi_xbtusd",
    null,
    -9659,
    null,
    57384,
    0.000735044220383134,
    -165686,
    99411
  ],
  "time": 1616403971381
}