{
  "code": 200,
  "result": [
    -0.1463358443097947,
    1.16009938678,
    0,
    0.0016767635979033596,
    1.1617795431818696,
    1.1583795643019372,
    66005.7011018557,
    "pi_xbtusd",
    null,
    -9659,
    null,
    57384,
    0.0016767635979033596,
    -165015,
    99008
  ],
  "time": 1616430130146
}