{
  "code": 200,
  "result": [
    -0.14810258112094873,
    1.16009938678,
    0,
    0.004039924563897906,
    1.1641745549828497,
    1.1607273128835973,
    65218.309680314946,
    "pi_xbtusd",
    null,
    -9659,
    null,
    57384,
    0.004039924563897906,
    -163046,
    97827
  ],
  "time": 1616442610430
}