{
  "code": 200,
  "result": [
    -0.14425390980842567,
    1.15995524933,
    0,
    -0.0012822578745278475,
    1.1587379593039617,
    1.1553971608534779,
    66958.3237835806,
    "pi_xbtusd",
    null,
    -9659,
    null,
    57384,
    -0.0012822578745278475,
    -167396,
    100437
  ],
  "time": 1616413511293
}