{
  "code": 200,
  "result": [
    -0.1516081147189401,
    1.1601361385,
    0,
    0.00891937291917144,
    1.1690568079219588,
    1.165511976855601,
    63710.31008403748,
    "pi_xbtusd",
    null,
    -9659,
    null,
    57384,
    0.00891937291917144,
    -159276,
    95565
  ],
  "time": 1616448729304
}