{
  "code": 200,
  "result": [
    -0.15188980178326417,
    1.1601361385,
    0,
    0.00935299538639477,
    1.1694913591892,
    1.1659378556734978,
    63592.1561987598,
    "pi_xbtusd",
    null,
    -9659,
    null,
    57384,
    0.00935299538639477,
    -158981,
    95388
  ],
  "time": 1616452690199
}