{
  "code": 200,
  "result": [
    -0.1459324545580899,
    1.16002449842,
    0,
    0.001055214321281164,
    1.1611281297350435,
    1.1577405818406437,
    66188.15553571832,
    "pi_xbtusd",
    null,
    -9659,
    null,
    57384,
    0.001055214321281164,
    -165471,
    99282
  ],
  "time": 1616423711512
}