{
  "code": 200,
  "result": [
    -0.19660863062400188,
    1.16011742818,
    0,
    0.005459043002082507,
    1.165585805698901,
    1.1609999222382121,
    64407.14204564582,
    "pi_xbtusd",
    null,
    -12663,
    null,
    56572.889153590084,
    0.005459043002082507,
    -161018,
    96610
  ],
  "time": 1616464029414
}