{
  "code": 200,
  "result": [
    -0.19912678588772817,
    1.16013853049,
    0,
    0.009097963555681925,
    1.1692379554558376,
    1.1645792935840769,
    63592.64999707103,
    "pi_xbtusd",
    null,
    -12663,
    null,
    56572.889153590084,
    0.009097963555681925,
    -158982,
    95388
  ],
  "time": 1616475549482
}