{
  "code": 200,
  "result": [
    -0.1482912563947079,
    1.16009938678,
    0,
    0.004285565416317634,
    1.1644159066900241,
    1.1609637517737235,
    65135.3305301465,
    "pi_xbtusd",
    null,
    -9659,
    null,
    57384,
    0.004285565416317634,
    -162839,
    97702
  ],
  "time": 1616440929630
}