{
  "code": 200,
  "result": [
    -0.14664023468915038,
    1.16002449842,
    0,
    0.0020921669402675877,
    1.1621485423029414,
    1.1587402553561617,
    65868.68890707422,
    "pi_xbtusd",
    null,
    -9659,
    null,
    57384,
    0.0020921669402675877,
    -164672,
    98803
  ],
  "time": 1616420530594
}