{
  "code": 200,
  "result": [
    -0.1510074701962262,
    1.1601361385,
    0,
    0.007986812108287299,
    1.1681245426536289,
    1.1645983628034888,
    63963.72303601035,
    "pi_xbtusd",
    null,
    -9659,
    null,
    57384,
    0.007986812108287299,
    -159910,
    95945
  ],
  "time": 1616449989591
}