{
  "code": 200,
  "result": [
    -0.1445501575326961,
    1.15995524933,
    0,
    -0.0009675155108835245,
    1.1589926818109975,
    1.1556455885132408,
    66821.09632302,
    "pi_xbtusd",
    null,
    -9659,
    null,
    57384,
    -0.0009675155108835245,
    -167053,
    100231
  ],
  "time": 1616401030279
}