{
  "code": 200,
  "result": [
    -0.1507977159279229,
    1.1601361385,
    0,
    0.007883888941718398,
    1.1680226606968174,
    1.1644985393100087,
    64052.69430351805,
    "pi_xbtusd",
    null,
    -9659,
    null,
    57384,
    0.007883888941718398,
    -160132,
    96079
  ],
  "time": 1616454428897
}