{
  "code": 200,
  "result": [
    -0.15143587221205387,
    1.1601361385,
    0,
    0.0083924352849563,
    1.168529448332954,
    1.1649951560192806,
    63782.77391551333,
    "pi_xbtusd",
    null,
    -9659,
    null,
    57384,
    0.0083924352849563,
    -159457,
    95674
  ],
  "time": 1616446929609
}