{
  "code": 200,
  "result": [
    -0.14376647161836234,
    1.15995524933,
    0,
    -0.001948334456868154,
    1.1580583186086557,
    1.1547308416898188,
    67185.34503399693,
    "pi_xbtusd",
    null,
    -9659,
    null,
    57384,
    -0.001948334456868154,
    -167964,
    100778
  ],
  "time": 1616410689694
}