{
  "code": 200,
  "result": [
    -0.14837559194484362,
    1.1601361385,
    0,
    0.004376606919302063,
    1.1645130433523205,
    1.1610590676059602,
    65098.308107108256,
    "pi_xbtusd",
    null,
    -9659,
    null,
    57384,
    0.004376606919302063,
    -162746,
    97647
  ],
  "time": 1616444470979
}