{
  "code": 200,
  "result": [
    -0.1437344978431859,
    1.15995524933,
    0,
    -0.0020335467837602323,
    1.1579679145811692,
    1.1546421419088702,
    67200.29043088843,
    "pi_xbtusd",
    null,
    -9659,
    null,
    57384,
    -0.0020335467837602323,
    -168001,
    100800
  ],
  "time": 1616409610310
}