{
  "code": 200,
  "result": [
    -0.19687688417417837,
    1.16011742818,
    0,
    0.005940637633366813,
    1.1660681098480679,
    1.1614725944947533,
    64319.38443721485,
    "pi_xbtusd",
    null,
    -12663,
    null,
    56572.889153590084,
    0.005940637633366813,
    -160799,
    96479
  ],
  "time": 1616464509619
}