{
  "code": 200,
  "result": [
    -0.14869037047775,
    1.1601361385,
    0,
    0.004842571726848985,
    1.1649791063140635,
    1.1615158112715522,
    64960.494542888846,
    "pi_xbtusd",
    null,
    -9659,
    null,
    57384,
    0.004842571726848985,
    -162402,
    97440
  ],
  "time": 1616444890078
}