{
  "code": 200,
  "result": [
    -0.19965662785115584,
    1.16013853049,
    0,
    0.009849138770063373,
    1.1699886368515742,
    1.1653149514755257,
    63423.8899869644,
    "pi_xbtusd",
    null,
    -12663,
    null,
    56572.889153590084,
    0.009849138770063373,
    -158560,
    95135
  ],
  "time": 1616474350047
}