{
  "code": 200,
  "result": [
    -0.1979037516011995,
    1.16011742818,
    0,
    0.0070940210572747395,
    1.1672191900885756,
    1.162600607066783,
    63985.64907206767,
    "pi_xbtusd",
    null,
    -12663,
    null,
    56572.889153590084,
    0.0070940210572747395,
    -159965,
    95978
  ],
  "time": 1616462948926
}