{
  "code": 200,
  "result": [
    -0.14554585867348238,
    1.16002449842,
    0,
    0.0004514630256804052,
    1.160493170109403,
    1.157117697240915,
    66363.96313871769,
    "pi_xbtusd",
    null,
    -9659,
    null,
    57384,
    0.0004514630256804052,
    -165910,
    99545
  ],
  "time": 1616417710601
}