{
  "code": 200,
  "result": [
    -0.19896560670949118,
    1.16011742818,
    0,
    0.008754618973492289,
    1.1688909481878496,
    1.1642391532077325,
    63644.165488808285,
    "pi_xbtusd",
    null,
    -12663,
    null,
    56572.889153590084,
    0.008754618973492289,
    -159111,
    95466
  ],
  "time": 1616470509426
}