{
  "code": 200,
  "result": [
    -0.14475201970969323,
    1.15995524933,
    0,
    -0.0007788266695812019,
    1.159180798020018,
    1.1558299309454352,
    66727.91177195015,
    "pi_xbtusd",
    null,
    -9659,
    null,
    57384,
    -0.0007788266695812019,
    -166820,
    100091
  ],
  "time": 1616400911235
}