{
  "code": 200,
  "result": [
    -0.14441483393512167,
    1.15995524933,
    0,
    -0.0011774753765026954,
    1.1588415840533506,
    1.1554986899529063,
    66883.71088207811,
    "pi_xbtusd",
    null,
    -9659,
    null,
    57384,
    -0.0011774753765026954,
    -167210,
    100325
  ],
  "time": 1616413270279
}