{
  "code": 200,
  "result": [
    -0.1969144862693438,
    1.16011742818,
    0,
    0.00585207238368383,
    1.1659801638224994,
    1.1613864197741786,
    64307.102234618134,
    "pi_xbtusd",
    null,
    -12663,
    null,
    56572.889153590084,
    0.00585207238368383,
    -160768,
    96460
  ],
  "time": 1616464929587
}