{
  "code": 200,
  "result": [
    -0.14523041526639438,
    1.16002449842,
    0,
    0.00010125834094030371,
    1.160144840681189,
    1.1567763719063957,
    66508.10701245062,
    "pi_xbtusd",
    null,
    -9659,
    null,
    57384,
    0.00010125834094030371,
    -166271,
    99762
  ],
  "time": 1616418070977
}