{
  "code": 200,
  "result": [
    -0.1456077139957437,
    1.16009938678,
    0,
    0.0009127669069970377,
    1.1610308626963723,
    1.157646163750258,
    66335.77119603941,
    "pi_xbtusd",
    null,
    -9659,
    null,
    57384,
    0.0009127669069970377,
    -165840,
    99503
  ],
  "time": 1616436131224
}