{
  "code": 200,
  "result": [
    -0.14615840405903668,
    1.16002449842,
    0,
    0.0012596587715447431,
    1.161330702163542,
    1.1579390653801367,
    66085.83380602946,
    "pi_xbtusd",
    null,
    -9659,
    null,
    57384,
    0.0012596587715447431,
    -165215,
    99128
  ],
  "time": 1616423351315
}