{
  "code": 200,
  "result": [
    -0.14588835949885684,
    1.16009938678,
    0,
    0.0009379745096343238,
    1.161051473253467,
    1.1576662701552998,
    66208.16104300416,
    "pi_xbtusd",
    null,
    -9659,
    null,
    57384,
    0.0009379745096343238,
    -165521,
    99312
  ],
  "time": 1616434329722
}