{
  "code": 200,
  "result": [
    -0.15102179899982124,
    1.1601361385,
    0,
    0.007944985074160008,
    1.1680826314251185,
    1.164557288115661,
    63957.65421925237,
    "pi_xbtusd",
    null,
    -9659,
    null,
    57384,
    0.007944985074160008,
    -159895,
    95936
  ],
  "time": 1616449630060
}