{
  "code": 200,
  "result": [
    -0.19881267538437936,
    1.16013853049,
    0,
    0.00846554184730009,
    1.168605287030897,
    1.1639592735933038,
    63693.122058327914,
    "pi_xbtusd",
    null,
    -12663,
    null,
    56572.889153590084,
    0.00846554184730009,
    -159233,
    95539
  ],
  "time": 1616474950237
}