{
  "code": 200,
  "result": [
    -0.19842956290654906,
    1.16011742818,
    0,
    0.007940434054601504,
    1.1680597571460385,
    1.1634242458642994,
    63816.09582017612,
    "pi_xbtusd",
    null,
    -12663,
    null,
    56572.889153590084,
    0.007940434054601504,
    -159541,
    95724
  ],
  "time": 1616458989255
}