{
  "code": 200,
  "result": [
    -0.1517561935042941,
    1.1601361385,
    0,
    0.009004788575029605,
    1.1691432935104322,
    1.1655967541309573,
    63648.14362404714,
    "pi_xbtusd",
    null,
    -9659,
    null,
    57384,
    0.009004788575029605,
    -159121,
    95472
  ],
  "time": 1616453291510
}