{
  "code": 200,
  "result": [
    -0.149549197149694,
    1.1601361385,
    0,
    0.006215454787086815,
    1.166352186508205,
    1.162861433804489,
    64587.44135103345,
    "pi_xbtusd",
    null,
    -9659,
    null,
    57384,
    0.006215454787086815,
    -161469,
    96881
  ],
  "time": 1616445730287
}