{
  "code": 200,
  "result": [
    -0.14544030768155988,
    1.15995524933,
    0,
    0.00039839743301614956,
    1.1603845640251418,
    1.157010152468507,
    66412.12573029126,
    "pi_xbtusd",
    null,
    -9659,
    null,
    57384,
    0.00039839743301614956,
    -166031,
    99618
  ],
  "time": 1616406429931
}