{
  "code": 200,
  "result": [
    -0.14667144477066976,
    1.16009938678,
    0,
    0.002156834038784789,
    1.1622683395096811,
    1.1588587592209312,
    65854.67276948466,
    "pi_xbtusd",
    null,
    -9659,
    null,
    57384,
    0.002156834038784789,
    -164637,
    98782
  ],
  "time": 1616433549551
}