{
  "code": 200,
  "result": [
    -0.15095057520755045,
    1.1601361385,
    0,
    0.00818737467257443,
    1.1683242890741181,
    1.1647940979726923,
    63987.83169073252,
    "pi_xbtusd",
    null,
    -9659,
    null,
    57384,
    0.00818737467257443,
    -159970,
    95981
  ],
  "time": 1616446509784
}