{
  "code": 200,
  "result": [
    -0.14364148101905289,
    1.15995524933,
    0,
    -0.002214422741663982,
    1.1577959829898543,
    1.1544738278367133,
    67243.80681315038,
    "pi_xbtusd",
    null,
    -9659,
    null,
    57384,
    -0.002214422741663982,
    -168110,
    100865
  ],
  "time": 1616411470200
}