{
  "code": 200,
  "result": [
    -0.14660039396210403,
    1.16009938678,
    0,
    0.0020621059329665706,
    1.1621855559860368,
    1.1587778702594032,
    65886.58965334593,
    "pi_xbtusd",
    null,
    -9659,
    null,
    57384,
    0.0020621059329665706,
    -164717,
    98829
  ],
  "time": 1616438229595
}