{
  "code": 200,
  "result": [
    -0.14364630104665055,
    1.15995524933,
    0,
    -0.002117241914677163,
    1.1578928792319274,
    1.1545687804622466,
    67241.55045846356,
    "pi_xbtusd",
    null,
    -9659,
    null,
    57384,
    -0.002117241914677163,
    -168104,
    100862
  ],
  "time": 1616411410986
}