{
  "code": 200,
  "result": [
    -0.1453240447056896,
    1.15995524933,
    0,
    0.00013430371093015275,
    1.1601233566532934,
    1.1567542269711004,
    66465.25714007903,
    "pi_xbtusd",
    null,
    -9659,
    null,
    57384,
    0.00013430371093015275,
    -166164,
    99697
  ],
  "time": 1616407030642
}