{
  "code": 200,
  "result": [
    -0.14620785467530267,
    1.16002449842,
    0,
    0.0013587127140898964,
    1.1614182088827247,
    1.1580245910204685,
    66063.48216688246,
    "pi_xbtusd",
    null,
    -9659,
    null,
    57384,
    0.0013587127140898964,
    -165159,
    99095
  ],
  "time": 1616421130998
}