{
  "code": 200,
  "result": [
    -0.19747104470930935,
    1.16011742818,
    0,
    0.006416932608276783,
    1.166547948140382,
    1.1619429068875693,
    64125.85712827309,
    "pi_xbtusd",
    null,
    -12663,
    null,
    56572.889153590084,
    0.006416932608276783,
    -160315,
    96188
  ],
  "time": 1616466909744
}