{
  "code": 200,
  "result": [
    -0.14547246098916927,
    1.16002449842,
    0,
    0.0005030865860587683,
    1.1605385490831273,
    1.1571620437434318,
    66397.44687291111,
    "pi_xbtusd",
    null,
    -9659,
    null,
    57384,
    0.0005030865860587683,
    -165994,
    99596
  ],
  "time": 1616416509473
}