{
  "code": 200,
  "result": [
    -0.14555509710282305,
    1.15995524933,
    0,
    0.000512677295993698,
    1.1604922094644488,
    1.1571155123105545,
    66359.7509963989,
    "pi_xbtusd",
    null,
    -9659,
    null,
    57384,
    0.000512677295993698,
    -165900,
    99539
  ],
  "time": 1616405050764
}