{
  "code": 200,
  "result": [
    -0.14331775477502012,
    1.15995524933,
    0,
    -0.0026069878378009196,
    1.1573884143518165,
    1.1540741105005983,
    67395.69717068675,
    "pi_xbtusd",
    null,
    -9659,
    null,
    57384,
    -0.0026069878378009196,
    -168490,
    101093
  ],
  "time": 1616408350059
}