{
  "code": 200,
  "result": [
    -0.14559458160993058,
    1.16009938678,
    0,
    0.0006958474326495354,
    1.1608121017490065,
    1.1574317411923791,
    66341.7545707703,
    "pi_xbtusd",
    null,
    -9659,
    null,
    57384,
    0.0006958474326495354,
    -165855,
    99512
  ],
  "time": 1616435410441
}