{
  "code": 200,
  "result": [
    -0.1481027885054415,
    1.16009938678,
    0,
    0.004097614229118068,
    1.1642327015229967,
    1.16078430563044,
    65218.21835680774,
    "pi_xbtusd",
    null,
    -9659,
    null,
    57384,
    0.004097614229118068,
    -163046,
    97827
  ],
  "time": 1616442789124
}