{
  "code": 200,
  "result": [
    -0.1469431892499267,
    1.16009938678,
    0,
    0.0030126311312160692,
    1.163140372654588,
    1.1597136764239893,
    65732.88662989067,
    "pi_xbtusd",
    null,
    -9659,
    null,
    57384,
    0.0030126311312160692,
    -164333,
    98599
  ],
  "time": 1616439911227
}