{
  "code": 200,
  "result": [
    -0.14442400362813554,
    1.15995524933,
    0,
    -0.0009058755516349334,
    1.1591100208105334,
    1.1557616947135918,
    66879.4643366216,
    "pi_xbtusd",
    null,
    -9659,
    null,
    57384,
    -0.0009058755516349334,
    -167199,
    100319
  ],
  "time": 1616412612473
}