{
  "code": 200,
  "result": [
    -0.15063994060043304,
    1.1601361385,
    0,
    0.007492594303904607,
    1.1676297480654123,
    1.16411345257136,
    64119.780992347485,
    "pi_xbtusd",
    null,
    -9659,
    null,
    57384,
    0.007492594303904607,
    -160300,
    96179
  ],
  "time": 1616447529880
}