{
  "code": 200,
  "result": [
    -0.148417716660272,
    1.16009938678,
    0,
    0.004497887412449059,
    1.1646337402370044,
    1.1611773388807811,
    65079.83155480986,
    "pi_xbtusd",
    null,
    -9659,
    null,
    57384,
    0.004497887412449059,
    -162700,
    97619
  ],
  "time": 1616443089664
}