{
  "code": 200,
  "result": [
    -0.14353196034317442,
    1.15995524933,
    0,
    -0.0023635454896733625,
    1.1576327226694556,
    1.1543135499712747,
    67295.11655039086,
    "pi_xbtusd",
    null,
    -9659,
    null,
    57384,
    -0.0023635454896733625,
    -168238,
    100942
  ],
  "time": 1616408531206
}