{
  "code": 200,
  "result": [
    -0.14471225074902627,
    1.16002449842,
    0,
    -0.0007998938122940267,
    1.1592262173909336,
    1.1558757716592052,
    66746.24954007215,
    "pi_xbtusd",
    null,
    -9659,
    null,
    57384,
    -0.0007998938122940267,
    -166866,
    100119
  ],
  "time": 1616414710947
}