{
  "code": 200,
  "result": [
    -0.1973793038861948,
    1.16011742818,
    0,
    0.0063708882652302465,
    1.1665031431061659,
    1.1618990227402142,
    64155.66247665585,
    "pi_xbtusd",
    null,
    -12663,
    null,
    56572.889153590084,
    0.0063708882652302465,
    -160390,
    96233
  ],
  "time": 1616467750265
}