{
  "code": 200,
  "result": [
    -0.14548368481452628,
    1.15995524933,
    0,
    0.0004131345278681331,
    1.1603851625377217,
    1.15701045623919,
    66392.32441984152,
    "pi_xbtusd",
    null,
    -9659,
    null,
    57384,
    0.0004131345278681331,
    -165981,
    99588
  ],
  "time": 1616403490472
}