{
  "code": 200,
  "result": [
    -0.19772975908236073,
    1.16011742818,
    0,
    0.006986681653645795,
    1.1671192025547457,
    1.1625027663210257,
    64041.95331429832,
    "pi_xbtusd",
    null,
    -12663,
    null,
    56572.889153590084,
    0.006986681653645795,
    -160105,
    96062
  ],
  "time": 1616467929467
}