{
  "code": 200,
  "result": [
    -0.145730073833394,
    1.16009938678,
    0,
    0.0010025105210509965,
    1.1611180003454777,
    1.1577315065270823,
    66280.07346680314,
    "pi_xbtusd",
    null,
    -9659,
    null,
    57384,
    0.0010025105210509965,
    -165701,
    99420
  ],
  "time": 1616435110270
}