{
  "code": 200,
  "result": [
    -0.14555484935467208,
    1.15995524933,
    0,
    0.0004050288071257483,
    1.16038225680342,
    1.1570077126193032,
    66359.86394698544,
    "pi_xbtusd",
    null,
    -9659,
    null,
    57384,
    0.0004050288071257483,
    -165900,
    99539
  ],
  "time": 1616404571430
}