{
  "code": 200,
  "result": [
    -0.1992917609830404,
    1.16013853049,
    0,
    0.009352112159745912,
    1.1694917090919765,
    1.1648279642481345,
    63540.007562468236,
    "pi_xbtusd",
    null,
    -12663,
    null,
    56572.889153590084,
    0.009352112159745912,
    -158851,
    95310
  ],
  "time": 1616474590029
}