{
  "code": 200,
  "result": [
    -0.15137428076362586,
    1.1601361385,
    0,
    0.008591491993207096,
    1.1687301654456586,
    1.1651918919978201,
    63808.72596899557,
    "pi_xbtusd",
    null,
    -9659,
    null,
    57384,
    0.008591491993207096,
    -159522,
    95713
  ],
  "time": 1616454010395
}