{
  "code": 200,
  "result": [
    -0.1468041775175231,
    1.16009938678,
    0,
    0.0022479022904234925,
    1.162354666210055,
    1.1589432645562723,
    65795.13037935903,
    "pi_xbtusd",
    null,
    -9659,
    null,
    57384,
    0.0022479022904234925,
    -164488,
    98692
  ],
  "time": 1616431691035
}