{
  "code": 200,
  "result": [
    -0.14439570339727328,
    1.15995524933,
    0,
    -0.0012613118862924882,
    1.1587309147419498,
    1.1553896973717013,
    66892.57209700602,
    "pi_xbtusd",
    null,
    -9659,
    null,
    57384,
    -0.0012613118862924882,
    -167232,
    100338
  ],
  "time": 1616407689935
}