{
  "code": 200,
  "result": [
    -0.14430920994901184,
    1.15995524933,
    0,
    -0.0011810907544048599,
    1.1588405670264073,
    1.1554977452335211,
    66932.66495889467,
    "pi_xbtusd",
    null,
    -9659,
    null,
    57384,
    -0.0011810907544048599,
    -167332,
    100398
  ],
  "time": 1616413810283
}