{
  "code": 200,
  "result": [
    -0.15128755937732963,
    1.1601361385,
    0,
    0.008354455081111756,
    1.1684920450053444,
    1.1649585122957478,
    63845.302546716855,
    "pi_xbtusd",
    null,
    -9659,
    null,
    57384,
    0.008354455081111756,
    -159614,
    95767
  ],
  "time": 1616449389513
}