{
  "code": 200,
  "result": [
    -0.19984358919222614,
    1.16013853049,
    0,
    0.01002932166603594,
    1.17016872099568,
    1.165491431961712,
    63364.554505772394,
    "pi_xbtusd",
    null,
    -12663,
    null,
    56572.889153590084,
    0.01002932166603594,
    -158412,
    95046
  ],
  "time": 1616474110001
}