{
  "code": 200,
  "result": [
    -0.14577832129592344,
    1.16002449842,
    0,
    0.0008327454788865089,
    1.1609150278350369,
    1.1575319293174848,
    66258.13710937626,
    "pi_xbtusd",
    null,
    -9659,
    null,
    57384,
    0.0008327454788865089,
    -165646,
    99387
  ],
  "time": 1616425511487
}