{
  "code": 200,
  "result": [
    -0.14362474793858662,
    1.15995524933,
    0,
    -0.002114381933631551,
    1.1578864982727215,
    1.1545623423034197,
    67251.64108994747,
    "pi_xbtusd",
    null,
    -9659,
    null,
    57384,
    -0.002114381933631551,
    -168130,
    100877
  ],
  "time": 1616409489955
}