{
  "code": 200,
  "result": [
    -0.15217191662465776,
    1.1601361385,
    0,
    0.009571422319689857,
    1.1697096738712915,
    1.1661518018169235,
    63474.2613108079,
    "pi_xbtusd",
    null,
    -9659,
    null,
    57384,
    0.009571422319689857,
    -158686,
    95211
  ],
  "time": 1616452211006
}