{
  "code": 200,
  "result": [
    -0.15160025114041184,
    1.1601361385,
    0,
    0.009045491639110231,
    1.169183841338107,
    1.1656364878973504,
    63713.61476871074,
    "pi_xbtusd",
    null,
    -9659,
    null,
    57384,
    0.009045491639110231,
    -159285,
    95570
  ],
  "time": 1616452629554
}