{
  "code": 200,
  "result": [
    -0.1454630255538057,
    1.15995524933,
    0,
    0.00030340498555215677,
    1.160283516461132,
    1.1569110047534465,
    66401.7537324439,
    "pi_xbtusd",
    null,
    -9659,
    null,
    57384,
    0.00030340498555215677,
    -166005,
    99602
  ],
  "time": 1616405171013
}