{
  "code": 200,
  "result": [
    -0.14597088737643066,
    1.16002449842,
    0,
    0.0013095436665430998,
    1.1613936961670488,
    1.1580010616857437,
    66170.72879122334,
    "pi_xbtusd",
    null,
    -9659,
    null,
    57384,
    0.0013095436665430998,
    -165427,
    99256
  ],
  "time": 1616425871443
}