{
  "code": 200,
  "result": [
    -0.1986107972346393,
    1.16011742818,
    0,
    0.00837608443247725,
    1.16849726789025,
    1.1638530436009533,
    63757.862997951204,
    "pi_xbtusd",
    null,
    -12663,
    null,
    56572.889153590084,
    0.00837608443247725,
    -159395,
    95636
  ],
  "time": 1616460249453
}