{
  "code": 200,
  "result": [
    -0.15216035681872797,
    1.1601361385,
    0,
    0.009760832207583428,
    1.1699003076861878,
    1.1663386474340618,
    63479.083527038405,
    "pi_xbtusd",
    null,
    -9659,
    null,
    57384,
    0.009760832207583428,
    -158698,
    95218
  ],
  "time": 1616457430122
}