{
  "code": 200,
  "result": [
    -0.14579048998755004,
    1.16002449842,
    0,
    0.0009216628505400829,
    1.1609902163502024,
    1.1576053394852173,
    66252.60674290101,
    "pi_xbtusd",
    null,
    -9659,
    null,
    57384,
    0.0009216628505400829,
    -165632,
    99378
  ],
  "time": 1616422871903
}