{
  "code": 200,
  "result": [
    -0.19745662099994069,
    1.16011742818,
    0,
    0.006622263194782792,
    1.1667540748584708,
    1.162144926993928,
    64130.54136079744,
    "pi_xbtusd",
    null,
    -12663,
    null,
    56572.889153590084,
    0.006622263194782792,
    -160327,
    96195
  ],
  "time": 1616467449516
}