{
  "code": 200,
  "result": [
    -0.19934140819939503,
    1.16013853049,
    0,
    0.009249099094427659,
    1.169388300542225,
    1.1647266159596892,
    63524.1825287679,
    "pi_xbtusd",
    null,
    -12663,
    null,
    56572.889153590084,
    0.009249099094427659,
    -158811,
    95286
  ],
  "time": 1616473630396
}