{
  "code": 200,
  "result": [
    -0.19724302397841195,
    1.16011742818,
    0,
    0.006354149433206081,
    1.1664825981057454,
    1.161878812516434,
    64199.98915341083,
    "pi_xbtusd",
    null,
    -12663,
    null,
    56572.889153590084,
    0.006354149433206081,
    -160500,
    96299
  ],
  "time": 1616465171011
}