{
  "code": 200,
  "result": [
    -0.14487973058632367,
    1.15995524933,
    0,
    -0.00047312117192830185,
    1.1594844806795637,
    1.156127499495028,
    66669.09139677671,
    "pi_xbtusd",
    null,
    -9659,
    null,
    57384,
    -0.00047312117192830185,
    -166673,
    100003
  ],
  "time": 1616400490291
}