{
  "code": 200,
  "result": [
    -0.14816718956357014,
    1.1601361385,
    0,
    0.004097614229118068,
    1.164233994048498,
    1.1607855981559414,
    65189.87117492615,
    "pi_xbtusd",
    null,
    -9659,
    null,
    57384,
    0.004097614229118068,
    -162975,
    97784
  ],
  "time": 1616444230210
}