{
  "code": 200,
  "result": [
    -0.14530261392587665,
    1.16002449842,
    0,
    7.556534840701649e-05,
    1.1601235198478994,
    1.1567555649329568,
    66475.06014535537,
    "pi_xbtusd",
    null,
    -9659,
    null,
    57384,
    7.556534840701649e-05,
    -166188,
    99712
  ],
  "time": 1616418910818
}