{
  "code": 200,
  "result": [
    -0.14634664037716175,
    1.16002449842,
    0,
    0.001621429781360509,
    1.1616803112517795,
    1.158281439048178,
    66000.83182714008,
    "pi_xbtusd",
    null,
    -9659,
    null,
    57384,
    0.001621429781360509,
    -165003,
    99001
  ],
  "time": 1616421012150
}