{
  "code": 200,
  "result": [
    -0.14550483884184062,
    1.15995524933,
    0,
    0.0005303860851232454,
    1.160518284587418,
    1.157141233257741,
    66382.6720601302,
    "pi_xbtusd",
    null,
    -9659,
    null,
    57384,
    0.0005303860851232454,
    -165957,
    99574
  ],
  "time": 1616406790084
}