{
  "code": 200,
  "result": [
    -0.14560516816068958,
    1.16009938678,
    0,
    0.0007616788235213501,
    1.1608764074355988,
    1.157494730251154,
    66336.93104451036,
    "pi_xbtusd",
    null,
    -9659,
    null,
    57384,
    0.0007616788235213501,
    -165843,
    99505
  ],
  "time": 1616434812150
}