{
  "code": 200,
  "result": [
    -0.14684476762379264,
    1.16009938678,
    0,
    0.0037919149064113496,
    1.1639199589398286,
    1.160477677033726,
    65776.94361399223,
    "pi_xbtusd",
    null,
    -9659,
    null,
    57384,
    0.0037919149064113496,
    -164443,
    98665
  ],
  "time": 1616440029592
}