{
  "code": 200,
  "result": [
    -0.19653154788532265,
    1.16011742818,
    0,
    0.005219519842153234,
    1.1653465499970599,
    1.1607654569995696,
    64432.40353141134,
    "pi_xbtusd",
    null,
    -12663,
    null,
    56572.889153590084,
    0.005219519842153234,
    -161082,
    96648
  ],
  "time": 1616464210550
}