{
  "code": 200,
  "result": [
    -0.19831526005661784,
    1.16011742818,
    0,
    0.007744394848313738,
    1.16786345375431,
    1.1632318632566965,
    63852.87746583288,
    "pi_xbtusd",
    null,
    -12663,
    null,
    56572.889153590084,
    0.007744394848313738,
    -159633,
    95779
  ],
  "time": 1616458809770
}