{
  "code": 200,
  "result": [
    -0.14528984610538714,
    1.15995524933,
    0,
    0.00018426354659083707,
    1.1601536913059445,
    1.1567835624270384,
    66480.90185871467,
    "pi_xbtusd",
    null,
    -9659,
    null,
    57384,
    0.00018426354659083707,
    -166203,
    99721
  ],
  "time": 1616402949468
}