{
  "code": 200,
  "result": [
    -0.14832448330620362,
    1.1601361385,
    0,
    0.00434573463486781,
    1.1644820865170324,
    1.1610287282163607,
    65120.73923803795,
    "pi_xbtusd",
    null,
    -9659,
    null,
    57384,
    0.00434573463486781,
    -162802,
    97681
  ],
  "time": 1616444111545
}