{
  "code": 200,
  "result": [
    -0.15088967585997068,
    1.1601361385,
    0,
    0.00792568698201556,
    1.1680645293602845,
    1.1645395720126699,
    64013.65729596894,
    "pi_xbtusd",
    null,
    -9659,
    null,
    57384,
    0.00792568698201556,
    -160035,
    96020
  ],
  "time": 1616454729833
}