{
  "code": 200,
  "result": [
    -0.14557103615575304,
    1.16002449842,
    0,
    0.0005687678752604677,
    1.1606597795774265,
    1.1572819606119469,
    66352.48504836771,
    "pi_xbtusd",
    null,
    -9659,
    null,
    57384,
    0.0005687678752604677,
    -165882,
    99528
  ],
  "time": 1616427190101
}