{
  "code": 200,
  "result": [
    -0.14333535645503118,
    1.15995524933,
    0,
    -0.002761792165691897,
    1.1572327497097565,
    1.153921541945096,
    67387.4209328829,
    "pi_xbtusd",
    null,
    -9659,
    null,
    57384,
    -0.002761792165691897,
    -168469,
    101081
  ],
  "time": 1616408172101
}