{
  "code": 200,
  "result": [
    -0.19909869996412285,
    1.16011742818,
    0,
    0.008923490657297393,
    1.1690431686973624,
    1.1643879962835693,
    63601.6207151621,
    "pi_xbtusd",
    null,
    -12663,
    null,
    56572.889153590084,
    0.008923490657297393,
    -159005,
    95402
  ],
  "time": 1616459229108
}