{
  "code": 200,
  "result": [
    -0.14495258557251822,
    1.15995524933,
    0,
    -0.00034906583562749566,
    1.1596157527714988,
    1.156256290480237,
    66635.58267587925,
    "pi_xbtusd",
    null,
    -9659,
    null,
    57384,
    -0.00034906583562749566,
    -166589,
    99953
  ],
  "time": 1616401990353
}