{
  "code": 200,
  "result": [
    -0.19762234853500443,
    1.16011742818,
    0,
    0.006792251846919345,
    1.166924596927005,
    1.1623120492894194,
    64076.76102359966,
    "pi_xbtusd",
    null,
    -12663,
    null,
    56572.889153590084,
    0.006792251846919345,
    -160192,
    96115
  ],
  "time": 1616467810517
}