{
  "code": 200,
  "result": [
    -0.14824143739816398,
    1.1601361385,
    0,
    0.004189227786599731,
    1.16432559373974,
    1.1608753655760338,
    65157.22033952451,
    "pi_xbtusd",
    null,
    -9659,
    null,
    57384,
    0.004189227786599731,
    -162894,
    97735
  ],
  "time": 1616444170944
}