{
  "code": 200,
  "result": [
    -0.14394632262215426,
    1.15995524933,
    0,
    -0.0016799548218358281,
    1.1583344866601935,
    1.1550016421486557,
    67101.40157837849,
    "pi_xbtusd",
    null,
    -9659,
    null,
    57384,
    -0.0016799548218358281,
    -167754,
    100652
  ],
  "time": 1616412310016
}