{
  "code": 200,
  "result": [
    -0.1466377272430269,
    1.16009938678,
    0,
    0.0019960090337610005,
    1.1621044526677975,
    1.1586980888791478,
    65869.81523514657,
    "pi_xbtusd",
    null,
    -9659,
    null,
    57384,
    0.0019960090337610005,
    -164675,
    98804
  ],
  "time": 1616432349657
}