{
  "code": 200,
  "result": [
    -0.14559855511276995,
    1.15995524933,
    0,
    0.0006574078677066419,
    1.1606303047035966,
    1.157250712938268,
    66339.94405039835,
    "pi_xbtusd",
    null,
    -9659,
    null,
    57384,
    0.0006574078677066419,
    -165850,
    99509
  ],
  "time": 1616403671795
}