{
  "code": 200,
  "result": [
    -0.14539043651843508,
    1.15995524933,
    0,
    0.00020190350565357036,
    1.1601794210449041,
    1.1568089393668166,
    66434.90611416705,
    "pi_xbtusd",
    null,
    -9659,
    null,
    57384,
    0.00020190350565357036,
    -166088,
    99652
  ],
  "time": 1616404631005
}