{
  "code": 200,
  "result": [
    -0.1441960456150962,
    1.15995524933,
    0,
    -0.001409986857298256,
    1.1586093622742069,
    1.1552711184033784,
    66985.19337890067,
    "pi_xbtusd",
    null,
    -9659,
    null,
    57384,
    -0.001409986857298256,
    -167463,
    100477
  ],
  "time": 1616413330035
}