{
  "code": 200,
  "result": [
    -0.1456507359599439,
    1.16002449842,
    0,
    0.000748360472978706,
    1.1608443631982694,
    1.1574629523808355,
    66316.17709543442,
    "pi_xbtusd",
    null,
    -9659,
    null,
    57384,
    0.000748360472978706,
    -165791,
    99474
  ],
  "time": 1616428149763
}