{
  "code": 200,
  "result": [
    -0.19785492162920715,
    1.16011742818,
    0,
    0.007024554752926094,
    1.167148750269852,
    1.1625315565741465,
    64001.44052889054,
    "pi_xbtusd",
    null,
    -12663,
    null,
    56572.889153590084,
    0.007024554752926094,
    -160004,
    96002
  ],
  "time": 1616462289883
}