{
  "code": 200,
  "result": [
    -0.1519072076486579,
    1.1601361385,
    0,
    0.00931460121047799,
    1.1694536683540515,
    1.1659009327218677,
    63584.869668199295,
    "pi_xbtusd",
    null,
    -9659,
    null,
    57384,
    0.00931460121047799,
    -158963,
    95377
  ],
  "time": 1616455689262
}