{
  "code": 200,
  "result": [
    -0.14482203768042584,
    1.15995524933,
    0,
    -0.0005423664347260584,
    1.1594169646723862,
    1.1560613683931065,
    66695.65043211315,
    "pi_xbtusd",
    null,
    -9659,
    null,
    57384,
    -0.0005423664347260584,
    -166740,
    100043
  ],
  "time": 1616400850131
}