{
  "code": 200,
  "result": [
    -0.1437111990980278,
    1.15995524933,
    0,
    -0.0020535840592430495,
    1.157956241292751,
    1.1546308693659617,
    67211.18507550296,
    "pi_xbtusd",
    null,
    -9659,
    null,
    57384,
    -0.0020535840592430495,
    -168028,
    100816
  ],
  "time": 1616411349600
}