{
  "code": 200,
  "result": [
    -0.1456182118368192,
    1.16009938678,
    0,
    0.000600519846123427,
    1.1607020773077805,
    1.1573236233028836,
    66330.98894816772,
    "pi_xbtusd",
    null,
    -9659,
    null,
    57384,
    0.000600519846123427,
    -165828,
    99496
  ],
  "time": 1616429651567
}