{
  "code": 200,
  "result": [
    -0.1983518630764447,
    1.16011742818,
    0,
    0.007854559840480927,
    1.1679928367655736,
    1.1633590429681169,
    63841.09432397762,
    "pi_xbtusd",
    null,
    -12663,
    null,
    56572.889153590084,
    0.007854559840480927,
    -159603,
    95761
  ],
  "time": 1616471829140
}