{
  "code": 200,
  "result": [
    -0.14548983300277302,
    1.16002449842,
    0,
    0.0003600930310739896,
    1.1604042975219706,
    1.1570306520533749,
    66389.51877699867,
    "pi_xbtusd",
    null,
    -9659,
    null,
    57384,
    0.0003600930310739896,
    -165974,
    99584
  ],
  "time": 1616418189878
}