{
  "code": 200,
  "result": [
    -0.19830751579664888,
    1.16013853049,
    0,
    0.007626930424150523,
    1.1677655637540085,
    1.1631363225448783,
    63855.37103386975,
    "pi_xbtusd",
    null,
    -12663,
    null,
    56572.889153590084,
    0.007626930424150523,
    -159639,
    95783
  ],
  "time": 1616472250171
}