{
  "code": 200,
  "result": [
    -0.14853814769605828,
    1.16009938678,
    0,
    0.005021262691278848,
    1.165157269704614,
    1.161690400842814,
    65027.06644601789,
    "pi_xbtusd",
    null,
    -9659,
    null,
    57384,
    0.005021262691278848,
    -162568,
    97540
  ],
  "time": 1616443148924
}