{
  "code": 200,
  "result": [
    -0.1453224674987716,
    1.16002449842,
    0,
    0.0001144749330464575,
    1.160166168343096,
    1.1567974352364607,
    66465.9784976583,
    "pi_xbtusd",
    null,
    -9659,
    null,
    57384,
    0.0001144749330464575,
    -166165,
    99698
  ],
  "time": 1616419630304
}