{
  "code": 200,
  "result": [
    -0.14597699144821766,
    1.16002449842,
    0,
    0.0010529867362926017,
    1.1611134234455154,
    1.1577259201028152,
    66167.96184230398,
    "pi_xbtusd",
    null,
    -9659,
    null,
    57384,
    0.0010529867362926017,
    -165420,
    99251
  ],
  "time": 1616421311325
}