{
  "code": 200,
  "result": [
    -0.15177224732541536,
    1.1601361385,
    0,
    0.009076438466989327,
    1.1692154498367413,
    1.1656674774594271,
    63641.4111948287,
    "pi_xbtusd",
    null,
    -9659,
    null,
    57384,
    0.009076438466989327,
    -159104,
    95462
  ],
  "time": 1616455451349
}