{
  "code": 200,
  "result": [
    -0.14553960175588607,
    1.16002449842,
    0,
    0.0004389306395941038,
    1.1604809550991437,
    1.1571057328783776,
    66366.81620306385,
    "pi_xbtusd",
    null,
    -9659,
    null,
    57384,
    0.0004389306395941038,
    -165918,
    99550
  ],
  "time": 1616417770932
}