{
  "code": 200,
  "result": [
    -0.1457453303797799,
    1.16009938678,
    0,
    0.000856447641252094,
    1.160976684567985,
    1.1575931120071856,
    66273.13530272836,
    "pi_xbtusd",
    null,
    -9659,
    null,
    57384,
    0.000856447641252094,
    -165683,
    99409
  ],
  "time": 1616436970844
}