{
  "code": 200,
  "result": [
    -0.14463720961790394,
    1.16002449842,
    0,
    -0.0006763212115195195,
    1.1593513495625956,
    1.1559984323788517,
    66780.87903878062,
    "pi_xbtusd",
    null,
    -9659,
    null,
    57384,
    -0.0006763212115195195,
    -166953,
    100171
  ],
  "time": 1616415011427
}