{
  "code": 200,
  "result": [
    -0.14565116986551072,
    1.15995524933,
    0,
    0.0006086443611302565,
    1.1605850033149847,
    1.1572063868197877,
    66315.9795346566,
    "pi_xbtusd",
    null,
    -9659,
    null,
    57384,
    0.0006086443611302565,
    -165790,
    99473
  ],
  "time": 1616404390705
}