{
  "code": 200,
  "result": [
    -0.1984761526627768,
    1.16011742818,
    0,
    0.008030617447660881,
    1.1681516235890692,
    1.1635143086394688,
    63801.11580213476,
    "pi_xbtusd",
    null,
    -12663,
    null,
    56572.889153590084,
    0.008030617447660881,
    -159503,
    95701
  ],
  "time": 1616460129568
}