{
  "code": 200,
  "result": [
    -0.14562400680846768,
    1.16002449842,
    0,
    0.0007246885851462009,
    1.1608166480359052,
    1.1574357106562279,
    66328.3493682743,
    "pi_xbtusd",
    null,
    -9659,
    null,
    57384,
    0.0007246885851462009,
    -165821,
    99492
  ],
  "time": 1616427372372
}