{
  "code": 200,
  "result": [
    -0.19749140750693067,
    1.16011742818,
    0,
    0.006644284623097039,
    1.1667734408487493,
    1.1621638525556401,
    64119.245286940444,
    "pi_xbtusd",
    null,
    -12663,
    null,
    56572.889153590084,
    0.006644284623097039,
    -160299,
    96178
  ],
  "time": 1616465650062
}