{
  "code": 200,
  "result": [
    -0.14860966369656317,
    1.16009938678,
    0,
    0.004776626959639595,
    1.1649088030451153,
    1.1614468268979483,
    64995.77322052293,
    "pi_xbtusd",
    null,
    -9659,
    null,
    57384,
    0.004776626959639595,
    -162490,
    97493
  ],
  "time": 1616441648831
}