{
  "code": 200,
  "result": [
    -0.19868277334918177,
    1.16011742818,
    0,
    0.00823564761458784,
    1.1683725959246336,
    1.1637311803716948,
    63734.76565955208,
    "pi_xbtusd",
    null,
    -12663,
    null,
    56572.889153590084,
    0.00823564761458784,
    -159337,
    95602
  ],
  "time": 1616470929527
}