{
  "code": 200,
  "result": [
    -0.1438818260633371,
    1.15995524933,
    0,
    -0.0018723574638308592,
    1.1581415057257651,
    1.1548125092670674,
    67131.48049530652,
    "pi_xbtusd",
    null,
    -9659,
    null,
    57384,
    -0.0018723574638308592,
    -167829,
    100697
  ],
  "time": 1616412189904
}