{
  "code": 200,
  "result": [
    -0.15143250279360815,
    1.1601361385,
    0,
    0.008782878894530907,
    1.1689209751761902,
    1.1653788739903252,
    63784.193101295685,
    "pi_xbtusd",
    null,
    -9659,
    null,
    57384,
    0.008782878894530907,
    -159461,
    95676
  ],
  "time": 1616451549318
}