{
  "code": 200,
  "result": [
    -0.1989133941991798,
    1.16013853049,
    0,
    0.00868628496410745,
    1.1688262035996324,
    1.164175775299703,
    63660.871360528094,
    "pi_xbtusd",
    null,
    -12663,
    null,
    56572.889153590084,
    0.00868628496410745,
    -159153,
    95491
  ],
  "time": 1616475371408
}