{
  "code": 200,
  "result": [
    -0.14518248715051618,
    1.15995524933,
    0,
    0.00017985413381982438,
    1.160148424930853,
    1.1567783842402022,
    66530.06288551971,
    "pi_xbtusd",
    null,
    -9659,
    null,
    57384,
    0.00017985413381982438,
    -166326,
    99795
  ],
  "time": 1616402770729
}