{
  "code": 200,
  "result": [
    -0.14364584146320988,
    1.15995524933,
    0,
    -0.002183708738493728,
    1.1578200598859516,
    1.154497290452747,
    67241.76559245422,
    "pi_xbtusd",
    null,
    -9659,
    null,
    57384,
    -0.002183708738493728,
    -168105,
    100862
  ],
  "time": 1616410089944
}