{
  "code": 200,
  "result": [
    -0.14849064042468665,
    1.16009938678,
    0,
    0.004596891900037469,
    1.164727695081615,
    1.16126931363564,
    65047.87084475518,
    "pi_xbtusd",
    null,
    -9659,
    null,
    57384,
    0.004596891900037469,
    -162620,
    97571
  ],
  "time": 1616441110751
}