{
  "code": 200,
  "result": [
    -0.1449188271345414,
    1.16002449842,
    0,
    -0.00035563806798383755,
    1.1596763940429669,
    1.1563170631963522,
    66651.10524964894,
    "pi_xbtusd",
    null,
    -9659,
    null,
    57384,
    -0.00035563806798383755,
    -166628,
    99976
  ],
  "time": 1616415849617
}