{
  "code": 200,
  "result": [
    -0.14710462959844192,
    1.16009938678,
    0,
    0.0027243930030888567,
    1.1628507571332378,
    1.1594298256652018,
    65660.74790689188,
    "pi_xbtusd",
    null,
    -9659,
    null,
    57384,
    0.0027243930030888567,
    -164152,
    98491
  ],
  "time": 1616439370677
}