{
  "code": 200,
  "result": [
    -0.1459485457646158,
    1.16002449842,
    0,
    0.0010180955528245074,
    1.16109069332553,
    1.1577038878064991,
    66180.85811953158,
    "pi_xbtusd",
    null,
    -9659,
    null,
    57384,
    0.0010180955528245074,
    -165453,
    99271
  ],
  "time": 1616423650170
}