{
  "code": 200,
  "result": [
    -0.19848289487708806,
    1.16013853049,
    0,
    0.007995596738571349,
    1.1681346257480978,
    1.1634980112126792,
    63798.948558472264,
    "pi_xbtusd",
    null,
    -12663,
    null,
    56572.889153590084,
    0.007995596738571349,
    -159498,
    95698
  ],
  "time": 1616473210742
}