{
  "code": 200,
  "result": [
    -0.15145055870795107,
    1.1601361385,
    0,
    0.008686322753313071,
    1.1688238847487733,
    1.1652837146857327,
    63776.58875875053,
    "pi_xbtusd",
    null,
    -9659,
    null,
    57384,
    0.008686322753313071,
    -159442,
    95664
  ],
  "time": 1616449270878
}