{
  "code": 200,
  "result": [
    -0.19883884360034185,
    1.16013853049,
    0,
    0.008692689571740788,
    1.168832410163547,
    1.164181853771465,
    63684.739715405536,
    "pi_xbtusd",
    null,
    -12663,
    null,
    56572.889153590084,
    0.008692689571740788,
    -159212,
    95527
  ],
  "time": 1616474890072
}