{
  "code": 200,
  "result": [
    -0.14552620796714513,
    1.16002449842,
    0,
    0.00059387309690404,
    1.1606387086626444,
    1.1572603875927319,
    66372.92440259746,
    "pi_xbtusd",
    null,
    -9659,
    null,
    57384,
    0.00059387309690404,
    -165933,
    99559
  ],
  "time": 1616418311226
}