{
  "code": 200,
  "result": [
    -0.14704925879967307,
    1.16009938678,
    0,
    0.002554182353101422,
    1.1626808501494437,
    1.1592633228944074,
    65685.47219376719,
    "pi_xbtusd",
    null,
    -9659,
    null,
    57384,
    0.002554182353101422,
    -164214,
    98528
  ],
  "time": 1616439489619
}