{
  "code": 200,
  "result": [
    -0.19728551877193234,
    1.16011742818,
    0,
    0.00605535292283234,
    1.1661865457447316,
    1.1615887360856278,
    64186.16064080602,
    "pi_xbtusd",
    null,
    -12663,
    null,
    56572.889153590084,
    0.00605535292283234,
    -160466,
    96279
  ],
  "time": 1616467029752
}