{
  "code": 200,
  "result": [
    -0.14594567208762377,
    1.16009938678,
    0,
    0.0011748473930744624,
    1.1612963095915347,
    1.157906369035699,
    66182.16122367006,
    "pi_xbtusd",
    null,
    -9659,
    null,
    57384,
    0.0011748473930744624,
    -165456,
    99273
  ],
  "time": 1616437450219
}