{
  "code": 200,
  "result": [
    -0.14440032821466023,
    1.15995524933,
    0,
    -0.0010986212498107005,
    1.1589241890186301,
    1.155579717835652,
    66890.42967853429,
    "pi_xbtusd",
    null,
    -9659,
    null,
    57384,
    -0.0010986212498107005,
    -167227,
    100335
  ],
  "time": 1616414049509
}