{
  "code": 200,
  "result": [
    -0.148375008836655,
    1.1601361385,
    0,
    0.0042061754108744425,
    1.1643423865021376,
    1.1608918193859459,
    65098.56394100388,
    "pi_xbtusd",
    null,
    -9659,
    null,
    57384,
    0.0042061754108744425,
    -162747,
    97647
  ],
  "time": 1616443510835
}