{
  "code": 200,
  "result": [
    -0.14565012620493295,
    1.16002449842,
    0,
    0.0007172924795388105,
    1.1607845853480827,
    1.1574037958905177,
    66316.45472390167,
    "pi_xbtusd",
    null,
    -9659,
    null,
    57384,
    0.0007172924795388105,
    -165792,
    99474
  ],
  "time": 1616422630102
}