{
  "code": 200,
  "result": [
    -0.19815803982372623,
    1.16011742818,
    0,
    0.007702051588018499,
    1.1678348374834953,
    1.1632040938510877,
    63903.538868594565,
    "pi_xbtusd",
    null,
    -12663,
    null,
    56572.889153590084,
    0.007702051588018499,
    -159759,
    95855
  ],
  "time": 1616468109536
}