{
  "code": 200,
  "result": [
    -0.1460581019991433,
    1.16002449842,
    0,
    0.0012105471053743579,
    1.1612687912654533,
    1.1578781367153714,
    66131.21674042194,
    "pi_xbtusd",
    null,
    -9659,
    null,
    57384,
    0.0012105471053743579,
    -165329,
    99196
  ],
  "time": 1616420889617
}