{
  "code": 200,
  "result": [
    -0.14371182202564373,
    1.15995524933,
    0,
    -0.0019490508906971726,
    1.1580636597679892,
    1.1547361971778287,
    67210.8937445415,
    "pi_xbtusd",
    null,
    -9659,
    null,
    57384,
    -0.0019490508906971726,
    -168028,
    100816
  ],
  "time": 1616411949840
}