{
  "code": 200,
  "result": [
    -0.19879021617813028,
    1.16011742818,
    0,
    0.008565730711570886,
    1.1686852308300455,
    1.1640372136151669,
    63700.31807125278,
    "pi_xbtusd",
    null,
    -12663,
    null,
    56572.889153590084,
    0.008565730711570886,
    -159251,
    95550
  ],
  "time": 1616459109412
}