{
  "code": 200,
  "result": [
    -0.14437216832643365,
    1.16002449842,
    0,
    -0.0012353026606782874,
    1.1587892671060858,
    1.155447529551325,
    66903.47670168985,
    "pi_xbtusd",
    null,
    -9659,
    null,
    57384,
    -0.0012353026606782874,
    -167259,
    100355
  ],
  "time": 1616414414975
}