{
  "code": 200,
  "result": [
    -0.14805986589913672,
    1.16009938678,
    0,
    0.0039407885916296955,
    1.1640755751722138,
    1.160630315792407,
    65237.12514085371,
    "pi_xbtusd",
    null,
    -9659,
    null,
    57384,
    0.0039407885916296955,
    -163093,
    97855
  ],
  "time": 1616442671670
}