{
  "code": 200,
  "result": [
    -0.15159254443758133,
    1.1601361385,
    0,
    0.008877914998372975,
    1.169016490028806,
    1.1654724881208642,
    63716.85385871415,
    "pi_xbtusd",
    null,
    -9659,
    null,
    57384,
    0.008877914998372975,
    -159293,
    95575
  ],
  "time": 1616453590358
}