{
  "code": 200,
  "result": [
    -0.19928270726980407,
    1.16013853049,
    0,
    0.00928128089905854,
    1.1694209023954834,
    1.1647585741768551,
    63542.894280615474,
    "pi_xbtusd",
    null,
    -12663,
    null,
    56572.889153590084,
    0.00928128089905854,
    -158858,
    95314
  ],
  "time": 1616474649564
}