{
  "code": 200,
  "result": [
    -0.19848917584235956,
    1.16011742818,
    0,
    0.008036985986099669,
    1.1681728766229245,
    1.1635354343025552,
    63796.92971296821,
    "pi_xbtusd",
    null,
    -12663,
    null,
    56572.889153590084,
    0.008036985986099669,
    -159493,
    95695
  ],
  "time": 1616470212211
}