{
  "code": 200,
  "result": [
    -0.14576780284129923,
    1.16009938678,
    0,
    0.0009090605398598371,
    1.1610274590153824,
    1.157642834196611,
    66262.9182283551,
    "pi_xbtusd",
    null,
    -9659,
    null,
    57384,
    0.0009090605398598371,
    -165658,
    99394
  ],
  "time": 1616436250067
}