{
  "code": 200,
  "result": [
    -0.14463882382147134,
    1.15995524933,
    0,
    -0.0009203831561069991,
    1.159040689839776,
    1.155692653894924,
    66780.13374833694,
    "pi_xbtusd",
    null,
    -9659,
    null,
    57384,
    -0.0009203831561069991,
    -166951,
    100170
  ],
  "time": 1616401211882
}