{
  "code": 200,
  "result": [
    -0.14719258887978098,
    1.16009938678,
    0,
    0.0028524632828045393,
    1.1629583060716115,
    1.159534813197981,
    65621.51038656541,
    "pi_xbtusd",
    null,
    -9659,
    null,
    57384,
    0.0028524632828045393,
    -164054,
    98432
  ],
  "time": 1616431331022
}