{
  "code": 200,
  "result": [
    -0.1449361826158399,
    1.15995524933,
    0,
    -0.00018312928159103977,
    1.159780246636122,
    1.1564174656137796,
    66643.1240679329,
    "pi_xbtusd",
    null,
    -9659,
    null,
    57384,
    -0.00018312928159103977,
    -166608,
    99964
  ],
  "time": 1616401690770
}