{
  "code": 200,
  "result": [
    -0.198743912623741,
    1.16011742818,
    0,
    0.008230331377115053,
    1.1683492998697744,
    1.163707990641585,
    63715.1590346991,
    "pi_xbtusd",
    null,
    -12663,
    null,
    56572.889153590084,
    0.008230331377115053,
    -159288,
    95572
  ],
  "time": 1616458749164
}