{
  "code": 200,
  "result": [
    -0.14363489305184665,
    1.15995524933,
    0,
    -0.0021644173958704324,
    1.1578405018791793,
    1.1545173466191223,
    67246.89102190144,
    "pi_xbtusd",
    null,
    -9659,
    null,
    57384,
    -0.0021644173958704324,
    -168118,
    100870
  ],
  "time": 1616410329667
}