{
  "code": 200,
  "result": [
    -0.15101691741060788,
    1.1601361385,
    0,
    0.008111606698911155,
    1.1682505055627703,
    1.1647218298208177,
    63959.72163660071,
    "pi_xbtusd",
    null,
    -9659,
    null,
    57384,
    0.008111606698911155,
    -159900,
    95939
  ],
  "time": 1616454970707
}