{
  "code": 200,
  "result": [
    -0.1443427606649502,
    1.15995524933,
    0,
    -0.0011868750337416087,
    1.1588373749040828,
    1.1554946687967833,
    66917.10727648174,
    "pi_xbtusd",
    null,
    -9659,
    null,
    57384,
    -0.0011868750337416087,
    -167293,
    100375
  ],
  "time": 1616414349652
}