{
  "code": 200,
  "result": [
    -0.14671912177963403,
    1.16009938678,
    0,
    0.0023104268760012563,
    1.1624341834741492,
    1.1590215313286547,
    65833.2730106401,
    "pi_xbtusd",
    null,
    -9659,
    null,
    57384,
    0.0023104268760012563,
    -164584,
    98749
  ],
  "time": 1616438349350
}