{
  "code": 200,
  "result": [
    -0.1454031069024343,
    1.15995524933,
    0,
    0.00026293684639335565,
    1.1602462172133146,
    1.1568745148684123,
    66429.11699597453,
    "pi_xbtusd",
    null,
    -9659,
    null,
    57384,
    0.00026293684639335565,
    -166073,
    99643
  ],
  "time": 1616405829552
}