{
  "code": 200,
  "result": [
    -0.14702881666026477,
    1.16009938678,
    0,
    0.0026055880639679033,
    1.1627304227125772,
    1.1593118673433236,
    65694.60476798077,
    "pi_xbtusd",
    null,
    -9659,
    null,
    57384,
    0.0026055880639679033,
    -164237,
    98541
  ],
  "time": 1616438771632
}