{
  "code": 200,
  "result": [
    -0.14668708541801165,
    1.16002449842,
    0,
    0.0021688705420811172,
    1.162225555209281,
    1.158815734190465,
    65847.65095355814,
    "pi_xbtusd",
    null,
    -9659,
    null,
    57384,
    0.0021688705420811172,
    -164620,
    98771
  ],
  "time": 1616420589904
}