{
  "code": 200,
  "result": [
    -0.1454181088178591,
    1.16002449842,
    0,
    0.00021734149972962337,
    1.1602596779317034,
    1.1568888874937344,
    66422.26390179651,
    "pi_xbtusd",
    null,
    -9659,
    null,
    57384,
    0.00021734149972962337,
    -166056,
    99633
  ],
  "time": 1616417830613
}