{
  "code": 200,
  "result": [
    -0.14573260890671635,
    1.16002449842,
    0,
    0.0008142327851324141,
    1.1608537535500065,
    1.1574710252863296,
    66278.92050009713,
    "pi_xbtusd",
    null,
    -9659,
    null,
    57384,
    0.0008142327851324141,
    -165698,
    99418
  ],
  "time": 1616417289808
}