{
  "code": 200,
  "result": [
    -0.1511879955487259,
    1.1601361385,
    0,
    0.008352031367064411,
    1.1684909016933367,
    1.164957417458021,
    63887.34743749567,
    "pi_xbtusd",
    null,
    -9659,
    null,
    57384,
    0.008352031367064411,
    -159719,
    95831
  ],
  "time": 1616454849200
}