{
  "code": 200,
  "result": [
    -0.1452510595028069,
    1.15995524933,
    0,
    -6.817066998105202e-05,
    1.1599211722000558,
    1.156556092005481,
    66498.65435104344,
    "pi_xbtusd",
    null,
    -9659,
    null,
    57384,
    -6.817066998105202e-05,
    -166247,
    99747
  ],
  "time": 1616407090056
}