{
  "code": 200,
  "result": [
    -0.1984351234291641,
    1.16011742818,
    0,
    0.007924526620002724,
    1.1680465962566078,
    1.1634114031235605,
    63814.3075740336,
    "pi_xbtusd",
    null,
    -12663,
    null,
    56572.889153590084,
    0.007924526620002724,
    -159536,
    95721
  ],
  "time": 1616460849368
}