{
  "code": 200,
  "result": [
    -0.15163824622237387,
    1.1601361385,
    0,
    0.009169343779196749,
    1.169307341685507,
    1.1657575112019487,
    63697.65043203749,
    "pi_xbtusd",
    null,
    -9659,
    null,
    57384,
    0.009169343779196749,
    -159245,
    95546
  ],
  "time": 1616451129486
}