{
  "code": 200,
  "result": [
    -0.19842786790927017,
    1.16013853049,
    0,
    0.00791922462702479,
    1.1680579315802682,
    1.1634228444870804,
    63816.64094576712,
    "pi_xbtusd",
    null,
    -12663,
    null,
    56572.889153590084,
    0.00791922462702479,
    -159542,
    95724
  ],
  "time": 1616472429067
}