{
  "code": 200,
  "result": [
    -0.19874194773724455,
    1.16011742818,
    0,
    0.00840589591433661,
    1.1685434641762438,
    1.16389864365731,
    63715.7889623869,
    "pi_xbtusd",
    null,
    -12663,
    null,
    56572.889153590084,
    0.00840589591433661,
    -159290,
    95573
  ],
  "time": 1616471349500
}