{
  "code": 200,
  "result": [
    -0.1991107288406995,
    1.16013853049,
    0,
    0.008904239735233651,
    1.1690442069933484,
    1.1643894195979967,
    63597.77835041304,
    "pi_xbtusd",
    null,
    -12663,
    null,
    56572.889153590084,
    0.008904239735233651,
    -158995,
    95396
  ],
  "time": 1616475489674
}