{
  "code": 200,
  "result": [
    -0.144703126840281,
    1.1599289151,
    0,
    -0.0007933563005138727,
    1.1591614759691922,
    1.155810899487228,
    66750.4580648165,
    "pi_xbtusd",
    null,
    -9659,
    null,
    57384,
    -0.0007933563005138727,
    -166877,
    100125
  ],
  "time": 1616399772630
}