{
  "code": 200,
  "result": [
    -0.1487884435710028,
    1.16009938678,
    0,
    0.005219808174353852,
    1.1653521403857312,
    1.1618813006142699,
    64917.67618626015,
    "pi_xbtusd",
    null,
    -9659,
    null,
    57384,
    0.005219808174353852,
    -162295,
    97376
  ],
  "time": 1616441709745
}