{
  "code": 200,
  "result": [
    -0.14699694617978779,
    1.16009938678,
    0,
    0.0025950020070228765,
    1.1627192206840393,
    1.1593008770359245,
    65708.84804767543,
    "pi_xbtusd",
    null,
    -9659,
    null,
    57384,
    0.0025950020070228765,
    -164273,
    98563
  ],
  "time": 1616438530236
}