{
  "code": 200,
  "result": [
    -0.19766965585453802,
    1.16011742818,
    0,
    0.007056125164199695,
    1.167185723290221,
    1.16256789818629,
    64061.42584331963,
    "pi_xbtusd",
    null,
    -12663,
    null,
    56572.889153590084,
    0.007056125164199695,
    -160154,
    96092
  ],
  "time": 1616465949441
}