{
  "code": 200,
  "result": [
    -0.1448272219976069,
    1.15995524933,
    0,
    -0.0005263357736044898,
    1.1594295407511912,
    1.1560736238586888,
    66693.26295687426,
    "pi_xbtusd",
    null,
    -9659,
    null,
    57384,
    -0.0005263357736044898,
    -166734,
    100039
  ],
  "time": 1616400131323
}