{
  "code": 200,
  "result": [
    -0.15172470368995572,
    1.1601361385,
    0,
    0.008974680332661949,
    1.1691128188218547,
    1.165566881607227,
    63661.35352445861,
    "pi_xbtusd",
    null,
    -9659,
    null,
    57384,
    0.008974680332661949,
    -159154,
    95492
  ],
  "time": 1616451729294
}