{
  "code": 200,
  "result": [
    -0.14607585692767489,
    1.16002449842,
    0,
    0.001041849690181591,
    1.1611041603557857,
    1.1577168797540076,
    66123.17875898114,
    "pi_xbtusd",
    null,
    -9659,
    null,
    57384,
    0.001041849690181591,
    -165308,
    99184
  ],
  "time": 1616421671252
}