{
  "code": 200,
  "result": [
    -0.1455593840817606,
    1.16002449842,
    0,
    0.0005562180626865504,
    1.1606494190168288,
    1.1572718510476008,
    66357.7965854441,
    "pi_xbtusd",
    null,
    -9659,
    null,
    57384,
    0.0005562180626865504,
    -165895,
    99536
  ],
  "time": 1616427611540
}