{
  "code": 200,
  "result": [
    -0.1488276623123508,
    1.1601361385,
    0,
    0.0048790568810602175,
    1.1650152394525597,
    1.1615512147069642,
    64900.56922165622,
    "pi_xbtusd",
    null,
    -9659,
    null,
    57384,
    0.0048790568810602175,
    -162252,
    97350
  ],
  "time": 1616443389223
}