{
  "code": 200,
  "result": [
    -0.19897746905101035,
    1.16013853049,
    0,
    0.008606257126737824,
    1.16874610125167,
    1.164097273508488,
    63640.371246021234,
    "pi_xbtusd",
    null,
    -12663,
    null,
    56572.889153590084,
    0.008606257126737824,
    -159101,
    95460
  ],
  "time": 1616475189737
}