{
  "code": 200,
  "result": [
    -0.14467089110801576,
    1.1599289151,
    0,
    -0.0008187770916567488,
    1.1591363787726428,
    1.1557863107065016,
    66765.33147769369,
    "pi_xbtusd",
    null,
    -9659,
    null,
    57384,
    -0.0008187770916567488,
    -166914,
    100147
  ],
  "time": 1616399950285
}