{
  "code": 200,
  "result": [
    -0.14575220155148666,
    1.16002449842,
    0,
    0.0007298662441756557,
    1.160793738415283,
    1.1574126974824253,
    66270.01099937402,
    "pi_xbtusd",
    null,
    -9659,
    null,
    57384,
    0.0007298662441756557,
    -165676,
    99405
  ],
  "time": 1616421971593
}