{
  "code": 200,
  "result": [
    -0.19863849613155996,
    1.16011742818,
    0,
    0.008332445711328313,
    1.1684533648995192,
    1.1638100133846454,
    63748.97236240244,
    "pi_xbtusd",
    null,
    -12663,
    null,
    56572.889153590084,
    0.008332445711328313,
    -159373,
    95623
  ],
  "time": 1616460070738
}