{
  "code": 200,
  "result": [
    -0.1456283664119888,
    1.16009938678,
    0,
    0.0006389335306474087,
    1.1607568748530528,
    1.1573776525744655,
    66326.3637296753,
    "pi_xbtusd",
    null,
    -9659,
    null,
    57384,
    0.0006389335306474087,
    -165816,
    99489
  ],
  "time": 1616436070774
}