{
  "code": 200,
  "result": [
    -0.1982780906464573,
    1.16011742818,
    0,
    0.007976498992149658,
    1.1681009619893061,
    1.163464729408816,
    63864.84739042071,
    "pi_xbtusd",
    null,
    -12663,
    null,
    56572.889153590084,
    0.007976498992149658,
    -159663,
    95797
  ],
  "time": 1616462470960
}