{
  "code": 200,
  "result": [
    -0.14595447386667218,
    1.16002449842,
    0,
    0.0011473391247537412,
    1.1612031024259062,
    1.1578137120354368,
    66178.17011093056,
    "pi_xbtusd",
    null,
    -9659,
    null,
    57384,
    0.0011473391247537412,
    -165446,
    99267
  ],
  "time": 1616420412788
}