{
  "code": 200,
  "result": [
    -0.19744983093936783,
    1.16011742818,
    0,
    0.006297673842262259,
    1.166426210058483,
    1.1618235539809907,
    64132.746732452295,
    "pi_xbtusd",
    null,
    -12663,
    null,
    56572.889153590084,
    0.006297673842262259,
    -160332,
    96199
  ],
  "time": 1616465230324
}