{
  "code": 200,
  "result": [
    -0.15142746305339919,
    1.1601361385,
    0,
    0.008548567900602308,
    1.168687227309986,
    1.1651498123439996,
    63786.31593790793,
    "pi_xbtusd",
    null,
    -9659,
    null,
    57384,
    0.008548567900602308,
    -159466,
    95679
  ],
  "time": 1616453949682
}