{
  "code": 200,
  "result": [
    -0.14670055038508617,
    1.16009938678,
    0,
    0.0021778990350083795,
    1.1622860370733863,
    1.1588760354847119,
    65841.60710130472,
    "pi_xbtusd",
    null,
    -9659,
    null,
    57384,
    0.0021778990350083795,
    -164605,
    98762
  ],
  "time": 1616432230012
}