{
  "code": 200,
  "result": [
    -0.14542958943017487,
    1.15995524933,
    0,
    0.00022910567952917255,
    1.1602100786234295,
    1.1568390529018646,
    66417.02034535122,
    "pi_xbtusd",
    null,
    -9659,
    null,
    57384,
    0.00022910567952917255,
    -166043,
    99625
  ],
  "time": 1616405350214
}