{
  "code": 200,
  "result": [
    -0.14432086050272658,
    1.15995524933,
    0,
    -0.0012071168590061915,
    1.1588113649372418,
    1.1554690636664475,
    66927.26170252787,
    "pi_xbtusd",
    null,
    -9659,
    null,
    57384,
    -0.0012071168590061915,
    -167319,
    100390
  ],
  "time": 1616413150483
}