{
  "code": 200,
  "result": [
    -0.14554430774104896,
    1.15995524933,
    0,
    0.00046989638691105574,
    1.1604416351519642,
    1.1570657936162516,
    66364.67031871284,
    "pi_xbtusd",
    null,
    -9659,
    null,
    57384,
    0.00046989638691105574,
    -165912,
    99547
  ],
  "time": 1616403430184
}