{
  "code": 200,
  "result": [
    -0.14420629552822445,
    1.15995524933,
    0,
    -0.0014395459371683212,
    1.1585809622991012,
    1.1552433096098702,
    66980.4321969391,
    "pi_xbtusd",
    null,
    -9659,
    null,
    57384,
    -0.0014395459371683212,
    -167452,
    100470
  ],
  "time": 1616413570837
}