{
  "code": 200,
  "result": [
    -0.1523367884740345,
    1.1601361385,
    0,
    0.00994653306371725,
    1.170086022442801,
    1.1665206481735522,
    63405.56405812872,
    "pi_xbtusd",
    null,
    -9659,
    null,
    57384,
    0.00994653306371725,
    -158514,
    95108
  ],
  "time": 1616457489547
}