{
  "code": 200,
  "result": [
    -0.15171411466374807,
    1.1601361385,
    0,
    0.00895840986360609,
    1.169096492014487,
    1.1655508802092407,
    63665.79682719533,
    "pi_xbtusd",
    null,
    -9659,
    null,
    57384,
    0.00895840986360609,
    -159165,
    95498
  ],
  "time": 1616451489159
}