{
  "code": 200,
  "result": [
    -0.14371955190052027,
    1.15995524933,
    0,
    -0.002070039637768341,
    1.1579363227450745,
    1.1546112799298556,
    67207.27884460537,
    "pi_xbtusd",
    null,
    -9659,
    null,
    57384,
    -0.002070039637768341,
    -168019,
    100810
  ],
  "time": 1616410629430
}