{
  "code": 200,
  "result": [
    -0.14475539277594945,
    1.15995524933,
    0,
    -0.0006603161390402752,
    1.1592952711842355,
    1.155942033899042,
    66726.35688917011,
    "pi_xbtusd",
    null,
    -9659,
    null,
    57384,
    -0.0006603161390402752,
    -166816,
    100089
  ],
  "time": 1616400071675
}