{
  "code": 200,
  "result": [
    -0.14597224576709952,
    1.16002449842,
    0,
    0.0012217063496874525,
    1.161261864705733,
    1.1578709869707648,
    66170.11301868336,
    "pi_xbtusd",
    null,
    -9659,
    null,
    57384,
    0.0012217063496874525,
    -165426,
    99255
  ],
  "time": 1616417412246
}