{
  "code": 200,
  "result": [
    -0.14554181737874936,
    1.16002449842,
    0,
    0.0005990427455363183,
    1.1606906833851078,
    1.1573122589222227,
    66365.8058828824,
    "pi_xbtusd",
    null,
    -9659,
    null,
    57384,
    0.0005990427455363183,
    -165915,
    99548
  ],
  "time": 1616427311608
}