{
  "code": 200,
  "result": [
    -0.145496648013114,
    1.16002449842,
    0,
    0.0005599089904203684,
    1.1606534284385146,
    1.157275786650732,
    66386.40911596402,
    "pi_xbtusd",
    null,
    -9659,
    null,
    57384,
    0.0005599089904203684,
    -165967,
    99579
  ],
  "time": 1616427672575
}