{
  "code": 200,
  "result": [
    -0.1455931510182015,
    1.16002449842,
    0,
    0.0005503129138689219,
    1.160603873353126,
    1.1572264234868743,
    66342.4064418557,
    "pi_xbtusd",
    null,
    -9659,
    null,
    57384,
    0.0005503129138689219,
    -165857,
    99513
  ],
  "time": 1616419989592
}