{
  "code": 200,
  "result": [
    -0.14658663089044763,
    1.16009938678,
    0,
    0.001982495530473646,
    1.1620933914485674,
    1.1586872979299836,
    65892.7757690175,
    "pi_xbtusd",
    null,
    -9659,
    null,
    57384,
    0.001982495530473646,
    -164732,
    98839
  ],
  "time": 1616433310555
}