{
  "code": 200,
  "result": [
    -0.1529591492897772,
    1.1601361385,
    0,
    0.010409176693914234,
    1.1705470623424543,
    1.1669724352006017,
    63147.579238305465,
    "pi_xbtusd",
    null,
    -9659,
    null,
    57384,
    0.010409176693914234,
    -157869,
    94721
  ],
  "time": 1616450650974
}