{
  "code": 200,
  "result": [
    -0.1443659111225667,
    1.15995524933,
    0,
    -0.001170967302119613,
    1.1588452144432504,
    1.1555021901813185,
    66906.37647691986,
    "pi_xbtusd",
    null,
    -9659,
    null,
    57384,
    -0.001170967302119613,
    -167266,
    100359
  ],
  "time": 1616412671192
}