{
  "code": 200,
  "result": [
    -0.19867741938790162,
    1.16011742818,
    0,
    0.008138930200660456,
    1.1682572795518702,
    1.1636177983472098,
    63736.48318471721,
    "pi_xbtusd",
    null,
    -12663,
    null,
    56572.889153590084,
    0.008138930200660456,
    -159342,
    95604
  ],
  "time": 1616458329434
}