{
  "code": 200,
  "result": [
    -0.14600819987178312,
    1.16002449842,
    0,
    0.001350515893480093,
    1.161412525544283,
    1.158019071618439,
    66153.81881621742,
    "pi_xbtusd",
    null,
    -9659,
    null,
    57384,
    0.001350515893480093,
    -165385,
    99230
  ],
  "time": 1616421614378
}