{
  "code": 200,
  "result": [
    -0.15064537065366346,
    1.1601361385,
    0,
    0.007573436779286072,
    1.1677106328709812,
    1.1641927205274212,
    64117.46977745651,
    "pi_xbtusd",
    null,
    -9659,
    null,
    57384,
    0.007573436779286072,
    -160294,
    96176
  ],
  "time": 1616447710104
}