{
  "code": 200,
  "result": [
    -0.14577017211921925,
    1.15995524933,
    0,
    0.000808309578913371,
    1.1607835164971816,
    1.157400906697629,
    66261.84122291023,
    "pi_xbtusd",
    null,
    -9659,
    null,
    57384,
    0.000808309578913371,
    -165655,
    99392
  ],
  "time": 1616404150571
}