{
  "code": 200,
  "result": [
    -0.14589007295052495,
    1.16009938678,
    0,
    0.0011465957819627348,
    1.1612672905891905,
    1.157877915065577,
    66207.38344051424,
    "pi_xbtusd",
    null,
    -9659,
    null,
    57384,
    0.0011465957819627348,
    -165519,
    99311
  ],
  "time": 1616437150013
}