{
  "code": 200,
  "result": [
    -0.14567349095440413,
    1.16002449842,
    0,
    0.0006389335306474087,
    1.1606934368143498,
    1.1573142145357624,
    66305.81814657872,
    "pi_xbtusd",
    null,
    -9659,
    null,
    57384,
    0.0006389335306474087,
    -165765,
    99458
  ],
  "time": 1616420170914
}