{
  "code": 200,
  "result": [
    -0.149373633228736,
    1.1601361385,
    0,
    0.005714639586958197,
    1.1658507943396752,
    1.1623700579399616,
    64663.3531716348,
    "pi_xbtusd",
    null,
    -9659,
    null,
    57384,
    0.005714639586958197,
    -161659,
    96995
  ],
  "time": 1616443270394
}