{
  "code": 200,
  "result": [
    -0.19739279161287795,
    1.16011742818,
    0,
    0.006448337040452556,
    1.1665774027184377,
    1.1619717333769815,
    64151.27876014021,
    "pi_xbtusd",
    null,
    -12663,
    null,
    56572.889153590084,
    0.006448337040452556,
    -160379,
    96226
  ],
  "time": 1616465589146
}