{
  "code": 200,
  "result": [
    -0.1466372668084306,
    1.16009938678,
    0,
    0.0021425428983339974,
    1.1622516030680001,
    1.1588423086020592,
    65870.02206348187,
    "pi_xbtusd",
    null,
    -9659,
    null,
    57384,
    0.0021425428983339974,
    -164676,
    98805
  ],
  "time": 1616432590782
}