{
  "code": 200,
  "result": [
    -0.14580580403733415,
    1.16002449842,
    0,
    0.0010136423938597945,
    1.161096538158482,
    1.1577098217026303,
    66245.64820154056,
    "pi_xbtusd",
    null,
    -9659,
    null,
    57384,
    0.0010136423938597945,
    -165615,
    99368
  ],
  "time": 1616425630166
}