{
  "code": 200,
  "result": [
    -0.1472476310431164,
    1.16009938678,
    0,
    0.002895701845780786,
    1.1630018506870903,
    1.1595774930422003,
    65596.98062084065,
    "pi_xbtusd",
    null,
    -9659,
    null,
    57384,
    0.002895701845780786,
    -163993,
    98395
  ],
  "time": 1616431450155
}