{
  "code": 200,
  "result": [
    -0.1984734797028478,
    1.16011742818,
    0,
    0.007852440294507745,
    1.1679859337681924,
    1.163352182361655,
    63801.97504955775,
    "pi_xbtusd",
    null,
    -12663,
    null,
    56572.889153590084,
    0.007852440294507745,
    -159505,
    95702
  ],
  "time": 1616468588844
}