{
  "code": 200,
  "result": [
    -0.19857800408366305,
    1.16013853049,
    0,
    0.008244154101193626,
    1.1683830103709467,
    1.1637414246882758,
    63768.39196482679,
    "pi_xbtusd",
    null,
    -12663,
    null,
    56572.889153590084,
    0.008244154101193626,
    -159421,
    95652
  ],
  "time": 1616472791937
}