{
  "code": 200,
  "result": [
    -0.15210231240832894,
    1.1601361385,
    0,
    0.009540302568173915,
    1.1696782867808517,
    1.1661210371215138,
    63503.30805010881,
    "pi_xbtusd",
    null,
    -9659,
    null,
    57384,
    0.009540302568173915,
    -158759,
    95254
  ],
  "time": 1616451071448
}