{
  "code": 200,
  "result": [
    -0.14829780420682007,
    1.1601361385,
    0,
    0.004236997805838188,
    1.1643732368868491,
    1.160922053322758,
    65132.45460148083,
    "pi_xbtusd",
    null,
    -9659,
    null,
    57384,
    0.004236997805838188,
    -162832,
    97698
  ],
  "time": 1616443629565
}