{
  "code": 200,
  "result": [
    -0.1513962388917465,
    1.1601361385,
    0,
    0.008504046048327609,
    1.1686415091592957,
    1.1651049846303547,
    63799.471312537135,
    "pi_xbtusd",
    null,
    -9659,
    null,
    57384,
    0.008504046048327609,
    -159499,
    95699
  ],
  "time": 1616448849556
}