{
  "code": 200,
  "result": [
    -0.14543854869976863,
    1.16002449842,
    0,
    0.00044114210189409033,
    1.160531531783427,
    1.1571562653334149,
    66412.92894045061,
    "pi_xbtusd",
    null,
    -9659,
    null,
    57384,
    0.00044114210189409033,
    -166033,
    99619
  ],
  "time": 1616427070867
}