{
  "code": 200,
  "result": [
    -0.14849596353276578,
    1.16009938678,
    0,
    0.004698334327909638,
    1.1648280694662132,
    1.1613676591716806,
    65045.53908543602,
    "pi_xbtusd",
    null,
    -9659,
    null,
    57384,
    0.004698334327909638,
    -162614,
    97568
  ],
  "time": 1616440692332
}