{
  "code": 200,
  "result": [
    -0.1464413394294829,
    1.16009938678,
    0,
    0.0022200446485131824,
    1.1623286499058962,
    1.1589178054049516,
    65958.15114523162,
    "pi_xbtusd",
    null,
    -9659,
    null,
    57384,
    0.0022200446485131824,
    -164896,
    98937
  ],
  "time": 1616432413040
}