{
  "code": 200,
  "result": [
    -0.15096805205728706,
    1.1601361385,
    0,
    0.007843717210212164,
    1.1679814068686036,
    1.164458088916425,
    63980.424125329184,
    "pi_xbtusd",
    null,
    -9659,
    null,
    57384,
    0.007843717210212164,
    -159952,
    95970
  ],
  "time": 1616449815061
}