{
  "code": 200,
  "result": [
    -0.14574156383759962,
    1.16002449842,
    0,
    0.000740962295895982,
    1.1608226150645684,
    1.1574413522106761,
    66274.84806436591,
    "pi_xbtusd",
    null,
    -9659,
    null,
    57384,
    0.000740962295895982,
    -165688,
    99412
  ],
  "time": 1616425390668
}