{
  "code": 200,
  "result": [
    -0.19822652246345032,
    1.16013853049,
    0,
    0.0075233220968324,
    1.1676619055091242,
    1.1630347364665403,
    63881.461686514966,
    "pi_xbtusd",
    null,
    -12663,
    null,
    56572.889153590084,
    0.0075233220968324,
    -159704,
    95822
  ],
  "time": 1616472129164
}