{
  "code": 200,
  "result": [
    -0.1459241096360679,
    1.16009938678,
    0,
    0.0013132675967514654,
    1.1614356540448283,
    1.158042945084919,
    66191.94061960955,
    "pi_xbtusd",
    null,
    -9659,
    null,
    57384,
    0.0013132675967514654,
    -165480,
    99287
  ],
  "time": 1616437812351
}