{
  "code": 200,
  "result": [
    -0.14674344005165482,
    1.16009938678,
    0,
    0.0021681182108308373,
    1.1622794735177713,
    1.1588696675455803,
    65822.36314345607,
    "pi_xbtusd",
    null,
    -9659,
    null,
    57384,
    0.0021681182108308373,
    -164556,
    98733
  ],
  "time": 1616433490265
}