{
  "code": 200,
  "result": [
    -0.15170775812442894,
    1.1601361385,
    0,
    0.008957596418542548,
    1.1690957212488113,
    1.165550125712466,
    63668.464417474286,
    "pi_xbtusd",
    null,
    -9659,
    null,
    57384,
    0.008957596418542548,
    -159172,
    95502
  ],
  "time": 1616451670427
}