{
  "code": 200,
  "result": [
    -0.1448976253018217,
    1.15995524933,
    0,
    -0.00034760526970183423,
    1.159616353533006,
    1.1562568620304257,
    66660.85782896928,
    "pi_xbtusd",
    null,
    -9659,
    null,
    57384,
    -0.00034760526970183423,
    -166653,
    99991
  ],
  "time": 1616401812158
}