{
  "code": 200,
  "result": [
    -0.1455417259005935,
    1.16002449842,
    0,
    0.0004337707862781612,
    1.1604720426785466,
    1.1570969236548467,
    66365.84759615395,
    "pi_xbtusd",
    null,
    -9659,
    null,
    57384,
    0.0004337707862781612,
    -165915,
    99548
  ],
  "time": 1616417049501
}