{
  "code": 200,
  "result": [
    -0.14360627626690056,
    1.15995524933,
    0,
    -0.0022693938699839527,
    1.157734956956583,
    1.1544139012260082,
    67260.29147951856,
    "pi_xbtusd",
    null,
    -9659,
    null,
    57384,
    -0.0022693938699839527,
    -168151,
    100890
  ],
  "time": 1616410210905
}