{
  "code": 200,
  "result": [
    -0.14559379763049798,
    1.16009938678,
    0,
    0.0007357839571636818,
    1.1608534182495729,
    1.1574722589624553,
    66342.11180144874,
    "pi_xbtusd",
    null,
    -9659,
    null,
    57384,
    0.0007357839571636818,
    -165856,
    99513
  ],
  "time": 1616435950449
}