{
  "code": 200,
  "result": [
    -0.1513889288506012,
    1.1601361385,
    0,
    0.008546948531351626,
    1.1686862831409592,
    1.1651489005623579,
    63802.551965553735,
    "pi_xbtusd",
    null,
    -9659,
    null,
    57384,
    0.008546948531351626,
    -159507,
    95703
  ],
  "time": 1616456829394
}