{
  "code": 200,
  "result": [
    -0.1989292072644532,
    1.16011742818,
    0,
    0.008688419794117172,
    1.1688248392550051,
    1.1641743682584755,
    63655.81089943226,
    "pi_xbtusd",
    null,
    -12663,
    null,
    56572.889153590084,
    0.008688419794117172,
    -159140,
    95483
  ],
  "time": 1616470570694
}