{
  "code": 200,
  "result": [
    -0.15202544706515356,
    1.1601361385,
    0,
    0.009526384098776163,
    1.169665845840596,
    1.166108874550646,
    63535.41585613915,
    "pi_xbtusd",
    null,
    -9659,
    null,
    57384,
    0.009526384098776163,
    -158839,
    95303
  ],
  "time": 1616457371124
}