{
  "code": 200,
  "result": [
    -0.15174776507453827,
    1.1601361385,
    0,
    0.009017811522848324,
    1.1691564428195955,
    1.1656096429811642,
    63651.678792471925,
    "pi_xbtusd",
    null,
    -9659,
    null,
    57384,
    0.009017811522848324,
    -159130,
    95477
  ],
  "time": 1616453830087
}