{
  "code": 200,
  "result": [
    -0.15138638778097038,
    1.1601361385,
    0,
    0.008581771506264699,
    1.1687211485595672,
    1.1651830695214676,
    63803.62291208694,
    "pi_xbtusd",
    null,
    -9659,
    null,
    57384,
    0.008581771506264699,
    -159510,
    95705
  ],
  "time": 1616457010354
}