{
  "code": 200,
  "result": [
    -0.14846501334672363,
    1.1601361385,
    0,
    0.004408262470049296,
    1.164544599984101,
    1.1610899911267258,
    65059.09899083411,
    "pi_xbtusd",
    null,
    -9659,
    null,
    57384,
    0.004408262470049296,
    -162648,
    97588
  ],
  "time": 1616444049147
}