{
  "code": 200,
  "result": [
    -0.1437358701236193,
    1.15995524933,
    0,
    -0.002014936417433239,
    1.1579879692479125,
    1.1546618243682867,
    67199.64885378178,
    "pi_xbtusd",
    null,
    -9659,
    null,
    57384,
    -0.002014936417433239,
    -168000,
    100799
  ],
  "time": 1616409910735
}