{
  "code": 200,
  "result": [
    -0.19963347050107672,
    1.16013853049,
    0,
    0.009895506621988308,
    1.1700350294357436,
    1.1653604167026566,
    63431.24711610773,
    "pi_xbtusd",
    null,
    -12663,
    null,
    56572.889153590084,
    0.009895506621988308,
    -158579,
    95146
  ],
  "time": 1616474410369
}