{
  "code": 200,
  "result": [
    -0.14544014209326692,
    1.16002449842,
    0,
    0.0002541100153495,
    1.1603070541442109,
    1.1569355283359295,
    66412.20134263854,
    "pi_xbtusd",
    null,
    -9659,
    null,
    57384,
    0.0002541100153495,
    -166031,
    99618
  ],
  "time": 1616419871042
}