{
  "code": 200,
  "result": [
    -0.19744116550615556,
    1.16011742818,
    0,
    0.0065887148232292555,
    1.16671964136354,
    1.1621111644664281,
    64135.56143440214,
    "pi_xbtusd",
    null,
    -12663,
    null,
    56572.889153590084,
    0.0065887148232292555,
    -160339,
    96203
  ],
  "time": 1616466849324
}