{
  "code": 200,
  "result": [
    -0.14353488966494674,
    1.15995524933,
    0,
    -0.0024020312956121075,
    1.1575965489175706,
    1.1542781459355085,
    67293.74316270412,
    "pi_xbtusd",
    null,
    -9659,
    null,
    57384,
    -0.0024020312956121075,
    -168235,
    100940
  ],
  "time": 1616409011564
}