{
  "code": 200,
  "result": [
    -0.1514681234400835,
    1.1601361385,
    0,
    0.008807237406832664,
    1.1689465159823011,
    1.16540392762619,
    63769.19301981599,
    "pi_xbtusd",
    null,
    -9659,
    null,
    57384,
    0.008807237406832664,
    -159423,
    95653
  ],
  "time": 1616456590073
}