{
  "code": 200,
  "result": [
    -0.1985532764520848,
    1.16011742818,
    0,
    0.008166555520439385,
    1.1683021767964055,
    1.1636621430853495,
    63776.33361822592,
    "pi_xbtusd",
    null,
    -12663,
    null,
    56572.889153590084,
    0.008166555520439385,
    -159441,
    95664
  ],
  "time": 1616470029665
}