{
  "code": 200,
  "result": [
    -0.1467467313511972,
    1.16009938678,
    0,
    0.0045682617615628775,
    1.1646975324729711,
    1.1612397236297656,
    65820.88685085523,
    "pi_xbtusd",
    null,
    -9659,
    null,
    57384,
    0.0045682617615628775,
    -164553,
    98731
  ],
  "time": 1616440510372
}