{
  "code": 200,
  "result": [
    -0.14683016295203188,
    1.16009938678,
    0,
    0.0022667301741215095,
    1.1623731867651488,
    1.158961408553692,
    65783.48621158658,
    "pi_xbtusd",
    null,
    -9659,
    null,
    57384,
    0.0022667301741215095,
    -164459,
    98675
  ],
  "time": 1616431571961
}