{
  "code": 200,
  "result": [
    -0.19955135971206073,
    1.16013853049,
    0,
    0.009667080429418978,
    1.1698064056422355,
    1.165136361433,
    63457.34761352598,
    "pi_xbtusd",
    null,
    -12663,
    null,
    56572.889153590084,
    0.009667080429418978,
    -158644,
    95186
  ],
  "time": 1616473930352
}