{
  "code": 200,
  "result": [
    -0.15174123008417487,
    1.1601361385,
    0,
    0.0090992483039148,
    1.1692378655461027,
    1.16568943697205,
    63654.4200586874,
    "pi_xbtusd",
    null,
    -9659,
    null,
    57384,
    0.0090992483039148,
    -159137,
    95481
  ],
  "time": 1616453770450
}