{
  "code": 200,
  "result": [
    -0.14564923515854858,
    1.16002449842,
    0,
    0.0006832787278223364,
    1.1607380903799465,
    1.1573579811974157,
    66316.86043174587,
    "pi_xbtusd",
    null,
    -9659,
    null,
    57384,
    0.0006832787278223364,
    -165793,
    99475
  ],
  "time": 1616420229628
}