{
  "code": 200,
  "result": [
    -0.14424551319447243,
    1.15995524933,
    0,
    -0.0013371258982117417,
    1.1586799155553975,
    1.1553402144653875,
    66962.22146596473,
    "pi_xbtusd",
    null,
    -9659,
    null,
    57384,
    -0.0013371258982117417,
    -167406,
    100443
  ],
  "time": 1616412849967
}