{
  "code": 200,
  "result": [
    -0.14367813371272575,
    1.15995524933,
    0,
    -0.002166561099619244,
    1.157837496572459,
    1.154514384186477,
    67226.65273000055,
    "pi_xbtusd",
    null,
    -9659,
    null,
    57384,
    -0.002166561099619244,
    -168067,
    100839
  ],
  "time": 1616410149979
}