{
  "code": 200,
  "result": [
    -0.1468012208170553,
    1.16009938678,
    0,
    0.002464296721305219,
    1.1625725920723593,
    1.1591568625299589,
    65796.45554880713,
    "pi_xbtusd",
    null,
    -9659,
    null,
    57384,
    0.002464296721305219,
    -164492,
    98694
  ],
  "time": 1616432291085
}