{
  "code": 200,
  "result": [
    -0.19844021161827444,
    1.16013853049,
    0,
    0.007992413562314718,
    1.1681312443118808,
    1.1634946934399872,
    63812.67131663278,
    "pi_xbtusd",
    null,
    -12663,
    null,
    56572.889153590084,
    0.007992413562314718,
    -159532,
    95719
  ],
  "time": 1616472729919
}