{
  "code": 200,
  "result": [
    -0.148324579553074,
    1.16009938678,
    0,
    0.004435294684339076,
    1.1645685478096037,
    1.1611133983079427,
    65120.69698160705,
    "pi_xbtusd",
    null,
    -9659,
    null,
    57384,
    0.004435294684339076,
    -162802,
    97681
  ],
  "time": 1616442070315
}