{
  "code": 200,
  "result": [
    -0.14349691675728327,
    1.15995524933,
    0,
    -0.002441211457391449,
    1.1575556353211804,
    1.154238015942354,
    67311.5507864022,
    "pi_xbtusd",
    null,
    -9659,
    null,
    57384,
    -0.002441211457391449,
    -168279,
    100967
  ],
  "time": 1616408650711
}