{
  "code": 200,
  "result": [
    -0.14577936308839845,
    1.16002449842,
    0,
    0.0007698188485177052,
    1.1608090321186675,
    1.1574271921337227,
    66257.66360457292,
    "pi_xbtusd",
    null,
    -9659,
    null,
    57384,
    0.0007698188485177052,
    -165645,
    99386
  ],
  "time": 1616417229912
}