{
  "code": 200,
  "result": [
    -0.1485826901856055,
    1.16009938678,
    0,
    0.004806877733679098,
    1.16493860132636,
    1.1614760201637122,
    65007.57246980949,
    "pi_xbtusd",
    null,
    -9659,
    null,
    57384,
    0.004806877733679098,
    -162519,
    97511
  ],
  "time": 1616441470590
}