{
  "code": 200,
  "result": [
    -0.14509342937426795,
    1.15995524933,
    0,
    5.648419931535828e-05,
    1.1600230295517826,
    1.156655456259822,
    66570.89877643353,
    "pi_xbtusd",
    null,
    -9659,
    null,
    57384,
    5.648419931535828e-05,
    -166428,
    99856
  ],
  "time": 1616402350386
}