{
  "code": 200,
  "result": [
    -0.14436692115899474,
    1.15995524933,
    0,
    -0.001283702231834567,
    1.158709107190032,
    1.1553683376266943,
    66905.90837884748,
    "pi_xbtusd",
    null,
    -9659,
    null,
    57384,
    -0.001283702231834567,
    -167265,
    100358
  ],
  "time": 1616407811300
}