{
  "code": 200,
  "result": [
    -0.14581675616405312,
    1.16002449842,
    0,
    0.0010760079403595618,
    1.161159530312527,
    1.1577715665457455,
    66240.67256806215,
    "pi_xbtusd",
    null,
    -9659,
    null,
    57384,
    0.0010760079403595618,
    -165602,
    99361
  ],
  "time": 1616425750571
}