{
  "code": 200,
  "result": [
    -0.14346372532731286,
    1.15995524933,
    0,
    -0.0024554542015971996,
    1.1575436937002517,
    1.1542263591763093,
    67327.12382843097,
    "pi_xbtusd",
    null,
    -9659,
    null,
    57384,
    -0.0024554542015971996,
    -168318,
    100990
  ],
  "time": 1616409129727
}