{
  "code": 200,
  "result": [
    -0.145740285178121,
    1.16002449842,
    0,
    0.000870523943206341,
    1.1609506113735473,
    1.1575667572867088,
    66275.42952996802,
    "pi_xbtusd",
    null,
    -9659,
    null,
    57384,
    0.000870523943206341,
    -165689,
    99413
  ],
  "time": 1616425089700
}