{
  "code": 200,
  "result": [
    -0.14574499030899732,
    1.15995524933,
    0,
    0.0007387429690237879,
    1.160713655410338,
    1.1573324369429834,
    66273.28993965234,
    "pi_xbtusd",
    null,
    -9659,
    null,
    57384,
    0.0007387429690237879,
    -165684,
    99409
  ],
  "time": 1616404090104
}