{
  "code": 200,
  "result": [
    -0.15155101624869674,
    1.1601361385,
    0,
    0.008921812224526706,
    1.169060963952256,
    1.1655160840997911,
    63734.31362643906,
    "pi_xbtusd",
    null,
    -9659,
    null,
    57384,
    0.008921812224526706,
    -159336,
    95601
  ],
  "time": 1616456049377
}