{
  "code": 200,
  "result": [
    -0.1459567802667313,
    1.16002449842,
    0,
    0.001113152104308523,
    1.1611988646333529,
    1.1578101579832925,
    66177.12436755929,
    "pi_xbtusd",
    null,
    -9659,
    null,
    57384,
    0.001113152104308523,
    -165443,
    99265
  ],
  "time": 1616426171257
}