{
  "code": 200,
  "result": [
    -0.14482066819572958,
    1.16002449842,
    0,
    -0.0005146751867646771,
    1.1595157933644533,
    1.1561596432602144,
    66696.28113402684,
    "pi_xbtusd",
    null,
    -9659,
    null,
    57384,
    -0.0005146751867646771,
    -166741,
    100044
  ],
  "time": 1616415549199
}