{
  "code": 200,
  "result": [
    -0.1457200601542832,
    1.16009938678,
    0,
    0.0007757393589888597,
    1.1608896986095332,
    1.157507740214379,
    66284.6281409258,
    "pi_xbtusd",
    null,
    -9659,
    null,
    57384,
    0.0007757393589888597,
    -165712,
    99426
  ],
  "time": 1616434510257
}