{
  "code": 200,
  "result": [
    -0.14584417966312274,
    1.16009938678,
    0,
    0.0011495691922536952,
    1.1612717935371697,
    1.1578823585453504,
    66228.21714456333,
    "pi_xbtusd",
    null,
    -9659,
    null,
    57384,
    0.0011495691922536952,
    -165571,
    99342
  ],
  "time": 1616437749169
}