{
  "code": 200,
  "result": [
    -0.14884780604562303,
    1.1601361385,
    0,
    0.0050142635033714415,
    1.1651509108689913,
    1.1616841819909496,
    64891.786157999806,
    "pi_xbtusd",
    null,
    -9659,
    null,
    57384,
    0.0050142635033714415,
    -162230,
    97337
  ],
  "time": 1616445371062
}