{
  "code": 200,
  "result": [
    -0.1518280780561162,
    1.1601361385,
    0,
    0.009189730762626542,
    1.1693281084501987,
    1.1657778702269719,
    63618.00876139655,
    "pi_xbtusd",
    null,
    -9659,
    null,
    57384,
    0.009189730762626542,
    -159046,
    95427
  ],
  "time": 1616452749394
}