{
  "code": 200,
  "result": [
    -0.19884951501603929,
    1.16011742818,
    0,
    0.008560399340543173,
    1.1686976143307406,
    1.1640497037432826,
    63681.32202373537,
    "pi_xbtusd",
    null,
    -12663,
    null,
    56572.889153590084,
    0.008560399340543173,
    -159204,
    95521
  ],
  "time": 1616471109748
}