{
  "code": 200,
  "result": [
    -0.15123604502146923,
    1.1601361385,
    0,
    0.009057706202297209,
    1.1691944940956869,
    1.1656468963636666,
    63867.049674757254,
    "pi_xbtusd",
    null,
    -9659,
    null,
    57384,
    0.009057706202297209,
    -159668,
    95800
  ],
  "time": 1616445970126
}