{
  "code": 200,
  "result": [
    -0.14586204886525703,
    1.16002449842,
    0,
    0.0008238588801485044,
    1.1608980188188314,
    1.157515098033254,
    66220.10368799011,
    "pi_xbtusd",
    null,
    -9659,
    null,
    57384,
    0.0008238588801485044,
    -165551,
    99330
  ],
  "time": 1616423950274
}