{
  "code": 200,
  "result": [
    -0.14497222400238147,
    1.15995524933,
    0,
    -0.00035052637615368474,
    1.1596076591441942,
    1.156248226063743,
    66626.55599352143,
    "pi_xbtusd",
    null,
    -9659,
    null,
    57384,
    -0.00035052637615368474,
    -166567,
    99939
  ],
  "time": 1616400611656
}