{
  "code": 200,
  "result": [
    -0.14532315750225597,
    1.16002449842,
    0,
    0.00029089457727980445,
    1.1603269869790618,
    1.1569547254795418,
    66465.66291301546,
    "pi_xbtusd",
    null,
    -9659,
    null,
    57384,
    0.00029089457727980445,
    -166165,
    99698
  ],
  "time": 1616416630181
}