{
  "code": 200,
  "result": [
    -0.19852738503102382,
    1.16011742818,
    0,
    0.007945737018078302,
    1.16808374905803,
    1.1634481317170213,
    63784.65116044901,
    "pi_xbtusd",
    null,
    -12663,
    null,
    56572.889153590084,
    0.007945737018078302,
    -159462,
    95676
  ],
  "time": 1616471649472
}