{
  "code": 200,
  "result": [
    -0.14845850628194282,
    1.16009938678,
    0,
    0.0046030834470301586,
    1.1647387859340796,
    1.1612802806571647,
    65061.950587433836,
    "pi_xbtusd",
    null,
    -9659,
    null,
    57384,
    0.0046030834470301586,
    -162655,
    97592
  ],
  "time": 1616443029964
}