{
  "code": 200,
  "result": [
    -0.1474030541269218,
    1.16009938678,
    0,
    0.0031730989979686045,
    1.1632784826199702,
    1.1598485770320366,
    65527.814584378226,
    "pi_xbtusd",
    null,
    -9659,
    null,
    57384,
    0.0031730989979686045,
    -163820,
    98291
  ],
  "time": 1616431150589
}