{
  "code": 200,
  "result": [
    -0.15229897710810647,
    1.1601361385,
    0,
    0.009844596173430547,
    1.1699830585584317,
    1.1664197230269886,
    63421.305798684036,
    "pi_xbtusd",
    null,
    -9659,
    null,
    57384,
    0.009844596173430547,
    -158554,
    95131
  ],
  "time": 1616453110086
}