{
  "code": 200,
  "result": [
    -0.1454869210084507,
    1.15995524933,
    0,
    0.0003571472589992278,
    1.1603378357911085,
    1.1569642492379542,
    66390.84759680185,
    "pi_xbtusd",
    null,
    -9659,
    null,
    57384,
    0.0003571472589992278,
    -165978,
    99586
  ],
  "time": 1616405290682
}