{
  "code": 200,
  "result": [
    -0.14900833583550868,
    1.1601361385,
    0,
    0.00548368030827423,
    1.165620383992975,
    1.1621442667788353,
    64821.87688252982,
    "pi_xbtusd",
    null,
    -9659,
    null,
    57384,
    0.00548368030827423,
    -162055,
    97232
  ],
  "time": 1616445610346
}