{
  "code": 200,
  "result": [
    -0.1446337014591189,
    1.15995524933,
    0,
    -0.0009435900941642716,
    1.1590163287309523,
    1.1556687569248612,
    66782.49884056339,
    "pi_xbtusd",
    null,
    -9659,
    null,
    57384,
    -0.0009435900941642716,
    -166957,
    100173
  ],
  "time": 1616400971673
}