{
  "code": 200,
  "result": [
    -0.19891722252778904,
    1.16013853049,
    0,
    0.008676678714147762,
    1.1688164980780031,
    1.164166261903073,
    63659.64615372085,
    "pi_xbtusd",
    null,
    -12663,
    null,
    56572.889153590084,
    0.008676678714147762,
    -159150,
    95489
  ],
  "time": 1616475130030
}