{
  "code": 200,
  "result": [
    -0.14842356728257342,
    1.16009938678,
    0,
    0.004807653533582874,
    1.1649372284420425,
    1.1614746317633966,
    65077.26621076891,
    "pi_xbtusd",
    null,
    -9659,
    null,
    57384,
    0.004807653533582874,
    -162694,
    97615
  ],
  "time": 1616440629337
}