{
  "code": 200,
  "result": [
    -0.14431964528845545,
    1.15995524933,
    0,
    -0.001247585804122811,
    1.1587691653130512,
    1.1554276734211593,
    66927.82524994643,
    "pi_xbtusd",
    null,
    -9659,
    null,
    57384,
    -0.001247585804122811,
    -167320,
    100391
  ],
  "time": 1616412790131
}