{
  "code": 200,
  "result": [
    -0.19778404582084136,
    1.16011742818,
    0,
    0.0072235926032042245,
    1.1673478758379985,
    1.1627267013852873,
    64024.3754113035,
    "pi_xbtusd",
    null,
    -12663,
    null,
    56572.889153590084,
    0.0072235926032042245,
    -160061,
    96036
  ],
  "time": 1616462349438
}