{
  "code": 200,
  "result": [
    -0.15127048656029385,
    1.1601361385,
    0,
    0.008310838400199994,
    1.1684495396960588,
    1.1649168793200804,
    63852.50830901563,
    "pi_xbtusd",
    null,
    -9659,
    null,
    57384,
    0.008310838400199994,
    -159632,
    95778
  ],
  "time": 1616454128733
}