{
  "code": 200,
  "result": [
    -0.19775712354581726,
    1.16011742818,
    0,
    0.007179332315824039,
    1.1673099060361298,
    1.1626896167891663,
    64033.09156681872,
    "pi_xbtusd",
    null,
    -12663,
    null,
    56572.889153590084,
    0.007179332315824039,
    -160083,
    96049
  ],
  "time": 1616466611020
}