{
  "code": 200,
  "result": [
    -0.14583167338033162,
    1.16002449842,
    0,
    0.0008142327851324141,
    1.1609005640688455,
    1.1575178358051685,
    66233.8967667823,
    "pi_xbtusd",
    null,
    -9659,
    null,
    57384,
    0.0008142327851324141,
    -165585,
    99350
  ],
  "time": 1616426290165
}