{
  "code": 200,
  "result": [
    -0.19767652447506076,
    1.16011742818,
    0,
    0.006826909914088826,
    1.1669575721508656,
    1.1623443313519366,
    64059.19991575726,
    "pi_xbtusd",
    null,
    -12663,
    null,
    56572.889153590084,
    0.006826909914088826,
    -160148,
    96088
  ],
  "time": 1616466670576
}