{
  "code": 200,
  "result": [
    -0.14566341066411131,
    1.16002449842,
    0,
    0.0007446613035033492,
    1.1608344246739242,
    1.1574530878398797,
    66310.40668320554,
    "pi_xbtusd",
    null,
    -9659,
    null,
    57384,
    0.0007446613035033492,
    -165777,
    99465
  ],
  "time": 1616426950164
}