{
  "code": 200,
  "result": [
    -0.15141176403692022,
    1.1601361385,
    0,
    0.008495144367423869,
    1.1686340708973932,
    1.1650977244020704,
    63792.929574776965,
    "pi_xbtusd",
    null,
    -9659,
    null,
    57384,
    0.008495144367423869,
    -159483,
    95689
  ],
  "time": 1616455089337
}