{
  "code": 200,
  "result": [
    -0.1984790987578949,
    1.16011742818,
    0,
    0.008097504554232299,
    1.1682203704183705,
    1.1635817177266388,
    63800.16877971794,
    "pi_xbtusd",
    null,
    -12663,
    null,
    56572.889153590084,
    0.008097504554232299,
    -159501,
    95700
  ],
  "time": 1616461389298
}