{
  "code": 200,
  "result": [
    -0.19885976260787272,
    1.16013853049,
    0,
    0.008663871615497016,
    1.168803814834575,
    1.1641538348016178,
    63678.04041368538,
    "pi_xbtusd",
    null,
    -12663,
    null,
    56572.889153590084,
    0.008663871615497016,
    -159196,
    95517
  ],
  "time": 1616475430344
}