{
  "code": 200,
  "result": [
    -0.19776359146847378,
    1.16011742818,
    0,
    0.007026659178413183,
    1.1671527153170507,
    1.1625354795328353,
    64030.997343708004,
    "pi_xbtusd",
    null,
    -12663,
    null,
    56572.889153590084,
    0.007026659178413183,
    -160078,
    96046
  ],
  "time": 1616463550711
}