{
  "code": 200,
  "result": [
    -0.1463651320033294,
    1.16009938678,
    0,
    0.0017875394019201203,
    1.1619002737661197,
    1.158498079370107,
    65992.49334725626,
    "pi_xbtusd",
    null,
    -9659,
    null,
    57384,
    0.0017875394019201203,
    -164982,
    98988
  ],
  "time": 1616434030429
}