{
  "code": 200,
  "result": [
    -0.1452668338657758,
    1.16002449842,
    0,
    5.795182649253269e-05,
    1.1601065208993868,
    1.1567389182548826,
    66491.43333656435,
    "pi_xbtusd",
    null,
    -9659,
    null,
    57384,
    5.795182649253269e-05,
    -166229,
    99737
  ],
  "time": 1616419029435
}