{
  "code": 200,
  "result": [
    -0.14819188753803114,
    1.16009938678,
    0,
    0.004147643185312297,
    1.1642830402655664,
    1.1608336437938858,
    65179.00649265411,
    "pi_xbtusd",
    null,
    -9659,
    null,
    57384,
    0.004147643185312297,
    -162948,
    97768
  ],
  "time": 1616442910554
}