{
  "code": 200,
  "result": [
    -0.20008404541312302,
    1.16011742818,
    0,
    0.010192480901128313,
    1.1703102097173932,
    1.1656296574987235,
    63288.40449948972,
    "pi_xbtusd",
    null,
    -12663,
    null,
    56572.889153590084,
    0.010192480901128313,
    -158222,
    94932
  ],
  "time": 1616457909533
}