{
  "code": 200,
  "result": [
    -0.14586984021339483,
    1.16009938678,
    0,
    0.0010856638562098957,
    1.1612062052556322,
    1.1578180483705336,
    66216.56667251933,
    "pi_xbtusd",
    null,
    -9659,
    null,
    57384,
    0.0010856638562098957,
    -165542,
    99324
  ],
  "time": 1616437089747
}