{
  "code": 200,
  "result": [
    -0.1515421466358652,
    1.1601361385,
    0,
    0.008685511803249836,
    1.168822961100276,
    1.1652828072562367,
    63738.043933145804,
    "pi_xbtusd",
    null,
    -9659,
    null,
    57384,
    0.008685511803249836,
    -159346,
    95607
  ],
  "time": 1616448789768
}