{
  "code": 200,
  "result": [
    -0.19824171168717272,
    1.16011742818,
    0,
    0.0077052267954131354,
    1.1678288925730567,
    1.1631980854365012,
    63876.56710703917,
    "pi_xbtusd",
    null,
    -12663,
    null,
    56572.889153590084,
    0.0077052267954131354,
    -159692,
    95814
  ],
  "time": 1616461930971
}