{
  "code": 200,
  "result": [
    -0.14457674925678682,
    1.16002449842,
    0,
    -0.0008020728695045968,
    1.1592246532087584,
    1.155874251058174,
    66808.80604698324,
    "pi_xbtusd",
    null,
    -9659,
    null,
    57384,
    -0.0008020728695045968,
    -167023,
    100213
  ],
  "time": 1616414829349
}