{
  "code": 200,
  "result": [
    -0.14483456603865152,
    1.16002449842,
    0,
    -0.0004271691002644267,
    1.1596029933135807,
    1.1562450930876116,
    66689.88118086627,
    "pi_xbtusd",
    null,
    -9659,
    null,
    57384,
    -0.0004271691002644267,
    -166725,
    100034
  ],
  "time": 1616415489739
}