{
  "code": 200,
  "result": [
    -0.14437467276958263,
    1.15995524933,
    0,
    -0.0010146213326881787,
    1.1590073307808089,
    1.1556611795994882,
    66902.31613833997,
    "pi_xbtusd",
    null,
    -9659,
    null,
    57384,
    -0.0010146213326881787,
    -167256,
    100353
  ],
  "time": 1616413871777
}