{
  "code": 200,
  "result": [
    -0.14340514745028338,
    1.15995524933,
    0,
    -0.002483932353871224,
    1.1575120508211998,
    1.1541952858603028,
    67354.62549103159,
    "pi_xbtusd",
    null,
    -9659,
    null,
    57384,
    -0.002483932353871224,
    -168387,
    101031
  ],
  "time": 1616408471517
}