{
  "code": 200,
  "result": [
    -0.19932812467801786,
    1.16013853049,
    0,
    0.00938754393383661,
    1.169527116212905,
    1.1648626627335812,
    63528.41587435298,
    "pi_xbtusd",
    null,
    -12663,
    null,
    56572.889153590084,
    0.00938754393383661,
    -158822,
    95292
  ],
  "time": 1616474529802
}