{
  "code": 200,
  "result": [
    -0.19843342685977758,
    1.16011742818,
    0,
    0.00796907294047665,
    1.1680882220856228,
    1.1634521380261662,
    63814.853174653246,
    "pi_xbtusd",
    null,
    -12663,
    null,
    56572.889153590084,
    0.00796907294047665,
    -159538,
    95722
  ],
  "time": 1616458870863
}