{
  "code": 200,
  "result": [
    -0.1444730675523089,
    1.16002449842,
    0,
    -0.0009522910371627566,
    1.1590741386808192,
    1.155726740893588,
    66856.75166759228,
    "pi_xbtusd",
    null,
    -9659,
    null,
    57384,
    -0.0009522910371627566,
    -167142,
    100285
  ],
  "time": 1616414771973
}