{
  "code": 200,
  "result": [
    -0.15332785576999283,
    1.1601361385,
    0,
    0.01112141256027196,
    1.1712592838219376,
    1.1676704119627577,
    62995.728672352074,
    "pi_xbtusd",
    null,
    -9659,
    null,
    57384,
    0.01112141256027196,
    -157490,
    94493
  ],
  "time": 1616450589151
}