{
  "code": 200,
  "result": [
    -0.14915296736780975,
    1.1601361385,
    0,
    0.005648029071573099,
    1.165784170587737,
    1.1623047663983312,
    64759.020021244374,
    "pi_xbtusd",
    null,
    -9659,
    null,
    57384,
    0.005648029071573099,
    -161898,
    97138
  ],
  "time": 1616443213255
}