{
  "code": 200,
  "result": [
    -0.14598337898730138,
    1.16002449842,
    0,
    0.0010084473377410799,
    1.161068252675687,
    1.1576816401209578,
    66165.06664666397,
    "pi_xbtusd",
    null,
    -9659,
    null,
    57384,
    0.0010084473377410799,
    -165413,
    99247
  ],
  "time": 1616421189946
}