{
  "code": 200,
  "result": [
    -0.15151431189026346,
    1.1601361385,
    0,
    0.008860037176423127,
    1.1689978519909598,
    1.165454207639457,
    63749.753270804395,
    "pi_xbtusd",
    null,
    -9659,
    null,
    57384,
    0.008860037176423127,
    -159375,
    95624
  ],
  "time": 1616450349179
}