{
  "code": 200,
  "result": [
    -0.14436337320419831,
    1.16002449842,
    0,
    -0.001080524950464254,
    1.158944334795469,
    1.155599501686504,
    66907.55269577686,
    "pi_xbtusd",
    null,
    -9659,
    null,
    57384,
    -0.001080524950464254,
    -167269,
    100361
  ],
  "time": 1616414470721
}