{
  "code": 200,
  "result": [
    -0.19869148620874671,
    1.16011742818,
    0,
    0.008230331377115053,
    1.1683505404392456,
    1.1637092312110562,
    63731.97081376784,
    "pi_xbtusd",
    null,
    -12663,
    null,
    56572.889153590084,
    0.008230331377115053,
    -159330,
    95597
  ],
  "time": 1616459589623
}