{
  "code": 200,
  "result": [
    -0.19849075403244829,
    1.16011742818,
    0,
    0.007792049532209455,
    1.167910575454323,
    1.1632780318630318,
    63796.42246676092,
    "pi_xbtusd",
    null,
    -12663,
    null,
    56572.889153590084,
    0.007792049532209455,
    -159492,
    95694
  ],
  "time": 1616458449059
}