{
  "code": 200,
  "result": [
    -0.14567610683941964,
    1.15995524933,
    0,
    0.0005990427455363183,
    1.1605748288507054,
    1.1571964043878202,
    66304.6275024855,
    "pi_xbtusd",
    null,
    -9659,
    null,
    57384,
    0.0005990427455363183,
    -165762,
    99456
  ],
  "time": 1616404271470
}