{
  "code": 200,
  "result": [
    -0.14315433176825235,
    1.15995524933,
    0,
    -0.002978599038599986,
    1.1570165149593803,
    1.1537096433321778,
    67472.63516717486,
    "pi_xbtusd",
    null,
    -9659,
    null,
    57384,
    -0.002978599038599986,
    -168682,
    101208
  ],
  "time": 1616408290652
}