{
  "code": 200,
  "result": [
    -0.1449347059986893,
    1.16002449842,
    0,
    -0.00036732076683051686,
    1.1596609660836543,
    1.1563018688910165,
    66643.80303836509,
    "pi_xbtusd",
    null,
    -9659,
    null,
    57384,
    -0.00036732076683051686,
    -166610,
    99965
  ],
  "time": 1616415129880
}