{
  "code": 200,
  "result": [
    -0.14349973742400313,
    1.15995524933,
    0,
    -0.0024148559312946903,
    1.1575943940953974,
    1.154276247606049,
    67310.22769372918,
    "pi_xbtusd",
    null,
    -9659,
    null,
    57384,
    -0.0024148559312946903,
    -168276,
    100965
  ],
  "time": 1616411230094
}