{
  "code": 200,
  "result": [
    -0.1468065787851556,
    1.16009938678,
    0,
    0.004093767050029943,
    1.1642227297820222,
    1.1607744108330473,
    65794.05418973413,
    "pi_xbtusd",
    null,
    -9659,
    null,
    57384,
    0.004093767050029943,
    -164486,
    98691
  ],
  "time": 1616440389307
}