{
  "code": 200,
  "result": [
    -0.14571277487375783,
    1.16002449842,
    0,
    0.0007135946694245389,
    1.160801794760944,
    1.1574210792595812,
    66287.9422093796,
    "pi_xbtusd",
    null,
    -9659,
    null,
    57384,
    0.0007135946694245389,
    -165720,
    99431
  ],
  "time": 1616426650315
}