{
  "code": 200,
  "result": [
    -0.1437956162390987,
    1.15995524933,
    0,
    -0.0018343429393849074,
    1.1581734659559981,
    1.1548437092068116,
    67171.72784975119,
    "pi_xbtusd",
    null,
    -9659,
    null,
    57384,
    -0.0018343429393849074,
    -167930,
    100757
  ],
  "time": 1616410930549
}