{
  "code": 200,
  "result": [
    -0.19952558641808635,
    1.16013853049,
    0,
    0.009655240310695869,
    1.1697947878950015,
    1.1651249804881403,
    63465.54458166545,
    "pi_xbtusd",
    null,
    -12663,
    null,
    56572.889153590084,
    0.009655240310695869,
    -158664,
    95198
  ],
  "time": 1616474470571
}