{
  "code": 200,
  "result": [
    -0.19869814608092312,
    1.16011742818,
    0,
    0.008401636662582722,
    1.1685376996396362,
    1.1638929643057374,
    63729.83467516996,
    "pi_xbtusd",
    null,
    -12663,
    null,
    56572.889153590084,
    0.008401636662582722,
    -159325,
    95594
  ],
  "time": 1616470329868
}