{
  "code": 200,
  "result": [
    -0.1513541623220376,
    1.1601361385,
    0,
    0.008394051826061098,
    1.1685313463986389,
    1.1649970217541432,
    63817.20761301866,
    "pi_xbtusd",
    null,
    -9659,
    null,
    57384,
    0.008394051826061098,
    -159544,
    95725
  ],
  "time": 1616448130115
}