{
  "code": 200,
  "result": [
    -0.14516265905868406,
    1.16002449842,
    0,
    0.00016442300625049577,
    1.160199269780589,
    1.1568295377124895,
    66539.15037540896,
    "pi_xbtusd",
    null,
    -9659,
    null,
    57384,
    0.00016442300625049577,
    -166348,
    99808
  ],
  "time": 1616416390390
}