{
  "code": 200,
  "result": [
    -0.19845803918529414,
    1.16011742818,
    0,
    0.007805820092490134,
    1.167940555443524,
    1.1633077364410271,
    63806.938998207814,
    "pi_xbtusd",
    null,
    -12663,
    null,
    56572.889153590084,
    0.007805820092490134,
    -159518,
    95710
  ],
  "time": 1616469429585
}