{
  "code": 200,
  "result": [
    -0.14514516182950718,
    1.16002449842,
    0,
    -0.00015165942528187808,
    1.1598978575938272,
    1.1565344471743586,
    66547.17166078064,
    "pi_xbtusd",
    null,
    -9659,
    null,
    57384,
    -0.00015165942528187808,
    -166368,
    99820
  ],
  "time": 1616419211599
}