{
  "code": 200,
  "result": [
    -0.19778877050188703,
    1.16011742818,
    0,
    0.006892053248439527,
    1.167017312784599,
    1.162402769118983,
    64022.84602845633,
    "pi_xbtusd",
    null,
    -12663,
    null,
    56572.889153590084,
    0.006892053248439527,
    -160058,
    96034
  ],
  "time": 1616463010643
}