{
  "code": 200,
  "result": [
    -0.14685975522630762,
    1.16009938678,
    0,
    0.0023745056043840565,
    1.1625004071630893,
    1.1590864734430273,
    65770.23082406542,
    "pi_xbtusd",
    null,
    -9659,
    null,
    57384,
    0.0023745056043840565,
    -164426,
    98655
  ],
  "time": 1616439189737
}