{
  "code": 200,
  "result": [
    -0.1517392835199365,
    1.1601361385,
    0,
    0.008982816687195366,
    1.169121898137672,
    1.1655757981959538,
    63655.23663969941,
    "pi_xbtusd",
    null,
    -9659,
    null,
    57384,
    0.008982816687195366,
    -159139,
    95482
  ],
  "time": 1616455750035
}