{
  "code": 200,
  "result": [
    -0.19827040276270205,
    1.16011742818,
    0,
    0.007754983083400695,
    1.167876788379568,
    1.163244986117253,
    63867.32373341464,
    "pi_xbtusd",
    null,
    -12663,
    null,
    56572.889153590084,
    0.007754983083400695,
    -159669,
    95800
  ],
  "time": 1616460670647
}