{
  "code": 200,
  "result": [
    -0.19903327561742337,
    1.16013853049,
    0,
    0.008911725826520016,
    1.1690517437135324,
    1.1643968065963548,
    63622.52724182911,
    "pi_xbtusd",
    null,
    -12663,
    null,
    56572.889153590084,
    0.008911725826520016,
    -159057,
    95433
  ],
  "time": 1616475612343
}