{
  "code": 200,
  "result": [
    -0.1456623579746238,
    1.16002449842,
    0,
    0.000607167118454895,
    1.1606485608672015,
    1.157269973916858,
    66310.88590288178,
    "pi_xbtusd",
    null,
    -9659,
    null,
    57384,
    0.000607167118454895,
    -165778,
    99466
  ],
  "time": 1616417650145
}