{
  "code": 200,
  "result": [
    -0.15145514150756287,
    1.1601361385,
    0,
    0.008583391513241875,
    1.168720995598037,
    1.165182884159798,
    63774.65897727665,
    "pi_xbtusd",
    null,
    -9659,
    null,
    57384,
    0.008583391513241875,
    -159437,
    95661
  ],
  "time": 1616449449868
}