{
  "code": 200,
  "result": [
    -0.14585880849825747,
    1.16002449842,
    0,
    0.0010039946861954642,
    1.161072847474066,
    1.1576863239723676,
    66221.57481915392,
    "pi_xbtusd",
    null,
    -9659,
    null,
    57384,
    0.0010039946861954642,
    -165554,
    99332
  ],
  "time": 1616422929826
}