{
  "code": 200,
  "result": [
    -0.1452634849640411,
    1.15995524933,
    0,
    0.000150463945047716,
    1.160119318470999,
    1.1567498655841237,
    66492.96622885657,
    "pi_xbtusd",
    null,
    -9659,
    null,
    57384,
    0.000150463945047716,
    -166233,
    99739
  ],
  "time": 1616402830313
}