{
  "code": 200,
  "result": [
    -0.1457530445884865,
    1.16002449842,
    0,
    0.0007868414336617182,
    1.1608279221698683,
    1.1574457417332207,
    66269.62769299843,
    "pi_xbtusd",
    null,
    -9659,
    null,
    57384,
    0.0007868414336617182,
    -165675,
    99404
  ],
  "time": 1616417589583
}