{
  "code": 200,
  "result": [
    -0.1456977429092118,
    1.16009938678,
    0,
    0.0008571884408564281,
    1.1609789569062046,
    1.157595369529413,
    66294.78128579372,
    "pi_xbtusd",
    null,
    -9659,
    null,
    57384,
    0.0008571884408564281,
    -165737,
    99442
  ],
  "time": 1616437570634
}