{
  "code": 200,
  "result": [
    -0.14556555601860222,
    1.16002449842,
    0,
    0.0004647346399013916,
    1.1605413901031478,
    1.1571656518023754,
    66354.98303434948,
    "pi_xbtusd",
    null,
    -9659,
    null,
    57384,
    0.0004647346399013916,
    -165888,
    99532
  ],
  "time": 1616424429869
}