{
  "code": 200,
  "result": [
    -0.1987547912915964,
    1.16013853049,
    0,
    0.008263295976302602,
    1.1684031648235942,
    1.163761196303421,
    63711.671641776455,
    "pi_xbtusd",
    null,
    -12663,
    null,
    56572.889153590084,
    0.008263295976302602,
    -159280,
    95567
  ],
  "time": 1616475250828
}