{
  "code": 200,
  "result": [
    -0.15120245996824105,
    1.1601361385,
    0,
    0.008201084340490876,
    1.1683384491785953,
    1.1648079838838112,
    63881.23580812641,
    "pi_xbtusd",
    null,
    -9659,
    null,
    57384,
    0.008201084340490876,
    -159704,
    95821
  ],
  "time": 1616448429574
}