{
  "code": 200,
  "result": [
    -0.1454472301035014,
    1.16002449842,
    0,
    0.00034978327892162906,
    1.1604142717708261,
    1.1570408324972734,
    66408.9649086241,
    "pi_xbtusd",
    null,
    -9659,
    null,
    57384,
    0.00034978327892162906,
    -166023,
    99613
  ],
  "time": 1616422090615
}