{
  "code": 200,
  "result": [
    -0.1470447092426895,
    1.16009938678,
    0,
    0.0029913593834825698,
    1.163096136630174,
    1.15966986583453,
    65687.50449945351,
    "pi_xbtusd",
    null,
    -9659,
    null,
    57384,
    0.0029913593834825698,
    -164219,
    98531
  ],
  "time": 1616430912967
}