{
  "code": 200,
  "result": [
    -0.14424841004561112,
    1.15995524933,
    0,
    -0.0012186814151094376,
    1.158796054803558,
    1.1554539848238858,
    66960.87670530191,
    "pi_xbtusd",
    null,
    -9659,
    null,
    57384,
    -0.0012186814151094376,
    -167403,
    100441
  ],
  "time": 1616412371013
}