{
  "code": 200,
  "result": [
    -0.1480902993170211,
    1.16009938678,
    0,
    0.004016859505647713,
    1.1641513343754957,
    1.1607045535774083,
    65223.71853218221,
    "pi_xbtusd",
    null,
    -9659,
    null,
    57384,
    0.004016859505647713,
    -163060,
    97835
  ],
  "time": 1616442548849
}