{
  "code": 200,
  "result": [
    -0.15146384143020947,
    1.1601361385,
    0,
    0.0087861263090832,
    1.1689255176636604,
    1.1653833515295045,
    63770.99582840444,
    "pi_xbtusd",
    null,
    -9659,
    null,
    57384,
    0.0087861263090832,
    -159428,
    95656
  ],
  "time": 1616457071501
}