{
  "code": 200,
  "result": [
    -0.14841372721791998,
    1.1601361385,
    0,
    0.004545828549828427,
    1.1646820537308287,
    1.1612246935518578,
    65081.58093636057,
    "pi_xbtusd",
    null,
    -9659,
    null,
    57384,
    0.004545828549828427,
    -162704,
    97622
  ],
  "time": 1616443570947
}