{
  "code": 200,
  "result": [
    -0.19874012835878502,
    1.16011742818,
    0,
    0.008421869499936804,
    1.1685583761015144,
    1.1639132361108684,
    63716.37225240954,
    "pi_xbtusd",
    null,
    -12663,
    null,
    56572.889153590084,
    0.008421869499936804,
    -159291,
    95574
  ],
  "time": 1616470629551
}