{
  "code": 200,
  "result": [
    -0.14560781423646613,
    1.16002449842,
    0,
    0.0005355518484067988,
    1.1605863154986715,
    1.157209160853729,
    66335.72552853412,
    "pi_xbtusd",
    null,
    -9659,
    null,
    57384,
    0.0005355518484067988,
    -165840,
    99503
  ],
  "time": 1616419451677
}