{
  "code": 200,
  "result": [
    -0.15111496933884377,
    1.1601361385,
    0,
    0.008068109826221736,
    1.1682056016591096,
    1.1646777958546108,
    63918.220956268786,
    "pi_xbtusd",
    null,
    -9659,
    null,
    57384,
    0.008068109826221736,
    -159796,
    95877
  ],
  "time": 1616448971863
}