{
  "code": 200,
  "result": [
    -0.14380047570662124,
    1.15995524933,
    0,
    -0.0019297050113325246,
    1.1580783872378695,
    1.1547505377301217,
    67169.45790712189,
    "pi_xbtusd",
    null,
    -9659,
    null,
    57384,
    -0.0019297050113325246,
    -167924,
    100754
  ],
  "time": 1616410989758
}