{
  "code": 200,
  "result": [
    -0.15226054299502537,
    1.1601361385,
    0,
    0.009792029183749598,
    1.1699315326291189,
    1.1663692484374695,
    63437.3148157995,
    "pi_xbtusd",
    null,
    -9659,
    null,
    57384,
    0.009792029183749598,
    -158594,
    95155
  ],
  "time": 1616457549495
}