{
  "code": 200,
  "result": [
    -0.19827575391425645,
    1.16011742818,
    0,
    0.007966951298815509,
    1.168088399628444,
    1.1634523580018203,
    63865.6000545385,
    "pi_xbtusd",
    null,
    -12663,
    null,
    56572.889153590084,
    0.007966951298815509,
    -159665,
    95798
  ],
  "time": 1616460429174
}