{
  "code": 200,
  "result": [
    -0.1482858540933906,
    1.16009938678,
    0,
    0.004213109489685721,
    1.1643433030750732,
    1.1608925972773052,
    65137.70351902044,
    "pi_xbtusd",
    null,
    -9659,
    null,
    57384,
    0.004213109489685721,
    -162845,
    97706
  ],
  "time": 1616440871326
}