{
  "code": 200,
  "result": [
    -0.14558792830243095,
    1.16002449842,
    0,
    0.0006086443611302565,
    1.1606849915703676,
    1.1573063750751706,
    66344.78636123789,
    "pi_xbtusd",
    null,
    -9659,
    null,
    57384,
    0.0006086443611302565,
    -165862,
    99517
  ],
  "time": 1616424370731
}