{
  "code": 200,
  "result": [
    -0.1447329593774297,
    1.15995524933,
    0,
    -0.0007155934372917625,
    1.1592397194143231,
    1.1558875876750947,
    66736.69937758674,
    "pi_xbtusd",
    null,
    -9659,
    null,
    57384,
    -0.0007155934372917625,
    -166842,
    100105
  ],
  "time": 1616400014371
}