{
  "code": 200,
  "result": [
    -0.15089131513616644,
    1.1601361385,
    0,
    0.008163992506205902,
    1.168300850921218,
    1.1647711274631196,
    64012.96185458774,
    "pi_xbtusd",
    null,
    -9659,
    null,
    57384,
    0.008163992506205902,
    -160033,
    96019
  ],
  "time": 1616446270396
}