{
  "code": 200,
  "result": [
    -0.1484671184751863,
    1.1601361385,
    0,
    0.004509483636138801,
    1.164645933919684,
    1.1611893006389868,
    65058.17651208968,
    "pi_xbtusd",
    null,
    -9659,
    null,
    57384,
    0.004509483636138801,
    -162646,
    97587
  ],
  "time": 1616444530308
}