{
  "code": 200,
  "result": [
    -0.1454978388254778,
    1.16002449842,
    0,
    0.00047432099277458853,
    1.1605687663730262,
    1.1571928363451964,
    66385.86578310492,
    "pi_xbtusd",
    null,
    -9659,
    null,
    57384,
    0.00047432099277458853,
    -165965,
    99578
  ],
  "time": 1616427851348
}