{
  "code": 200,
  "result": [
    -0.1456422827228002,
    1.16002449842,
    0,
    0.0005850115782346905,
    1.1606226599625036,
    1.1572445161229645,
    66320.02615877628,
    "pi_xbtusd",
    null,
    -9659,
    null,
    57384,
    0.0005850115782346905,
    -165801,
    99480
  ],
  "time": 1616416929518
}