{
  "code": 200,
  "result": [
    -0.14545809609890628,
    1.16002449842,
    0,
    0.00034315624657286906,
    1.1604085816698626,
    1.1570352749369568,
    66404.00403310811,
    "pi_xbtusd",
    null,
    -9659,
    null,
    57384,
    0.00034315624657286906,
    -166011,
    99606
  ],
  "time": 1616422270935
}