{
  "code": 200,
  "result": [
    -0.144937749878159,
    1.16002449842,
    0,
    -0.0002913541616232984,
    1.159740997290974,
    1.156380380766232,
    66642.40343264455,
    "pi_xbtusd",
    null,
    -9659,
    null,
    57384,
    -0.0002913541616232984,
    -166607,
    99963
  ],
  "time": 1616415911078
}