{
  "code": 200,
  "result": [
    -0.19855642363200993,
    1.16011742818,
    0,
    0.008151679530708994,
    1.1682895151045645,
    1.1636497789133031,
    63775.322743869954,
    "pi_xbtusd",
    null,
    -12663,
    null,
    56572.889153590084,
    0.008151679530708994,
    -159439,
    95662
  ],
  "time": 1616471529855
}