{
  "code": 200,
  "result": [
    -0.19846972189423562,
    1.16011742818,
    0,
    0.007935131333774433,
    1.1680543655367481,
    1.1634189603094254,
    63803.183070655505,
    "pi_xbtusd",
    null,
    -12663,
    null,
    56572.889153590084,
    0.007935131333774433,
    -159508,
    95704
  ],
  "time": 1616458929441
}