{
  "code": 200,
  "result": [
    -0.1991375836810047,
    1.16013853049,
    0,
    0.009052982338041507,
    1.1691930730440212,
    1.1645353107966132,
    63589.20182683675,
    "pi_xbtusd",
    null,
    -12663,
    null,
    56572.889153590084,
    0.009052982338041507,
    -158974,
    95383
  ],
  "time": 1616475789257
}