{
  "code": 200,
  "result": [
    -0.19875017230796077,
    1.16011742818,
    0,
    0.0084048310867516,
    1.1685388564667216,
    1.1638940572443395,
    63713.152310524034,
    "pi_xbtusd",
    null,
    -12663,
    null,
    56572.889153590084,
    0.0084048310867516,
    -159283,
    95569
  ],
  "time": 1616468949204
}