{
  "code": 200,
  "result": [
    -0.14519986080619451,
    1.15995524933,
    0,
    5.72180097059151e-05,
    1.1600278130634907,
    1.1566602250953222,
    66522.10233791028,
    "pi_xbtusd",
    null,
    -9659,
    null,
    57384,
    5.72180097059151e-05,
    -166306,
    99783
  ],
  "time": 1616403191646
}