{
  "code": 200,
  "result": [
    -0.14630198042950776,
    1.16009938678,
    0,
    0.0016109652733445016,
    1.1617152748671564,
    1.1583166119537152,
    66020.97915314254,
    "pi_xbtusd",
    null,
    -9659,
    null,
    57384,
    0.0016109652733445016,
    -165053,
    99031
  ],
  "time": 1616430729822
}