{
  "code": 200,
  "result": [
    -0.14589823681228653,
    1.16009938678,
    0,
    0.0010307141085785872,
    1.1611315002026712,
    1.1577444423125254,
    66203.67874923206,
    "pi_xbtusd",
    null,
    -9659,
    null,
    57384,
    0.0010307141085785872,
    -165510,
    99305
  ],
  "time": 1616429349620
}