{
  "code": 200,
  "result": [
    -0.15092212603126876,
    1.1601361385,
    0,
    0.007769046488055679,
    1.1679061438223686,
    1.164384319284633,
    63999.89354774132,
    "pi_xbtusd",
    null,
    -9659,
    null,
    57384,
    0.007769046488055679,
    -160000,
    95999
  ],
  "time": 1616447289735
}