{
  "code": 200,
  "result": [
    -0.19908516993813993,
    1.16011742818,
    0,
    0.008866816501140318,
    1.1689848992282925,
    1.1643308602976226,
    63605.94314450779,
    "pi_xbtusd",
    null,
    -12663,
    null,
    56572.889153590084,
    0.008866816501140318,
    -159015,
    95408
  ],
  "time": 1616458148781
}