{
  "code": 200,
  "result": [
    -0.14569886186276446,
    1.16002449842,
    0,
    0.0007898022331195385,
    1.1608873682633147,
    1.157505128610678,
    66294.27214811006,
    "pi_xbtusd",
    null,
    -9659,
    null,
    57384,
    0.0007898022331195385,
    -165736,
    99441
  ],
  "time": 1616428450673
}