{
  "code": 200,
  "result": [
    -0.15191278500681496,
    1.1601361385,
    0,
    0.009231334734415543,
    1.1693696564127078,
    1.1658185861100452,
    63582.53519982987,
    "pi_xbtusd",
    null,
    -9659,
    null,
    57384,
    0.009231334734415543,
    -158957,
    95373
  ],
  "time": 1616452510351
}