{
  "code": 200,
  "result": [
    -0.1460402833227171,
    1.16002449842,
    0,
    0.0011584900491982736,
    1.1612320252421438,
    1.1578424118331854,
    66139.28554668523,
    "pi_xbtusd",
    null,
    -9659,
    null,
    57384,
    0.0011584900491982736,
    -165349,
    99208
  ],
  "time": 1616423829799
}