{
  "code": 200,
  "result": [
    -0.14905178794571736,
    1.1601361385,
    0,
    0.005325104733216952,
    1.1654617940591858,
    1.161988848356547,
    64802.979777187764,
    "pi_xbtusd",
    null,
    -9659,
    null,
    57384,
    0.005325104733216952,
    -162008,
    97204
  ],
  "time": 1616445549367
}