{
  "code": 200,
  "result": [
    -0.14591859620568415,
    1.16002449842,
    0,
    0.0009631896227521494,
    1.1610261235103234,
    1.157640416109894,
    66194.44163501171,
    "pi_xbtusd",
    null,
    -9659,
    null,
    57384,
    0.0009631896227521494,
    -165487,
    99291
  ],
  "time": 1616421791475
}