{
  "code": 200,
  "result": [
    -0.19765365554969136,
    1.16011742818,
    0,
    0.006746057288681402,
    1.1668776057146235,
    1.1622659819682026,
    64066.61169399138,
    "pi_xbtusd",
    null,
    -12663,
    null,
    56572.889153590084,
    0.006746057288681402,
    -160167,
    96099
  ],
  "time": 1616467271681
}