{
  "code": 200,
  "result": [
    -0.1512700593614776,
    1.1601361385,
    0,
    0.008340721580715511,
    1.1684780442063616,
    1.164944786166773,
    63852.688633635575,
    "pi_xbtusd",
    null,
    -9659,
    null,
    57384,
    0.008340721580715511,
    -159632,
    95779
  ],
  "time": 1616448250247
}