{
  "code": 200,
  "result": [
    -0.19754765641526228,
    1.16011742818,
    0,
    0.006679947288402773,
    1.1668099881576806,
    1.1621996866112654,
    64100.98823638422,
    "pi_xbtusd",
    null,
    -12663,
    null,
    56572.889153590084,
    0.006679947288402773,
    -160253,
    96151
  ],
  "time": 1616466249374
}