{
  "code": 200,
  "result": [
    -0.1457752178983906,
    1.16002449842,
    0,
    0.0008571884408564281,
    1.1608970228787443,
    1.1575134355019527,
    66259.54767382062,
    "pi_xbtusd",
    null,
    -9659,
    null,
    57384,
    0.0008571884408564281,
    -165649,
    99389
  ],
  "time": 1616417349748
}