{
  "code": 200,
  "result": [
    -0.19818642529504749,
    1.16011742818,
    0,
    0.007665013935393435,
    1.1677884112585408,
    1.1631584083791857,
    63894.38621312293,
    "pi_xbtusd",
    null,
    -12663,
    null,
    56572.889153590084,
    0.007665013935393435,
    -159736,
    95841
  ],
  "time": 1616461749078
}