{
  "code": 200,
  "result": [
    -0.19764553083517133,
    1.16011742818,
    0,
    0.006705127579949334,
    1.1668307395227886,
    1.1622199343705424,
    64069.24531251075,
    "pi_xbtusd",
    null,
    -12663,
    null,
    56572.889153590084,
    0.006705127579949334,
    -160174,
    96103
  ],
  "time": 1616463249146
}