{
  "code": 200,
  "result": [
    -0.14505404151450133,
    1.16002449842,
    0,
    -0.00016263861997632283,
    1.159866593430817,
    1.156503402595242,
    66588.97538566253,
    "pi_xbtusd",
    null,
    -9659,
    null,
    57384,
    -0.00016263861997632283,
    -166473,
    99883
  ],
  "time": 1616415310824
}