{
  "code": 200,
  "result": [
    -0.14862671256875618,
    1.16009938678,
    0,
    0.004796017265020337,
    1.1649272792152594,
    1.1614649152619847,
    64988.3175982356,
    "pi_xbtusd",
    null,
    -9659,
    null,
    57384,
    0.004796017265020337,
    -162471,
    97482
  ],
  "time": 1616441289888
}