{
  "code": 200,
  "result": [
    -0.1438748472482145,
    1.15995524933,
    0,
    -0.0019354375927606335,
    1.1580585196808928,
    1.1547307848247736,
    67134.73678506282,
    "pi_xbtusd",
    null,
    -9659,
    null,
    57384,
    -0.0019354375927606335,
    -167837,
    100702
  ],
  "time": 1616408050064
}