{
  "code": 200,
  "result": [
    -0.1988852526491603,
    1.16011742818,
    0,
    0.008359052735984382,
    1.16847890836698,
    1.1638350247116132,
    63669.879145528816,
    "pi_xbtusd",
    null,
    -12663,
    null,
    56572.889153590084,
    0.008359052735984382,
    -159175,
    95504
  ],
  "time": 1616459349819
}