{
  "code": 200,
  "result": [
    -0.19867326860360293,
    1.16013853049,
    0,
    0.008482589170133606,
    1.1686213456171106,
    1.1639749912330608,
    63737.81480016561,
    "pi_xbtusd",
    null,
    -12663,
    null,
    56572.889153590084,
    0.008482589170133606,
    -159345,
    95606
  ],
  "time": 1616472549650
}