{
  "code": 200,
  "result": [
    -0.14565521599810238,
    1.16002449842,
    0,
    0.0006529736583744632,
    1.1607081033103954,
    1.1573286002292535,
    66314.13735383042,
    "pi_xbtusd",
    null,
    -9659,
    null,
    57384,
    0.0006529736583744632,
    -165786,
    99471
  ],
  "time": 1616420290512
}