{
  "code": 200,
  "result": [
    -0.1516431679291713,
    1.1601361385,
    0,
    0.008913681467773094,
    1.16905277744396,
    1.1655080602066303,
    63695.58307111783,
    "pi_xbtusd",
    null,
    -9659,
    null,
    57384,
    0.008913681467773094,
    -159239,
    95543
  ],
  "time": 1616455811229
}