{
  "code": 200,
  "result": [
    -0.1490987324641019,
    1.1601361385,
    0,
    0.005571294320206707,
    1.1657079695299373,
    1.1622301000355588,
    64782.57621891971,
    "pi_xbtusd",
    null,
    -9659,
    null,
    57384,
    0.005571294320206707,
    -161957,
    97173
  ],
  "time": 1616445489159
}