{
  "code": 200,
  "result": [
    -0.15216917305149671,
    1.1601361385,
    0,
    0.010004129609175166,
    1.17014232494465,
    1.1665757987444922,
    63475.40573629342,
    "pi_xbtusd",
    null,
    -9659,
    null,
    57384,
    0.010004129609175166,
    -158689,
    95213
  ],
  "time": 1616451971074
}