{
  "code": 200,
  "result": [
    -0.14568804261430052,
    1.16002449842,
    0,
    0.0006574078677066419,
    1.1607116043691645,
    1.157332012603836,
    66299.19536753999,
    "pi_xbtusd",
    null,
    -9659,
    null,
    57384,
    0.0006574078677066419,
    -165748,
    99448
  ],
  "time": 1616420111148
}