{
  "code": 200,
  "result": [
    -0.1437002509180946,
    1.15995524933,
    0,
    -0.0020392722123958574,
    1.157965932138082,
    1.1546402739743555,
    67216.30573564814,
    "pi_xbtusd",
    null,
    -9659,
    null,
    57384,
    -0.0020392722123958574,
    -168041,
    100824
  ],
  "time": 1616410389397
}