{
  "code": 200,
  "result": [
    -0.14517646399701659,
    1.15995524933,
    0,
    -8.062600630474858e-05,
    1.1599093120500583,
    1.15654448096221,
    66532.82311792974,
    "pi_xbtusd",
    null,
    -9659,
    null,
    57384,
    -8.062600630474858e-05,
    -166333,
    99799
  ],
  "time": 1616407213765
}