{
  "code": 200,
  "result": [
    -0.14578931575111612,
    1.16002449842,
    0,
    0.000914990805207329,
    1.1610025635715011,
    1.1576178201474225,
    66253.14036379277,
    "pi_xbtusd",
    null,
    -9659,
    null,
    57384,
    0.000914990805207329,
    -165633,
    99379
  ],
  "time": 1616426529566
}