{
  "code": 200,
  "result": [
    -0.1965330616628077,
    1.16011742818,
    0,
    0.005366699889856946,
    1.1654938197864477,
    1.1609097831880035,
    64431.90724686283,
    "pi_xbtusd",
    null,
    -12663,
    null,
    56572.889153590084,
    0.005366699889856946,
    -161080,
    96647
  ],
  "time": 1616464270654
}