{
  "code": 200,
  "result": [
    -0.19859293585335758,
    1.16013853049,
    0,
    0.008194187420688451,
    1.1683331177549594,
    1.1636925314058986,
    63763.59735852059,
    "pi_xbtusd",
    null,
    -12663,
    null,
    56572.889153590084,
    0.008194187420688451,
    -159409,
    95645
  ],
  "time": 1616472972488
}