{
  "code": 200,
  "result": [
    -0.14812023199344335,
    1.16009938678,
    0,
    0.004051459408368315,
    1.1641854842278794,
    1.1607380114317376,
    65210.53788538195,
    "pi_xbtusd",
    null,
    -9659,
    null,
    57384,
    0.004051459408368315,
    -163027,
    97815
  ],
  "time": 1616442373184
}