{
  "code": 200,
  "result": [
    -0.15140393741159322,
    1.1601361385,
    0,
    0.00861093617216163,
    1.1687502849735227,
    1.1652116226421052,
    63796.22726548983,
    "pi_xbtusd",
    null,
    -9659,
    null,
    57384,
    0.00861093617216163,
    -159491,
    95694
  ],
  "time": 1616456889261
}