{
  "code": 200,
  "result": [
    -0.14628953694956306,
    1.16002449842,
    0,
    0.001443708240202733,
    1.1615016390133,
    1.1581063212405216,
    66026.59493911844,
    "pi_xbtusd",
    null,
    -9659,
    null,
    57384,
    0.001443708240202733,
    -165067,
    99039
  ],
  "time": 1616420829715
}