{
  "code": 200,
  "result": [
    -0.14519217473807844,
    1.16002449842,
    0,
    -6.157592175548061e-05,
    1.1599723432458386,
    1.1566071311562993,
    66525.6238321693,
    "pi_xbtusd",
    null,
    -9659,
    null,
    57384,
    -6.157592175548061e-05,
    -166315,
    99788
  ],
  "time": 1616416212224
}