{
  "code": 200,
  "result": [
    -0.1468163738346596,
    1.16009938678,
    0,
    0.004016859505647713,
    1.164145057115316,
    1.1606982763172287,
    65789.66465196648,
    "pi_xbtusd",
    null,
    -9659,
    null,
    57384,
    0.004016859505647713,
    -164475,
    98684
  ],
  "time": 1616440089602
}