{
  "code": 200,
  "result": [
    -0.14554080419580503,
    1.16002449842,
    0,
    0.0005141528865467606,
    1.1606070386023002,
    1.157230311936595,
    66366.26788873003,
    "pi_xbtusd",
    null,
    -9659,
    null,
    57384,
    0.0005141528865467606,
    -165916,
    99549
  ],
  "time": 1616427550445
}