{
  "code": 200,
  "result": [
    -0.14573679523073058,
    1.16002449842,
    0,
    0.0008105307326278963,
    1.1608931199750343,
    1.1575104657524073,
    66277.0166223833,
    "pi_xbtusd",
    null,
    -9659,
    null,
    57384,
    0.0008105307326278963,
    -165693,
    99415
  ],
  "time": 1616425571149
}