{
  "code": 200,
  "result": [
    -0.1445708692154312,
    1.15995524933,
    0,
    -0.0009646158246700573,
    1.1590273215587716,
    1.1556801702672908,
    66811.52332014214,
    "pi_xbtusd",
    null,
    -9659,
    null,
    57384,
    -0.0009646158246700573,
    -167029,
    100217
  ],
  "time": 1616407629609
}