{
  "code": 200,
  "result": [
    -0.15110308565716943,
    1.1601361385,
    0,
    0.008116441009010343,
    1.1682552972727498,
    1.1647265248445953,
    63923.247880687515,
    "pi_xbtusd",
    null,
    -9659,
    null,
    57384,
    0.008116441009010343,
    -159809,
    95884
  ],
  "time": 1616454789012
}