{
  "code": 200,
  "result": [
    -0.1455571909611341,
    1.16002449842,
    0,
    0.000536289840392413,
    1.160635101872473,
    1.1572579324676908,
    66358.7964031203,
    "pi_xbtusd",
    null,
    -9659,
    null,
    57384,
    0.000536289840392413,
    -165897,
    99538
  ],
  "time": 1616428690761
}