{
  "code": 200,
  "result": [
    -0.14534757455520494,
    1.16002449842,
    0,
    0.00010860063603592043,
    1.1601568664266764,
    1.1567882508059812,
    66454.49729421789,
    "pi_xbtusd",
    null,
    -9659,
    null,
    57384,
    0.00010860063603592043,
    -166137,
    99681
  ],
  "time": 1616418970827
}