{
  "code": 200,
  "result": [
    -0.19979040940848009,
    1.16013853049,
    0,
    0.010027162143145118,
    1.1701665117080333,
    1.1654892658645233,
    63381.42074732903,
    "pi_xbtusd",
    null,
    -12663,
    null,
    56572.889153590084,
    0.010027162143145118,
    -158454,
    95072
  ],
  "time": 1616473989924
}