{
  "code": 200,
  "result": [
    -0.14382251330930734,
    1.15995524933,
    0,
    -0.001788415458049058,
    1.158222568782306,
    1.1548918934834926,
    67159.16568101669,
    "pi_xbtusd",
    null,
    -9659,
    null,
    57384,
    -0.001788415458049058,
    -167898,
    100738
  ],
  "time": 1616411590610
}