{
  "code": 200,
  "result": [
    -0.19831557340311456,
    1.16011742818,
    0,
    0.007685118619255692,
    1.1678234841656268,
    1.1631930791925944,
    63852.77657574585,
    "pi_xbtusd",
    null,
    -12663,
    null,
    56572.889153590084,
    0.007685118619255692,
    -159632,
    95779
  ],
  "time": 1616471889227
}