{
  "code": 200,
  "result": [
    -0.14548941499857948,
    1.15995524933,
    0,
    0.0003387385143023448,
    1.160323466725847,
    1.1569502483475866,
    66389.70952006582,
    "pi_xbtusd",
    null,
    -9659,
    null,
    57384,
    0.0003387385143023448,
    -165975,
    99584
  ],
  "time": 1616406130651
}