{
  "code": 200,
  "result": [
    -0.15074636710388808,
    1.1601361385,
    0,
    0.007627105985660453,
    1.1677642736839984,
    1.1642452879563108,
    64074.512610598584,
    "pi_xbtusd",
    null,
    -9659,
    null,
    57384,
    0.007627105985660453,
    -160187,
    96111
  ],
  "time": 1616447589033
}