{
  "code": 200,
  "result": [
    -0.15208143201761593,
    1.1601361385,
    0,
    0.009561593853347532,
    1.1697010409854987,
    1.1661433655004574,
    63512.02689149571,
    "pi_xbtusd",
    null,
    -9659,
    null,
    57384,
    0.009561593853347532,
    -158781,
    95268
  ],
  "time": 1616457309177
}