{
  "code": 200,
  "result": [
    -0.19782375053562246,
    1.16011742818,
    0,
    0.006847919873368771,
    1.1669737103179296,
    1.1623600493198152,
    64011.52523756116,
    "pi_xbtusd",
    null,
    -12663,
    null,
    56572.889153590084,
    0.006847919873368771,
    -160029,
    96017
  ],
  "time": 1616463370144
}