{
  "code": 200,
  "result": [
    -0.1459474081433161,
    1.16009938678,
    0,
    0.001207571554981781,
    1.1613276626462947,
    1.1579370676072207,
    66181.37398175063,
    "pi_xbtusd",
    null,
    -9659,
    null,
    57384,
    0.001207571554981781,
    -165454,
    99272
  ],
  "time": 1616436913201
}