{
  "code": 200,
  "result": [
    -0.145623265088957,
    1.16009938678,
    0,
    0.0008060884835371652,
    1.160922496197491,
    1.157539930819846,
    66328.6872059873,
    "pi_xbtusd",
    null,
    -9659,
    null,
    57384,
    0.0008060884835371652,
    -165822,
    99493
  ],
  "time": 1616435470329
}