{
  "code": 200,
  "result": [
    -0.19730704033536417,
    1.16011742818,
    0,
    0.0063708882652302465,
    1.1665022571664718,
    1.1618981368005201,
    64179.15943838907,
    "pi_xbtusd",
    null,
    -12663,
    null,
    56572.889153590084,
    0.0063708882652302465,
    -160448,
    96268
  ],
  "time": 1616467149081
}