{
  "code": 200,
  "result": [
    -0.14562378166328704,
    1.16002449842,
    0,
    0.0006766254643636169,
    1.1607748213420657,
    1.157394845224804,
    66328.45191682804,
    "pi_xbtusd",
    null,
    -9659,
    null,
    57384,
    0.0006766254643636169,
    -165822,
    99492
  ],
  "time": 1616428572224
}