{
  "code": 200,
  "result": [
    -0.1999450551134003,
    1.16013853049,
    0,
    0.010403520362340723,
    1.1705429448838967,
    1.1658581718760026,
    63332.398957394005,
    "pi_xbtusd",
    null,
    -12663,
    null,
    56572.889153590084,
    0.010403520362340723,
    -158331,
    94998
  ],
  "time": 1616474171916
}