{
  "code": 200,
  "result": [
    -0.1984046074010615,
    1.16011742818,
    0,
    0.007790990326156948,
    1.1679235991001222,
    1.1632910766929518,
    63824.12266466475,
    "pi_xbtusd",
    null,
    -12663,
    null,
    56572.889153590084,
    0.007790990326156948,
    -159561,
    95736
  ],
  "time": 1616467989670
}