{
  "code": 200,
  "result": [
    -0.14551214323095799,
    1.15995524933,
    0,
    0.00042492605748850734,
    1.16040359403094,
    1.157028651901816,
    66379.33979619255,
    "pi_xbtusd",
    null,
    -9659,
    null,
    57384,
    0.00042492605748850734,
    -165949,
    99569
  ],
  "time": 1616404870738
}