{
  "code": 200,
  "result": [
    -0.15128013581764857,
    1.1601361385,
    0,
    0.008246260665921362,
    1.1683838088671394,
    1.1648524400458466,
    63848.435538442754,
    "pi_xbtusd",
    null,
    -9659,
    null,
    57384,
    0.008246260665921362,
    -159622,
    95772
  ],
  "time": 1616449211650
}