{
  "code": 200,
  "result": [
    -0.1468374175939573,
    1.16009938678,
    0,
    0.0023473605039281355,
    1.1624539678050827,
    1.1590405769870298,
    65780.23611603948,
    "pi_xbtusd",
    null,
    -9659,
    null,
    57384,
    0.0023473605039281355,
    -164451,
    98670
  ],
  "time": 1616431629979
}