{
  "code": 200,
  "result": [
    -0.14538938143597618,
    1.15995524933,
    0,
    0.00016442300625049577,
    1.160142224024353,
    1.1567724919562536,
    66435.38822849623,
    "pi_xbtusd",
    null,
    -9659,
    null,
    57384,
    0.00016442300625049577,
    -166089,
    99653
  ],
  "time": 1616404690312
}