{
  "code": 200,
  "result": [
    -0.14567215269696362,
    1.16002449842,
    0,
    0.0008127519446830649,
    1.160894716815794,
    1.157512018168926,
    66306.42728327945,
    "pi_xbtusd",
    null,
    -9659,
    null,
    57384,
    0.0008127519446830649,
    -165767,
    99459
  ],
  "time": 1616425450982
}