{
  "code": 200,
  "result": [
    -0.15105962381128382,
    1.1601361385,
    0,
    0.008169635910193516,
    1.1683068597158406,
    1.1647770233896624,
    63941.63944209753,
    "pi_xbtusd",
    null,
    -9659,
    null,
    57384,
    0.008169635910193516,
    -159855,
    95912
  ],
  "time": 1616447828870
}