{
  "code": 200,
  "result": [
    -0.15181656764168872,
    1.1601361385,
    0,
    0.00924847145047898,
    1.1693874261847823,
    1.1658360131477983,
    63622.83214567713,
    "pi_xbtusd",
    null,
    -9659,
    null,
    57384,
    0.00924847145047898,
    -159058,
    95434
  ],
  "time": 1616455210498
}