{
  "code": 200,
  "result": [
    -0.1454659213315669,
    1.15995524933,
    0,
    0.0003085568697404918,
    1.1602944390067946,
    1.1569218242614254,
    66400.43187836287,
    "pi_xbtusd",
    null,
    -9659,
    null,
    57384,
    0.0003085568697404918,
    -166002,
    99600
  ],
  "time": 1616406371326
}