{
  "code": 200,
  "result": [
    -0.1464045886492677,
    1.16009938678,
    0,
    0.0019449692703202045,
    1.1620474454280003,
    1.1586421024346196,
    65974.7080956558,
    "pi_xbtusd",
    null,
    -9659,
    null,
    57384,
    0.0019449692703202045,
    -164937,
    98962
  ],
  "time": 1616430011336
}