{
  "code": 200,
  "result": [
    -0.19779554195657553,
    1.16011742818,
    0,
    0.0070256069608738815,
    1.1671514859691428,
    1.162534271229278,
    64020.65423082216,
    "pi_xbtusd",
    null,
    -12663,
    null,
    56572.889153590084,
    0.0070256069608738815,
    -160052,
    96030
  ],
  "time": 1616463430821
}