{
  "code": 200,
  "result": [
    -0.1456831117060257,
    1.16009938678,
    0,
    0.0008920133418114644,
    1.1610073521141158,
    1.1576230682393052,
    66301.43938365979,
    "pi_xbtusd",
    null,
    -9659,
    null,
    57384,
    0.0008920133418114644,
    -165754,
    99452
  ],
  "time": 1616435050747
}