{
  "code": 200,
  "result": [
    -0.15130084234035018,
    1.1601361385,
    0,
    0.008534804207089621,
    1.168671746760669,
    1.1651346070685529,
    63839.697457018425,
    "pi_xbtusd",
    null,
    -9659,
    null,
    57384,
    0.008534804207089621,
    -159600,
    95759
  ],
  "time": 1616446629457
}