{
  "code": 200,
  "result": [
    -0.1466030326872033,
    1.16009938678,
    0,
    0.001988501267185188,
    1.1620989392818142,
    1.1586927256484962,
    65885.40375292739,
    "pi_xbtusd",
    null,
    -9659,
    null,
    57384,
    0.001988501267185188,
    -164714,
    98828
  ],
  "time": 1616433131247
}