{
  "code": 200,
  "result": [
    -0.1454924959469442,
    1.16002449842,
    0,
    0.00034389255778456945,
    1.1603818522956084,
    1.1570085308364784,
    66388.3036519099,
    "pi_xbtusd",
    null,
    -9659,
    null,
    57384,
    0.00034389255778456945,
    -165971,
    99582
  ],
  "time": 1616416989772
}