{
  "code": 200,
  "result": [
    -0.14356395033402836,
    1.15995524933,
    0,
    -0.0022943687205628296,
    1.157710266546649,
    1.1543897103130858,
    67280.12135028698,
    "pi_xbtusd",
    null,
    -9659,
    null,
    57384,
    -0.0022943687205628296,
    -168201,
    100920
  ],
  "time": 1616410270981
}