{
  "code": 200,
  "result": [
    -0.1442825867563182,
    1.15995524933,
    0,
    -0.0012772024272442479,
    1.1587424305245493,
    1.1554015309651198,
    66945.01545299629,
    "pi_xbtusd",
    null,
    -9659,
    null,
    57384,
    -0.0012772024272442479,
    -167363,
    100417
  ],
  "time": 1616413389663
}