{
  "code": 200,
  "result": [
    -0.14559615453908056,
    1.16009938678,
    0,
    0.0007424418795154468,
    1.1608568594980253,
    1.1574755670524606,
    66341.03785623923,
    "pi_xbtusd",
    null,
    -9659,
    null,
    57384,
    0.0007424418795154468,
    -165853,
    99511
  ],
  "time": 1616434690851
}