{
  "code": 200,
  "result": [
    -0.14569864160651574,
    1.16009938678,
    0,
    0.00080090615451765,
    1.1609167003623064,
    1.1575342386312417,
    66294.37236680485,
    "pi_xbtusd",
    null,
    -9659,
    null,
    57384,
    0.00080090615451765,
    -165736,
    99441
  ],
  "time": 1616435229544
}