{
  "code": 200,
  "result": [
    -0.19854726834406378,
    1.16011742818,
    0,
    0.008014697631979043,
    1.1681481041716364,
    1.1635111076183497,
    63778.26351182133,
    "pi_xbtusd",
    null,
    -12663,
    null,
    56572.889153590084,
    0.008014697631979043,
    -159446,
    95667
  ],
  "time": 1616468530569
}