{
  "code": 200,
  "result": [
    -0.1985122776465792,
    1.16011742818,
    0,
    0.008177182395499067,
    1.168299074463316,
    1.1636588282147589,
    63789.505365227524,
    "pi_xbtusd",
    null,
    -12663,
    null,
    56572.889153590084,
    0.008177182395499067,
    -159474,
    95684
  ],
  "time": 1616460729531
}