{
  "code": 200,
  "result": [
    -0.19894352882711935,
    1.16011742818,
    0,
    0.00837927815373648,
    1.1684975402609252,
    1.1638532520972034,
    63651.22843982558,
    "pi_xbtusd",
    null,
    -12663,
    null,
    56572.889153590084,
    0.00837927815373648,
    -159129,
    95476
  ],
  "time": 1616458270453
}