{
  "code": 200,
  "result": [
    -0.14492130007167275,
    1.15995524933,
    0,
    -0.00021458736215543913,
    1.1597496558186804,
    1.1563875039579492,
    66649.96791515818,
    "pi_xbtusd",
    null,
    -9659,
    null,
    57384,
    -0.00021458736215543913,
    -166625,
    99974
  ],
  "time": 1616401871498
}