{
  "code": 200,
  "result": [
    -0.1465324764373298,
    1.16002449842,
    0,
    0.0020027665896486862,
    1.1620588319873226,
    1.1586523330475553,
    65917.12796262636,
    "pi_xbtusd",
    null,
    -9659,
    null,
    57384,
    0.0020027665896486862,
    -164793,
    98875
  ],
  "time": 1616420470483
}