{
  "code": 200,
  "result": [
    -0.15082647395563242,
    1.1601361385,
    0,
    0.007811593010717471,
    1.167948803198951,
    1.1644261277307622,
    64040.48140011097,
    "pi_xbtusd",
    null,
    -9659,
    null,
    57384,
    0.007811593010717471,
    -160102,
    96060
  ],
  "time": 1616447770957
}