{
  "code": 200,
  "result": [
    -0.1985304287272614,
    1.16011742818,
    0,
    0.007944676405970182,
    1.1680779945516777,
    1.1634423984229112,
    63783.673269533254,
    "pi_xbtusd",
    null,
    -12663,
    null,
    56572.889153590084,
    0.007944676405970182,
    -159460,
    95675
  ],
  "time": 1616468470330
}