{
  "code": 200,
  "result": [
    -0.14549718292353542,
    1.15995524933,
    0,
    0.000404291962038266,
    1.1603826762065719,
    1.1570081467593567,
    66386.16505088068,
    "pi_xbtusd",
    null,
    -9659,
    null,
    57384,
    0.000404291962038266,
    -165966,
    99579
  ],
  "time": 1616404811586
}