{
  "code": 200,
  "result": [
    -0.1984945823272223,
    1.16011742818,
    0,
    0.007936191858528684,
    1.1680716354874703,
    1.1634362090496526,
    63795.192047734534,
    "pi_xbtusd",
    null,
    -12663,
    null,
    56572.889153590084,
    0.007936191858528684,
    -159488,
    95692
  ],
  "time": 1616469909851
}