{
  "code": 200,
  "result": [
    -0.15154863614685948,
    1.1601361385,
    0,
    0.00873905045088868,
    1.168875852899069,
    1.165334628282077,
    63735.31458666421,
    "pi_xbtusd",
    null,
    -9659,
    null,
    57384,
    0.00873905045088868,
    -159339,
    95602
  ],
  "time": 1616446033712
}