{
  "code": 200,
  "result": [
    -0.19739645895583866,
    1.16011742818,
    0,
    0.006460901212101003,
    1.166590144824962,
    1.1619842242000729,
    64150.08692143234,
    "pi_xbtusd",
    null,
    -12663,
    null,
    56572.889153590084,
    0.006460901212101003,
    -160376,
    96225
  ],
  "time": 1616465710116
}