{
  "code": 200,
  "result": [
    -0.14669306500148901,
    1.16009938678,
    0,
    0.002165108952225333,
    1.1622727888574405,
    1.1588630430704217,
    65844.9668353576,
    "pi_xbtusd",
    null,
    -9659,
    null,
    57384,
    0.002165108952225333,
    -164613,
    98767
  ],
  "time": 1616432050587
}