{
  "code": 200,
  "result": [
    -0.19856214304248881,
    1.16011742818,
    0,
    0.008267550155149921,
    1.1683886449340743,
    1.1637465913303242,
    63773.48575095878,
    "pi_xbtusd",
    null,
    -12663,
    null,
    56572.889153590084,
    0.008267550155149921,
    -159434,
    95660
  ],
  "time": 1616460189681
}