{
  "code": 200,
  "result": [
    -0.14816391104453586,
    1.16009938678,
    0,
    0.004119161605183451,
    1.1642533294501392,
    1.160804502610061,
    65191.313673521,
    "pi_xbtusd",
    null,
    -9659,
    null,
    57384,
    0.004119161605183451,
    -162979,
    97786
  ],
  "time": 1616442429272
}