{
  "code": 200,
  "result": [
    -0.15160400535876892,
    1.1601361385,
    0,
    0.00874959976022372,
    1.1688888360317713,
    1.1653474004285924,
    63712.03700813907,
    "pi_xbtusd",
    null,
    -9659,
    null,
    57384,
    0.00874959976022372,
    -159281,
    95568
  ],
  "time": 1616456410128
}