{
  "code": 200,
  "result": [
    -0.14499188300069898,
    1.16002449842,
    0,
    -0.00021897592594348023,
    1.159813994858587,
    1.1564519307691317,
    66617.52230608271,
    "pi_xbtusd",
    null,
    -9659,
    null,
    57384,
    -0.00021897592594348023,
    -166544,
    99926
  ],
  "time": 1616416030001
}