{
  "code": 200,
  "result": [
    -0.14584485193933833,
    1.16009938678,
    0,
    0.0010314564351287642,
    1.1611504695908295,
    1.1577633968541525,
    66227.91186361172,
    "pi_xbtusd",
    null,
    -9659,
    null,
    57384,
    0.0010314564351287642,
    -165570,
    99341
  ],
  "time": 1616436491145
}