{
  "code": 200,
  "result": [
    -0.14853441513020496,
    1.1601361385,
    0,
    0.004970725697662079,
    1.1651069930188886,
    1.161641134896961,
    65028.70053066786,
    "pi_xbtusd",
    null,
    -9659,
    null,
    57384,
    0.004970725697662079,
    -162572,
    97543
  ],
  "time": 1616443749866
}