{
  "code": 200,
  "result": [
    -0.14861308119043165,
    1.16009938678,
    0,
    0.004725457417718434,
    1.1648573300437295,
    1.1613963772874007,
    64994.27858320919,
    "pi_xbtusd",
    null,
    -9659,
    null,
    57384,
    0.004725457417718434,
    -162486,
    97491
  ],
  "time": 1616441529434
}