{
  "code": 200,
  "result": [
    -0.14539884594407218,
    1.15995524933,
    0,
    0.00021807671285609573,
    1.1602002016827249,
    1.1568293965404934,
    66431.0637218905,
    "pi_xbtusd",
    null,
    -9659,
    null,
    57384,
    0.00021807671285609573,
    -166078,
    99646
  ],
  "time": 1616405589644
}