{
  "code": 200,
  "result": [
    -0.19849621923867047,
    1.16011742818,
    0,
    0.007945737018078302,
    1.1680812708640274,
    1.1634456535230187,
    63794.665956705685,
    "pi_xbtusd",
    null,
    -12663,
    null,
    56572.889153590084,
    0.007945737018078302,
    -159487,
    95691
  ],
  "time": 1616469970459
}