{
  "code": 200,
  "result": [
    -0.1456006978709906,
    1.16002449842,
    0,
    0.0005894422213450969,
    1.1606676557369096,
    1.1572894232845083,
    66338.96774697021,
    "pi_xbtusd",
    null,
    -9659,
    null,
    57384,
    0.0005894422213450969,
    -165848,
    99508
  ],
  "time": 1616424729723
}