{
  "code": 200,
  "result": [
    -0.1468135430788868,
    1.16009938678,
    0,
    0.004038386701274562,
    1.1641675033438565,
    1.1607202920018567,
    65790.93316213998,
    "pi_xbtusd",
    null,
    -9659,
    null,
    57384,
    0.004038386701274562,
    -164478,
    98686
  ],
  "time": 1616440449674
}