{
  "code": 200,
  "result": [
    -0.14437375495672325,
    1.15995524933,
    0,
    -0.0011456533054410784,
    1.1588783126437814,
    1.155534782101916,
    66902.74144975541,
    "pi_xbtusd",
    null,
    -9659,
    null,
    57384,
    -0.0011456533054410784,
    -167257,
    100354
  ],
  "time": 1616414290526
}