{
  "code": 200,
  "result": [
    -0.19786280562846922,
    1.16011742818,
    0,
    0.006945666483058112,
    1.167070394868726,
    1.1624547789384176,
    63998.89034110613,
    "pi_xbtusd",
    null,
    -12663,
    null,
    56572.889153590084,
    0.006945666483058112,
    -159998,
    95998
  ],
  "time": 1616462650620
}