{
  "code": 200,
  "result": [
    -0.14597093487824778,
    1.16002449842,
    0,
    0.0009409406036483114,
    1.1610129179939035,
    1.1576276555738563,
    66170.70725796495,
    "pi_xbtusd",
    null,
    -9659,
    null,
    57384,
    0.0009409406036483114,
    -165427,
    99256
  ],
  "time": 1616423530500
}