{
  "code": 200,
  "result": [
    -0.14551224257079912,
    1.16002449842,
    0,
    0.0003740868536152739,
    1.1604273403858139,
    1.1570534150407672,
    66379.29447964081,
    "pi_xbtusd",
    null,
    -9659,
    null,
    57384,
    0.0003740868536152739,
    -165949,
    99568
  ],
  "time": 1616419929709
}