{
  "code": 200,
  "result": [
    -0.14670097635002327,
    1.16009938678,
    0,
    0.002150816424438254,
    1.1622611006050434,
    1.1588516406685803,
    65841.41592182708,
    "pi_xbtusd",
    null,
    -9659,
    null,
    57384,
    0.002150816424438254,
    -164604,
    98762
  ],
  "time": 1616433070424
}