{
  "code": 200,
  "result": [
    -0.19849337100529615,
    1.16013853049,
    0,
    0.008120871048381707,
    1.1682599490866195,
    1.1636208290650047,
    63795.58136307801,
    "pi_xbtusd",
    null,
    -12663,
    null,
    56572.889153590084,
    0.008120871048381707,
    -159489,
    95693
  ],
  "time": 1616473330417
}