{
  "code": 200,
  "result": [
    -0.14356066905180567,
    1.15995524933,
    0,
    -0.0022800982973628227,
    1.1577204925632014,
    1.1543996509211742,
    67281.6591326586,
    "pi_xbtusd",
    null,
    -9659,
    null,
    57384,
    -0.0022800982973628227,
    -168205,
    100922
  ],
  "time": 1616409429486
}