{
  "code": 200,
  "result": [
    -0.1461193835296989,
    1.16002449842,
    0,
    0.0014034365896588665,
    1.1614747987980443,
    1.1580802864582767,
    66103.48173305015,
    "pi_xbtusd",
    null,
    -9659,
    null,
    57384,
    0.0014034365896588665,
    -165259,
    99155
  ],
  "time": 1616423412427
}