{
  "code": 200,
  "result": [
    -0.19827017084739568,
    1.16011742818,
    0,
    0.007726397070471579,
    1.1678648512705965,
    1.1632336207285399,
    63867.39843860043,
    "pi_xbtusd",
    null,
    -12663,
    null,
    56572.889153590084,
    0.007726397070471579,
    -159669,
    95801
  ],
  "time": 1616471949260
}