{
  "code": 200,
  "result": [
    -0.15043462571511756,
    1.1601361385,
    0,
    0.007312766573493577,
    1.1674495404979237,
    1.1639368415584794,
    64207.29239750648,
    "pi_xbtusd",
    null,
    -9659,
    null,
    57384,
    0.007312766573493577,
    -160519,
    96310
  ],
  "time": 1616445910698
}