{
  "code": 200,
  "result": [
    -0.15112065635227256,
    1.1601361385,
    0,
    0.008297919074658829,
    1.1684368034465786,
    1.164904401457111,
    63915.81556848332,
    "pi_xbtusd",
    null,
    -9659,
    null,
    57384,
    0.008297919074658829,
    -159790,
    95873
  ],
  "time": 1616454909426
}