{
  "code": 200,
  "result": [
    -0.14819326046481276,
    1.16009938678,
    0,
    0.004156882475159841,
    1.1642921230926215,
    1.160842541835144,
    65178.40264600594,
    "pi_xbtusd",
    null,
    -9659,
    null,
    57384,
    0.004156882475159841,
    -162947,
    97767
  ],
  "time": 1616442849450
}