{
  "code": 200,
  "result": [
    -0.14428563830052518,
    1.15995524933,
    0,
    -0.0012967003236692292,
    1.1587232224788544,
    1.1553827128773535,
    66943.59961094508,
    "pi_xbtusd",
    null,
    -9659,
    null,
    57384,
    -0.0012967003236692292,
    -167359,
    100415
  ],
  "time": 1616413449659
}