{
  "code": 200,
  "result": [
    -0.19850595522045192,
    1.16013853049,
    0,
    0.008426129493875441,
    1.168565231858648,
    1.1639200066681232,
    63791.53706465397,
    "pi_xbtusd",
    null,
    -12663,
    null,
    56572.889153590084,
    0.008426129493875441,
    -159479,
    95687
  ],
  "time": 1616473389800
}