{
  "code": 200,
  "result": [
    -0.14595867499917886,
    1.16002449842,
    0,
    0.0011889767312282804,
    1.1612700044889335,
    1.1578797813463346,
    66176.26530286288,
    "pi_xbtusd",
    null,
    -9659,
    null,
    57384,
    0.0011889767312282804,
    -165441,
    99264
  ],
  "time": 1616425270946
}