{
  "code": 200,
  "result": [
    -0.1994450109848114,
    1.16013853049,
    0,
    0.00950895252165705,
    1.1696482033717484,
    1.1649813217206682,
    63491.18454993262,
    "pi_xbtusd",
    null,
    -12663,
    null,
    56572.889153590084,
    0.00950895252165705,
    -158728,
    95236
  ],
  "time": 1616473749984
}