{
  "code": 200,
  "result": [
    -0.14566410545761974,
    1.16009938678,
    0,
    0.0008786744518589141,
    1.160995234157146,
    1.1576112170601345,
    66310.09039361615,
    "pi_xbtusd",
    null,
    -9659,
    null,
    57384,
    0.0008786744518589141,
    -165776,
    99465
  ],
  "time": 1616435530433
}