{
  "code": 200,
  "result": [
    -0.14645398715678212,
    1.16009938678,
    0,
    0.0018759641437175727,
    1.1619867065034255,
    1.1585827436125768,
    65952.45501687731,
    "pi_xbtusd",
    null,
    -9659,
    null,
    57384,
    0.0018759641437175727,
    -164882,
    98928
  ],
  "time": 1616433250063
}