{
  "code": 200,
  "result": [
    -0.19851583526466793,
    1.16011742818,
    0,
    0.00804547791490461,
    1.168164093862125,
    1.1635264817031796,
    63788.362188423234,
    "pi_xbtusd",
    null,
    -12663,
    null,
    56572.889153590084,
    0.00804547791490461,
    -159471,
    95682
  ],
  "time": 1616458510147
}