{
  "code": 200,
  "result": [
    -0.1508710554627513,
    1.1601361385,
    0,
    0.007785902085283532,
    1.1679246602283628,
    1.1644024985786827,
    64021.557815539505,
    "pi_xbtusd",
    null,
    -9659,
    null,
    57384,
    0.007785902085283532,
    -160054,
    96032
  ],
  "time": 1616454371023
}