{
  "code": 200,
  "result": [
    -0.14360620459050677,
    1.15995524933,
    0,
    -0.0022836661331400105,
    1.157722123213468,
    1.1544013529281565,
    67260.32505031832,
    "pi_xbtusd",
    null,
    -9659,
    null,
    57384,
    -0.0022836661331400105,
    -168151,
    100890
  ],
  "time": 1616410510441
}