{
  "code": 200,
  "result": [
    -0.14692147499413913,
    1.16009938678,
    0,
    0.0025564496001326425,
    1.162680514700898,
    1.159262942100921,
    65742.60162025537,
    "pi_xbtusd",
    null,
    -9659,
    null,
    57384,
    0.0025564496001326425,
    -164357,
    98613
  ],
  "time": 1616438470732
}