{
  "code": 200,
  "result": [
    -0.14700971479490071,
    1.16009938678,
    0,
    0.002717578066723578,
    1.162823883235559,
    1.1594030880662503,
    65703.14086708942,
    "pi_xbtusd",
    null,
    -9659,
    null,
    57384,
    0.002717578066723578,
    -164258,
    98554
  ],
  "time": 1616431511207
}