{
  "code": 200,
  "result": [
    -0.14879184688319275,
    1.1601361385,
    0,
    0.00492099497883396,
    1.1650572905459045,
    1.1615924270383535,
    64916.19132587743,
    "pi_xbtusd",
    null,
    -9659,
    null,
    57384,
    0.00492099497883396,
    -162291,
    97374
  ],
  "time": 1616443871009
}