{
  "code": 200,
  "result": [
    -0.1984481308367536,
    1.16011742818,
    0,
    0.007957404391936209,
    1.1680805373525032,
    1.1634446866640173,
    63810.12482509484,
    "pi_xbtusd",
    null,
    -12663,
    null,
    56572.889153590084,
    0.007957404391936209,
    -159526,
    95715
  ],
  "time": 1616461570525
}