{
  "code": 200,
  "result": [
    -0.15205012018646402,
    1.1601361385,
    0,
    0.009521472217889484,
    1.169659906161926,
    1.1661030331095938,
    63525.10598580819,
    "pi_xbtusd",
    null,
    -9659,
    null,
    57384,
    0.009521472217889484,
    -158813,
    95287
  ],
  "time": 1616452989264
}