{
  "code": 200,
  "result": [
    -0.1457673349117441,
    1.16002449842,
    0,
    0.0010121580595844964,
    1.1610925589237127,
    1.1577058721545466,
    66263.1309397823,
    "pi_xbtusd",
    null,
    -9659,
    null,
    57384,
    0.0010121580595844964,
    -165658,
    99394
  ],
  "time": 1616425149764
}