{
  "code": 200,
  "result": [
    -0.14565259878476414,
    1.16002449842,
    0,
    0.0006862359019597425,
    1.1607660141161842,
    1.1573858457901707,
    66315.32894427402,
    "pi_xbtusd",
    null,
    -9659,
    null,
    57384,
    0.0006862359019597425,
    -165789,
    99472
  ],
  "time": 1616425030761
}