{
  "code": 200,
  "result": [
    -0.14590599681802785,
    1.16002449842,
    0,
    0.0009335255635202883,
    1.1610086237493353,
    1.1576235096300906,
    66200.15770871012,
    "pi_xbtusd",
    null,
    -9659,
    null,
    57384,
    0.0009335255635202883,
    -165501,
    99300
  ],
  "time": 1616424130474
}