{
  "code": 200,
  "result": [
    -0.14466578869993454,
    1.16002449842,
    0,
    -0.0007555740171689998,
    1.1592714670758577,
    1.1559201349482267,
    66767.68631203246,
    "pi_xbtusd",
    null,
    -9659,
    null,
    57384,
    -0.0007555740171689998,
    -166920,
    100151
  ],
  "time": 1616414889806
}