{
  "code": 200,
  "result": [
    -0.19766664435070957,
    1.16011742818,
    0,
    0.006752355456909973,
    1.1668780560653127,
    1.1622663063555274,
    64062.40183615756,
    "pi_xbtusd",
    null,
    -12663,
    null,
    56572.889153590084,
    0.006752355456909973,
    -160157,
    96093
  ],
  "time": 1616463309450
}