{
  "code": 200,
  "result": [
    -0.19696064900269472,
    1.16011742818,
    0,
    0.005978168214052231,
    1.1661061736945824,
    1.1615099077296542,
    64292.03023100696,
    "pi_xbtusd",
    null,
    -12663,
    null,
    56572.889153590084,
    0.005978168214052231,
    -160731,
    96438
  ],
  "time": 1616464870829
}