{
  "code": 200,
  "result": [
    -0.1519925114567631,
    1.1601361385,
    0,
    0.00921664875301497,
    1.1693551393643948,
    1.1658043627813601,
    63549.18349215955,
    "pi_xbtusd",
    null,
    -9659,
    null,
    57384,
    0.00921664875301497,
    -158873,
    95323
  ],
  "time": 1616453230014
}