{
  "code": 200,
  "result": [
    -0.19853189036709218,
    1.16011742818,
    0,
    0.008180370647858221,
    1.168302883325904,
    1.1636625733122996,
    63783.20367869204,
    "pi_xbtusd",
    null,
    -12663,
    null,
    56572.889153590084,
    0.008180370647858221,
    -159459,
    95674
  ],
  "time": 1616461150215
}