{
  "code": 200,
  "result": [
    -0.14565287202473245,
    1.16009938678,
    0,
    0.0007661187399983721,
    1.160882220069663,
    1.1575004540868885,
    66315.20453891128,
    "pi_xbtusd",
    null,
    -9659,
    null,
    57384,
    0.0007661187399983721,
    -165789,
    99472
  ],
  "time": 1616435349855
}