{
  "code": 200,
  "result": [
    -0.14533381183993255,
    1.16002449842,
    0,
    0.00035493799746164105,
    1.1603913375507295,
    1.157017795182806,
    66460.79035371487,
    "pi_xbtusd",
    null,
    -9659,
    null,
    57384,
    0.00035493799746164105,
    -166152,
    99691
  ],
  "time": 1616416689745
}