{
  "code": 200,
  "result": [
    -0.1482678476104325,
    1.16009938678,
    0,
    0.004204634580161035,
    1.1643375861805307,
    1.1608870498809531,
    65145.6142088109,
    "pi_xbtusd",
    null,
    -9659,
    null,
    57384,
    0.004204634580161035,
    -162865,
    97718
  ],
  "time": 1616441951749
}