{
  "code": 200,
  "result": [
    -0.14555065759252725,
    1.16002449842,
    0,
    0.0005768893361920189,
    1.1606722745549534,
    1.1572942931602552,
    66361.77506693659,
    "pi_xbtusd",
    null,
    -9659,
    null,
    57384,
    0.0005768893361920189,
    -165905,
    99542
  ],
  "time": 1616428031227
}