{
  "code": 200,
  "result": [
    -0.19756361284856624,
    1.16011742818,
    0,
    0.0066998812322349765,
    1.166828683536667,
    1.1622179833113753,
    64095.811052545745,
    "pi_xbtusd",
    null,
    -12663,
    null,
    56572.889153590084,
    0.0066998812322349765,
    -160240,
    96143
  ],
  "time": 1616465410618
}