{
  "code": 200,
  "result": [
    -0.14713530121009558,
    1.16009938678,
    0,
    0.002901772164146534,
    1.1630067000648168,
    1.1595822210135596,
    65647.06036254238,
    "pi_xbtusd",
    null,
    -9659,
    null,
    57384,
    0.002901772164146534,
    -164118,
    98470
  ],
  "time": 1616430971612
}