{
  "code": 200,
  "result": [
    -0.14707201519096777,
    1.16009938678,
    0,
    0.0027743858017838683,
    1.1629005936324814,
    1.1594786623084714,
    65675.30870817356,
    "pi_xbtusd",
    null,
    -9659,
    null,
    57384,
    0.0027743858017838683,
    -164189,
    98512
  ],
  "time": 1616439310200
}