{
  "code": 200,
  "result": [
    -0.14671813899424277,
    1.16009938678,
    0,
    0.0021538251785077197,
    1.1622625841525132,
    1.1588530640409687,
    65833.71399209896,
    "pi_xbtusd",
    null,
    -9659,
    null,
    57384,
    0.0021538251785077197,
    -164585,
    98750
  ],
  "time": 1616432473551
}