{
  "code": 200,
  "result": [
    -0.19850348416381156,
    1.16011742818,
    0,
    0.007872577547135641,
    1.1679938495110465,
    1.1633596953594565,
    63792.33116910975,
    "pi_xbtusd",
    null,
    -12663,
    null,
    56572.889153590084,
    0.007872577547135641,
    -159481,
    95688
  ],
  "time": 1616460309524
}