{
  "code": 200,
  "result": [
    -0.14487436674819243,
    1.16002449842,
    0,
    -0.0005328941415789126,
    1.159496020845422,
    1.1561402351202792,
    66671.55975762368,
    "pi_xbtusd",
    null,
    -9659,
    null,
    57384,
    -0.0005328941415789126,
    -166679,
    100007
  ],
  "time": 1616415249786
}