{
  "code": 200,
  "result": [
    -0.1479584377387836,
    1.16009938678,
    0,
    0.0039100719137756205,
    1.164045004733028,
    1.1606003596867782,
    65281.84635912884,
    "pi_xbtusd",
    null,
    -9659,
    null,
    57384,
    0.0039100719137756205,
    -163205,
    97922
  ],
  "time": 1616442729084
}