{
  "code": 200,
  "result": [
    -0.1458288522907344,
    1.16009938678,
    0,
    0.0008927544529194994,
    1.1610065579067963,
    1.1576222592097636,
    66235.17807534517,
    "pi_xbtusd",
    null,
    -9659,
    null,
    57384,
    0.0008927544529194994,
    -165588,
    99352
  ],
  "time": 1616434449936
}