{
  "code": 200,
  "result": [
    -0.15095341717352062,
    1.1601361385,
    0,
    0.008005318859662871,
    1.168142402316479,
    1.1646158523313115,
    63986.62700624393,
    "pi_xbtusd",
    null,
    -9659,
    null,
    57384,
    0.008005318859662871,
    -159967,
    95979
  ],
  "time": 1616447230191
}