{
  "code": 200,
  "result": [
    -0.19826313285285038,
    1.16011742818,
    0,
    0.007824889725426389,
    1.1679462534164569,
    1.1633130530213012,
    63869.66561957032,
    "pi_xbtusd",
    null,
    -12663,
    null,
    56572.889153590084,
    0.007824889725426389,
    -159675,
    95804
  ],
  "time": 1616460371255
}