{
  "code": 200,
  "result": [
    -0.14563562146123382,
    1.16009938678,
    0,
    0.0007890620235354555,
    1.1609057779976473,
    1.1575235531492023,
    66323.05958587948,
    "pi_xbtusd",
    null,
    -9659,
    null,
    57384,
    0.0007890620235354555,
    -165808,
    99484
  ],
  "time": 1616435590928
}