{
  "code": 200,
  "result": [
    -0.14549139234373162,
    1.16002449842,
    0,
    0.00028942288658164334,
    1.1603404978435963,
    1.1569682657778904,
    66388.80723046535,
    "pi_xbtusd",
    null,
    -9659,
    null,
    57384,
    0.00028942288658164334,
    -165973,
    99583
  ],
  "time": 1616419511114
}