{
  "code": 200,
  "result": [
    -0.1443893846333436,
    1.15995524933,
    0,
    -0.001152163351148649,
    1.1588715094003044,
    1.155528109059353,
    66895.49944774446,
    "pi_xbtusd",
    null,
    -9659,
    null,
    57384,
    -0.001152163351148649,
    -167239,
    100343
  ],
  "time": 1616414229360
}