{
  "code": 200,
  "result": [
    -0.14374460366303038,
    1.15995524933,
    0,
    -0.002014936417433239,
    1.1579873882095602,
    1.1546612433299344,
    67195.56598203063,
    "pi_xbtusd",
    null,
    -9659,
    null,
    57384,
    -0.002014936417433239,
    -167989,
    100793
  ],
  "time": 1616409790064
}