{
  "code": 200,
  "result": [
    -0.14853896773996272,
    1.16009938678,
    0,
    0.0047060829145078075,
    1.1648381083587656,
    1.161377543092501,
    65026.70744897977,
    "pi_xbtusd",
    null,
    -9659,
    null,
    57384,
    0.0047060829145078075,
    -162567,
    97540
  ],
  "time": 1616441589253
}