{
  "code": 200,
  "result": [
    -0.1984892473872312,
    1.16013853049,
    0,
    0.008052908862864094,
    1.16819191268954,
    1.1635541519116355,
    63796.90671755053,
    "pi_xbtusd",
    null,
    -12663,
    null,
    56572.889153590084,
    0.008052908862864094,
    -159493,
    95695
  ],
  "time": 1616473149898
}