{
  "code": 200,
  "result": [
    -0.14552922112188516,
    1.16002449842,
    0,
    0.0005665530669199502,
    1.1606578769599345,
    1.1572801022906218,
    66371.5501638691,
    "pi_xbtusd",
    null,
    -9659,
    null,
    57384,
    0.0005665530669199502,
    -165929,
    99557
  ],
  "time": 1616427250517
}