{
  "code": 200,
  "result": [
    -0.14556845742636002,
    1.15995524933,
    0,
    0.0004087131291016146,
    1.1603853622318419,
    1.1570107443612854,
    66353.66047542465,
    "pi_xbtusd",
    null,
    -9659,
    null,
    57384,
    0.0004087131291016146,
    -165885,
    99530
  ],
  "time": 1616404450759
}