{
  "code": 200,
  "result": [
    -0.15202849075675956,
    1.1601361385,
    0,
    0.009579613537997519,
    1.1697174568997366,
    1.1661594210210022,
    63534.143843169986,
    "pi_xbtusd",
    null,
    -9659,
    null,
    57384,
    0.009579613537997519,
    -158836,
    95301
  ],
  "time": 1616450470994
}