{
  "code": 200,
  "result": [
    -0.1466931266273432,
    1.16009938678,
    0,
    0.0021921961045815517,
    1.1623001863551046,
    1.1588898988250387,
    65844.93917385484,
    "pi_xbtusd",
    null,
    -9659,
    null,
    57384,
    0.0021921961045815517,
    -164613,
    98767
  ],
  "time": 1616432172119
}