{
  "code": 200,
  "result": [
    -0.19857451665902703,
    1.16011742818,
    0,
    0.008176119664184394,
    1.168298100450706,
    1.1636578754567752,
    63769.51188426499,
    "pi_xbtusd",
    null,
    -12663,
    null,
    56572.889153590084,
    0.008176119664184394,
    -159424,
    95654
  ],
  "time": 1616460789827
}