{
  "code": 200,
  "result": [
    -0.14567409987286142,
    1.16009938678,
    0,
    0.0007809201457599037,
    1.1608806388933297,
    1.1574985768824402,
    66305.54098793122,
    "pi_xbtusd",
    null,
    -9659,
    null,
    57384,
    0.0007809201457599037,
    -165764,
    99458
  ],
  "time": 1616428930807
}