{
  "code": 200,
  "result": [
    -0.15020923559605592,
    1.1601361385,
    0,
    0.006908900032693198,
    1.1670456597008767,
    1.1635410380922484,
    64303.635936042396,
    "pi_xbtusd",
    null,
    -9659,
    null,
    57384,
    0.006908900032693198,
    -160760,
    96455
  ],
  "time": 1616445849409
}