{
  "code": 200,
  "result": [
    -0.15131661689540873,
    1.1601361385,
    0,
    0.008306800907942056,
    1.1684444192902594,
    1.1649118396641263,
    63833.04225388794,
    "pi_xbtusd",
    null,
    -9659,
    null,
    57384,
    0.008306800907942056,
    -159583,
    95749
  ],
  "time": 1616449511043
}