{
  "code": 200,
  "result": [
    -0.19837944832683552,
    1.16011742818,
    0,
    0.007935131333774433,
    1.168057821413802,
    1.1634224161864792,
    63832.21703055331,
    "pi_xbtusd",
    null,
    -12663,
    null,
    56572.889153590084,
    0.007935131333774433,
    -159581,
    95748
  ],
  "time": 1616461270761
}