{
  "code": 200,
  "result": [
    -0.19860564542783177,
    1.16013853049,
    0,
    0.008144242251209206,
    1.1682831224195451,
    1.1636435349738738,
    63759.516869329935,
    "pi_xbtusd",
    null,
    -12663,
    null,
    56572.889153590084,
    0.008144242251209206,
    -159399,
    95639
  ],
  "time": 1616472849929
}