{
  "code": 200,
  "result": [
    -0.14589709808468196,
    1.16009938678,
    0,
    0.001165924814107804,
    1.1612668672510396,
    1.157877105146783,
    66204.19546928685,
    "pi_xbtusd",
    null,
    -9659,
    null,
    57384,
    0.001165924814107804,
    -165511,
    99306
  ],
  "time": 1616429411232
}