{
  "code": 200,
  "result": [
    -0.14579823157721772,
    1.15995524933,
    0,
    0.0007313456335828489,
    1.1607048187325233,
    1.1573237482118772,
    66249.08886418417,
    "pi_xbtusd",
    null,
    -9659,
    null,
    57384,
    0.0007313456335828489,
    -165623,
    99373
  ],
  "time": 1616403790631
}