{
  "code": 200,
  "result": [
    -0.14684198100973395,
    1.16009938678,
    0,
    0.003813385938701454,
    1.1639420465996275,
    1.1604993352728792,
    65778.19186026725,
    "pi_xbtusd",
    null,
    -9659,
    null,
    57384,
    0.003813385938701454,
    -164446,
    98667
  ],
  "time": 1616440270860
}