{
  "code": 200,
  "result": [
    -0.14568455312753786,
    1.16002449842,
    0,
    0.0007439214890327678,
    1.1608408611769123,
    1.1574595391391573,
    66300.78338877931,
    "pi_xbtusd",
    null,
    -9659,
    null,
    57384,
    0.0007439214890327678,
    -165752,
    99451
  ],
  "time": 1616428330798
}