{
  "code": 200,
  "result": [
    -0.14489985661710422,
    1.16002449842,
    0,
    -0.000392141106669704,
    1.1596395794323018,
    1.1562809786464607,
    66659.83131731985,
    "pi_xbtusd",
    null,
    -9659,
    null,
    57384,
    -0.000392141106669704,
    -166650,
    99989
  ],
  "time": 1616415789601
}