{
  "code": 200,
  "result": [
    -0.19784124474624923,
    1.16011742818,
    0,
    0.007089809788198065,
    1.1672157758722055,
    1.1625972770757944,
    64005.864986552915,
    "pi_xbtusd",
    null,
    -12663,
    null,
    56572.889153590084,
    0.007089809788198065,
    -160015,
    96008
  ],
  "time": 1616463489415
}