{
  "code": 200,
  "result": [
    -0.14558639776276924,
    1.16002449842,
    0,
    0.0005355518484067988,
    1.1606281307455115,
    1.157250976100569,
    66345.48383935695,
    "pi_xbtusd",
    null,
    -9659,
    null,
    57384,
    0.0005355518484067988,
    -165864,
    99518
  ],
  "time": 1616427491723
}