{
  "code": 200,
  "result": [
    -0.19970283591287938,
    1.16013853049,
    0,
    0.009940813919015046,
    1.1700802869395943,
    1.1654047680605668,
    63409.21470701723,
    "pi_xbtusd",
    null,
    -12663,
    null,
    56572.889153590084,
    0.009940813919015046,
    -158524,
    95113
  ],
  "time": 1616474289221
}