{
  "code": 200,
  "result": [
    -0.14521520613906616,
    1.15995524933,
    0,
    7.333468992571547e-06,
    1.159977628933894,
    1.1566110386565396,
    66515.0727448612,
    "pi_xbtusd",
    null,
    -9659,
    null,
    57384,
    7.333468992571547e-06,
    -166288,
    99772
  ],
  "time": 1616403130006
}