{
  "code": 200,
  "result": [
    -0.14362088539255768,
    1.15995524933,
    0,
    -0.002126536173366512,
    1.1578795415139567,
    1.1545556286294496,
    67253.44975836307,
    "pi_xbtusd",
    null,
    -9659,
    null,
    57384,
    -0.002126536173366512,
    -168134,
    100880
  ],
  "time": 1616410570602
}