{
  "code": 200,
  "result": [
    -0.14670154307106595,
    1.16009938678,
    0,
    0.0020944219434302254,
    1.1622013336891999,
    1.1587930016423569,
    65841.16157061099,
    "pi_xbtusd",
    null,
    -9659,
    null,
    57384,
    0.0020944219434302254,
    -164603,
    98761
  ],
  "time": 1616431749447
}