{
  "code": 200,
  "result": [
    -0.14676859931194625,
    1.16009938678,
    0,
    0.0023187167070652776,
    1.1624282361839078,
    1.1590154182417922,
    65811.07979010197,
    "pi_xbtusd",
    null,
    -9659,
    null,
    57384,
    0.0023187167070652776,
    -164528,
    98716
  ],
  "time": 1616432770806
}