{
  "code": 200,
  "result": [
    -0.15128791223057267,
    1.1601361385,
    0,
    0.008419111995679712,
    1.168558475051646,
    1.165023649203758,
    63845.15363844173,
    "pi_xbtusd",
    null,
    -9659,
    null,
    57384,
    0.008419111995679712,
    -159613,
    95767
  ],
  "time": 1616456950217
}