{
  "code": 200,
  "result": [
    -0.14601194168706194,
    1.16002449842,
    0,
    0.001033683453826018,
    1.1611075264743327,
    1.157720409197282,
    66152.12350714106,
    "pi_xbtusd",
    null,
    -9659,
    null,
    57384,
    0.001033683453826018,
    -165381,
    99228
  ],
  "time": 1616423889326
}