{
  "code": 200,
  "result": [
    -0.1483820349579176,
    1.16009938678,
    0,
    0.004497887412449059,
    1.164631598724473,
    1.1611751973682498,
    65095.48142225826,
    "pi_xbtusd",
    null,
    -9659,
    null,
    57384,
    0.004497887412449059,
    -162739,
    97643
  ],
  "time": 1616442249399
}