{
  "code": 200,
  "result": [
    -0.15227729774794801,
    1.1601361385,
    0,
    0.009716518457090413,
    1.1698546994406345,
    1.1662939254635183,
    63430.334940588065,
    "pi_xbtusd",
    null,
    -9659,
    null,
    57384,
    0.009716518457090413,
    -158576,
    95145
  ],
  "time": 1616451909649
}