{
  "code": 200,
  "result": [
    -0.14868881807214787,
    1.16009938678,
    0,
    0.004990159515245445,
    1.1651208081609437,
    1.1616545613626643,
    64961.172771668615,
    "pi_xbtusd",
    null,
    -9659,
    null,
    57384,
    0.004990159515245445,
    -162403,
    97441
  ],
  "time": 1616441049514
}