{
  "code": 200,
  "result": [
    -0.1985395599280349,
    1.16013853049,
    0,
    0.008349473504593178,
    1.1684882051641323,
    1.1638445130933932,
    63780.73974068436,
    "pi_xbtusd",
    null,
    -12663,
    null,
    56572.889153590084,
    0.008349473504593178,
    -159452,
    95671
  ],
  "time": 1616472489795
}