{
  "code": 200,
  "result": [
    -0.14584516907865852,
    1.16002449842,
    0,
    0.0009802511656079517,
    1.161066270154461,
    1.1576802215231745,
    66227.76785147146,
    "pi_xbtusd",
    null,
    -9659,
    null,
    57384,
    0.0009802511656079517,
    -165570,
    99341
  ],
  "time": 1616426229954
}