{
  "code": 200,
  "result": [
    -0.14621576043682583,
    1.16009938678,
    0,
    0.0015414837428854497,
    1.1616448785940365,
    1.1582476053112045,
    66059.91017071843,
    "pi_xbtusd",
    null,
    -9659,
    null,
    57384,
    0.0015414837428854497,
    -165150,
    99089
  ],
  "time": 1616430371123
}