{
  "code": 200,
  "result": [
    -0.19836330475234376,
    1.16013853049,
    0,
    0.007747571217179291,
    1.1678866249272348,
    1.1632549709022442,
    63837.41194375508,
    "pi_xbtusd",
    null,
    -12663,
    null,
    56572.889153590084,
    0.007747571217179291,
    -159594,
    95756
  ],
  "time": 1616473270763
}