{
  "code": 200,
  "result": [
    -0.1468055391596605,
    1.16009938678,
    0,
    0.002287068957678218,
    1.1624125151625693,
    1.1590003301754415,
    65794.52012021981,
    "pi_xbtusd",
    null,
    -9659,
    null,
    57384,
    0.002287068957678218,
    -164487,
    98691
  ],
  "time": 1616439011122
}