{
  "code": 200,
  "result": [
    -0.1516588526149113,
    1.1601361385,
    0,
    0.008915307559445801,
    1.1690542905832138,
    1.1655095408240506,
    63688.99562049248,
    "pi_xbtusd",
    null,
    -9659,
    null,
    57384,
    0.008915307559445801,
    -159223,
    95533
  ],
  "time": 1616455329554
}