{
  "code": 200,
  "result": [
    -0.14370737080485077,
    1.15995524933,
    0,
    -0.00210437122481598,
    1.157896799659409,
    1.154572443475931,
    67212.9755481823,
    "pi_xbtusd",
    null,
    -9659,
    null,
    57384,
    -0.00210437122481598,
    -168033,
    100819
  ],
  "time": 1616409549581
}