{
  "code": 200,
  "result": [
    -0.14547233404336146,
    1.16002449842,
    0,
    0.0004617852119209215,
    1.1605278321513877,
    1.1571521528391748,
    66397.50481435808,
    "pi_xbtusd",
    null,
    -9659,
    null,
    57384,
    0.0004617852119209215,
    -165994,
    99596
  ],
  "time": 1616422390080
}