{
  "code": 200,
  "result": [
    -0.14497557869029468,
    1.15995524933,
    0,
    -0.00011358711469669726,
    1.1598526702577276,
    1.1564884983920471,
    66625.01427660532,
    "pi_xbtusd",
    null,
    -9659,
    null,
    57384,
    -0.00011358711469669726,
    -166563,
    99937
  ],
  "time": 1616402290205
}