{
  "code": 200,
  "result": [
    -0.1461134037896554,
    1.16009938678,
    0,
    0.0015258022278684805,
    1.1616454258985525,
    1.1582484662460208,
    66106.18704020529,
    "pi_xbtusd",
    null,
    -9659,
    null,
    57384,
    0.0015258022278684805,
    -165266,
    99159
  ],
  "time": 1616436730037
}