{
  "code": 200,
  "result": [
    -0.15193857957483134,
    1.1601361385,
    0,
    0.00944700860642664,
    1.1695851754812372,
    1.1660297917011344,
    63571.74081150891,
    "pi_xbtusd",
    null,
    -9659,
    null,
    57384,
    0.00944700860642664,
    -158930,
    95357
  ],
  "time": 1616451849815
}