{
  "code": 200,
  "result": [
    -0.1455711530337254,
    1.16002449842,
    0,
    0.0006263732886691674,
    1.1607214454532857,
    1.157342474379538,
    66352.43177446179,
    "pi_xbtusd",
    null,
    -9659,
    null,
    57384,
    0.0006263732886691674,
    -165882,
    99528
  ],
  "time": 1616427971755
}