{
  "code": 200,
  "result": [
    -0.19836978324643625,
    1.16011742818,
    0,
    0.007938312937153627,
    1.1680620643719457,
    1.1634265955125556,
    63835.32709852619,
    "pi_xbtusd",
    null,
    -12663,
    null,
    56572.889153590084,
    0.007938312937153627,
    -159589,
    95752
  ],
  "time": 1616461989200
}