{
  "code": 200,
  "result": [
    -0.19840201896071416,
    1.16011742818,
    0,
    0.007754983083400695,
    1.1678885669733745,
    1.1632567647110594,
    63824.95534235171,
    "pi_xbtusd",
    null,
    -12663,
    null,
    56572.889153590084,
    0.007754983083400695,
    -159563,
    95737
  ],
  "time": 1616468649606
}