{
  "code": 200,
  "result": [
    -0.151758485052335,
    1.1601361385,
    0,
    0.009132659007316845,
    1.1692718250119305,
    1.1657227282238098,
    63647.182539210415,
    "pi_xbtusd",
    null,
    -9659,
    null,
    57384,
    0.009132659007316845,
    -159118,
    95470
  ],
  "time": 1616456110104
}