{
  "code": 200,
  "result": [
    -0.1467030052894683,
    1.16009938678,
    0,
    0.0020440744186843315,
    1.1621511446536952,
    1.1587438195573472,
    65840.50531849201,
    "pi_xbtusd",
    null,
    -9659,
    null,
    57384,
    0.0020440744186843315,
    -164602,
    98760
  ],
  "time": 1616431811050
}