{
  "code": 200,
  "result": [
    -0.14625627284730222,
    1.16002449842,
    0,
    0.0013706367761141302,
    1.161440747527205,
    1.1580468911837085,
    66041.61183626228,
    "pi_xbtusd",
    null,
    -9659,
    null,
    57384,
    0.0013706367761141302,
    -165105,
    99062
  ],
  "time": 1616423171439
}