{
  "code": 200,
  "result": [
    -0.1454274049290041,
    1.16002449842,
    0,
    0.0002747073924521326,
    1.1603270209405245,
    1.156955083184701,
    66418.01801191052,
    "pi_xbtusd",
    null,
    -9659,
    null,
    57384,
    0.0002747073924521326,
    -166046,
    99627
  ],
  "time": 1616419749354
}