{
  "code": 200,
  "result": [
    -0.14550187749916707,
    1.16002449842,
    0,
    0.0004286112484765521,
    1.1604672053115073,
    1.1570921894785633,
    66384.02312063151,
    "pi_xbtusd",
    null,
    -9659,
    null,
    57384,
    0.0004286112484765521,
    -165961,
    99576
  ],
  "time": 1616417112404
}