{
  "code": 200,
  "result": [
    -0.14839860940246155,
    1.1601361385,
    0,
    0.004452290692995796,
    1.1645887689261858,
    1.1611332795043516,
    65088.21099397567,
    "pi_xbtusd",
    null,
    -9659,
    null,
    57384,
    0.004452290692995796,
    -162721,
    97632
  ],
  "time": 1616444649721
}