{
  "code": 200,
  "result": [
    -0.15144147986834508,
    1.1601361385,
    0,
    0.009067479064191714,
    1.1692044645867916,
    1.1656566713975334,
    63780.41213277238,
    "pi_xbtusd",
    null,
    -9659,
    null,
    57384,
    0.009067479064191714,
    -159452,
    95670
  ],
  "time": 1616446812710
}