{
  "code": 200,
  "result": [
    -0.1466354247479715,
    1.16009938678,
    0,
    0.0021470556311972214,
    1.162257036668811,
    1.1588476519482127,
    65870.8495344923,
    "pi_xbtusd",
    null,
    -9659,
    null,
    57384,
    0.0021470556311972214,
    -164678,
    98806
  ],
  "time": 1616432951486
}