{
  "code": 200,
  "result": [
    -0.19895759982265435,
    1.16011742818,
    0,
    0.008873231057951556,
    1.1689928233493458,
    1.1643386561275397,
    63646.72679650071,
    "pi_xbtusd",
    null,
    -12663,
    null,
    56572.889153590084,
    0.008873231057951556,
    -159117,
    95470
  ],
  "time": 1616459171051
}