{
  "code": 200,
  "result": [
    -0.14441397592598032,
    1.15995524933,
    0,
    -0.001118160854940814,
    1.1589052434889557,
    1.1555611630980802,
    66884.1082593747,
    "pi_xbtusd",
    null,
    -9659,
    null,
    57384,
    -0.001118160854940814,
    -167211,
    100326
  ],
  "time": 1616414173037
}