{
  "code": 200,
  "result": [
    -0.1990296637661969,
    1.16013853049,
    0,
    0.008703364701874754,
    1.1688430606236315,
    1.1641922907289468,
    63623.6818189846,
    "pi_xbtusd",
    null,
    -12663,
    null,
    56572.889153590084,
    0.008703364701874754,
    -159060,
    95435
  ],
  "time": 1616474829948
}