{
  "code": 200,
  "result": [
    -0.19866560250260046,
    1.16011742818,
    0,
    0.008208005839224097,
    1.1683284839197439,
    1.1636876212023122,
    63740.27431263168,
    "pi_xbtusd",
    null,
    -12663,
    null,
    56572.889153590084,
    0.008208005839224097,
    -159351,
    95610
  ],
  "time": 1616459771809
}