{
  "code": 200,
  "result": [
    -0.14561225336159747,
    1.16002449842,
    0,
    0.0005185798129672006,
    1.1605964907639579,
    1.1572196755597242,
    66333.70322217252,
    "pi_xbtusd",
    null,
    -9659,
    null,
    57384,
    0.0005185798129672006,
    -165835,
    99500
  ],
  "time": 1616424671093
}