{
  "code": 200,
  "result": [
    -0.1459840175708193,
    1.16002449842,
    0,
    0.0013065646400939877,
    1.161391965300726,
    1.15799939039995,
    66164.77721826128,
    "pi_xbtusd",
    null,
    -9659,
    null,
    57384,
    0.0013065646400939877,
    -165412,
    99247
  ],
  "time": 1616426111278
}