{
  "code": 200,
  "result": [
    -0.15100806674426007,
    1.1601361385,
    0,
    0.00801658574109938,
    1.1681553296321534,
    1.164628554309357,
    63963.4703512761,
    "pi_xbtusd",
    null,
    -9659,
    null,
    57384,
    0.00801658574109938,
    -159909,
    95945
  ],
  "time": 1616454310597
}