{
  "code": 200,
  "result": [
    -0.19815177099025513,
    1.16011742818,
    0,
    0.007358585763505986,
    1.167480210385044,
    1.1628563360691266,
    63905.56055450421,
    "pi_xbtusd",
    null,
    -12663,
    null,
    56572.889153590084,
    0.007358585763505986,
    -159764,
    95858
  ],
  "time": 1616460548676
}