{
  "code": 200,
  "result": [
    -0.19825323158119612,
    1.16011742818,
    0,
    0.007678769394479378,
    1.167800306887137,
    1.1631700288986002,
    63872.855433449884,
    "pi_xbtusd",
    null,
    -12663,
    null,
    56572.889153590084,
    0.007678769394479378,
    -159683,
    95809
  ],
  "time": 1616460489814
}