{
  "code": 200,
  "result": [
    -0.4740483293574726,
    1.80341185,
    0,
    0.04114323,
    1.8445550800000001,
    0,
    100426.4693106856,
    "BTC-SWAP",
    0.47,
    -47607,
    0.87407143,
    57156.1,
    0.04114323,
    -251067,
    150639,
    1.80341185
  ],
  "time": 1616470450620
}