{
  "code": 200,
  "result": [
    -0.4421828511872593,
    1.80345486,
    0,
    0.04076581,
    1.84422067,
    0,
    100677.80756415437,
    "BTC-SWAP",
    0.44,
    -44518,
    0.81634374,
    57399.7,
    0.04076581,
    -251695,
    151016,
    1.80345485
  ],
  "time": 1616446150459
}