{
  "code": 200,
  "result": [
    -0.4342749012960637,
    1.8035577,
    0,
    0.01514328,
    1.81870098,
    0,
    102511.1049870464,
    "BTC-SWAP",
    0.43,
    -44518,
    0.79072121,
    57399.7,
    0.01514328,
    -256278,
    153766,
    1.80355769
  ],
  "time": 1616439911676
}