{
  "code": 200,
  "result": [
    -0.4729976317697242,
    1.80341185,
    0,
    0.03776219,
    1.84117404,
    0,
    100649.5525609252,
    "BTC-SWAP",
    0.47,
    -47607,
    0.87069039,
    57156.1,
    0.03776219,
    -251624,
    150974,
    1.80341185
  ],
  "time": 1616468710650
}