{
  "code": 200,
  "result": [
    -0.4329305830992177,
    1.8035577,
    0,
    0.01048142,
    1.8140391200000001,
    0,
    102829.41824370375,
    "BTC-SWAP",
    0.43,
    -44518,
    0.78605935,
    57399.7,
    0.01048142,
    -257074,
    154244,
    1.80355769
  ],
  "time": 1616433070877
}