{
  "code": 200,
  "result": [
    -0.4318184609019367,
    1.8035577,
    0,
    0.0057014,
    1.8092591,
    0,
    103094.24915974068,
    "BTC-SWAP",
    0.43,
    -44518,
    0.78127934,
    57399.7,
    0.0057014,
    -257736,
    154641,
    1.80355769
  ],
  "time": 1616423230538
}