{
  "code": 200,
  "result": [
    -0.43345053968505426,
    1.8035577,
    0,
    0.01035236,
    1.81391006,
    0,
    102706.06660761534,
    "BTC-SWAP",
    0.43,
    -44518,
    0.78593029,
    57399.7,
    0.01035236,
    -256766,
    154059,
    1.80355769
  ],
  "time": 1616432771262
}