{
  "code": 200,
  "result": [
    -0.4425895558972659,
    1.80345486,
    0,
    0.03981485,
    1.84326971,
    0,
    100585.2926415045,
    "BTC-SWAP",
    0.44,
    -44518,
    0.81539278,
    57399.7,
    0.03981485,
    -251464,
    150877,
    1.80345485
  ],
  "time": 1616449450314
}