{
  "code": 200,
  "result": [
    -0.4297805085624335,
    1.80312123,
    0,
    -0.0012468,
    1.8018744299999998,
    0,
    103583.10605780518,
    "BTC-SWAP",
    0.42,
    -44518,
    0.77433112,
    57399.7,
    -0.0012468,
    -258958,
    155374,
    1.80312122
  ],
  "time": 1616401990783
}