{
  "code": 200,
  "result": [
    -0.44298641463744637,
    1.80345486,
    0,
    0.04248794,
    1.8459428,
    0,
    100495.18118165067,
    "BTC-SWAP",
    0.44,
    -44518,
    0.81806588,
    57399.7,
    0.04248794,
    -251238,
    150742,
    1.80345485
  ],
  "time": 1616455510605
}