{
  "code": 200,
  "result": [
    -0.43052119754963486,
    1.80312123,
    0,
    0.00106587,
    1.8041870999999998,
    0,
    103404.89679342098,
    "BTC-SWAP",
    0.43,
    -44518,
    0.77664381,
    57399.7,
    0.00106587,
    -258513,
    155107,
    1.80312122
  ],
  "time": 1616402650218
}