{
  "code": 200,
  "result": [
    -0.47426314438093714,
    1.80319927,
    0,
    0.04241448,
    1.8456137499999998,
    0,
    100380.98166397083,
    "BTC-SWAP",
    0.47,
    -47607,
    0.87534268,
    57156.1,
    0.04241448,
    -250953,
    150571,
    1.80319927
  ],
  "time": 1616475789747
}