{
  "code": 200,
  "result": [
    -0.4332336811256096,
    1.8035577,
    0,
    0.00986981,
    1.8134275100000001,
    0,
    102757.47694485617,
    "BTC-SWAP",
    0.43,
    -44518,
    0.78544774,
    57399.7,
    0.00986981,
    -256894,
    154136,
    1.80355769
  ],
  "time": 1616438230044
}