{
  "code": 200,
  "result": [
    -0.47178436375344296,
    1.80341185,
    0,
    0.03349799,
    1.8369098400000001,
    0,
    100908.3887843296,
    "BTC-SWAP",
    0.47,
    -47607,
    0.86642618,
    57156.1,
    0.03349799,
    -252271,
    151362,
    1.80341185
  ],
  "time": 1616466249824
}