{
  "code": 200,
  "result": [
    -0.4720743526262413,
    1.80341185,
    0,
    0.03476289,
    1.8381747400000001,
    0,
    100846.402129565,
    "BTC-SWAP",
    0.47,
    -47607,
    0.86769109,
    57156.1,
    0.03476289,
    -252117,
    151269,
    1.80341185
  ],
  "time": 1616462290392
}