{
  "code": 200,
  "result": [
    -0.4315953075284753,
    1.80312123,
    0,
    0.00347693,
    1.8065981599999998,
    0,
    103147.55332937173,
    "BTC-SWAP",
    0.43,
    -44518,
    0.77905487,
    57399.7,
    0.00347693,
    -257869,
    154721,
    1.80312122
  ],
  "time": 1616403791057
}