{
  "code": 200,
  "result": [
    -0.435840475592553,
    1.8035577,
    0,
    0.01898623,
    1.8225439300000001,
    0,
    102142.87679333804,
    "BTC-SWAP",
    0.43,
    -44518,
    0.79456416,
    57399.7,
    0.01898623,
    -255358,
    153214,
    1.80355769
  ],
  "time": 1616440090060
}