{
  "code": 200,
  "result": [
    -0.43955722603601843,
    1.80345486,
    0,
    0.03012668,
    1.83358154,
    0,
    101279.19042867034,
    "BTC-SWAP",
    0.43,
    -44518,
    0.80570461,
    57399.7,
    0.03012668,
    -253198,
    151918,
    1.80345485
  ],
  "time": 1616445791027
}