{
  "code": 200,
  "result": [
    -0.4310043010762074,
    1.80312123,
    0,
    0.00147391,
    1.80459514,
    0,
    103288.99245051527,
    "BTC-SWAP",
    0.43,
    -44518,
    0.77705185,
    57399.7,
    0.00147391,
    -258223,
    154933,
    1.80312122
  ],
  "time": 1616405171509
}