{
  "code": 200,
  "result": [
    -0.4325935856997914,
    1.8035577,
    0,
    0.00815931,
    1.81171701,
    0,
    102909.5240235354,
    "BTC-SWAP",
    0.43,
    -44518,
    0.78373724,
    57399.7,
    0.00815931,
    -257274,
    154364,
    1.80355769
  ],
  "time": 1616434030916
}