{
  "code": 200,
  "result": [
    -0.43308865507809646,
    1.8035577,
    0,
    0.01006109,
    1.81361879,
    0,
    102791.8867834862,
    "BTC-SWAP",
    0.43,
    -44518,
    0.78563903,
    57399.7,
    0.01006109,
    -256980,
    154187,
    1.80355769
  ],
  "time": 1616432474001
}