{
  "code": 200,
  "result": [
    -0.4335626282311044,
    1.8035577,
    0,
    0.01272239,
    1.81628009,
    0,
    102679.51410302437,
    "BTC-SWAP",
    0.43,
    -44518,
    0.78830033,
    57399.7,
    0.01272239,
    -256699,
    154019,
    1.80355769
  ],
  "time": 1616438650757
}