{
  "code": 200,
  "result": [
    -0.4287300574021685,
    1.80312123,
    0,
    -0.00473017,
    1.79839106,
    0,
    103836.89977266993,
    "BTC-SWAP",
    0.42,
    -44518,
    0.77084776,
    57399.7,
    -0.00473017,
    -259593,
    155755,
    1.80312122
  ],
  "time": 1616412671663
}