{
  "code": 200,
  "result": [
    -0.42714438649951286,
    1.80312123,
    0,
    -0.01099096,
    1.79213027,
    0,
    104222.36931363904,
    "BTC-SWAP",
    0.42,
    -44518,
    0.76458697,
    57399.7,
    -0.01099096,
    -260556,
    156333,
    1.80312122
  ],
  "time": 1616408651172
}