{
  "code": 200,
  "result": [
    -0.4377157156294641,
    1.80345486,
    0,
    0.02501912,
    1.82847398,
    0,
    101705.2813284992,
    "BTC-SWAP",
    0.43,
    -44518,
    0.80059705,
    57399.7,
    0.02501912,
    -254264,
    152557,
    1.80345485
  ],
  "time": 1616443330412
}