{
  "code": 200,
  "result": [
    -0.43056554565123345,
    1.8035577,
    0,
    0.00156344,
    1.80512114,
    0,
    103394.24612498013,
    "BTC-SWAP",
    0.43,
    -44518,
    0.77714138,
    57399.7,
    0.00156344,
    -258486,
    155091,
    1.80355769
  ],
  "time": 1616417831086
}