{
  "code": 200,
  "result": [
    -0.4713915976596251,
    1.80341185,
    0,
    0.03263788,
    1.83604973,
    0,
    100992.466213569,
    "BTC-SWAP",
    0.47,
    -47607,
    0.86556608,
    57156.1,
    0.03263788,
    -252482,
    151488,
    1.80341185
  ],
  "time": 1616465589600
}