{
  "code": 200,
  "result": [
    -0.4315357192432334,
    1.8035577,
    0,
    0.00466347,
    1.80822117,
    0,
    103161.7963816979,
    "BTC-SWAP",
    0.43,
    -44518,
    0.7802414,
    57399.7,
    0.00466347,
    -257905,
    154742,
    1.80355769
  ],
  "time": 1616436311160
}