{
  "code": 200,
  "result": [
    -0.4311612666250119,
    1.8035577,
    0,
    0.00314034,
    1.8066980400000001,
    0,
    103251.38978385561,
    "BTC-SWAP",
    0.43,
    -44518,
    0.77871827,
    57399.7,
    0.00314034,
    -258129,
    154877,
    1.80355769
  ],
  "time": 1616424013054
}