{
  "code": 200,
  "result": [
    -0.4756818732411811,
    1.80319927,
    0,
    0.04713953,
    1.8503387999999998,
    0,
    100081.593766896,
    "BTC-SWAP",
    0.47,
    -47607,
    0.88006773,
    57156.1,
    0.04713953,
    -250204,
    150122,
    1.80319927
  ],
  "time": 1616474172440
}