{
  "code": 200,
  "result": [
    -0.44299029106599197,
    1.80345486,
    0,
    0.04132306,
    1.84477792,
    0,
    100494.30178903895,
    "BTC-SWAP",
    0.44,
    -44518,
    0.81690099,
    57399.7,
    0.04132306,
    -251236,
    150741,
    1.80345485
  ],
  "time": 1616448729752
}