{
  "code": 200,
  "result": [
    -0.4425722071235783,
    1.80345486,
    0,
    0.04136053,
    1.84481539,
    0,
    100589.23557205967,
    "BTC-SWAP",
    0.44,
    -44518,
    0.81693847,
    57399.7,
    0.04136053,
    -251474,
    150883,
    1.80345485
  ],
  "time": 1616451311036
}