{
  "code": 200,
  "result": [
    -0.43041032496561804,
    1.8035577,
    0,
    -0.00021644,
    1.80334126,
    0,
    103431.53362679247,
    "BTC-SWAP",
    0.42,
    -44518,
    0.77536148,
    57399.7,
    -0.00021644,
    -258579,
    155147,
    1.80355769
  ],
  "time": 1616419090588
}