{
  "code": 200,
  "result": [
    -0.47327511581481047,
    1.80341185,
    0,
    0.03925685,
    1.8426687,
    0,
    100590.541123291,
    "BTC-SWAP",
    0.47,
    -47607,
    0.87218505,
    57156.1,
    0.03925685,
    -251477,
    150885,
    1.80341185
  ],
  "time": 1616461150867
}