{
  "code": 200,
  "result": [
    -0.44239945470162173,
    1.80345486,
    0,
    0.03869777,
    1.84215263,
    0,
    100628.51463057377,
    "BTC-SWAP",
    0.44,
    -44518,
    0.8142757,
    57399.7,
    0.03869777,
    -251572,
    150942,
    1.80345485
  ],
  "time": 1616449511489
}