{
  "code": 200,
  "result": [
    -0.44241529060001017,
    1.80345486,
    0,
    0.04009721,
    1.84355207,
    0,
    100624.91271407918,
    "BTC-SWAP",
    0.44,
    -44518,
    0.81567515,
    57399.7,
    0.04009721,
    -251563,
    150937,
    1.80345485
  ],
  "time": 1616451549786
}