{
  "code": 200,
  "result": [
    -0.4319759389616139,
    1.8035577,
    0,
    0.00614865,
    1.8097063500000001,
    0,
    103056.66585739152,
    "BTC-SWAP",
    0.43,
    -44518,
    0.78172658,
    57399.7,
    0.00614865,
    -257642,
    154584,
    1.80355769
  ],
  "time": 1616426050457
}