{
  "code": 200,
  "result": [
    -0.44094406493044874,
    1.80345486,
    0,
    0.03469914,
    1.838154,
    0,
    100960.65134026,
    "BTC-SWAP",
    0.44,
    -44518,
    0.81027707,
    57399.7,
    0.03469914,
    -252402,
    151440,
    1.80345485
  ],
  "time": 1616447710599
}