{
  "code": 200,
  "result": [
    -0.4327204452314627,
    1.8035577,
    0,
    0.0084395,
    1.8119972,
    0,
    102879.35430503466,
    "BTC-SWAP",
    0.43,
    -44518,
    0.78401744,
    57399.7,
    0.0084395,
    -257199,
    154319,
    1.80355769
  ],
  "time": 1616430612066
}