{
  "code": 200,
  "result": [
    -0.4431011101533001,
    1.80345486,
    0,
    0.04244435,
    1.84589921,
    0,
    100469.16827763773,
    "BTC-SWAP",
    0.44,
    -44518,
    0.81802228,
    57399.7,
    0.04244435,
    -251173,
    150703,
    1.80345485
  ],
  "time": 1616457190105
}