{
  "code": 200,
  "result": [
    -0.42982135066585864,
    1.80312123,
    0,
    -0.00229995,
    1.8008212799999999,
    0,
    103573.2634757088,
    "BTC-SWAP",
    0.42,
    -44518,
    0.77327798,
    57399.7,
    -0.00229995,
    -258934,
    155359,
    1.80312122
  ],
  "time": 1616400131770
}