{
  "code": 200,
  "result": [
    -0.4331080987130448,
    1.8035577,
    0,
    0.00983932,
    1.81339702,
    0,
    102787.27212047666,
    "BTC-SWAP",
    0.43,
    -44518,
    0.78541725,
    57399.7,
    0.00983932,
    -256969,
    154180,
    1.80355769
  ],
  "time": 1616432413494
}