{
  "code": 200,
  "result": [
    -0.4735434968574286,
    1.80341185,
    0,
    0.04009014,
    1.84350199,
    0,
    100533.53137765337,
    "BTC-SWAP",
    0.47,
    -47607,
    0.87301834,
    57156.1,
    0.04009014,
    -251334,
    150800,
    1.80341185
  ],
  "time": 1616468949664
}