{
  "code": 200,
  "result": [
    -0.43248183579758254,
    1.8035577,
    0,
    0.00762846,
    1.81118616,
    0,
    102936.1150345192,
    "BTC-SWAP",
    0.43,
    -44518,
    0.78320639,
    57399.7,
    0.00762846,
    -257341,
    154404,
    1.80355769
  ],
  "time": 1616437930164
}