{
  "code": 200,
  "result": [
    -0.4722390413998243,
    1.80341185,
    0,
    0.03454787,
    1.83795972,
    0,
    100811.23292746399,
    "BTC-SWAP",
    0.47,
    -47607,
    0.86747607,
    57156.1,
    0.03454787,
    -252029,
    151216,
    1.80341185
  ],
  "time": 1616465889970
}