{
  "code": 200,
  "result": [
    -0.4701734248957632,
    1.80341185,
    0,
    0.02989728,
    1.83330913,
    0,
    101254.12768821293,
    "BTC-SWAP",
    0.47,
    -47607,
    0.86282548,
    57156.1,
    0.02989728,
    -253136,
    151881,
    1.80341185
  ],
  "time": 1616463970982
}