{
  "code": 200,
  "result": [
    -0.4717838773493098,
    1.80341185,
    0,
    0.03373142,
    1.83714327,
    0,
    100908.4928197995,
    "BTC-SWAP",
    0.47,
    -47607,
    0.86665962,
    57156.1,
    0.03373142,
    -252272,
    151362,
    1.80341185
  ],
  "time": 1616467390073
}