{
  "code": 200,
  "result": [
    -0.4729542279204454,
    1.80341185,
    0,
    0.03780519,
    1.84121704,
    0,
    100658.78934907813,
    "BTC-SWAP",
    0.47,
    -47607,
    0.87073339,
    57156.1,
    0.03780519,
    -251647,
    150988,
    1.80341185
  ],
  "time": 1616471829583
}