{
  "code": 200,
  "result": [
    -0.4747343299014416,
    1.80319927,
    0,
    0.04266885,
    1.84586812,
    0,
    100281.35106615014,
    "BTC-SWAP",
    0.47,
    -47607,
    0.87559705,
    57156.1,
    0.04266885,
    -250704,
    150422,
    1.80319927
  ],
  "time": 1616473512364
}