{
  "code": 200,
  "result": [
    -0.44235397014614525,
    1.80345486,
    0,
    0.03972973,
    1.84318459,
    0,
    100638.86164578133,
    "BTC-SWAP",
    0.44,
    -44518,
    0.81530766,
    57399.7,
    0.03972973,
    -251598,
    150958,
    1.80345485
  ],
  "time": 1616446210268
}