{
  "code": 200,
  "result": [
    -0.44283228161818006,
    1.80345486,
    0,
    0.04168448,
    1.84513934,
    0,
    100530.15971944074,
    "BTC-SWAP",
    0.44,
    -44518,
    0.81726241,
    57399.7,
    0.04168448,
    -251326,
    150795,
    1.80345485
  ],
  "time": 1616453291958
}