{
  "code": 200,
  "result": [
    -0.4717999872139195,
    1.80341185,
    0,
    0.03435191,
    1.83776376,
    0,
    100905.0472449768,
    "BTC-SWAP",
    0.47,
    -47607,
    0.86728011,
    57156.1,
    0.03435191,
    -252263,
    151357,
    1.80341185
  ],
  "time": 1616467272323
}