{
  "code": 200,
  "result": [
    -0.47286651900828575,
    1.80341185,
    0,
    0.03732291,
    1.8407347600000001,
    0,
    100677.4598883492,
    "BTC-SWAP",
    0.47,
    -47607,
    0.87025111,
    57156.1,
    0.03732291,
    -251694,
    151016,
    1.80341185
  ],
  "time": 1616471949723
}