{
  "code": 200,
  "result": [
    -0.4358924850942145,
    1.8035577,
    0,
    0.01891391,
    1.82247161,
    0,
    102130.6893840526,
    "BTC-SWAP",
    0.43,
    -44518,
    0.79449184,
    57399.7,
    0.01891391,
    -255327,
    153196,
    1.80355769
  ],
  "time": 1616442373633
}