{
  "code": 200,
  "result": [
    -0.4306158062380378,
    1.80312123,
    0,
    0.0009873,
    1.80410853,
    0,
    103382.17816229239,
    "BTC-SWAP",
    0.43,
    -44518,
    0.77656523,
    57399.7,
    0.0009873,
    -258456,
    155073,
    1.80312122
  ],
  "time": 1616403010841
}