{
  "code": 200,
  "result": [
    -0.47381876255703875,
    1.80319927,
    0,
    0.04055627,
    1.8437555399999999,
    0,
    100475.12627630279,
    "BTC-SWAP",
    0.47,
    -47607,
    0.87348447,
    57156.1,
    0.04055627,
    -251188,
    150712,
    1.80319927
  ],
  "time": 1616474890557
}