{
  "code": 200,
  "result": [
    -0.4315243010011202,
    1.8035577,
    0,
    0.00481803,
    1.80837573,
    0,
    103164.5260689141,
    "BTC-SWAP",
    0.43,
    -44518,
    0.78039596,
    57399.7,
    0.00481803,
    -257912,
    154746,
    1.80355769
  ],
  "time": 1616423530950
}