{
  "code": 200,
  "result": [
    -0.43141768910839196,
    1.8035577,
    0,
    0.00424115,
    1.80779885,
    0,
    103190.02007545183,
    "BTC-SWAP",
    0.43,
    -44518,
    0.77981908,
    57399.7,
    0.00424115,
    -257976,
    154785,
    1.80355769
  ],
  "time": 1616425090143
}