{
  "code": 200,
  "result": [
    -0.4288572160848009,
    1.80312123,
    0,
    -0.0048823,
    1.79823893,
    0,
    103806.11152220219,
    "BTC-SWAP",
    0.42,
    -44518,
    0.77069563,
    57399.7,
    -0.0048823,
    -259516,
    155709,
    1.80312122
  ],
  "time": 1616398419425
}