{
  "code": 200,
  "result": [
    -0.4750919525689357,
    1.80319927,
    0,
    0.04508306,
    1.84828233,
    0,
    100205.8648701111,
    "BTC-SWAP",
    0.47,
    -47607,
    0.87801126,
    57156.1,
    0.04508306,
    -250515,
    150308,
    1.80319927
  ],
  "time": 1616474411081
}