{
  "code": 200,
  "result": [
    -0.471883968011878,
    1.80341185,
    0,
    0.03353583,
    1.83694768,
    0,
    100887.08925750507,
    "BTC-SWAP",
    0.47,
    -47607,
    0.86646403,
    57156.1,
    0.03353583,
    -252218,
    151330,
    1.80341185
  ],
  "time": 1616463309922
}