{
  "code": 200,
  "result": [
    -0.43053601826182974,
    1.8035577,
    0,
    0.00015104,
    1.80370874,
    0,
    103401.3371975918,
    "BTC-SWAP",
    0.43,
    -44518,
    0.77572897,
    57399.7,
    0.00015104,
    -258504,
    155102,
    1.80355769
  ],
  "time": 1616418071436
}