{
  "code": 200,
  "result": [
    -0.4375727990508333,
    1.8035577,
    0,
    0.02409873,
    1.82765643,
    0,
    101738.4995058349,
    "BTC-SWAP",
    0.43,
    -44518,
    0.79967666,
    57399.7,
    0.02409873,
    -254347,
    152607,
    1.80355769
  ],
  "time": 1616441710191
}