{
  "code": 200,
  "result": [
    -0.43073132483973064,
    1.80312123,
    0,
    0.00136407,
    1.8044852999999998,
    0,
    103354.45191167499,
    "BTC-SWAP",
    0.43,
    -44518,
    0.776942,
    57399.7,
    0.00136407,
    -258387,
    155031,
    1.80312122
  ],
  "time": 1616405830049
}