{
  "code": 200,
  "result": [
    -0.4738445538569966,
    1.80341185,
    0,
    0.03992368,
    1.84333553,
    0,
    100469.6574277131,
    "BTC-SWAP",
    0.47,
    -47607,
    0.87285188,
    57156.1,
    0.03992368,
    -251175,
    150704,
    1.80341185
  ],
  "time": 1616471229587
}