{
  "code": 200,
  "result": [
    -0.4313545445199236,
    1.8035577,
    0,
    0.00424524,
    1.80780294,
    0,
    103205.1257267878,
    "BTC-SWAP",
    0.43,
    -44518,
    0.77982318,
    57399.7,
    0.00424524,
    -258013,
    154807,
    1.80355769
  ],
  "time": 1616425571621
}