{
  "code": 200,
  "result": [
    -0.42917174863692836,
    1.80312123,
    0,
    -0.00411302,
    1.79900821,
    0,
    103730.03381837567,
    "BTC-SWAP",
    0.42,
    -44518,
    0.77146491,
    57399.7,
    -0.00411302,
    -259326,
    155595,
    1.80312122
  ],
  "time": 1616399832024
}