{
  "code": 200,
  "result": [
    -0.47337030119997836,
    1.80341185,
    0,
    0.03890545,
    1.8423173,
    0,
    100570.31435921899,
    "BTC-SWAP",
    0.47,
    -47607,
    0.87183365,
    57156.1,
    0.03890545,
    -251426,
    150855,
    1.80341185
  ],
  "time": 1616469370897
}