{
  "code": 200,
  "result": [
    -0.42889687778426105,
    1.80312123,
    0,
    -0.00504371,
    1.7980775199999999,
    0,
    103796.51218256932,
    "BTC-SWAP",
    0.42,
    -44518,
    0.77053422,
    57399.7,
    -0.00504371,
    -259492,
    155694,
    1.80312122
  ],
  "time": 1616413990140
}