{
  "code": 200,
  "result": [
    -0.4365429131416717,
    1.80345486,
    0,
    0.02118761,
    1.82464247,
    0,
    101978.51954488728,
    "BTC-SWAP",
    0.43,
    -44518,
    0.79676554,
    57399.7,
    0.02118761,
    -254947,
    152967,
    1.80345485
  ],
  "time": 1616444471473
}