{
  "code": 200,
  "result": [
    -0.4292266264433072,
    1.8035577,
    0,
    -0.00340247,
    1.80015523,
    0,
    103716.7716478558,
    "BTC-SWAP",
    0.42,
    -44518,
    0.77217545,
    57399.7,
    -0.00340247,
    -259292,
    155575,
    1.80355769
  ],
  "time": 1616414829796
}