{
  "code": 200,
  "result": [
    -0.44266566524835926,
    1.80345486,
    0,
    0.04118068,
    1.84463554,
    0,
    100567.9985933018,
    "BTC-SWAP",
    0.44,
    -44518,
    0.81675861,
    57399.7,
    0.04118068,
    -251420,
    150851,
    1.80345485
  ],
  "time": 1616455390012
}