{
  "code": 200,
  "result": [
    -0.4330127621147343,
    1.8035577,
    0,
    0.00932833,
    1.81288603,
    0,
    102809.90283654546,
    "BTC-SWAP",
    0.43,
    -44518,
    0.78490627,
    57399.7,
    0.00932833,
    -257025,
    154214,
    1.80355769
  ],
  "time": 1616433371995
}