{
  "code": 200,
  "result": [
    -0.4708753573402757,
    1.80341185,
    0,
    0.03065638,
    1.83406823,
    0,
    101103.18847201223,
    "BTC-SWAP",
    0.47,
    -47607,
    0.86358458,
    57156.1,
    0.03065638,
    -252758,
    151654,
    1.80341185
  ],
  "time": 1616464871277
}