{
  "code": 200,
  "result": [
    -0.4337637384883481,
    1.8035577,
    0,
    0.01121772,
    1.8147754200000001,
    0,
    102631.90776422141,
    "BTC-SWAP",
    0.43,
    -44518,
    0.78679566,
    57399.7,
    0.01121772,
    -256580,
    153947,
    1.80355769
  ],
  "time": 1616439433997
}