{
  "code": 200,
  "result": [
    -0.4383799436138093,
    1.80345486,
    0,
    0.02681276,
    1.83026762,
    0,
    101551.17871728668,
    "BTC-SWAP",
    0.43,
    -44518,
    0.80239069,
    57399.7,
    0.02681276,
    -253878,
    152326,
    1.80345485
  ],
  "time": 1616443270850
}