{
  "code": 200,
  "result": [
    -0.4440150188781579,
    1.80345486,
    0,
    0.04295724,
    1.8464121,
    0,
    100262.37426039901,
    "BTC-SWAP",
    0.44,
    -44518,
    0.81853517,
    57399.7,
    0.04295724,
    -250656,
    150393,
    1.80345485
  ],
  "time": 1616450471479
}