{
  "code": 200,
  "result": [
    -0.43146725462172897,
    1.8035577,
    0,
    0.0035492,
    1.8071069,
    0,
    103178.16595150265,
    "BTC-SWAP",
    0.43,
    -44518,
    0.77912713,
    57399.7,
    0.0035492,
    -257946,
    154767,
    1.80355769
  ],
  "time": 1616417230358
}