{
  "code": 200,
  "result": [
    -0.47516903894279877,
    1.80319927,
    0,
    0.0452677,
    1.8484669699999998,
    0,
    100189.60853577619,
    "BTC-SWAP",
    0.47,
    -47607,
    0.8781959,
    57156.1,
    0.0452677,
    -250475,
    150284,
    1.80319927
  ],
  "time": 1616474289652
}