{
  "code": 200,
  "result": [
    -0.43291588589686636,
    1.8035577,
    0,
    0.00909038,
    1.81264808,
    0,
    102832.90923310108,
    "BTC-SWAP",
    0.43,
    -44518,
    0.78466831,
    57399.7,
    0.00909038,
    -257083,
    154249,
    1.80355769
  ],
  "time": 1616432532250
}