{
  "code": 200,
  "result": [
    -0.4315576266558464,
    1.80312123,
    0,
    0.00297828,
    1.80609951,
    0,
    103156.5595189949,
    "BTC-SWAP",
    0.43,
    -44518,
    0.77855621,
    57399.7,
    0.00297828,
    -257892,
    154734,
    1.80312122
  ],
  "time": 1616403850899
}