{
  "code": 200,
  "result": [
    -0.47342284846385785,
    1.80341185,
    0,
    0.0396757,
    1.8430875500000001,
    0,
    100559.15162200801,
    "BTC-SWAP",
    0.47,
    -47607,
    0.87260389,
    57156.1,
    0.0396757,
    -251398,
    150838,
    1.80341185
  ],
  "time": 1616460249916
}