{
  "code": 200,
  "result": [
    -0.44145444805344014,
    1.80345486,
    0,
    0.03582893,
    1.83928379,
    0,
    100843.92669798377,
    "BTC-SWAP",
    0.44,
    -44518,
    0.81140686,
    57399.7,
    0.03582893,
    -252110,
    151265,
    1.80345485
  ],
  "time": 1616447290194
}