{
  "code": 200,
  "result": [
    -0.4310384968418842,
    1.8035577,
    0,
    0.001805,
    1.8053627,
    0,
    103280.79817968167,
    "BTC-SWAP",
    0.43,
    -44518,
    0.77738293,
    57399.7,
    0.001805,
    -258202,
    154921,
    1.80355769
  ],
  "time": 1616416450541
}