{
  "code": 200,
  "result": [
    -0.43134229739353697,
    1.8035577,
    0,
    0.0040363,
    1.8075940000000001,
    0,
    103208.05603579334,
    "BTC-SWAP",
    0.43,
    -44518,
    0.77961423,
    57399.7,
    0.0040363,
    -258021,
    154812,
    1.80355769
  ],
  "time": 1616424971598
}