{
  "code": 200,
  "result": [
    -0.43094488361730565,
    1.80312123,
    0,
    0.00197744,
    1.80509867,
    0,
    103303.2336439886,
    "BTC-SWAP",
    0.43,
    -44518,
    0.77755537,
    57399.7,
    0.00197744,
    -258259,
    154954,
    1.80312122
  ],
  "time": 1616405950676
}