{
  "code": 200,
  "result": [
    -0.4320633765998846,
    1.8035577,
    0,
    0.00533411,
    1.80889181,
    0,
    103035.81004790003,
    "BTC-SWAP",
    0.43,
    -44518,
    0.78091205,
    57399.7,
    0.00533411,
    -257590,
    154553,
    1.80355769
  ],
  "time": 1616420413253
}