{
  "code": 200,
  "result": [
    -0.43642614003965663,
    1.80345486,
    0,
    0.02023759,
    1.82369245,
    0,
    102005.80560081666,
    "BTC-SWAP",
    0.43,
    -44518,
    0.79581552,
    57399.7,
    0.02023759,
    -255015,
    153008,
    1.80345485
  ],
  "time": 1616444349910
}