{
  "code": 200,
  "result": [
    -0.44229382376003407,
    1.80345486,
    0,
    0.03967747,
    1.84313233,
    0,
    100652.54726268387,
    "BTC-SWAP",
    0.44,
    -44518,
    0.81525541,
    57399.7,
    0.03967747,
    -251632,
    150978,
    1.80345485
  ],
  "time": 1616448071572
}