{
  "code": 200,
  "result": [
    -0.43179144209116954,
    1.8035577,
    0,
    0.00574391,
    1.8093016100000001,
    0,
    103100.700153757,
    "BTC-SWAP",
    0.43,
    -44518,
    0.78132184,
    57399.7,
    0.00574391,
    -257752,
    154651,
    1.80355769
  ],
  "time": 1616436430774
}