{
  "code": 200,
  "result": [
    -0.4331360896339249,
    1.8035577,
    0,
    0.00966615,
    1.81322385,
    0,
    102780.6296114125,
    "BTC-SWAP",
    0.43,
    -44518,
    0.78524408,
    57399.7,
    0.00966615,
    -256952,
    154170,
    1.80355769
  ],
  "time": 1616432591391
}