{
  "code": 200,
  "result": [
    -0.47330373741903836,
    1.80341185,
    0,
    0.03910188,
    1.84251373,
    0,
    100584.45821620726,
    "BTC-SWAP",
    0.47,
    -47607,
    0.87203008,
    57156.1,
    0.03910188,
    -251462,
    150876,
    1.80341185
  ],
  "time": 1616460790288
}