{
  "code": 200,
  "result": [
    -0.4310042323350848,
    1.8035577,
    0,
    0.00358874,
    1.8071464400000001,
    0,
    103289.00892413841,
    "BTC-SWAP",
    0.43,
    -44518,
    0.77916668,
    57399.7,
    0.00358874,
    -258223,
    154933,
    1.80355769
  ],
  "time": 1616426711459
}