{
  "code": 200,
  "result": [
    -0.42916548930750936,
    1.80312123,
    0,
    -0.00219516,
    1.8009260699999998,
    0,
    103731.5467090169,
    "BTC-SWAP",
    0.42,
    -44518,
    0.77338276,
    57399.7,
    -0.00219516,
    -259329,
    155597,
    1.80312122
  ],
  "time": 1616400911712
}