{
  "code": 200,
  "result": [
    -0.4323979637113271,
    1.8035577,
    0,
    0.00698414,
    1.81054184,
    0,
    102956.0815178136,
    "BTC-SWAP",
    0.43,
    -44518,
    0.78256207,
    57399.7,
    0.00698414,
    -257391,
    154434,
    1.80355769
  ],
  "time": 1616420951004
}