{
  "code": 200,
  "result": [
    -0.4743787850381745,
    1.80319927,
    0,
    0.04192386,
    1.84512313,
    0,
    100356.51150834863,
    "BTC-SWAP",
    0.47,
    -47607,
    0.87485206,
    57156.1,
    0.04192386,
    -250892,
    150534,
    1.80319927
  ],
  "time": 1616474711760
}