{
  "code": 200,
  "result": [
    -0.47345228127422634,
    1.80341185,
    0,
    0.03925525,
    1.8426671000000001,
    0,
    100552.90022443834,
    "BTC-SWAP",
    0.47,
    -47607,
    0.87218345,
    57156.1,
    0.03925525,
    -251383,
    150829,
    1.80341185
  ],
  "time": 1616470990190
}