{
  "code": 200,
  "result": [
    -0.44259103365249075,
    1.80345486,
    0,
    0.04020782,
    1.84366268,
    0,
    100584.95679999293,
    "BTC-SWAP",
    0.44,
    -44518,
    0.81578576,
    57399.7,
    0.04020782,
    -251463,
    150877,
    1.80345485
  ],
  "time": 1616450412955
}