{
  "code": 200,
  "result": [
    -0.4738083859098316,
    1.80341185,
    0,
    0.04049697,
    1.84390882,
    0,
    100477.32673321632,
    "BTC-SWAP",
    0.47,
    -47607,
    0.87342517,
    57156.1,
    0.04049697,
    -251194,
    150715,
    1.80341185
  ],
  "time": 1616459109867
}