{
  "code": 200,
  "result": [
    -0.42974763691247336,
    1.8035577,
    0,
    -0.00261144,
    1.8009462600000001,
    0,
    103591.02919062001,
    "BTC-SWAP",
    0.42,
    -44518,
    0.77296648,
    57399.7,
    -0.00261144,
    -258978,
    155386,
    1.80355769
  ],
  "time": 1616415430340
}