{
  "code": 200,
  "result": [
    -0.42923018936898866,
    1.80312123,
    0,
    -0.00409296,
    1.79902827,
    0,
    103715.9107225098,
    "BTC-SWAP",
    0.42,
    -44518,
    0.77148496,
    57399.7,
    -0.00409296,
    -259290,
    155573,
    1.80312122
  ],
  "time": 1616412490544
}