{
  "code": 200,
  "result": [
    -0.4360362457908428,
    1.8035577,
    0,
    0.01852135,
    1.8220790500000001,
    0,
    102097.01700200934,
    "BTC-SWAP",
    0.43,
    -44518,
    0.79409928,
    57399.7,
    0.01852135,
    -255243,
    153145,
    1.80355769
  ],
  "time": 1616440450131
}