{
  "code": 200,
  "result": [
    -0.47322542207883284,
    1.80341185,
    0,
    0.03896773,
    1.84237958,
    0,
    100601.10420709674,
    "BTC-SWAP",
    0.47,
    -47607,
    0.87189592,
    57156.1,
    0.03896773,
    -251503,
    150901,
    1.80341185
  ],
  "time": 1616468531024
}