{
  "code": 200,
  "result": [
    -0.44156581936324235,
    1.80345486,
    0,
    0.03718291,
    1.84063777,
    0,
    100818.49193897513,
    "BTC-SWAP",
    0.44,
    -44518,
    0.81276084,
    57399.7,
    0.03718291,
    -252047,
    151227,
    1.80345485
  ],
  "time": 1616449630502
}