{
  "code": 200,
  "result": [
    -0.4407981207438576,
    1.80345486,
    0,
    0.03591176,
    1.83936662,
    0,
    100994.07847945174,
    "BTC-SWAP",
    0.44,
    -44518,
    0.81148969,
    57399.7,
    0.03591176,
    -252486,
    151491,
    1.80345485
  ],
  "time": 1616447471065
}