{
  "code": 200,
  "result": [
    -0.43469549529383494,
    1.8035577,
    0,
    0.01508149,
    1.81863919,
    0,
    102411.9193365641,
    "BTC-SWAP",
    0.43,
    -44518,
    0.79065942,
    57399.7,
    0.01508149,
    -256030,
    153617,
    1.80355769
  ],
  "time": 1616431151110
}