{
  "code": 200,
  "result": [
    -0.43673779757651854,
    1.80345486,
    0,
    0.02105786,
    1.82451272,
    0,
    101933.01392055547,
    "BTC-SWAP",
    0.43,
    -44518,
    0.79663579,
    57399.7,
    0.02105786,
    -254833,
    152899,
    1.80345485
  ],
  "time": 1616444049588
}