{
  "code": 200,
  "result": [
    -0.4294673171016242,
    1.8035577,
    0,
    -0.00336631,
    1.80019139,
    0,
    103658.64462153187,
    "BTC-SWAP",
    0.42,
    -44518,
    0.77221162,
    57399.7,
    -0.00336631,
    -259147,
    155487,
    1.80355769
  ],
  "time": 1616414650221
}