{
  "code": 200,
  "result": [
    -0.43410984853921364,
    1.8035577,
    0,
    0.01255911,
    1.81611681,
    0,
    102550.0806991681,
    "BTC-SWAP",
    0.43,
    -44518,
    0.78813704,
    57399.7,
    0.01255911,
    -256376,
    153825,
    1.80355769
  ],
  "time": 1616438711391
}