{
  "code": 200,
  "result": [
    -0.4715058976969484,
    1.80341185,
    0,
    0.03284566,
    1.83625751,
    0,
    100967.98413876577,
    "BTC-SWAP",
    0.47,
    -47607,
    0.86577386,
    57156.1,
    0.03284566,
    -252420,
    151451,
    1.80341185
  ],
  "time": 1616466910196
}