{
  "code": 200,
  "result": [
    -0.44221593215817123,
    1.80345486,
    0,
    0.04003295,
    1.84348781,
    0,
    100670.27613124726,
    "BTC-SWAP",
    0.44,
    -44518,
    0.81561089,
    57399.7,
    0.04003295,
    -251676,
    151005,
    1.80345485
  ],
  "time": 1616446034149
}