{
  "code": 200,
  "result": [
    -0.47477551216634273,
    1.80319927,
    0,
    0.04353611,
    1.84673538,
    0,
    100272.652611705,
    "BTC-SWAP",
    0.47,
    -47607,
    0.87646431,
    57156.1,
    0.04353611,
    -250682,
    150408,
    1.80319927
  ],
  "time": 1616473750495
}