{
  "code": 200,
  "result": [
    -0.4311855155612147,
    1.8035577,
    0,
    0.00384657,
    1.8074042700000001,
    0,
    103245.58315011361,
    "BTC-SWAP",
    0.43,
    -44518,
    0.7794245,
    57399.7,
    0.00384657,
    -258114,
    154868,
    1.80355769
  ],
  "time": 1616428331495
}