{
  "code": 200,
  "result": [
    -0.4432780649853829,
    1.80345486,
    0,
    0.04339694,
    1.8468518,
    0,
    100429.06138716334,
    "BTC-SWAP",
    0.44,
    -44518,
    0.81897487,
    57399.7,
    0.04339694,
    -251073,
    150643,
    1.80345485
  ],
  "time": 1616453230496
}