{
  "code": 200,
  "result": [
    -0.4735077944928418,
    1.80341185,
    0,
    0.03995568,
    1.84336753,
    0,
    100541.11157977927,
    "BTC-SWAP",
    0.47,
    -47607,
    0.87288388,
    57156.1,
    0.03995568,
    -251353,
    150811,
    1.80341185
  ],
  "time": 1616468889984
}