{
  "code": 200,
  "result": [
    -0.4307024457568841,
    1.8035577,
    0,
    0.00285575,
    1.80641345,
    0,
    103361.38194378583,
    "BTC-SWAP",
    0.43,
    -44518,
    0.77843369,
    57399.7,
    0.00285575,
    -258404,
    155042,
    1.80355769
  ],
  "time": 1616419331812
}