{
  "code": 200,
  "result": [
    -0.4340914541350956,
    1.8035577,
    0,
    0.01262749,
    1.8161851900000001,
    0,
    102554.42620656925,
    "BTC-SWAP",
    0.43,
    -44518,
    0.78820542,
    57399.7,
    0.01262749,
    -256387,
    153831,
    1.80355769
  ],
  "time": 1616439310656
}