{
  "code": 200,
  "result": [
    -0.43101330919130937,
    1.8035577,
    0,
    0.00181993,
    1.80537763,
    0,
    103286.83372568493,
    "BTC-SWAP",
    0.43,
    -44518,
    0.77739787,
    57399.7,
    0.00181993,
    -258218,
    154930,
    1.80355769
  ],
  "time": 1616418730910
}