{
  "code": 200,
  "result": [
    -0.4310318132032957,
    1.8035577,
    0,
    0.00311718,
    1.80667488,
    0,
    103282.39966594562,
    "BTC-SWAP",
    0.43,
    -44518,
    0.77869511,
    57399.7,
    0.00311718,
    -258206,
    154923,
    1.80355769
  ],
  "time": 1616429711493
}