{
  "code": 200,
  "result": [
    -0.434302856236604,
    1.8035577,
    0,
    0.01304637,
    1.8166040700000001,
    0,
    102504.50661495772,
    "BTC-SWAP",
    0.43,
    -44518,
    0.7886243,
    57399.7,
    0.01304637,
    -256262,
    153756,
    1.80355769
  ],
  "time": 1616431030616
}