{
  "code": 200,
  "result": [
    -0.42948442617012167,
    1.80312123,
    0,
    -0.00297498,
    1.8001462499999998,
    0,
    103654.51524513749,
    "BTC-SWAP",
    0.42,
    -44518,
    0.77260294,
    57399.7,
    -0.00297498,
    -259137,
    155481,
    1.80312122
  ],
  "time": 1616400014808
}