{
  "code": 200,
  "result": [
    -0.4332816980939011,
    1.8035577,
    0,
    0.01022612,
    1.81378382,
    0,
    102746.08919749947,
    "BTC-SWAP",
    0.43,
    -44518,
    0.78580405,
    57399.7,
    0.01022612,
    -256866,
    154119,
    1.80355769
  ],
  "time": 1616433011616
}