{
  "code": 200,
  "result": [
    -0.4299690601366382,
    1.8035577,
    0,
    -0.00180668,
    1.80175102,
    0,
    103537.68242266733,
    "BTC-SWAP",
    0.42,
    -44518,
    0.77377124,
    57399.7,
    -0.00180668,
    -258845,
    155306,
    1.80355769
  ],
  "time": 1616415371549
}