{
  "code": 200,
  "result": [
    -0.4275721533045376,
    1.80312123,
    0,
    -0.00975722,
    1.79336401,
    0,
    104118.09949721427,
    "BTC-SWAP",
    0.42,
    -44518,
    0.7658207,
    57399.7,
    -0.00975722,
    -260296,
    156177,
    1.80312122
  ],
  "time": 1616411411427
}