{
  "code": 200,
  "result": [
    -0.4304786608691328,
    1.80312123,
    0,
    2.535e-05,
    1.80314658,
    0,
    103415.11449166501,
    "BTC-SWAP",
    0.43,
    -44518,
    0.77560328,
    57399.7,
    2.535e-05,
    -258538,
    155122,
    1.80312122
  ],
  "time": 1616407271652
}