{
  "code": 200,
  "result": [
    -0.4278692155080288,
    1.80312123,
    0,
    -0.00849439,
    1.7946268399999998,
    0,
    104045.81209971306,
    "BTC-SWAP",
    0.42,
    -44518,
    0.76708353,
    57399.7,
    -0.00849439,
    -260115,
    156068,
    1.80312122
  ],
  "time": 1616409851284
}