{
  "code": 200,
  "result": [
    -0.4433577199029098,
    1.80345486,
    0,
    0.04315444,
    1.8466093,
    0,
    100411.01801441266,
    "BTC-SWAP",
    0.44,
    -44518,
    0.81873237,
    57399.7,
    0.04315444,
    -251028,
    150616,
    1.80345485
  ],
  "time": 1616452270783
}