{
  "code": 200,
  "result": [
    -0.4316369762108159,
    1.80312123,
    0,
    0.00324115,
    1.80636238,
    0,
    103137.59583529505,
    "BTC-SWAP",
    0.43,
    -44518,
    0.77881908,
    57399.7,
    0.00324115,
    -257844,
    154706,
    1.80312122
  ],
  "time": 1616404090551
}