{
  "code": 200,
  "result": [
    -0.43286707452897116,
    1.8035577,
    0,
    0.00999871,
    1.8135564100000001,
    0,
    102844.50497521144,
    "BTC-SWAP",
    0.43,
    -44518,
    0.78557664,
    57399.7,
    0.00999871,
    -257112,
    154266,
    1.80355769
  ],
  "time": 1616431811516
}