{
  "code": 200,
  "result": [
    -0.4292141418240248,
    1.80312123,
    0,
    -0.00396994,
    1.79915129,
    0,
    103719.78847391313,
    "BTC-SWAP",
    0.42,
    -44518,
    0.77160798,
    57399.7,
    -0.00396994,
    -259300,
    155579,
    1.80312122
  ],
  "time": 1616401212323
}