{
  "code": 200,
  "result": [
    -0.4292735978571065,
    1.80312123,
    0,
    -0.00323368,
    1.79988755,
    0,
    103705.42288701117,
    "BTC-SWAP",
    0.42,
    -44518,
    0.77234425,
    57399.7,
    -0.00323368,
    -259264,
    155558,
    1.80312122
  ],
  "time": 1616399950733
}