{
  "code": 200,
  "result": [
    -0.43680416311721254,
    1.8035577,
    0,
    0.02199127,
    1.82554897,
    0,
    101917.52679805386,
    "BTC-SWAP",
    0.43,
    -44518,
    0.7975692,
    57399.7,
    0.02199127,
    -254794,
    152876,
    1.80355769
  ],
  "time": 1616441589758
}