{
  "code": 200,
  "result": [
    -0.43711334757667714,
    1.80345486,
    0,
    0.0229154,
    1.82637026,
    0,
    101845.437223101,
    "BTC-SWAP",
    0.43,
    -44518,
    0.79849334,
    57399.7,
    0.0229154,
    -254614,
    152768,
    1.80345485
  ],
  "time": 1616443389673
}