{
  "code": 200,
  "result": [
    -0.4274772006499277,
    1.80312123,
    0,
    -0.0094185,
    1.79370273,
    0,
    104141.2265550437,
    "BTC-SWAP",
    0.42,
    -44518,
    0.76615942,
    57399.7,
    -0.0094185,
    -260354,
    156211,
    1.80312122
  ],
  "time": 1616411770919
}