{
  "code": 200,
  "result": [
    -0.47161475694105753,
    1.80341185,
    0,
    0.03283936,
    1.8362512100000001,
    0,
    100944.6784676204,
    "BTC-SWAP",
    0.47,
    -47607,
    0.86576756,
    57156.1,
    0.03283936,
    -252362,
    151417,
    1.80341185
  ],
  "time": 1616466430794
}