{
  "code": 200,
  "result": [
    -0.4317742885278148,
    1.8035577,
    0,
    0.0053848,
    1.8089425000000001,
    0,
    103104.79614659167,
    "BTC-SWAP",
    0.43,
    -44518,
    0.78096273,
    57399.7,
    0.0053848,
    -257762,
    154657,
    1.80355769
  ],
  "time": 1616437150453
}