{
  "code": 200,
  "result": [
    -0.42948598199460364,
    1.80312123,
    0,
    -0.00331272,
    1.7998085099999999,
    0,
    103654.1397538776,
    "BTC-SWAP",
    0.42,
    -44518,
    0.7722652,
    57399.7,
    -0.00331272,
    -259136,
    155481,
    1.80312122
  ],
  "time": 1616400311418
}