{
  "code": 200,
  "result": [
    -0.4427619109968106,
    1.80345486,
    0,
    0.0392522,
    1.84270706,
    0,
    100546.13753873846,
    "BTC-SWAP",
    0.44,
    -44518,
    0.81483013,
    57399.7,
    0.0392522,
    -251366,
    150819,
    1.80345485
  ],
  "time": 1616456590576
}