{
  "code": 200,
  "result": [
    -0.43208242301186084,
    1.8035577,
    0,
    0.00527385,
    1.80883155,
    0,
    103031.26817722451,
    "BTC-SWAP",
    0.43,
    -44518,
    0.78085178,
    57399.7,
    0.00527385,
    -257579,
    154546,
    1.80355769
  ],
  "time": 1616417412687
}