{
  "code": 200,
  "result": [
    -0.4311578310473143,
    1.8035577,
    0,
    0.00476057,
    1.80831827,
    0,
    103252.21251777447,
    "BTC-SWAP",
    0.43,
    -44518,
    0.78033851,
    57399.7,
    0.00476057,
    -258131,
    154878,
    1.80355769
  ],
  "time": 1616437511323
}