{
  "code": 200,
  "result": [
    -0.4297654403983658,
    1.80312123,
    0,
    -0.00198686,
    1.80113437,
    0,
    103586.73782315904,
    "BTC-SWAP",
    0.42,
    -44518,
    0.77359106,
    57399.7,
    -0.00198686,
    -258967,
    155380,
    1.80312122
  ],
  "time": 1616401572190
}