{
  "code": 200,
  "result": [
    -0.4729451666970656,
    1.80341185,
    0,
    0.04097316,
    1.84438501,
    0,
    100660.71788506847,
    "BTC-SWAP",
    0.47,
    -47607,
    0.87390135,
    57156.1,
    0.04097316,
    -251652,
    150991,
    1.80341185
  ],
  "time": 1616468290022
}