{
  "code": 200,
  "result": [
    -0.43012094455411726,
    1.80312123,
    0,
    -0.00186048,
    1.80126075,
    0,
    103501.12116988249,
    "BTC-SWAP",
    0.42,
    -44518,
    0.77371745,
    57399.7,
    -0.00186048,
    -258753,
    155251,
    1.80312122
  ],
  "time": 1616401630666
}