{
  "code": 200,
  "result": [
    -0.4328428630716629,
    1.8035577,
    0,
    0.00963291,
    1.8131906100000001,
    0,
    102850.25767568091,
    "BTC-SWAP",
    0.43,
    -44518,
    0.78521084,
    57399.7,
    0.00963291,
    -257126,
    154275,
    1.80355769
  ],
  "time": 1616431871567
}