{
  "code": 200,
  "result": [
    -0.4363753701708431,
    1.80345486,
    0,
    0.02045531,
    1.82391017,
    0,
    102017.67341399443,
    "BTC-SWAP",
    0.43,
    -44518,
    0.79603324,
    57399.7,
    0.02045531,
    -255045,
    153026,
    1.80345485
  ],
  "time": 1616443511294
}