{
  "code": 200,
  "result": [
    -0.4368110256509438,
    1.80345486,
    0,
    0.02142868,
    1.82488354,
    0,
    101915.92561945628,
    "BTC-SWAP",
    0.43,
    -44518,
    0.79700661,
    57399.7,
    0.02142868,
    -254790,
    152873,
    1.80345485
  ],
  "time": 1616445012346
}