{
  "code": 200,
  "result": [
    -0.4308576965222077,
    1.8035577,
    0,
    0.00302185,
    1.8065795500000001,
    0,
    103324.137782242,
    "BTC-SWAP",
    0.43,
    -44518,
    0.77859978,
    57399.7,
    0.00302185,
    -258311,
    154986,
    1.80355769
  ],
  "time": 1616428871782
}