{
  "code": 200,
  "result": [
    -0.4297642375066095,
    1.8035577,
    0,
    -0.00221397,
    1.8013437300000001,
    0,
    103587.0277580166,
    "BTC-SWAP",
    0.42,
    -44518,
    0.77336395,
    57399.7,
    -0.00221397,
    -258968,
    155380,
    1.80355769
  ],
  "time": 1616415730775
}