{
  "code": 200,
  "result": [
    -0.44393240363694586,
    1.80345486,
    0,
    0.04572676,
    1.84918162,
    0,
    100281.03295745773,
    "BTC-SWAP",
    0.44,
    -44518,
    0.8213047,
    57399.7,
    0.04572676,
    -250703,
    150421,
    1.80345485
  ],
  "time": 1616453110541
}