{
  "code": 200,
  "result": [
    -0.47175328178912307,
    1.80341185,
    0,
    0.0342429,
    1.83765475,
    0,
    100915.03724033583,
    "BTC-SWAP",
    0.47,
    -47607,
    0.8671711,
    57156.1,
    0.0342429,
    -252288,
    151372,
    1.80341185
  ],
  "time": 1616466550545
}