{
  "code": 200,
  "result": [
    -0.43074509039488434,
    1.8035577,
    0,
    0.00262851,
    1.8061862100000001,
    0,
    103351.14895723651,
    "BTC-SWAP",
    0.43,
    -44518,
    0.77820644,
    57399.7,
    0.00262851,
    -258378,
    155026,
    1.80355769
  ],
  "time": 1616427913796
}