{
  "code": 200,
  "result": [
    -0.4360037425795186,
    1.8035577,
    0,
    0.01963201,
    1.82318971,
    0,
    102104.62813144494,
    "BTC-SWAP",
    0.43,
    -44518,
    0.79520994,
    57399.7,
    0.01963201,
    -255262,
    153156,
    1.80355769
  ],
  "time": 1616440150166
}