{
  "code": 200,
  "result": [
    -0.47243074881106867,
    1.80341185,
    0,
    0.03743746,
    1.84084931,
    0,
    100770.32479322948,
    "BTC-SWAP",
    0.47,
    -47607,
    0.87036566,
    57156.1,
    0.03743746,
    -251926,
    151155,
    1.80341185
  ],
  "time": 1616462529794
}