{
  "code": 200,
  "result": [
    -0.42897856876906365,
    1.80312123,
    0,
    -0.00523704,
    1.79788419,
    0,
    103776.74606855669,
    "BTC-SWAP",
    0.42,
    -44518,
    0.77034088,
    57399.7,
    -0.00523704,
    -259442,
    155665,
    1.80312122
  ],
  "time": 1616413750204
}