{
  "code": 200,
  "result": [
    -0.44244710965352824,
    1.80345486,
    0,
    0.04022427,
    1.84367913,
    0,
    100617.6761666749,
    "BTC-SWAP",
    0.44,
    -44518,
    0.8158022,
    57399.7,
    0.04022427,
    -251545,
    150926,
    1.80345485
  ],
  "time": 1616457071967
}