{
  "code": 200,
  "result": [
    -0.4309724037058112,
    1.80312123,
    0,
    0.00165435,
    1.8047755799999998,
    0,
    103296.63713314859,
    "BTC-SWAP",
    0.43,
    -44518,
    0.77723228,
    57399.7,
    0.00165435,
    -258242,
    154944,
    1.80312122
  ],
  "time": 1616406730683
}