{
  "code": 200,
  "result": [
    -0.42769109471506184,
    1.80312123,
    0,
    -0.00845606,
    1.7946651699999998,
    0,
    104089.14412786398,
    "BTC-SWAP",
    0.42,
    -44518,
    0.76712187,
    57399.7,
    -0.00845606,
    -260223,
    156133,
    1.80312122
  ],
  "time": 1616410750935
}