{
  "code": 200,
  "result": [
    -0.43091210733706903,
    1.8035577,
    0,
    0.00321526,
    1.80677296,
    0,
    103311.09115292746,
    "BTC-SWAP",
    0.43,
    -44518,
    0.7787932,
    57399.7,
    0.00321526,
    -258278,
    154966,
    1.80355769
  ],
  "time": 1616427972511
}