{
  "code": 200,
  "result": [
    -0.43398416418960534,
    1.8035577,
    0,
    0.01229409,
    1.81585179,
    0,
    102579.77980171259,
    "BTC-SWAP",
    0.43,
    -44518,
    0.78787203,
    57399.7,
    0.01229409,
    -256450,
    153869,
    1.80355769
  ],
  "time": 1616439249893
}