{
  "code": 200,
  "result": [
    -0.44391259212088957,
    1.80345486,
    0,
    0.04511356,
    1.8485684199999999,
    0,
    100285.50843152593,
    "BTC-SWAP",
    0.44,
    -44518,
    0.82069149,
    57399.7,
    0.04511356,
    -250714,
    150428,
    1.80345485
  ],
  "time": 1616457430582
}