{
  "code": 200,
  "result": [
    -0.432000565282754,
    1.8035577,
    0,
    0.00485907,
    1.80841677,
    0,
    103050.7910814005,
    "BTC-SWAP",
    0.43,
    -44518,
    0.780437,
    57399.7,
    0.00485907,
    -257627,
    154576,
    1.80355769
  ],
  "time": 1616423290288
}