{
  "code": 200,
  "result": [
    -0.43733717895534735,
    1.80345486,
    0,
    0.02300278,
    1.82645764,
    0,
    101793.31221356175,
    "BTC-SWAP",
    0.43,
    -44518,
    0.79858071,
    57399.7,
    0.02300278,
    -254484,
    152689,
    1.80345485
  ],
  "time": 1616443750329
}