{
  "code": 200,
  "result": [
    -0.43376702401458545,
    1.8035577,
    0,
    0.01194008,
    1.81549778,
    0,
    102631.13038879387,
    "BTC-SWAP",
    0.43,
    -44518,
    0.78751802,
    57399.7,
    0.01194008,
    -256578,
    153946,
    1.80355769
  ],
  "time": 1616438589715
}