{
  "code": 200,
  "result": [
    -0.4315513179067001,
    1.8035577,
    0,
    0.00310901,
    1.80666671,
    0,
    103158.0675409376,
    "BTC-SWAP",
    0.43,
    -44518,
    0.77868694,
    57399.7,
    0.00310901,
    -257896,
    154737,
    1.80355769
  ],
  "time": 1616417529842
}