{
  "code": 200,
  "result": [
    -0.4729100862986872,
    1.80341185,
    0,
    0.03793899,
    1.84135084,
    0,
    100668.18488183334,
    "BTC-SWAP",
    0.47,
    -47607,
    0.87086719,
    57156.1,
    0.03793899,
    -251671,
    151002,
    1.80341185
  ],
  "time": 1616467990132
}