{
  "code": 200,
  "result": [
    -0.4311141030098168,
    1.8035577,
    0,
    0.00358738,
    1.80714508,
    0,
    103262.68542179027,
    "BTC-SWAP",
    0.43,
    -44518,
    0.77916531,
    57399.7,
    0.00358738,
    -258157,
    154894,
    1.80355769
  ],
  "time": 1616435770887
}