{
  "code": 200,
  "result": [
    -0.44171194171249784,
    1.80345486,
    0,
    0.03676764,
    1.8402225,
    0,
    100785.14025997501,
    "BTC-SWAP",
    0.44,
    -44518,
    0.81234557,
    57399.7,
    0.03676764,
    -251963,
    151177,
    1.80345485
  ],
  "time": 1616449690268
}