{
  "code": 200,
  "result": [
    -0.4715641905915246,
    1.80341185,
    0,
    0.03286613,
    1.83627798,
    0,
    100955.5028771,
    "BTC-SWAP",
    0.47,
    -47607,
    0.86579433,
    57156.1,
    0.03286613,
    -252389,
    151433,
    1.80341185
  ],
  "time": 1616467571214
}