{
  "code": 200,
  "result": [
    -0.43310795800508156,
    1.8035577,
    0,
    0.0099793,
    1.813537,
    0,
    102787.30551396999,
    "BTC-SWAP",
    0.43,
    -44518,
    0.78555723,
    57399.7,
    0.0099793,
    -256969,
    154180,
    1.80355769
  ],
  "time": 1616433431229
}