{
  "code": 200,
  "result": [
    -0.4276444114663893,
    1.80312123,
    0,
    -0.0095846,
    1.79353663,
    0,
    104100.5068845589,
    "BTC-SWAP",
    0.42,
    -44518,
    0.76599332,
    57399.7,
    -0.0095846,
    -260252,
    156150,
    1.80312122
  ],
  "time": 1616409550123
}