{
  "code": 200,
  "result": [
    -0.42770118999640505,
    1.80312123,
    0,
    -0.0095042,
    1.7936170299999998,
    0,
    104086.68725091503,
    "BTC-SWAP",
    0.42,
    -44518,
    0.76607373,
    57399.7,
    -0.0095042,
    -260217,
    156130,
    1.80312122
  ],
  "time": 1616409730733
}