{
  "code": 200,
  "result": [
    -0.4311201500862022,
    1.80312123,
    0,
    0.00220838,
    1.8053296099999998,
    0,
    103261.23701501462,
    "BTC-SWAP",
    0.43,
    -44518,
    0.77778631,
    57399.7,
    0.00220838,
    -258154,
    154891,
    1.80312122
  ],
  "time": 1616404451238
}