{
  "code": 200,
  "result": [
    -0.43083196566003445,
    1.8035577,
    0,
    0.00146306,
    1.8050207600000001,
    0,
    103330.30867799801,
    "BTC-SWAP",
    0.43,
    -44518,
    0.777041,
    57399.7,
    0.00146306,
    -258326,
    154995,
    1.80355769
  ],
  "time": 1616416571892
}