{
  "code": 200,
  "result": [
    -0.43210404481350023,
    1.8035577,
    0,
    0.00661427,
    1.81017197,
    0,
    103026.11265584044,
    "BTC-SWAP",
    0.43,
    -44518,
    0.7821922,
    57399.7,
    0.00661427,
    -257566,
    154539,
    1.80355769
  ],
  "time": 1616429231037
}