{
  "code": 200,
  "result": [
    -0.4314686267422549,
    1.8035577,
    0,
    0.00436547,
    1.80792317,
    0,
    103177.83783290826,
    "BTC-SWAP",
    0.43,
    -44518,
    0.77994341,
    57399.7,
    0.00436547,
    -257945,
    154766,
    1.80355769
  ],
  "time": 1616423590720
}