{
  "code": 200,
  "result": [
    -0.443182225990473,
    1.80345486,
    0,
    0.04266988,
    1.84612474,
    0,
    100450.77936170886,
    "BTC-SWAP",
    0.44,
    -44518,
    0.81824781,
    57399.7,
    0.04266988,
    -251127,
    150676,
    1.80345485
  ],
  "time": 1616453529945
}