{
  "code": 200,
  "result": [
    -0.43387882431626934,
    1.8035577,
    0,
    0.01216444,
    1.81572214,
    0,
    102604.68477610993,
    "BTC-SWAP",
    0.43,
    -44518,
    0.78774237,
    57399.7,
    0.01216444,
    -256512,
    153907,
    1.80355769
  ],
  "time": 1616438772081
}