{
  "code": 200,
  "result": [
    -0.4310862836824773,
    1.80312123,
    0,
    0.00234158,
    1.8054628099999999,
    0,
    103269.34928133868,
    "BTC-SWAP",
    0.43,
    -44518,
    0.77791951,
    57399.7,
    0.00234158,
    -258174,
    154904,
    1.80312122
  ],
  "time": 1616404750715
}