{
  "code": 200,
  "result": [
    -0.43120417769011804,
    1.8035577,
    0,
    0.00271286,
    1.80627056,
    0,
    103241.1147741536,
    "BTC-SWAP",
    0.43,
    -44518,
    0.77829079,
    57399.7,
    0.00271286,
    -258103,
    154861,
    1.80355769
  ],
  "time": 1616419452153
}