{
  "code": 200,
  "result": [
    -0.47196034454838093,
    1.80341185,
    0,
    0.03418288,
    1.83759473,
    0,
    100870.76287215436,
    "BTC-SWAP",
    0.47,
    -47607,
    0.86711108,
    57156.1,
    0.03418288,
    -252177,
    151306,
    1.80341185
  ],
  "time": 1616465771168
}