{
  "code": 200,
  "result": [
    -0.43773148837181475,
    1.80345486,
    0,
    0.02470969,
    1.8281645499999999,
    0,
    101701.61659054749,
    "BTC-SWAP",
    0.43,
    -44518,
    0.80028762,
    57399.7,
    0.02470969,
    -254255,
    152552,
    1.80345485
  ],
  "time": 1616445429426
}