{
  "code": 200,
  "result": [
    -0.42985591840287846,
    1.8035577,
    0,
    -0.00218039,
    1.8013773100000001,
    0,
    103564.93442129584,
    "BTC-SWAP",
    0.42,
    -44518,
    0.77339754,
    57399.7,
    -0.00218039,
    -258913,
    155347,
    1.80355769
  ],
  "time": 1616415549659
}