{
  "code": 200,
  "result": [
    -0.4321264073394079,
    1.8035577,
    0,
    0.00696075,
    1.81051845,
    0,
    103020.781058247,
    "BTC-SWAP",
    0.43,
    -44518,
    0.78253868,
    57399.7,
    0.00696075,
    -257552,
    154531,
    1.80355769
  ],
  "time": 1616423471258
}