{
  "code": 200,
  "result": [
    -0.43739777111576017,
    1.80345486,
    0,
    0.02284523,
    1.82630009,
    0,
    101779.2109146757,
    "BTC-SWAP",
    0.43,
    -44518,
    0.79842316,
    57399.7,
    0.02284523,
    -254449,
    152668,
    1.80345485
  ],
  "time": 1616444829360
}