{
  "code": 200,
  "result": [
    -0.4339119304822365,
    1.8035577,
    0,
    0.01211705,
    1.8156747500000001,
    0,
    102596.85634945334,
    "BTC-SWAP",
    0.43,
    -44518,
    0.78769498,
    57399.7,
    0.01211705,
    -256493,
    153895,
    1.80355769
  ],
  "time": 1616439490050
}