{
  "code": 200,
  "result": [
    -0.4421029875172818,
    1.80345486,
    0,
    0.03967598,
    1.84313084,
    0,
    100695.99450119027,
    "BTC-SWAP",
    0.44,
    -44518,
    0.81525391,
    57399.7,
    0.03967598,
    -251740,
    151043,
    1.80345485
  ],
  "time": 1616455030113
}