{
  "code": 200,
  "result": [
    -0.4309878108835656,
    1.8035577,
    0,
    0.0032793,
    1.806837,
    0,
    103292.94443092,
    "BTC-SWAP",
    0.43,
    -44518,
    0.77885723,
    57399.7,
    0.0032793,
    -258233,
    154939,
    1.80355769
  ],
  "time": 1616435410933
}