{
  "code": 200,
  "result": [
    -0.4308459421566309,
    1.80312123,
    0,
    0.00160821,
    1.80472944,
    0,
    103326.956677744,
    "BTC-SWAP",
    0.43,
    -44518,
    0.77718615,
    57399.7,
    0.00160821,
    -258318,
    154990,
    1.80312122
  ],
  "time": 1616405230649
}