{
  "code": 200,
  "result": [
    -0.4735308565926214,
    1.80319927,
    0,
    0.03962292,
    1.84282219,
    0,
    100536.21498409829,
    "BTC-SWAP",
    0.47,
    -47607,
    0.87255112,
    57156.1,
    0.03962292,
    -251341,
    150804,
    1.80319927
  ],
  "time": 1616475071967
}