{
  "code": 200,
  "result": [
    -0.47127465721554046,
    1.80341185,
    0,
    0.0322745,
    1.83568635,
    0,
    101017.526130684,
    "BTC-SWAP",
    0.47,
    -47607,
    0.8652027,
    57156.1,
    0.0322745,
    -252544,
    151526,
    1.80341185
  ],
  "time": 1616467629747
}