{
  "code": 200,
  "result": [
    -0.43090872807991704,
    1.8035577,
    0,
    0.00280948,
    1.80636718,
    0,
    103311.90133550421,
    "BTC-SWAP",
    0.43,
    -44518,
    0.77838741,
    57399.7,
    0.00280948,
    -258280,
    154967,
    1.80355769
  ],
  "time": 1616427551014
}