{
  "code": 200,
  "result": [
    -0.42923779557365127,
    1.80312123,
    0,
    -0.00442706,
    1.7986941699999999,
    0,
    103714.07284976919,
    "BTC-SWAP",
    0.42,
    -44518,
    0.77115087,
    57399.7,
    -0.00442706,
    -259286,
    155571,
    1.80312122
  ],
  "time": 1616412612946
}