{
  "code": 200,
  "result": [
    -0.44174766383203096,
    1.80345486,
    0,
    0.03875139,
    1.84220625,
    0,
    100776.9902251875,
    "BTC-SWAP",
    0.44,
    -44518,
    0.81432932,
    57399.7,
    0.03875139,
    -251943,
    151165,
    1.80345485
  ],
  "time": 1616450171167
}