{
  "code": 200,
  "result": [
    -0.4742191731006782,
    1.80319927,
    0,
    0.04255292,
    1.84575219,
    0,
    100390.28934389561,
    "BTC-SWAP",
    0.47,
    -47607,
    0.87548112,
    57156.1,
    0.04255292,
    -250976,
    150585,
    1.80319927
  ],
  "time": 1616475730195
}