{
  "code": 200,
  "result": [
    -0.4304603272207006,
    1.8035577,
    0,
    0.00070834,
    1.8042660400000001,
    0,
    103419.51902381761,
    "BTC-SWAP",
    0.43,
    -44518,
    0.77628628,
    57399.7,
    0.00070834,
    -258549,
    155129,
    1.80355769
  ],
  "time": 1616417950055
}