{
  "code": 200,
  "result": [
    -0.4296684851974967,
    1.8035577,
    0,
    -0.00118349,
    1.80237421,
    0,
    103610.1122928235,
    "BTC-SWAP",
    0.42,
    -44518,
    0.77439443,
    57399.7,
    -0.00118349,
    -259026,
    155415,
    1.80355769
  ],
  "time": 1616415072021
}