{
  "code": 200,
  "result": [
    -0.4312828653595195,
    1.8035577,
    0,
    0.00366375,
    1.8072214500000001,
    0,
    103222.2784062835,
    "BTC-SWAP",
    0.43,
    -44518,
    0.77924169,
    57399.7,
    0.00366375,
    -258056,
    154833,
    1.80355769
  ],
  "time": 1616421911819
}