{
  "code": 200,
  "result": [
    -0.4740387234801232,
    1.80319927,
    0,
    0.04031113,
    1.8435104,
    0,
    100428.50434347733,
    "BTC-SWAP",
    0.47,
    -47607,
    0.87323933,
    57156.1,
    0.04031113,
    -251072,
    150642,
    1.80319927
  ],
  "time": 1616475371874
}