{
  "code": 200,
  "result": [
    -0.43267912632342703,
    1.8035577,
    0,
    0.0105536,
    1.8141113,
    0,
    102889.17882006367,
    "BTC-SWAP",
    0.43,
    -44518,
    0.78613153,
    57399.7,
    0.0105536,
    -257223,
    154333,
    1.80355769
  ],
  "time": 1616420531046
}