{
  "code": 200,
  "result": [
    -0.4308753178653919,
    1.80312123,
    0,
    0.00154716,
    1.80466839,
    0,
    103319.912174472,
    "BTC-SWAP",
    0.43,
    -44518,
    0.7771251,
    57399.7,
    0.00154716,
    -258300,
    154979,
    1.80312122
  ],
  "time": 1616406371780
}