{
  "code": 200,
  "result": [
    -0.47353126253636074,
    1.80341185,
    0,
    0.03942306,
    1.84283491,
    0,
    100536.12879750348,
    "BTC-SWAP",
    0.47,
    -47607,
    0.87235126,
    57156.1,
    0.03942306,
    -251341,
    150804,
    1.80341185
  ],
  "time": 1616470089712
}