{
  "code": 200,
  "result": [
    -0.4704810712853309,
    1.80341185,
    0,
    0.02936748,
    1.8327793300000002,
    0,
    101187.91786870414,
    "BTC-SWAP",
    0.47,
    -47607,
    0.86229568,
    57156.1,
    0.02936748,
    -252970,
    151781,
    1.80341185
  ],
  "time": 1616463909751
}