{
  "code": 200,
  "result": [
    -0.4306713182876519,
    1.8035577,
    0,
    0.00132881,
    1.80488651,
    0,
    103368.85255559496,
    "BTC-SWAP",
    0.43,
    -44518,
    0.77690675,
    57399.7,
    0.00132881,
    -258423,
    155053,
    1.80355769
  ],
  "time": 1616418013248
}