{
  "code": 200,
  "result": [
    -0.44364591856336727,
    1.80345486,
    0,
    0.04416755,
    1.84762241,
    0,
    100345.78959761435,
    "BTC-SWAP",
    0.44,
    -44518,
    0.81974548,
    57399.7,
    0.04416755,
    -250865,
    150518,
    1.80345485
  ],
  "time": 1616452930601
}