{
  "code": 200,
  "result": [
    -0.4311082237303429,
    1.8035577,
    0,
    0.00392982,
    1.80748752,
    0,
    103264.09367650081,
    "BTC-SWAP",
    0.43,
    -44518,
    0.77950776,
    57399.7,
    0.00392982,
    -258161,
    154896,
    1.80355769
  ],
  "time": 1616435470771
}