{
  "code": 200,
  "result": [
    -0.44156851742120956,
    1.80345486,
    0,
    0.03742485,
    1.84087971,
    0,
    100817.8759210194,
    "BTC-SWAP",
    0.44,
    -44518,
    0.81300278,
    57399.7,
    0.03742485,
    -252045,
    151226,
    1.80345485
  ],
  "time": 1616446510230
}