{
  "code": 200,
  "result": [
    -0.47391840192720514,
    1.80319927,
    0,
    0.04103251,
    1.8442317799999999,
    0,
    100454.00179947546,
    "BTC-SWAP",
    0.47,
    -47607,
    0.87396071,
    57156.1,
    0.04103251,
    -251136,
    150681,
    1.80319927
  ],
  "time": 1616473451580
}