{
  "code": 200,
  "result": [
    -0.429791820043499,
    1.8035577,
    0,
    -0.00182148,
    1.80173622,
    0,
    103580.3799046114,
    "BTC-SWAP",
    0.42,
    -44518,
    0.77375645,
    57399.7,
    -0.00182148,
    -258951,
    155370,
    1.80355769
  ],
  "time": 1616415610900
}