{
  "code": 200,
  "result": [
    -0.43141542403118505,
    1.8035577,
    0,
    0.00387932,
    1.80743702,
    0,
    103190.56185803407,
    "BTC-SWAP",
    0.43,
    -44518,
    0.77945726,
    57399.7,
    0.00387932,
    -257977,
    154785,
    1.80355769
  ],
  "time": 1616421850738
}