{
  "code": 200,
  "result": [
    -0.47042409584076506,
    1.80341185,
    0,
    0.02934093,
    1.83275278,
    0,
    101200.1732498724,
    "BTC-SWAP",
    0.47,
    -47607,
    0.86226913,
    57156.1,
    0.02934093,
    -253001,
    151800,
    1.80341185
  ],
  "time": 1616464571191
}