{
  "code": 200,
  "result": [
    -0.4753837330735678,
    1.80319927,
    0,
    0.04626513,
    1.8494644,
    0,
    100144.36062462533,
    "BTC-SWAP",
    0.47,
    -47607,
    0.87919332,
    57156.1,
    0.04626513,
    -250361,
    150216,
    1.80319927
  ],
  "time": 1616473990406
}