{
  "code": 200,
  "result": [
    -0.4727518349673324,
    1.80341185,
    0,
    0.03679508,
    1.8402069300000001,
    0,
    100701.8830572909,
    "BTC-SWAP",
    0.47,
    -47607,
    0.86972328,
    57156.1,
    0.03679508,
    -251755,
    151052,
    1.80341185
  ],
  "time": 1616461749804
}