{
  "code": 200,
  "result": [
    -0.4314031963949585,
    1.8035577,
    0,
    0.00454315,
    1.80810085,
    0,
    103193.486677931,
    "BTC-SWAP",
    0.43,
    -44518,
    0.78012108,
    57399.7,
    0.00454315,
    -257984,
    154790,
    1.80355769
  ],
  "time": 1616429830342
}