{
  "code": 200,
  "result": [
    -0.43131889457749634,
    1.80312123,
    0,
    0.00310628,
    1.8062275099999998,
    0,
    103213.6559739822,
    "BTC-SWAP",
    0.43,
    -44518,
    0.77868422,
    57399.7,
    0.00310628,
    -258035,
    154820,
    1.80312122
  ],
  "time": 1616404271931
}