{
  "code": 200,
  "result": [
    -0.47532970789336176,
    1.80319927,
    0,
    0.04493249,
    1.84813176,
    0,
    100155.742865288,
    "BTC-SWAP",
    0.47,
    -47607,
    0.87786069,
    57156.1,
    0.04493249,
    -250390,
    150233,
    1.80319927
  ],
  "time": 1616474050429
}