{
  "code": 200,
  "result": [
    -0.47332115568102656,
    1.80341185,
    0,
    0.039487,
    1.84289885,
    0,
    100580.7566989095,
    "BTC-SWAP",
    0.47,
    -47607,
    0.8724152,
    57156.1,
    0.039487,
    -251452,
    150871,
    1.80341185
  ],
  "time": 1616461329772
}