{
  "code": 200,
  "result": [
    -0.47308681922415247,
    1.80341185,
    0,
    0.03823699,
    1.84164884,
    0,
    100630.57786744933,
    "BTC-SWAP",
    0.47,
    -47607,
    0.87116519,
    57156.1,
    0.03823699,
    -251577,
    150945,
    1.80341185
  ],
  "time": 1616460849952
}