{
  "code": 200,
  "result": [
    -0.43062896143466917,
    1.8035577,
    0,
    0.00197744,
    1.8055351400000001,
    0,
    103379.01996114082,
    "BTC-SWAP",
    0.43,
    -44518,
    0.77755537,
    57399.7,
    0.00197744,
    -258448,
    155068,
    1.80355769
  ],
  "time": 1616422271399
}