{
  "code": 200,
  "result": [
    -0.4729370708706649,
    1.80319927,
    0,
    0.03690472,
    1.8401039899999998,
    0,
    100662.44101431243,
    "BTC-SWAP",
    0.47,
    -47607,
    0.86983292,
    57156.1,
    0.03690472,
    -251657,
    150993,
    1.80319927
  ],
  "time": 1616472250636
}