{
  "code": 200,
  "result": [
    -0.4310864210817998,
    1.8035577,
    0,
    0.00286936,
    1.80642706,
    0,
    103269.3163665032,
    "BTC-SWAP",
    0.43,
    -44518,
    0.7784473,
    57399.7,
    0.00286936,
    -258174,
    154903,
    1.80355769
  ],
  "time": 1616427312047
}