{
  "code": 200,
  "result": [
    -0.47325882765951743,
    1.80341185,
    0,
    0.03796607,
    1.84137792,
    0,
    100594.0031492672,
    "BTC-SWAP",
    0.47,
    -47607,
    0.87089427,
    57156.1,
    0.03796607,
    -251486,
    150891,
    1.80341185
  ],
  "time": 1616469490826
}