{
  "code": 200,
  "result": [
    -0.4429259471700997,
    1.80345486,
    0,
    0.04160347,
    1.84505833,
    0,
    100508.90060614007,
    "BTC-SWAP",
    0.44,
    -44518,
    0.8171814,
    57399.7,
    0.04160347,
    -251273,
    150763,
    1.80345485
  ],
  "time": 1616451729799
}