{
  "code": 200,
  "result": [
    -0.47323150719640084,
    1.80341185,
    0,
    0.03816845,
    1.8415803,
    0,
    100599.810612868,
    "BTC-SWAP",
    0.47,
    -47607,
    0.87109665,
    57156.1,
    0.03816845,
    -251500,
    150899,
    1.80341185
  ],
  "time": 1616458871339
}