{
  "code": 200,
  "result": [
    -0.4324748874205484,
    1.8035577,
    0,
    0.00754029,
    1.81109799,
    0,
    102937.7688621945,
    "BTC-SWAP",
    0.43,
    -44518,
    0.78311822,
    57399.7,
    0.00754029,
    -257345,
    154406,
    1.80355769
  ],
  "time": 1616430670973
}