{
  "code": 200,
  "result": [
    -0.47175351741226246,
    1.80341185,
    0,
    0.03423027,
    1.83764212,
    0,
    100914.98683707013,
    "BTC-SWAP",
    0.47,
    -47607,
    0.86715846,
    57156.1,
    0.03423027,
    -252288,
    151372,
    1.80341185
  ],
  "time": 1616466671066
}