{
  "code": 200,
  "result": [
    -0.4740430597769416,
    1.80319927,
    0,
    0.04152856,
    1.8447278299999998,
    0,
    100427.58567629113,
    "BTC-SWAP",
    0.47,
    -47607,
    0.87445675,
    57156.1,
    0.04152856,
    -251069,
    150641,
    1.80319927
  ],
  "time": 1616475612846
}