{
  "code": 200,
  "result": [
    -0.4705109112786362,
    1.80341185,
    0,
    0.03001614,
    1.8334279900000001,
    0,
    101181.5004898094,
    "BTC-SWAP",
    0.47,
    -47607,
    0.86294434,
    57156.1,
    0.03001614,
    -252954,
    151772,
    1.80341185
  ],
  "time": 1616464813015
}