{
  "code": 200,
  "result": [
    -0.4363631304486089,
    1.8035577,
    0,
    0.01992331,
    1.82348101,
    0,
    102020.53494811231,
    "BTC-SWAP",
    0.43,
    -44518,
    0.79550124,
    57399.7,
    0.01992331,
    -255052,
    153030,
    1.80355769
  ],
  "time": 1616441952197
}