{
  "code": 200,
  "result": [
    -0.43039006439874733,
    1.80312123,
    0,
    -0.00022725,
    1.80289398,
    0,
    103436.4026553248,
    "BTC-SWAP",
    0.43,
    -44518,
    0.77535068,
    57399.7,
    -0.00022725,
    -258592,
    155154,
    1.80312122
  ],
  "time": 1616407449927
}