{
  "code": 200,
  "result": [
    -0.4728746172459992,
    1.80341185,
    0,
    0.03721634,
    1.84062819,
    0,
    100675.735731516,
    "BTC-SWAP",
    0.47,
    -47607,
    0.87014453,
    57156.1,
    0.03721634,
    -251690,
    151013,
    1.80341185
  ],
  "time": 1616468050058
}