{
  "code": 200,
  "result": [
    -0.43093474188128844,
    1.80312123,
    0,
    0.00122172,
    1.80434295,
    0,
    103305.6648105285,
    "BTC-SWAP",
    0.43,
    -44518,
    0.77679965,
    57399.7,
    0.00122172,
    -258265,
    154958,
    1.80312122
  ],
  "time": 1616403250212
}