{
  "code": 200,
  "result": [
    -0.4731646881716773,
    1.80341185,
    0,
    0.03857508,
    1.84198693,
    0,
    100614.01704331508,
    "BTC-SWAP",
    0.47,
    -47607,
    0.87150328,
    57156.1,
    0.03857508,
    -251536,
    150921,
    1.80341185
  ],
  "time": 1616469970915
}