{
  "code": 200,
  "result": [
    -0.4310974956613562,
    1.8035577,
    0,
    0.00209018,
    1.80564788,
    0,
    103266.6634532496,
    "BTC-SWAP",
    0.43,
    -44518,
    0.77766811,
    57399.7,
    0.00209018,
    -258167,
    154899,
    1.80355769
  ],
  "time": 1616416509945
}