{
  "code": 200,
  "result": [
    -0.471142881057239,
    1.80341185,
    0,
    0.03219274,
    1.83560459,
    0,
    101045.78019553317,
    "BTC-SWAP",
    0.47,
    -47607,
    0.86512094,
    57156.1,
    0.03219274,
    -252615,
    151568,
    1.80341185
  ],
  "time": 1616465290019
}