{
  "code": 200,
  "result": [
    -0.4730379672592692,
    1.80319927,
    0,
    0.03865965,
    1.84185892,
    0,
    100640.97027101187,
    "BTC-SWAP",
    0.47,
    -47607,
    0.87158785,
    57156.1,
    0.03865965,
    -251603,
    150961,
    1.80319927
  ],
  "time": 1616472730421
}