{
  "code": 200,
  "result": [
    -0.43186734309718394,
    1.8035577,
    0,
    0.00569866,
    1.80925636,
    0,
    103082.5801291996,
    "BTC-SWAP",
    0.43,
    -44518,
    0.78127659,
    57399.7,
    0.00569866,
    -257707,
    154623,
    1.80355769
  ],
  "time": 1616422990703
}