{
  "code": 200,
  "result": [
    -0.4309271803490086,
    1.8035577,
    0,
    0.00274687,
    1.80630457,
    0,
    103307.47752774564,
    "BTC-SWAP",
    0.43,
    -44518,
    0.77832481,
    57399.7,
    0.00274687,
    -258269,
    154961,
    1.80355769
  ],
  "time": 1616416750461
}