{
  "code": 200,
  "result": [
    -0.4293873216368659,
    1.80312123,
    0,
    -0.0037947,
    1.7993265299999999,
    0,
    103677.95637349768,
    "BTC-SWAP",
    0.42,
    -44518,
    0.77178322,
    57399.7,
    -0.0037947,
    -259195,
    155516,
    1.80312122
  ],
  "time": 1616407572666
}