{
  "code": 200,
  "result": [
    -0.4317514637516166,
    1.8035577,
    0,
    0.00544372,
    1.80900142,
    0,
    103110.24683777534,
    "BTC-SWAP",
    0.43,
    -44518,
    0.78102165,
    57399.7,
    0.00544372,
    -257776,
    154665,
    1.80355769
  ],
  "time": 1616436670936
}