{
  "code": 200,
  "result": [
    -0.47274786345771186,
    1.80341185,
    0,
    0.03706368,
    1.84047553,
    0,
    100702.72904418643,
    "BTC-SWAP",
    0.47,
    -47607,
    0.86999188,
    57156.1,
    0.03706368,
    -251757,
    151054,
    1.80341185
  ],
  "time": 1616462170740
}