{
  "code": 200,
  "result": [
    -0.4292209373236817,
    1.80312123,
    0,
    -0.00376527,
    1.79935596,
    0,
    103718.146364394,
    "BTC-SWAP",
    0.42,
    -44518,
    0.77181266,
    57399.7,
    -0.00376527,
    -259296,
    155577,
    1.80312122
  ],
  "time": 1616401271606
}