{
  "code": 200,
  "result": [
    -0.4325576704226086,
    1.8035577,
    0,
    0.00787518,
    1.8114328800000001,
    0,
    102918.06860460002,
    "BTC-SWAP",
    0.43,
    -44518,
    0.78345312,
    57399.7,
    0.00787518,
    -257296,
    154377,
    1.80355769
  ],
  "time": 1616420771981
}