{
  "code": 200,
  "result": [
    -0.43059431429493567,
    1.80312123,
    0,
    0.00072594,
    1.8038471699999998,
    0,
    103387.3382023047,
    "BTC-SWAP",
    0.43,
    -44518,
    0.77630388,
    57399.7,
    0.00072594,
    -258469,
    155081,
    1.80312122
  ],
  "time": 1616402891034
}