{
  "code": 200,
  "result": [
    -0.4712282347244208,
    1.80341185,
    0,
    0.03169624,
    1.83510809,
    0,
    101027.47775256097,
    "BTC-SWAP",
    0.47,
    -47607,
    0.86462444,
    57156.1,
    0.03169624,
    -252569,
    151541,
    1.80341185
  ],
  "time": 1616465050143
}