{
  "code": 200,
  "result": [
    -0.4359868345080263,
    1.8035577,
    0,
    0.0192132,
    1.8227709,
    0,
    102108.5878665,
    "BTC-SWAP",
    0.43,
    -44518,
    0.79479113,
    57399.7,
    0.0192132,
    -255272,
    153162,
    1.80355769
  ],
  "time": 1616440389749
}