{
  "code": 200,
  "result": [
    -0.43124394932800303,
    1.8035577,
    0,
    0.00353692,
    1.80709462,
    0,
    103231.59332292387,
    "BTC-SWAP",
    0.43,
    -44518,
    0.77911486,
    57399.7,
    0.00353692,
    -258079,
    154847,
    1.80355769
  ],
  "time": 1616421972044
}