{
  "code": 200,
  "result": [
    -0.4704542195315564,
    1.80341185,
    0,
    0.02828491,
    1.83169676,
    0,
    101193.69329369292,
    "BTC-SWAP",
    0.47,
    -47607,
    0.86121311,
    57156.1,
    0.02828491,
    -252985,
    151790,
    1.80341185
  ],
  "time": 1616464029891
}