{
  "code": 200,
  "result": [
    -0.43323688508391217,
    1.8035577,
    0,
    0.0104037,
    1.8139614,
    0,
    102756.717012628,
    "BTC-SWAP",
    0.43,
    -44518,
    0.78598163,
    57399.7,
    0.0104037,
    -256892,
    154135,
    1.80355769
  ],
  "time": 1616432831715
}