{
  "code": 200,
  "result": [
    -0.47331432353835495,
    1.80341185,
    0,
    0.03889587,
    1.84230772,
    0,
    100582.2085503444,
    "BTC-SWAP",
    0.47,
    -47607,
    0.87182407,
    57156.1,
    0.03889587,
    -251456,
    150873,
    1.80341185
  ],
  "time": 1616471471156
}