{
  "code": 200,
  "result": [
    -0.44203499615418723,
    1.80345486,
    0,
    0.03875288,
    1.84220774,
    0,
    100711.48299867094,
    "BTC-SWAP",
    0.44,
    -44518,
    0.81433081,
    57399.7,
    0.03875288,
    -251779,
    151067,
    1.80345485
  ],
  "time": 1616456950671
}