{
  "code": 200,
  "result": [
    -0.471705627242672,
    1.80341185,
    0,
    0.03403919,
    1.83745104,
    0,
    100925.2322858304,
    "BTC-SWAP",
    0.47,
    -47607,
    0.86696738,
    57156.1,
    0.03403919,
    -252314,
    151387,
    1.80341185
  ],
  "time": 1616463729600
}