{
  "code": 200,
  "result": [
    -0.47084747930953813,
    1.80341185,
    0,
    0.03065795,
    1.8340698,
    0,
    101109.174609604,
    "BTC-SWAP",
    0.47,
    -47607,
    0.86358614,
    57156.1,
    0.03065795,
    -252773,
    151663,
    1.80341185
  ],
  "time": 1616464510067
}