{
  "code": 200,
  "result": [
    -0.4313805596357418,
    1.80312123,
    0,
    0.00280131,
    1.8059225399999999,
    0,
    103198.90177153799,
    "BTC-SWAP",
    0.43,
    -44518,
    0.77837924,
    57399.7,
    0.00280131,
    -257998,
    154798,
    1.80312122
  ],
  "time": 1616404391162
}