{
  "code": 200,
  "result": [
    -0.4314415961205468,
    1.8035577,
    0,
    0.00359147,
    1.80714917,
    0,
    103184.30211713166,
    "BTC-SWAP",
    0.43,
    -44518,
    0.7791694,
    57399.7,
    0.00359147,
    -257961,
    154776,
    1.80355769
  ],
  "time": 1616418373451
}