{
  "code": 200,
  "result": [
    -0.43076878674461105,
    1.8035577,
    0,
    0.00213501,
    1.80569271,
    0,
    103345.4636684094,
    "BTC-SWAP",
    0.43,
    -44518,
    0.77771294,
    57399.7,
    0.00213501,
    -258364,
    155018,
    1.80355769
  ],
  "time": 1616419690338
}