{
  "code": 200,
  "result": [
    -0.4734616928979207,
    1.80319927,
    0,
    0.03937031,
    1.84256958,
    0,
    100550.9014015716,
    "BTC-SWAP",
    0.47,
    -47607,
    0.87229851,
    57156.1,
    0.03937031,
    -251378,
    150826,
    1.80319927
  ],
  "time": 1616472850379
}