{
  "code": 200,
  "result": [
    -0.44081747402562627,
    1.80345486,
    0,
    0.03500453,
    1.83845939,
    0,
    100989.64451988129,
    "BTC-SWAP",
    0.44,
    -44518,
    0.81058247,
    57399.7,
    0.03500453,
    -252475,
    151484,
    1.80345485
  ],
  "time": 1616447530341
}