{
  "code": 200,
  "result": [
    -0.43179609014552023,
    1.8035577,
    0,
    0.00518483,
    1.80874253,
    0,
    103099.59032977099,
    "BTC-SWAP",
    0.43,
    -44518,
    0.78076276,
    57399.7,
    0.00518483,
    -257749,
    154649,
    1.80355769
  ],
  "time": 1616437749617
}