{
  "code": 200,
  "result": [
    -0.4424549788728827,
    1.80345486,
    0,
    0.04122264,
    1.8446775,
    0,
    100615.886645475,
    "BTC-SWAP",
    0.44,
    -44518,
    0.81680057,
    57399.7,
    0.04122264,
    -251540,
    150923,
    1.80345485
  ],
  "time": 1616456410578
}