{
  "code": 200,
  "result": [
    -0.4701617980562774,
    1.80341185,
    0,
    0.02822728,
    1.8316391300000001,
    0,
    101256.63164641365,
    "BTC-SWAP",
    0.47,
    -47607,
    0.86115547,
    57156.1,
    0.02822728,
    -253142,
    151884,
    1.80341185
  ],
  "time": 1616464089710
}