{
  "code": 200,
  "result": [
    -0.43081593357868114,
    1.8035577,
    0,
    0.00329702,
    1.80685472,
    0,
    103334.15393947947,
    "BTC-SWAP",
    0.43,
    -44518,
    0.77887495,
    57399.7,
    0.00329702,
    -258336,
    155001,
    1.80355769
  ],
  "time": 1616427012860
}