{
  "code": 200,
  "result": [
    -0.4319648135968576,
    1.8035577,
    0,
    0.00572197,
    1.80927967,
    0,
    103059.3201082984,
    "BTC-SWAP",
    0.43,
    -44518,
    0.7812999,
    57399.7,
    0.00572197,
    -257649,
    154588,
    1.80355769
  ],
  "time": 1616437812791
}