{
  "code": 200,
  "result": [
    -0.43086178814638115,
    1.80312123,
    0,
    0.00118919,
    1.80431042,
    0,
    103323.15657770848,
    "BTC-SWAP",
    0.43,
    -44518,
    0.77676712,
    57399.7,
    0.00118919,
    -258308,
    154984,
    1.80312122
  ],
  "time": 1616402530642
}