{
  "code": 200,
  "result": [
    -0.4283340952552747,
    1.80312123,
    0,
    -0.00724065,
    1.79588058,
    0,
    103932.8890535052,
    "BTC-SWAP",
    0.42,
    -44518,
    0.76833728,
    57399.7,
    -0.00724065,
    -259833,
    155899,
    1.80312122
  ],
  "time": 1616407932014
}