{
  "code": 200,
  "result": [
    -0.4716622665914968,
    1.80341185,
    0,
    0.03239559,
    1.83580744,
    0,
    100934.5105005656,
    "BTC-SWAP",
    0.47,
    -47607,
    0.86532379,
    57156.1,
    0.03239559,
    -252337,
    151401,
    1.80341185
  ],
  "time": 1616467330430
}