{
  "code": 200,
  "result": [
    -0.43124640468083586,
    1.8035577,
    0,
    0.00397214,
    1.80752984,
    0,
    103231.00556153653,
    "BTC-SWAP",
    0.43,
    -44518,
    0.77955007,
    57399.7,
    0.00397214,
    -258078,
    154846,
    1.80355769
  ],
  "time": 1616428510684
}