{
  "code": 200,
  "result": [
    -0.4324357162011541,
    1.8035577,
    0,
    0.00742321,
    1.81098091,
    0,
    102947.0932490964,
    "BTC-SWAP",
    0.43,
    -44518,
    0.78300114,
    57399.7,
    0.00742321,
    -257368,
    154420,
    1.80355769
  ],
  "time": 1616430430518
}