{
  "code": 200,
  "result": [
    -0.4428641071540402,
    1.80345486,
    0,
    0.04139951,
    1.84485437,
    0,
    100522.93532226903,
    "BTC-SWAP",
    0.44,
    -44518,
    0.81697745,
    57399.7,
    0.04139951,
    -251308,
    150784,
    1.80345485
  ],
  "time": 1616451429431
}