{
  "code": 200,
  "result": [
    -0.42714861115473624,
    1.80312123,
    0,
    -0.01095681,
    1.79216442,
    0,
    104221.3385164752,
    "BTC-SWAP",
    0.42,
    -44518,
    0.76462111,
    57399.7,
    -0.01095681,
    -260554,
    156332,
    1.80312122
  ],
  "time": 1616409071786
}