{
  "code": 200,
  "result": [
    -0.4359143437906785,
    1.8035577,
    0,
    0.01951697,
    1.82307467,
    0,
    102125.56809412327,
    "BTC-SWAP",
    0.43,
    -44518,
    0.7950949,
    57399.7,
    0.01951697,
    -255314,
    153188,
    1.80355769
  ],
  "time": 1616442429717
}