{
  "code": 200,
  "result": [
    -0.4734578448820554,
    1.80341185,
    0,
    0.03964531,
    1.84305716,
    0,
    100551.71862631093,
    "BTC-SWAP",
    0.47,
    -47607,
    0.87257351,
    57156.1,
    0.03964531,
    -251380,
    150827,
    1.80341185
  ],
  "time": 1616459530622
}