{
  "code": 200,
  "result": [
    -0.4290281416803255,
    1.80312123,
    0,
    -0.00463405,
    1.79848718,
    0,
    103764.75497770714,
    "BTC-SWAP",
    0.42,
    -44518,
    0.77094387,
    57399.7,
    -0.00463405,
    -259412,
    155647,
    1.80312122
  ],
  "time": 1616401150535
}