{
  "code": 200,
  "result": [
    -0.47352631433797865,
    1.80341185,
    0,
    0.03962452,
    1.84303637,
    0,
    100537.17936786207,
    "BTC-SWAP",
    0.47,
    -47607,
    0.87255272,
    57156.1,
    0.03962452,
    -251343,
    150805,
    1.80341185
  ],
  "time": 1616459710302
}