{
  "code": 200,
  "result": [
    -0.4310614390070127,
    1.8035577,
    0,
    0.00330792,
    1.80686562,
    0,
    103275.3013179538,
    "BTC-SWAP",
    0.43,
    -44518,
    0.77888585,
    57399.7,
    0.00330792,
    -258189,
    154912,
    1.80355769
  ],
  "time": 1616424730165
}