{
  "code": 200,
  "result": [
    -0.4298203786698281,
    1.80312123,
    0,
    -0.00188603,
    1.8012351999999998,
    0,
    103573.49769634134,
    "BTC-SWAP",
    0.42,
    -44518,
    0.7736919,
    57399.7,
    -0.00188603,
    -258934,
    155360,
    1.80312122
  ],
  "time": 1616400490729
}