{
  "code": 200,
  "result": [
    -0.4297699937962792,
    1.8035577,
    0,
    -0.00189409,
    1.80166361,
    0,
    103585.64032532841,
    "BTC-SWAP",
    0.42,
    -44518,
    0.77368383,
    57399.7,
    -0.00189409,
    -258965,
    155378,
    1.80355769
  ],
  "time": 1616415490187
}