{
  "code": 200,
  "result": [
    -0.44340269523198667,
    1.80345486,
    0,
    0.0432463,
    1.84670116,
    0,
    100400.83309982666,
    "BTC-SWAP",
    0.44,
    -44518,
    0.81882423,
    57399.7,
    0.0432463,
    -251003,
    150601,
    1.80345485
  ],
  "time": 1616456170922
}