{
  "code": 200,
  "result": [
    -0.4308459728441801,
    1.8035577,
    0,
    0.00399944,
    1.8075571400000001,
    0,
    103326.94931815087,
    "BTC-SWAP",
    0.43,
    -44518,
    0.77957737,
    57399.7,
    0.00399944,
    -258318,
    154990,
    1.80355769
  ],
  "time": 1616424190301
}