{
  "code": 200,
  "result": [
    -0.47279676951405036,
    1.80341185,
    0,
    0.03824815,
    1.84166,
    0,
    100692.31236273334,
    "BTC-SWAP",
    0.47,
    -47607,
    0.87117635,
    57156.1,
    0.03824815,
    -251731,
    151038,
    1.80341185
  ],
  "time": 1616461449862
}