{
  "code": 200,
  "result": [
    -0.43291642848945777,
    1.8035577,
    0,
    0.00954151,
    1.81309921,
    0,
    102832.78034823778,
    "BTC-SWAP",
    0.43,
    -44518,
    0.78511944,
    57399.7,
    0.00954151,
    -257082,
    154249,
    1.80355769
  ],
  "time": 1616432350120
}