{
  "code": 200,
  "result": [
    -0.44050555701168204,
    1.80345486,
    0,
    0.03502225,
    1.83847711,
    0,
    101061.15414752736,
    "BTC-SWAP",
    0.44,
    -44518,
    0.81060018,
    57399.7,
    0.03502225,
    -252653,
    151591,
    1.80345485
  ],
  "time": 1616447649771
}