{
  "code": 200,
  "result": [
    -0.4713809091727843,
    1.80341185,
    0,
    0.03228393,
    1.83569578,
    0,
    100994.75620161294,
    "BTC-SWAP",
    0.47,
    -47607,
    0.86521213,
    57156.1,
    0.03228393,
    -252487,
    151492,
    1.80341185
  ],
  "time": 1616466971423
}