{
  "code": 200,
  "result": [
    -0.4312125262741245,
    1.80312123,
    0,
    0.00235109,
    1.8054723199999998,
    0,
    103239.11595207146,
    "BTC-SWAP",
    0.43,
    -44518,
    0.77792902,
    57399.7,
    0.00235109,
    -258098,
    154858,
    1.80312122
  ],
  "time": 1616405051207
}