{
  "code": 200,
  "result": [
    -0.47356437932608025,
    1.80341185,
    0,
    0.04069091,
    1.84410276,
    0,
    100529.0982141616,
    "BTC-SWAP",
    0.47,
    -47607,
    0.87361911,
    57156.1,
    0.04069091,
    -251323,
    150793,
    1.80341185
  ],
  "time": 1616458270914
}