{
  "code": 200,
  "result": [
    -0.43084076803373983,
    1.8035577,
    0,
    0.00150375,
    1.80506145,
    0,
    103328.1975686055,
    "BTC-SWAP",
    0.43,
    -44518,
    0.77708169,
    57399.7,
    0.00150375,
    -258321,
    154992,
    1.80355769
  ],
  "time": 1616419871497
}