{
  "code": 200,
  "result": [
    -0.44287528766129164,
    1.80345486,
    0,
    0.04183304,
    1.8452879,
    0,
    100520.39759339,
    "BTC-SWAP",
    0.44,
    -44518,
    0.81741097,
    57399.7,
    0.04183304,
    -251301,
    150780,
    1.80345485
  ],
  "time": 1616456230046
}