{
  "code": 200,
  "result": [
    -0.43346564499452317,
    1.8035577,
    0,
    0.01084245,
    1.81440015,
    0,
    102702.48753061499,
    "BTC-SWAP",
    0.43,
    -44518,
    0.78642038,
    57399.7,
    0.01084245,
    -256757,
    154053,
    1.80355769
  ],
  "time": 1616432291618
}