{
  "code": 200,
  "result": [
    -0.43094605770484845,
    1.80312123,
    0,
    0.00198966,
    1.80511089,
    0,
    103302.9522003193,
    "BTC-SWAP",
    0.43,
    -44518,
    0.77756759,
    57399.7,
    0.00198966,
    -258258,
    154954,
    1.80312122
  ],
  "time": 1616406251585
}