{
  "code": 200,
  "result": [
    -0.4736034115738052,
    1.80341185,
    0,
    0.03961652,
    1.84302837,
    0,
    100520.81306129071,
    "BTC-SWAP",
    0.47,
    -47607,
    0.87254472,
    57156.1,
    0.03961652,
    -251303,
    150781,
    1.80341185
  ],
  "time": 1616470750180
}