{
  "code": 200,
  "result": [
    -0.4307134689104879,
    1.80312123,
    0,
    0.00113227,
    1.8042535,
    0,
    103358.736639025,
    "BTC-SWAP",
    0.43,
    -44518,
    0.7767102,
    57399.7,
    0.00113227,
    -258397,
    155038,
    1.80312122
  ],
  "time": 1616404631452
}