{
  "code": 200,
  "result": [
    -0.4732729630879058,
    1.80341185,
    0,
    0.03884159,
    1.8422534400000001,
    0,
    100590.998668896,
    "BTC-SWAP",
    0.47,
    -47607,
    0.87176979,
    57156.1,
    0.03884159,
    -251478,
    150886,
    1.80341185
  ],
  "time": 1616461029759
}