{
  "code": 200,
  "result": [
    -0.43184950118042703,
    1.8035577,
    0,
    0.00544098,
    1.80899868,
    0,
    103086.8389990344,
    "BTC-SWAP",
    0.43,
    -44518,
    0.78101891,
    57399.7,
    0.00544098,
    -257718,
    154630,
    1.80355769
  ],
  "time": 1616423771841
}