{
  "code": 200,
  "result": [
    -0.4427757363838925,
    1.80345486,
    0,
    0.04040071,
    1.8438555699999999,
    0,
    100542.99805037712,
    "BTC-SWAP",
    0.44,
    -44518,
    0.81597865,
    57399.7,
    0.04040071,
    -251358,
    150814,
    1.80345485
  ],
  "time": 1616449271351
}