{
  "code": 200,
  "result": [
    -0.4437730368292983,
    1.80345486,
    0,
    0.04476573,
    1.84822059,
    0,
    100317.0456638723,
    "BTC-SWAP",
    0.44,
    -44518,
    0.82034366,
    57399.7,
    0.04476573,
    -250793,
    150475,
    1.80345485
  ],
  "time": 1616453049606
}