{
  "code": 200,
  "result": [
    -0.44332991812823197,
    1.80345486,
    0,
    0.04301443,
    1.84646929,
    0,
    100417.3149151718,
    "BTC-SWAP",
    0.44,
    -44518,
    0.81859236,
    57399.7,
    0.04301443,
    -251044,
    150625,
    1.80345485
  ],
  "time": 1616452871104
}