{
  "code": 200,
  "result": [
    -0.43109769354810223,
    1.8035577,
    0,
    0.00377425,
    1.80733195,
    0,
    103266.61605075984,
    "BTC-SWAP",
    0.43,
    -44518,
    0.77935219,
    57399.7,
    0.00377425,
    -258167,
    154899,
    1.80355769
  ],
  "time": 1616435591377
}