{
  "code": 200,
  "result": [
    -0.4718871411216143,
    1.80341185,
    0,
    0.03379611,
    1.83720796,
    0,
    100886.41086265746,
    "BTC-SWAP",
    0.47,
    -47607,
    0.86672431,
    57156.1,
    0.03379611,
    -252217,
    151329,
    1.80341185
  ],
  "time": 1616463189698
}