{
  "code": 200,
  "result": [
    -0.426902873231468,
    1.80312123,
    0,
    -0.0115788,
    1.7915424299999998,
    0,
    104281.3314021951,
    "BTC-SWAP",
    0.42,
    -44518,
    0.76399912,
    57399.7,
    -0.0115788,
    -260704,
    156421,
    1.80312122
  ],
  "time": 1616409250350
}