{
  "code": 200,
  "result": [
    -0.42797305099751576,
    1.80312123,
    0,
    -0.00806855,
    1.79505268,
    0,
    104020.56834241746,
    "BTC-SWAP",
    0.42,
    -44518,
    0.76750937,
    57399.7,
    -0.00806855,
    -260052,
    156030,
    1.80312122
  ],
  "time": 1616410812890
}