{
  "code": 200,
  "result": [
    -0.4731806941615961,
    1.80319927,
    0,
    0.03828641,
    1.84148568,
    0,
    100610.613635352,
    "BTC-SWAP",
    0.47,
    -47607,
    0.87121461,
    57156.1,
    0.03828641,
    -251527,
    150915,
    1.80319927
  ],
  "time": 1616472070968
}