{
  "code": 200,
  "result": [
    -0.4306589276376416,
    1.80312123,
    0,
    0.00090467,
    1.8040258999999998,
    0,
    103371.82661973666,
    "BTC-SWAP",
    0.43,
    -44518,
    0.77648261,
    57399.7,
    0.00090467,
    -258430,
    155057,
    1.80312122
  ],
  "time": 1616405412932
}