{
  "code": 200,
  "result": [
    -0.47176518612909885,
    1.80341185,
    0,
    0.03354056,
    1.83695241,
    0,
    100912.490789374,
    "BTC-SWAP",
    0.47,
    -47607,
    0.86646876,
    57156.1,
    0.03354056,
    -252282,
    151368,
    1.80341185
  ],
  "time": 1616467511082
}