{
  "code": 200,
  "result": [
    -0.4727681720806033,
    1.80319927,
    0,
    0.03606639,
    1.83926566,
    0,
    100698.40317398393,
    "BTC-SWAP",
    0.47,
    -47607,
    0.86899459,
    57156.1,
    0.03606639,
    -251747,
    151047,
    1.80319927
  ],
  "time": 1616472189862
}