{
  "code": 200,
  "result": [
    -0.4306654266983992,
    1.80312123,
    0,
    0.00082613,
    1.80394736,
    0,
    103370.26666219147,
    "BTC-SWAP",
    0.43,
    -44518,
    0.77640406,
    57399.7,
    0.00082613,
    -258426,
    155055,
    1.80312122
  ],
  "time": 1616402830772
}