{
  "code": 200,
  "result": [
    -0.44271232711935204,
    1.80345486,
    0,
    0.04117618,
    1.8446310399999999,
    0,
    100557.39872813225,
    "BTC-SWAP",
    0.44,
    -44518,
    0.81675411,
    57399.7,
    0.04117618,
    -251394,
    150836,
    1.80345485
  ],
  "time": 1616451670899
}