{
  "code": 200,
  "result": [
    -0.473591629942652,
    1.80341185,
    0,
    0.03986447,
    1.84327632,
    0,
    100523.3137371216,
    "BTC-SWAP",
    0.47,
    -47607,
    0.87279267,
    57156.1,
    0.03986447,
    -251309,
    150784,
    1.80341185
  ],
  "time": 1616470690301
}