{
  "code": 200,
  "result": [
    -0.4410185409073406,
    1.80345486,
    0,
    0.03593246,
    1.83938732,
    0,
    100943.60184587653,
    "BTC-SWAP",
    0.44,
    -44518,
    0.8115104,
    57399.7,
    0.03593246,
    -252360,
    151415,
    1.80345485
  ],
  "time": 1616447110706
}