{
  "code": 200,
  "result": [
    -0.43380740233121373,
    1.8035577,
    0,
    0.01173117,
    1.81528887,
    0,
    102621.5775958805,
    "BTC-SWAP",
    0.43,
    -44518,
    0.78730911,
    57399.7,
    0.01173117,
    -256554,
    153932,
    1.80355769
  ],
  "time": 1616439671401
}