{
  "code": 200,
  "result": [
    -0.43157348583839816,
    1.8035577,
    0,
    0.00427666,
    1.80783436,
    0,
    103152.76878864999,
    "BTC-SWAP",
    0.43,
    -44518,
    0.7798546,
    57399.7,
    0.00427666,
    -257882,
    154729,
    1.80355769
  ],
  "time": 1616435110917
}