{
  "code": 200,
  "result": [
    -0.4315415524681298,
    1.8035577,
    0,
    0.00401582,
    1.80757352,
    0,
    103160.40192511413,
    "BTC-SWAP",
    0.43,
    -44518,
    0.77959375,
    57399.7,
    0.00401582,
    -257902,
    154740,
    1.80355769
  ],
  "time": 1616424850612
}