{
  "code": 200,
  "result": [
    -0.47306300463268325,
    1.80341185,
    0,
    0.03820511,
    1.84161696,
    0,
    100635.64373833282,
    "BTC-SWAP",
    0.47,
    -47607,
    0.87113331,
    57156.1,
    0.03820511,
    -251590,
    150953,
    1.80341185
  ],
  "time": 1616459950149
}