{
  "code": 200,
  "result": [
    -0.42994302577461174,
    1.8035577,
    0,
    -0.00150127,
    1.80205643,
    0,
    103543.95194524586,
    "BTC-SWAP",
    0.42,
    -44518,
    0.77407665,
    57399.7,
    -0.00150127,
    -258860,
    155315,
    1.80355769
  ],
  "time": 1616415130342
}