{
  "code": 200,
  "result": [
    -0.4313817228661363,
    1.8035577,
    0,
    0.00485633,
    1.80841403,
    0,
    103198.62349340784,
    "BTC-SWAP",
    0.43,
    -44518,
    0.78043427,
    57399.7,
    0.00485633,
    -257997,
    154797,
    1.80355769
  ],
  "time": 1616434330164
}