{
  "code": 200,
  "result": [
    -0.4289624477144063,
    1.80312123,
    0,
    -0.00642026,
    1.7967009699999998,
    0,
    103780.6461549266,
    "BTC-SWAP",
    0.42,
    -44518,
    0.76915767,
    57399.7,
    -0.00642026,
    -259452,
    155670,
    1.80312122
  ],
  "time": 1616412371506
}