{
  "code": 200,
  "result": [
    -0.4422474579457747,
    1.80345486,
    0,
    0.03932528,
    1.84278014,
    0,
    100663.09981019379,
    "BTC-SWAP",
    0.44,
    -44518,
    0.81490322,
    57399.7,
    0.03932528,
    -251658,
    150994,
    1.80345485
  ],
  "time": 1616454010869
}