{
  "code": 200,
  "result": [
    -0.4329781059935019,
    1.8035577,
    0,
    0.00898805,
    1.81254575,
    0,
    102818.13187262666,
    "BTC-SWAP",
    0.43,
    -44518,
    0.78456598,
    57399.7,
    0.00898805,
    -257046,
    154227,
    1.80355769
  ],
  "time": 1616433131725
}