{
  "code": 200,
  "result": [
    -0.4312733330491222,
    1.8035577,
    0,
    0.00326704,
    1.8068247400000002,
    0,
    103224.55989860468,
    "BTC-SWAP",
    0.43,
    -44518,
    0.77884497,
    57399.7,
    0.00326704,
    -258062,
    154836,
    1.80355769
  ],
  "time": 1616420230077
}