{
  "code": 200,
  "result": [
    -0.42779993459533233,
    1.80312123,
    0,
    -0.00915206,
    1.79396917,
    0,
    104062.6620060398,
    "BTC-SWAP",
    0.42,
    -44518,
    0.76642587,
    57399.7,
    -0.00915206,
    -260157,
    156093,
    1.80312122
  ],
  "time": 1616411530518
}