{
  "code": 200,
  "result": [
    -0.4322417913756481,
    1.8035577,
    0,
    0.00662251,
    1.81018021,
    0,
    102993.28035430699,
    "BTC-SWAP",
    0.43,
    -44518,
    0.78220045,
    57399.7,
    0.00662251,
    -257484,
    154489,
    1.80355769
  ],
  "time": 1616423110983
}