{
  "code": 200,
  "result": [
    -0.47323124768254254,
    1.80341185,
    0,
    0.03880009,
    1.84221194,
    0,
    100599.86578049508,
    "BTC-SWAP",
    0.47,
    -47607,
    0.87172829,
    57156.1,
    0.03880009,
    -251500,
    150899,
    1.80341185
  ],
  "time": 1616460909853
}