{
  "code": 200,
  "result": [
    -0.4316530673061066,
    1.8035577,
    0,
    0.0046621,
    1.8082198,
    0,
    103133.751088186,
    "BTC-SWAP",
    0.43,
    -44518,
    0.78024004,
    57399.7,
    0.0046621,
    -257835,
    154700,
    1.80355769
  ],
  "time": 1616425630657
}