{
  "code": 200,
  "result": [
    -0.473676570268507,
    1.80319927,
    0,
    0.03945503,
    1.8426543,
    0,
    100505.287759987,
    "BTC-SWAP",
    0.47,
    -47607,
    0.87238323,
    57156.1,
    0.03945503,
    -251264,
    150757,
    1.80319927
  ],
  "time": 1616474950848
}