{
  "code": 200,
  "result": [
    -0.474031171610769,
    1.80341185,
    0,
    0.04196245,
    1.8453743,
    0,
    100430.104286666,
    "BTC-SWAP",
    0.47,
    -47607,
    0.87489065,
    57156.1,
    0.04196245,
    -251076,
    150645,
    1.80341185
  ],
  "time": 1616457971033
}