{
  "code": 200,
  "result": [
    -0.43124870152908046,
    1.80312123,
    0,
    0.00196793,
    1.8050891599999999,
    0,
    103230.45574897346,
    "BTC-SWAP",
    0.43,
    -44518,
    0.77754586,
    57399.7,
    0.00196793,
    -258077,
    154845,
    1.80312122
  ],
  "time": 1616403430712
}