{
  "code": 200,
  "result": [
    -0.47322324582914527,
    1.80341185,
    0,
    0.03833265,
    1.8417445000000001,
    0,
    100601.56684946168,
    "BTC-SWAP",
    0.47,
    -47607,
    0.87126085,
    57156.1,
    0.03833265,
    -251504,
    150902,
    1.80341185
  ],
  "time": 1616458929942
}