{
  "code": 200,
  "result": [
    -0.43637569446724267,
    1.8035577,
    0,
    0.01995316,
    1.82351086,
    0,
    102017.59759867153,
    "BTC-SWAP",
    0.43,
    -44518,
    0.7955311,
    57399.7,
    0.01995316,
    -255044,
    153026,
    1.80355769
  ],
  "time": 1616442310787
}