{
  "code": 200,
  "result": [
    -0.4311490513089877,
    1.8035577,
    0,
    0.0031812,
    1.8067389,
    0,
    103254.315102495,
    "BTC-SWAP",
    0.43,
    -44518,
    0.77875914,
    57399.7,
    0.0031812,
    -258136,
    154881,
    1.80355769
  ],
  "time": 1616424612301
}