{
  "code": 200,
  "result": [
    -0.43107752480138306,
    1.8035577,
    0,
    0.00382064,
    1.80737834,
    0,
    103271.4475673754,
    "BTC-SWAP",
    0.43,
    -44518,
    0.77939858,
    57399.7,
    0.00382064,
    -258179,
    154907,
    1.80355769
  ],
  "time": 1616428272471
}