{
  "code": 200,
  "result": [
    -0.43349341740984454,
    1.8035577,
    0,
    0.01070078,
    1.8142584800000001,
    0,
    102695.90773949548,
    "BTC-SWAP",
    0.43,
    -44518,
    0.78627871,
    57399.7,
    0.01070078,
    -256740,
    154043,
    1.80355769
  ],
  "time": 1616438890213
}