{
  "code": 200,
  "result": [
    -0.4365568042229833,
    1.8035577,
    0,
    0.02111203,
    1.82466973,
    0,
    101975.27462488298,
    "BTC-SWAP",
    0.43,
    -44518,
    0.79668997,
    57399.7,
    0.02111203,
    -254939,
    152962,
    1.80355769
  ],
  "time": 1616442130754
}