{
  "code": 200,
  "result": [
    -0.4733905348199366,
    1.80341185,
    0,
    0.03991728,
    1.84332913,
    0,
    100566.01579097533,
    "BTC-SWAP",
    0.47,
    -47607,
    0.87284547,
    57156.1,
    0.03991728,
    -251416,
    150849,
    1.80341185
  ],
  "time": 1616470271521
}