{
  "code": 200,
  "result": [
    -0.44196343618209083,
    1.80345486,
    0,
    0.03745603,
    1.84091089,
    0,
    100727.78957591957,
    "BTC-SWAP",
    0.44,
    -44518,
    0.81303396,
    57399.7,
    0.03745603,
    -251820,
    151091,
    1.80345485
  ],
  "time": 1616447829324
}