{
  "code": 200,
  "result": [
    -0.4313260848454371,
    1.8035577,
    0,
    0.00302593,
    1.80658363,
    0,
    103211.93538747543,
    "BTC-SWAP",
    0.43,
    -44518,
    0.77860387,
    57399.7,
    0.00302593,
    -258030,
    154817,
    1.80355769
  ],
  "time": 1616416812235
}