{
  "code": 200,
  "result": [
    -0.4741696139625487,
    1.80319927,
    0,
    0.04157353,
    1.8447727999999999,
    0,
    100400.781910416,
    "BTC-SWAP",
    0.47,
    -47607,
    0.87450173,
    57156.1,
    0.04157353,
    -251002,
    150601,
    1.80319927
  ],
  "time": 1616475490118
}