{
  "code": 200,
  "result": [
    -0.4717882296417369,
    1.80341185,
    0,
    0.03368883,
    1.83710068,
    0,
    100907.56192911268,
    "BTC-SWAP",
    0.47,
    -47607,
    0.86661703,
    57156.1,
    0.03368883,
    -252269,
    151361,
    1.80341185
  ],
  "time": 1616463672434
}