{
  "code": 200,
  "result": [
    -0.44265548728356124,
    1.80345486,
    0,
    0.04077928,
    1.84423414,
    0,
    100570.3109503806,
    "BTC-SWAP",
    0.44,
    -44518,
    0.81635721,
    57399.7,
    0.04077928,
    -251426,
    150855,
    1.80345485
  ],
  "time": 1616453590820
}