{
  "code": 200,
  "result": [
    -0.44277584917870594,
    1.80345486,
    0,
    0.04023772,
    1.84369258,
    0,
    100542.9724375784,
    "BTC-SWAP",
    0.44,
    -44518,
    0.81581565,
    57399.7,
    0.04023772,
    -251358,
    150814,
    1.80345485
  ],
  "time": 1616448671060
}