{
  "code": 200,
  "result": [
    -0.43064263662199365,
    1.80312123,
    0,
    0.00017943,
    1.8033006599999999,
    0,
    103375.73712905879,
    "BTC-SWAP",
    0.43,
    -44518,
    0.77575736,
    57399.7,
    0.00017943,
    -258440,
    155063,
    1.80312122
  ],
  "time": 1616405471514
}