{
  "code": 200,
  "result": [
    -0.44383746745067426,
    1.80345486,
    0,
    0.04471887,
    1.84817373,
    0,
    100302.482923994,
    "BTC-SWAP",
    0.44,
    -44518,
    0.8202968,
    57399.7,
    0.04471887,
    -250757,
    150453,
    1.80345485
  ],
  "time": 1616450950269
}