{
  "code": 200,
  "result": [
    -0.47350620506068986,
    1.80341185,
    0,
    0.04020062,
    1.84361247,
    0,
    100541.4490690743,
    "BTC-SWAP",
    0.47,
    -47607,
    0.87312882,
    57156.1,
    0.04020062,
    -251354,
    150812,
    1.80341185
  ],
  "time": 1616470330323
}