{
  "code": 200,
  "result": [
    -0.4736148550716728,
    1.80341185,
    0,
    0.03939269,
    1.84280454,
    0,
    100518.38427406499,
    "BTC-SWAP",
    0.47,
    -47607,
    0.87232089,
    57156.1,
    0.03939269,
    -251296,
    150777,
    1.80341185
  ],
  "time": 1616469311044
}