{
  "code": 200,
  "result": [
    -0.4312513180862309,
    1.80312123,
    0,
    0.00249793,
    1.80561916,
    0,
    103229.8294125988,
    "BTC-SWAP",
    0.43,
    -44518,
    0.77807587,
    57399.7,
    0.00249793,
    -258075,
    154844,
    1.80312122
  ],
  "time": 1616406071657
}