{
  "code": 200,
  "result": [
    -0.4733179360815373,
    1.80341185,
    0,
    0.03897731,
    1.84238916,
    0,
    100581.44086853041,
    "BTC-SWAP",
    0.47,
    -47607,
    0.87190551,
    57156.1,
    0.03897731,
    -251454,
    150872,
    1.80341185
  ],
  "time": 1616458329894
}