{
  "code": 200,
  "result": [
    -0.4432071602160711,
    1.80345486,
    0,
    0.04279924,
    1.8462541,
    0,
    100445.12813894232,
    "BTC-SWAP",
    0.44,
    -44518,
    0.81837718,
    57399.7,
    0.04279924,
    -251113,
    150667,
    1.80345485
  ],
  "time": 1616451789813
}