{
  "code": 200,
  "result": [
    -0.4276200911353837,
    1.80312123,
    0,
    -0.00948311,
    1.79363812,
    0,
    104106.42746415226,
    "BTC-SWAP",
    0.42,
    -44518,
    0.76609482,
    57399.7,
    -0.00948311,
    -260267,
    156159,
    1.80312122
  ],
  "time": 1616410629872
}