{
  "code": 200,
  "result": [
    -0.4290775866473834,
    1.80312123,
    0,
    -0.00426138,
    1.79885985,
    0,
    103752.7975950535,
    "BTC-SWAP",
    0.42,
    -44518,
    0.77131654,
    57399.7,
    -0.00426138,
    -259382,
    155629,
    1.80312122
  ],
  "time": 1616401030722
}