{
  "code": 200,
  "result": [
    -0.4306391292413375,
    1.80312123,
    0,
    0.00029164,
    1.8034128699999998,
    0,
    103376.57908241625,
    "BTC-SWAP",
    0.43,
    -44518,
    0.77586958,
    57399.7,
    0.00029164,
    -258442,
    155064,
    1.80312122
  ],
  "time": 1616405710567
}