{
  "code": 200,
  "result": [
    -0.4434106285051747,
    1.80345486,
    0,
    0.04274057,
    1.84619543,
    0,
    100399.03678014895,
    "BTC-SWAP",
    0.44,
    -44518,
    0.81831851,
    57399.7,
    0.04274057,
    -250998,
    150598,
    1.80345485
  ],
  "time": 1616453470799
}