{
  "code": 200,
  "result": [
    -0.43293875596022185,
    1.8035577,
    0,
    0.00892583,
    1.81248353,
    0,
    102827.47706719582,
    "BTC-SWAP",
    0.43,
    -44518,
    0.78450376,
    57399.7,
    0.00892583,
    -257069,
    154241,
    1.80355769
  ],
  "time": 1616433191103
}