{
  "code": 200,
  "result": [
    -0.4354187655518506,
    1.8035577,
    0,
    0.01595167,
    1.81950937,
    0,
    102241.80380369643,
    "BTC-SWAP",
    0.43,
    -44518,
    0.79152961,
    57399.7,
    0.01595167,
    -255605,
    153362,
    1.80355769
  ],
  "time": 1616439972411
}