{
  "code": 200,
  "result": [
    -0.43681948796685655,
    1.80345486,
    0,
    0.02171273,
    1.82516759,
    0,
    101913.95124609866,
    "BTC-SWAP",
    0.43,
    -44518,
    0.79729066,
    57399.7,
    0.02171273,
    -254785,
    152870,
    1.80345485
  ],
  "time": 1616443450700
}