{
  "code": 200,
  "result": [
    -0.43129780048869665,
    1.8035577,
    0,
    0.00375242,
    1.8073101200000001,
    0,
    103218.70398958067,
    "BTC-SWAP",
    0.43,
    -44518,
    0.77933036,
    57399.7,
    0.00375242,
    -258047,
    154828,
    1.80355769
  ],
  "time": 1616435890191
}