{
  "code": 200,
  "result": [
    -0.4322793861280677,
    1.8035577,
    0,
    0.00750722,
    1.81106492,
    0,
    102984.3231682832,
    "BTC-SWAP",
    0.43,
    -44518,
    0.78308516,
    57399.7,
    0.00750722,
    -257461,
    154476,
    1.80355769
  ],
  "time": 1616434151273
}