{
  "code": 200,
  "result": [
    -0.4315573343878555,
    1.8035577,
    0,
    0.00487002,
    1.80842772,
    0,
    103156.6293807676,
    "BTC-SWAP",
    0.43,
    -44518,
    0.78044795,
    57399.7,
    0.00487002,
    -257892,
    154734,
    1.80355769
  ],
  "time": 1616425330937
}