{
  "code": 200,
  "result": [
    -0.4366245243713223,
    1.8035577,
    0,
    0.02173557,
    1.82529327,
    0,
    101959.4583334494,
    "BTC-SWAP",
    0.43,
    -44518,
    0.79731351,
    57399.7,
    0.02173557,
    -254899,
    152939,
    1.80355769
  ],
  "time": 1616443030419
}