{
  "code": 200,
  "result": [
    -0.4343257271093394,
    1.8035577,
    0,
    0.01271123,
    1.8162689300000001,
    0,
    102499.10889757817,
    "BTC-SWAP",
    0.43,
    -44518,
    0.78828916,
    57399.7,
    0.01271123,
    -256248,
    153748,
    1.80355769
  ],
  "time": 1616439614836
}