{
  "code": 200,
  "result": [
    -0.4288239296068558,
    1.80312123,
    0,
    -0.00560743,
    1.7975138,
    0,
    103814.16923447799,
    "BTC-SWAP",
    0.42,
    -44518,
    0.76997049,
    57399.7,
    -0.00560743,
    -259536,
    155721,
    1.80312122
  ],
  "time": 1616412790603
}