{
  "code": 200,
  "result": [
    -0.4312942436958235,
    1.8035577,
    0,
    0.00370604,
    1.80726374,
    0,
    103219.5552125128,
    "BTC-SWAP",
    0.43,
    -44518,
    0.77928397,
    57399.7,
    0.00370604,
    -258049,
    154829,
    1.80355769
  ],
  "time": 1616435230000
}