{
  "code": 200,
  "result": [
    -0.4733880366867743,
    1.80341185,
    0,
    0.03932556,
    1.84273741,
    0,
    100566.5464915414,
    "BTC-SWAP",
    0.47,
    -47607,
    0.87225376,
    57156.1,
    0.03932556,
    -251417,
    150849,
    1.80341185
  ],
  "time": 1616459470673
}