{
  "code": 200,
  "result": [
    -0.43209088474059026,
    1.8035577,
    0,
    0.00639443,
    1.80995213,
    0,
    103029.25049373996,
    "BTC-SWAP",
    0.43,
    -44518,
    0.78197237,
    57399.7,
    0.00639443,
    -257574,
    154543,
    1.80355769
  ],
  "time": 1616421614830
}