{
  "code": 200,
  "result": [
    -0.43097752297566766,
    1.8035577,
    0,
    0.00323025,
    1.8067879500000001,
    0,
    103295.4101472095,
    "BTC-SWAP",
    0.43,
    -44518,
    0.77880818,
    57399.7,
    0.00323025,
    -258239,
    154943,
    1.80355769
  ],
  "time": 1616422030318
}