{
  "code": 200,
  "result": [
    -0.47372273283373767,
    1.80341185,
    0,
    0.04123151,
    1.84464336,
    0,
    100495.493883568,
    "BTC-SWAP",
    0.47,
    -47607,
    0.8741597,
    57156.1,
    0.04123151,
    -251239,
    150743,
    1.80341185
  ],
  "time": 1616458210288
}