{
  "code": 200,
  "result": [
    -0.4313783912074534,
    1.8035577,
    0,
    0.00397623,
    1.80753393,
    0,
    103199.4205258903,
    "BTC-SWAP",
    0.43,
    -44518,
    0.77955417,
    57399.7,
    0.00397623,
    -257999,
    154799,
    1.80355769
  ],
  "time": 1616425451414
}