{
  "code": 200,
  "result": [
    -0.43078709956492306,
    1.8035577,
    0,
    0.00262851,
    1.8061862100000001,
    0,
    103341.0704381847,
    "BTC-SWAP",
    0.43,
    -44518,
    0.77820644,
    57399.7,
    0.00262851,
    -258353,
    155011,
    1.80355769
  ],
  "time": 1616427130348
}