{
  "code": 200,
  "result": [
    -0.42878638440670785,
    1.80312123,
    0,
    -0.00579516,
    1.79732607,
    0,
    103823.259363978,
    "BTC-SWAP",
    0.42,
    -44518,
    0.76978276,
    57399.7,
    -0.00579516,
    -259559,
    155734,
    1.80312122
  ],
  "time": 1616412730564
}