{
  "code": 200,
  "result": [
    -0.4737588282394862,
    1.80319927,
    0,
    0.0404441,
    1.84364337,
    0,
    100487.83719115109,
    "BTC-SWAP",
    0.47,
    -47607,
    0.87337229,
    57156.1,
    0.0404441,
    -251220,
    150731,
    1.80319927
  ],
  "time": 1616475430805
}