{
  "code": 200,
  "result": [
    -0.47235221583464715,
    1.80341185,
    0,
    0.03590939,
    1.83932124,
    0,
    100787.078802792,
    "BTC-SWAP",
    0.47,
    -47607,
    0.86883758,
    57156.1,
    0.03590939,
    -251968,
    151180,
    1.80341185
  ],
  "time": 1616462589849
}