{
  "code": 200,
  "result": [
    -0.4314270711520101,
    1.8035577,
    0,
    0.00422749,
    1.8077851900000002,
    0,
    103187.77605013667,
    "BTC-SWAP",
    0.43,
    -44518,
    0.77980542,
    57399.7,
    0.00422749,
    -257970,
    154781,
    1.80355769
  ],
  "time": 1616423950728
}