{
  "code": 200,
  "result": [
    -0.4290679008308578,
    1.8035577,
    0,
    -0.00390173,
    1.79965597,
    0,
    103755.13971983045,
    "BTC-SWAP",
    0.42,
    -44518,
    0.7716762,
    57399.7,
    -0.00390173,
    -259388,
    155632,
    1.80355769
  ],
  "time": 1616414590398
}