{
  "code": 200,
  "result": [
    -0.4281815677944691,
    1.80312123,
    0,
    -0.00749119,
    1.7956300399999998,
    0,
    103969.91217839865,
    "BTC-SWAP",
    0.42,
    -44518,
    0.76808673,
    57399.7,
    -0.00749119,
    -259925,
    155954,
    1.80312122
  ],
  "time": 1616407871834
}