{
  "code": 200,
  "result": [
    -0.43076652300892987,
    1.8035577,
    0,
    0.00240819,
    1.80596589,
    0,
    103346.00676264049,
    "BTC-SWAP",
    0.43,
    -44518,
    0.77798612,
    57399.7,
    0.00240819,
    -258366,
    155019,
    1.80355769
  ],
  "time": 1616427071331
}