{
  "code": 200,
  "result": [
    -0.47394816723304695,
    1.80341185,
    0,
    0.04089135,
    1.8443032000000001,
    0,
    100447.69299970934,
    "BTC-SWAP",
    0.47,
    -47607,
    0.87381955,
    57156.1,
    0.04089135,
    -251120,
    150671,
    1.80341185
  ],
  "time": 1616470391324
}