{
  "code": 200,
  "result": [
    -0.44192050623609247,
    1.80345486,
    0,
    0.03762533,
    1.84108019,
    0,
    100737.57468094639,
    "BTC-SWAP",
    0.44,
    -44518,
    0.81320327,
    57399.7,
    0.03762533,
    -251844,
    151106,
    1.80345485
  ],
  "time": 1616448972319
}