{
  "code": 200,
  "result": [
    -0.43133180747349453,
    1.8035577,
    0,
    0.00454862,
    1.80810632,
    0,
    103210.56603908267,
    "BTC-SWAP",
    0.43,
    -44518,
    0.78012655,
    57399.7,
    0.00454862,
    -258027,
    154815,
    1.80355769
  ],
  "time": 1616425511949
}