{
  "code": 200,
  "result": [
    -0.4730404040643022,
    1.80341185,
    0,
    0.03891344,
    1.84232529,
    0,
    100640.4518323737,
    "BTC-SWAP",
    0.47,
    -47607,
    0.87184164,
    57156.1,
    0.03891344,
    -251602,
    150960,
    1.80341185
  ],
  "time": 1616468470817
}