{
  "code": 200,
  "result": [
    -0.4408893268167813,
    1.80345486,
    0,
    0.0356515,
    1.83910636,
    0,
    100973.18599526946,
    "BTC-SWAP",
    0.44,
    -44518,
    0.81122943,
    57399.7,
    0.0356515,
    -252433,
    151459,
    1.80345485
  ],
  "time": 1616447589501
}