{
  "code": 200,
  "result": [
    -0.4370014864581583,
    1.8035577,
    0,
    0.02295121,
    1.82650891,
    0,
    101871.5070303599,
    "BTC-SWAP",
    0.43,
    -44518,
    0.79852914,
    57399.7,
    0.02295121,
    -254679,
    152807,
    1.80355769
  ],
  "time": 1616443149381
}