{
  "code": 200,
  "result": [
    -0.43147258433684227,
    1.8035577,
    0,
    0.00445977,
    1.80801747,
    0,
    103176.8914551606,
    "BTC-SWAP",
    0.43,
    -44518,
    0.7800377,
    57399.7,
    0.00445977,
    -257943,
    154765,
    1.80355769
  ],
  "time": 1616429530393
}