{
  "code": 200,
  "result": [
    -0.431034980907761,
    1.8035577,
    0,
    0.00317575,
    1.80673345,
    0,
    103281.64063678766,
    "BTC-SWAP",
    0.43,
    -44518,
    0.77875369,
    57399.7,
    0.00317575,
    -258205,
    154922,
    1.80355769
  ],
  "time": 1616429652028
}