{
  "code": 200,
  "result": [
    -0.43080894306456563,
    1.80312123,
    0,
    0.00086405,
    1.8039852799999998,
    0,
    103335.83068940158,
    "BTC-SWAP",
    0.43,
    -44518,
    0.77644198,
    57399.7,
    0.00086405,
    -258340,
    155003,
    1.80312122
  ],
  "time": 1616405531068
}