{
  "code": 200,
  "result": [
    -0.42704781369687,
    1.80312123,
    0,
    -0.0103588,
    1.79276243,
    0,
    104245.93821149983,
    "BTC-SWAP",
    0.42,
    -44518,
    0.76521912,
    57399.7,
    -0.0103588,
    -260615,
    156368,
    1.80312122
  ],
  "time": 1616409012023
}