{
  "code": 200,
  "result": [
    -0.4308977756519048,
    1.80312123,
    0,
    0.0013139,
    1.8044351299999999,
    0,
    103314.52728584816,
    "BTC-SWAP",
    0.43,
    -44518,
    0.77689183,
    57399.7,
    0.0013139,
    -258287,
    154971,
    1.80312122
  ],
  "time": 1616405590132
}