{
  "code": 200,
  "result": [
    -0.4377772421711951,
    1.80345486,
    0,
    0.02555219,
    1.82900705,
    0,
    101690.98735971066,
    "BTC-SWAP",
    0.43,
    -44518,
    0.80113012,
    57399.7,
    0.02555219,
    -254228,
    152536,
    1.80345485
  ],
  "time": 1616445610794
}