{
  "code": 200,
  "result": [
    -0.431708091642794,
    1.8035577,
    0,
    0.00541494,
    1.8089726400000001,
    0,
    103120.60594137601,
    "BTC-SWAP",
    0.43,
    -44518,
    0.78099288,
    57399.7,
    0.00541494,
    -257802,
    154680,
    1.80355769
  ],
  "time": 1616429350074
}