{
  "code": 200,
  "result": [
    -0.4323997668238176,
    1.8035577,
    0,
    0.00721531,
    1.8107730100000001,
    0,
    102955.65218965294,
    "BTC-SWAP",
    0.43,
    -44518,
    0.78279324,
    57399.7,
    0.00721531,
    -257390,
    154433,
    1.80355769
  ],
  "time": 1616430311167
}