{
  "code": 200,
  "result": [
    -0.47342609095778454,
    1.80319927,
    0,
    0.03943425,
    1.84263352,
    0,
    100558.4628926696,
    "BTC-SWAP",
    0.47,
    -47607,
    0.87236245,
    57156.1,
    0.03943425,
    -251397,
    150837,
    1.80319927
  ],
  "time": 1616472792396
}