{
  "code": 200,
  "result": [
    -0.47341163967162175,
    1.80341185,
    0,
    0.03909549,
    1.84250734,
    0,
    100561.53252383533,
    "BTC-SWAP",
    0.47,
    -47607,
    0.87202369,
    57156.1,
    0.03909549,
    -251404,
    150842,
    1.80341185
  ],
  "time": 1616459049976
}