{
  "code": 200,
  "result": [
    -0.47116867175747856,
    1.80341185,
    0,
    0.03172922,
    1.8351410700000002,
    0,
    101040.2491796068,
    "BTC-SWAP",
    0.47,
    -47607,
    0.86465742,
    57156.1,
    0.03172922,
    -252601,
    151560,
    1.80341185
  ],
  "time": 1616465110541
}