{
  "code": 200,
  "result": [
    -0.4414005394697056,
    1.80345486,
    0,
    0.03712949,
    1.84058435,
    0,
    100856.24284348066,
    "BTC-SWAP",
    0.44,
    -44518,
    0.81270743,
    57399.7,
    0.03712949,
    -252141,
    151284,
    1.80345485
  ],
  "time": 1616454311075
}