{
  "code": 200,
  "result": [
    -0.43178715491160125,
    1.8035577,
    0,
    0.00465527,
    1.80821297,
    0,
    103101.72383222947,
    "BTC-SWAP",
    0.43,
    -44518,
    0.7802332,
    57399.7,
    0.00465527,
    -257755,
    154652,
    1.80355769
  ],
  "time": 1616425751013
}