{
  "code": 200,
  "result": [
    -0.4311127567115712,
    1.80312123,
    0,
    0.00233614,
    1.8054573699999998,
    0,
    103263.0078951341,
    "BTC-SWAP",
    0.43,
    -44518,
    0.77791407,
    57399.7,
    0.00233614,
    -258158,
    154894,
    1.80312122
  ],
  "time": 1616406851421
}