{
  "code": 200,
  "result": [
    -0.42871111808058926,
    1.80312123,
    0,
    -0.00607059,
    1.79705064,
    0,
    103841.4870118472,
    "BTC-SWAP",
    0.42,
    -44518,
    0.76950733,
    57399.7,
    -0.00607059,
    -259604,
    155762,
    1.80312122
  ],
  "time": 1616413690028
}