{
  "code": 200,
  "result": [
    -0.4317663606681071,
    1.8035577,
    0,
    0.00601552,
    1.80957322,
    0,
    103106.68930093046,
    "BTC-SWAP",
    0.43,
    -44518,
    0.78159345,
    57399.7,
    0.00601552,
    -257767,
    154660,
    1.80355769
  ],
  "time": 1616423830243
}