{
  "code": 200,
  "result": [
    -0.47345792663159736,
    1.80341185,
    0,
    0.03924566,
    1.84265751,
    0,
    100551.7012645635,
    "BTC-SWAP",
    0.47,
    -47607,
    0.87217386,
    57156.1,
    0.03924566,
    -251380,
    150827,
    1.80341185
  ],
  "time": 1616471589732
}