{
  "code": 200,
  "result": [
    -0.44245293928142254,
    1.80345486,
    0,
    0.04111774,
    1.8445726,
    0,
    100616.35045819933,
    "BTC-SWAP",
    0.44,
    -44518,
    0.81669568,
    57399.7,
    0.04111774,
    -251541,
    150924,
    1.80345485
  ],
  "time": 1616451610554
}