{
  "code": 200,
  "result": [
    -0.42958501772504554,
    1.80312123,
    0,
    -0.00262218,
    1.80049905,
    0,
    103630.24352142001,
    "BTC-SWAP",
    0.42,
    -44518,
    0.77295575,
    57399.7,
    -0.00262218,
    -259076,
    155445,
    1.80312122
  ],
  "time": 1616400072137
}