{
  "code": 200,
  "result": [
    -0.47341231895712516,
    1.80341185,
    0,
    0.03971568,
    1.84312753,
    0,
    100561.38823103071,
    "BTC-SWAP",
    0.47,
    -47607,
    0.87264388,
    57156.1,
    0.03971568,
    -251404,
    150842,
    1.80341185
  ],
  "time": 1616469130383
}