{
  "code": 200,
  "result": [
    -0.4372705074019138,
    1.8035577,
    0,
    0.02225284,
    1.82581054,
    0,
    101808.83285385086,
    "BTC-SWAP",
    0.43,
    -44518,
    0.79783077,
    57399.7,
    0.02225284,
    -254523,
    152713,
    1.80355769
  ],
  "time": 1616440572294
}