{
  "code": 200,
  "result": [
    -0.4314642684312374,
    1.8035577,
    0,
    0.004483,
    1.8080407,
    0,
    103178.880053876,
    "BTC-SWAP",
    0.43,
    -44518,
    0.78006094,
    57399.7,
    0.004483,
    -257948,
    154768,
    1.80355769
  ],
  "time": 1616436372350
}