{
  "code": 200,
  "result": [
    -0.4311123353611153,
    1.8035577,
    0,
    0.00254689,
    1.8061045900000001,
    0,
    103263.1088199091,
    "BTC-SWAP",
    0.43,
    -44518,
    0.77812483,
    57399.7,
    0.00254689,
    -258158,
    154894,
    1.80355769
  ],
  "time": 1616424371191
}