{
  "code": 200,
  "result": [
    -0.42960136222187156,
    1.80312123,
    0,
    -0.00235904,
    1.80076219,
    0,
    103626.300833302,
    "BTC-SWAP",
    0.42,
    -44518,
    0.77321888,
    57399.7,
    -0.00235904,
    -259066,
    155439,
    1.80312122
  ],
  "time": 1616400191291
}