{
  "code": 200,
  "result": [
    -0.4310754177354074,
    1.80312123,
    0,
    0.00208474,
    1.8052059699999998,
    0,
    103271.95235086449,
    "BTC-SWAP",
    0.43,
    -44518,
    0.77766267,
    57399.7,
    0.00208474,
    -258180,
    154907,
    1.80312122
  ],
  "time": 1616406910794
}