{
  "code": 200,
  "result": [
    -0.43700904850622246,
    1.8035577,
    0,
    0.02246594,
    1.82602364,
    0,
    101869.74423566453,
    "BTC-SWAP",
    0.43,
    -44518,
    0.79804388,
    57399.7,
    0.02246594,
    -254675,
    152804,
    1.80355769
  ],
  "time": 1616441471068
}