{
  "code": 200,
  "result": [
    -0.4371193524738288,
    1.80345486,
    0,
    0.02254463,
    1.82599949,
    0,
    101844.03812838595,
    "BTC-SWAP",
    0.43,
    -44518,
    0.79812257,
    57399.7,
    0.02254463,
    -254611,
    152766,
    1.80345485
  ],
  "time": 1616444710004
}