{
  "code": 200,
  "result": [
    -0.44320449338562184,
    1.80345486,
    0,
    0.04254207,
    1.84599693,
    0,
    100445.7325329189,
    "BTC-SWAP",
    0.44,
    -44518,
    0.81812,
    57399.7,
    0.04254207,
    -251115,
    150668,
    1.80345485
  ],
  "time": 1616455271501
}