{
  "code": 200,
  "result": [
    -0.4428826194457782,
    1.80345486,
    0,
    0.04133955,
    1.84479441,
    0,
    100518.73350936569,
    "BTC-SWAP",
    0.44,
    -44518,
    0.81691748,
    57399.7,
    0.04133955,
    -251297,
    150778,
    1.80345485
  ],
  "time": 1616456649564
}