{
  "code": 200,
  "result": [
    -0.43609086320778273,
    1.8035577,
    0,
    0.01970588,
    1.82326358,
    0,
    102084.23004448194,
    "BTC-SWAP",
    0.43,
    -44518,
    0.79528381,
    57399.7,
    0.01970588,
    -255211,
    153126,
    1.80355769
  ],
  "time": 1616440871786
}