{
  "code": 200,
  "result": [
    -0.4362236314199137,
    1.8035577,
    0,
    0.01994606,
    1.8235037600000001,
    0,
    102053.15987832507,
    "BTC-SWAP",
    0.43,
    -44518,
    0.79552399,
    57399.7,
    0.01994606,
    -255133,
    153079,
    1.80355769
  ],
  "time": 1616440930094
}