{
  "code": 200,
  "result": [
    -0.44176843103540187,
    1.80345486,
    0,
    0.03886461,
    1.84231947,
    0,
    100772.2527742877,
    "BTC-SWAP",
    0.44,
    -44518,
    0.81444255,
    57399.7,
    0.03886461,
    -251931,
    151158,
    1.80345485
  ],
  "time": 1616454129189
}