{
  "code": 200,
  "result": [
    -0.4414547394830736,
    1.80345486,
    0,
    0.03645055,
    1.83990541,
    0,
    100843.86012511465,
    "BTC-SWAP",
    0.44,
    -44518,
    0.81202848,
    57399.7,
    0.03645055,
    -252110,
    151265,
    1.80345485
  ],
  "time": 1616449815506
}