{
  "code": 200,
  "result": [
    -0.4729632067918605,
    1.80341185,
    0,
    0.03797244,
    1.8413842900000001,
    0,
    100656.878413273,
    "BTC-SWAP",
    0.47,
    -47607,
    0.87090064,
    57156.1,
    0.03797244,
    -251643,
    150985,
    1.80341185
  ],
  "time": 1616469549801
}