{
  "code": 200,
  "result": [
    -0.471652387500946,
    1.80341185,
    0,
    0.03253088,
    1.83594273,
    0,
    100936.6246447857,
    "BTC-SWAP",
    0.47,
    -47607,
    0.86545908,
    57156.1,
    0.03253088,
    -252342,
    151404,
    1.80341185
  ],
  "time": 1616465471455
}