{
  "code": 200,
  "result": [
    -0.4706083904583791,
    1.80341185,
    0,
    0.03023832,
    1.83365017,
    0,
    101160.54232188704,
    "BTC-SWAP",
    0.47,
    -47607,
    0.86316652,
    57156.1,
    0.03023832,
    -252902,
    151740,
    1.80341185
  ],
  "time": 1616463789734
}