{
  "code": 200,
  "result": [
    -0.43113654299510606,
    1.8035577,
    0,
    0.00300823,
    1.80656593,
    0,
    103257.3107599124,
    "BTC-SWAP",
    0.43,
    -44518,
    0.77858616,
    57399.7,
    0.00300823,
    -258144,
    154885,
    1.80355769
  ],
  "time": 1616418430322
}