{
  "code": 200,
  "result": [
    -0.43070045135434926,
    1.8035577,
    0,
    0.00169099,
    1.80524869,
    0,
    103361.860569247,
    "BTC-SWAP",
    0.43,
    -44518,
    0.77726892,
    57399.7,
    0.00169099,
    -258405,
    155042,
    1.80355769
  ],
  "time": 1616422331152
}