{
  "code": 200,
  "result": [
    -0.43652323024801903,
    1.8035577,
    0,
    0.02100512,
    1.8245628200000001,
    0,
    101983.11777063101,
    "BTC-SWAP",
    0.43,
    -44518,
    0.79658305,
    57399.7,
    0.02100512,
    -254958,
    152974,
    1.80355769
  ],
  "time": 1616440810867
}