{
  "code": 200,
  "result": [
    -0.4429731582975299,
    1.80345486,
    0,
    0.04169948,
    1.84515434,
    0,
    100498.18858346893,
    "BTC-SWAP",
    0.44,
    -44518,
    0.81727741,
    57399.7,
    0.04169948,
    -251246,
    150747,
    1.80345485
  ],
  "time": 1616455451785
}