{
  "code": 200,
  "result": [
    -0.471596593210538,
    1.80341185,
    0,
    0.03340181,
    1.83681366,
    0,
    100948.5663920954,
    "BTC-SWAP",
    0.47,
    -47607,
    0.86633001,
    57156.1,
    0.03340181,
    -252372,
    151422,
    1.80341185
  ],
  "time": 1616465650502
}