{
  "code": 200,
  "result": [
    -0.43192032992983637,
    1.8035577,
    0,
    0.00616237,
    1.80972007,
    0,
    103069.93423354664,
    "BTC-SWAP",
    0.43,
    -44518,
    0.78174031,
    57399.7,
    0.00616237,
    -257675,
    154604,
    1.80355769
  ],
  "time": 1616436789588
}