{
  "code": 200,
  "result": [
    -0.4318375085265279,
    1.8035577,
    0,
    0.00523824,
    1.80879594,
    0,
    103089.701846187,
    "BTC-SWAP",
    0.43,
    -44518,
    0.78081617,
    57399.7,
    0.00523824,
    -257725,
    154634,
    1.80355769
  ],
  "time": 1616423889766
}