{
  "code": 200,
  "result": [
    -0.4431760892419544,
    1.80345486,
    0,
    0.04224599,
    1.84570085,
    0,
    100452.17032387132,
    "BTC-SWAP",
    0.44,
    -44518,
    0.81782392,
    57399.7,
    0.04224599,
    -251131,
    150678,
    1.80345485
  ],
  "time": 1616446090684
}