{
  "code": 200,
  "result": [
    -0.4730924167258041,
    1.80341185,
    0,
    0.0387155,
    1.84212735,
    0,
    100629.387233641,
    "BTC-SWAP",
    0.47,
    -47607,
    0.8716437,
    57156.1,
    0.0387155,
    -251574,
    150944,
    1.80341185
  ],
  "time": 1616461389770
}