{
  "code": 200,
  "result": [
    -0.47295377326064064,
    1.80341185,
    0,
    0.03685546,
    1.84026731,
    0,
    100658.8861143607,
    "BTC-SWAP",
    0.47,
    -47607,
    0.86978366,
    57156.1,
    0.03685546,
    -251648,
    150988,
    1.80341185
  ],
  "time": 1616461931438
}