{
  "code": 200,
  "result": [
    -0.4727078641146049,
    1.80341185,
    0,
    0.03686817,
    1.84028002,
    0,
    100711.25025425428,
    "BTC-SWAP",
    0.47,
    -47607,
    0.86979637,
    57156.1,
    0.03686817,
    -251779,
    151066,
    1.80341185
  ],
  "time": 1616471771409
}