{
  "code": 200,
  "result": [
    -0.42893625755760856,
    1.80312123,
    0,
    -0.00516238,
    1.7979588499999999,
    0,
    103786.98283397267,
    "BTC-SWAP",
    0.42,
    -44518,
    0.77041554,
    57399.7,
    -0.00516238,
    -259468,
    155680,
    1.80312122
  ],
  "time": 1616414290978
}