{
  "code": 200,
  "result": [
    -0.4418745197247516,
    1.80345486,
    0,
    0.03684325,
    1.84029811,
    0,
    100748.0585839861,
    "BTC-SWAP",
    0.44,
    -44518,
    0.81242118,
    57399.7,
    0.03684325,
    -251871,
    151122,
    1.80345485
  ],
  "time": 1616449990047
}