{
  "code": 200,
  "result": [
    -0.4313190889775794,
    1.8035577,
    0,
    0.00378653,
    1.80734423,
    0,
    103213.60945449393,
    "BTC-SWAP",
    0.43,
    -44518,
    0.77936447,
    57399.7,
    0.00378653,
    -258035,
    154820,
    1.80355769
  ],
  "time": 1616424912920
}