{
  "code": 200,
  "result": [
    -0.4320402051141801,
    1.8035577,
    0,
    0.00618846,
    1.80974616,
    0,
    103041.336137304,
    "BTC-SWAP",
    0.43,
    -44518,
    0.78176639,
    57399.7,
    0.00618846,
    -257604,
    154562,
    1.80355769
  ],
  "time": 1616423351776
}