{
  "code": 200,
  "result": [
    -0.43113583484076384,
    1.80312123,
    0,
    0.00232662,
    1.80544785,
    0,
    103257.4803633345,
    "BTC-SWAP",
    0.43,
    -44518,
    0.77790456,
    57399.7,
    0.00232662,
    -258144,
    154886,
    1.80312122
  ],
  "time": 1616406011490
}