{
  "code": 200,
  "result": [
    -0.47197891170227363,
    1.80341185,
    0,
    0.03438825,
    1.8378001,
    0,
    100866.79472245299,
    "BTC-SWAP",
    0.47,
    -47607,
    0.86731645,
    57156.1,
    0.03438825,
    -252167,
    151300,
    1.80341185
  ],
  "time": 1616463011111
}