{
  "code": 200,
  "result": [
    -0.4296805825164508,
    1.80312123,
    0,
    -0.00225428,
    1.8008669499999999,
    0,
    103607.19523157782,
    "BTC-SWAP",
    0.42,
    -44518,
    0.77332365,
    57399.7,
    -0.00225428,
    -259018,
    155410,
    1.80312122
  ],
  "time": 1616400791350
}