{
  "code": 200,
  "result": [
    -0.47345028624732227,
    1.80341185,
    0,
    0.03912424,
    1.84253609,
    0,
    100553.32393469274,
    "BTC-SWAP",
    0.47,
    -47607,
    0.87205244,
    57156.1,
    0.03912424,
    -251384,
    150829,
    1.80341185
  ],
  "time": 1616471172480
}