{
  "code": 200,
  "result": [
    -0.43081670884608797,
    1.8035577,
    0,
    0.00186202,
    1.80541972,
    0,
    103333.96798661386,
    "BTC-SWAP",
    0.43,
    -44518,
    0.77743995,
    57399.7,
    0.00186202,
    -258335,
    155000,
    1.80355769
  ],
  "time": 1616419511622
}