{
  "code": 200,
  "result": [
    -0.4372962490682353,
    1.80345486,
    0,
    0.02337827,
    1.82683313,
    0,
    101802.83982507577,
    "BTC-SWAP",
    0.43,
    -44518,
    0.79895621,
    57399.7,
    0.02337827,
    -254508,
    152704,
    1.80345485
  ],
  "time": 1616443871598
}