{
  "code": 200,
  "result": [
    -0.42788417104665616,
    1.80312123,
    0,
    -0.00869392,
    1.7944273099999999,
    0,
    104042.17545861445,
    "BTC-SWAP",
    0.42,
    -44518,
    0.766884,
    57399.7,
    -0.00869392,
    -260106,
    156063,
    1.80312122
  ],
  "time": 1616410030611
}