{
  "code": 200,
  "result": [
    -0.4292215742760249,
    1.80312123,
    0,
    -0.0038723,
    1.7992489299999999,
    0,
    103717.9924496788,
    "BTC-SWAP",
    0.42,
    -44518,
    0.77170562,
    57399.7,
    -0.0038723,
    -259295,
    155576,
    1.80312122
  ],
  "time": 1616399890865
}