{
  "code": 200,
  "result": [
    -0.435600834215377,
    1.8035577,
    0,
    0.01770911,
    1.82126681,
    0,
    102199.06966015743,
    "BTC-SWAP",
    0.43,
    -44518,
    0.79328705,
    57399.7,
    0.01770911,
    -255498,
    153298,
    1.80355769
  ],
  "time": 1616440030049
}