{
  "code": 200,
  "result": [
    -0.43175470667492916,
    1.8035577,
    0,
    0.00596475,
    1.80952245,
    0,
    103109.47237343699,
    "BTC-SWAP",
    0.43,
    -44518,
    0.78154268,
    57399.7,
    0.00596475,
    -257774,
    154664,
    1.80355769
  ],
  "time": 1616429290990
}