{
  "code": 200,
  "result": [
    -0.4744666449235416,
    1.80319927,
    0,
    0.04327317,
    1.8464724399999999,
    0,
    100337.92788041334,
    "BTC-SWAP",
    0.47,
    -47607,
    0.87620137,
    57156.1,
    0.04327317,
    -250845,
    150506,
    1.80319927
  ],
  "time": 1616473630832
}