{
  "code": 200,
  "result": [
    -0.4310234277998174,
    1.8035577,
    0,
    0.00195028,
    1.80550798,
    0,
    103284.4089873364,
    "BTC-SWAP",
    0.43,
    -44518,
    0.77752821,
    57399.7,
    0.00195028,
    -258212,
    154926,
    1.80355769
  ],
  "time": 1616417112838
}