{
  "code": 200,
  "result": [
    -0.43048448447649346,
    1.8035577,
    0,
    0.00036602,
    1.80392372,
    0,
    103413.715488812,
    "BTC-SWAP",
    0.43,
    -44518,
    0.77594395,
    57399.7,
    0.00036602,
    -258535,
    155120,
    1.80355769
  ],
  "time": 1616418911262
}