{
  "code": 200,
  "result": [
    -0.4362886351310125,
    1.8035577,
    0,
    0.02046527,
    1.8240229700000001,
    0,
    102037.95472836864,
    "BTC-SWAP",
    0.43,
    -44518,
    0.7960432,
    57399.7,
    0.02046527,
    -255095,
    153056,
    1.80355769
  ],
  "time": 1616440749934
}