{
  "code": 200,
  "result": [
    -0.4278185505261212,
    1.80312123,
    0,
    -0.0095622,
    1.79355903,
    0,
    104058.1338636504,
    "BTC-SWAP",
    0.42,
    -44518,
    0.76601573,
    57399.7,
    -0.0095622,
    -260146,
    156087,
    1.80312122
  ],
  "time": 1616409790527
}