{
  "code": 200,
  "result": [
    -0.43196515743438146,
    1.8035577,
    0,
    0.00649334,
    1.81005104,
    0,
    103059.238074688,
    "BTC-SWAP",
    0.43,
    -44518,
    0.78207128,
    57399.7,
    0.00649334,
    -257649,
    154588,
    1.80355769
  ],
  "time": 1616436851714
}