{
  "code": 200,
  "result": [
    -0.43193465875120673,
    1.8035577,
    0,
    0.00602375,
    1.80958145,
    0,
    103066.51503426183,
    "BTC-SWAP",
    0.43,
    -44518,
    0.78160168,
    57399.7,
    0.00602375,
    -257667,
    154599,
    1.80355769
  ],
  "time": 1616425214084
}