{
  "code": 200,
  "result": [
    -0.4312780684109495,
    1.80312123,
    0,
    0.00267884,
    1.8058000699999999,
    0,
    103223.42651001763,
    "BTC-SWAP",
    0.43,
    -44518,
    0.77825678,
    57399.7,
    0.00267884,
    -258059,
    154835,
    1.80312122
  ],
  "time": 1616403310987
}