{
  "code": 200,
  "result": [
    -0.43208424267137424,
    1.8035577,
    0,
    0.00671186,
    1.81026956,
    0,
    103030.83427612654,
    "BTC-SWAP",
    0.43,
    -44518,
    0.78228979,
    57399.7,
    0.00671186,
    -257578,
    154546,
    1.80355769
  ],
  "time": 1616425990081
}