{
  "code": 200,
  "result": [
    -0.4367223055138208,
    1.8035577,
    0,
    0.02030872,
    1.82386642,
    0,
    101936.62983992274,
    "BTC-SWAP",
    0.43,
    -44518,
    0.79588666,
    57399.7,
    0.02030872,
    -254842,
    152904,
    1.80355769
  ],
  "time": 1616442971175
}