{
  "code": 200,
  "result": [
    -0.4295788591899354,
    1.80312123,
    0,
    -0.00258594,
    1.80053529,
    0,
    103631.729186926,
    "BTC-SWAP",
    0.42,
    -44518,
    0.77299198,
    57399.7,
    -0.00258594,
    -259080,
    155447,
    1.80312122
  ],
  "time": 1616401330799
}