{
  "code": 200,
  "result": [
    -0.4727154055564943,
    1.80341185,
    0,
    0.03733404,
    1.84074589,
    0,
    100709.64356229444,
    "BTC-SWAP",
    0.47,
    -47607,
    0.87026224,
    57156.1,
    0.03733404,
    -251775,
    151064,
    1.80341185
  ],
  "time": 1616458570716
}