{
  "code": 200,
  "result": [
    -0.4419561709601403,
    1.80345486,
    0,
    0.03907774,
    1.8425326,
    0,
    100729.44541827666,
    "BTC-SWAP",
    0.44,
    -44518,
    0.81465567,
    57399.7,
    0.03907774,
    -251824,
    151094,
    1.80345485
  ],
  "time": 1616446689894
}