{
  "code": 200,
  "result": [
    -0.4316537482260506,
    1.8035577,
    0,
    0.0051862,
    1.8087439,
    0,
    103133.58839800133,
    "BTC-SWAP",
    0.43,
    -44518,
    0.78076413,
    57399.7,
    0.0051862,
    -257834,
    154700,
    1.80355769
  ],
  "time": 1616437090193
}