{
  "code": 200,
  "result": [
    -0.43924890866051197,
    1.80345486,
    0,
    0.0278409,
    1.83129576,
    0,
    101350.2802676448,
    "BTC-SWAP",
    0.43,
    -44518,
    0.80341883,
    57399.7,
    0.0278409,
    -253376,
    152025,
    1.80345485
  ],
  "time": 1616445730753
}