{
  "code": 200,
  "result": [
    -0.4717906890240107,
    1.80341185,
    0,
    0.03538802,
    1.8387998700000001,
    0,
    100907.0359113788,
    "BTC-SWAP",
    0.47,
    -47607,
    0.86831622,
    57156.1,
    0.03538802,
    -252268,
    151360,
    1.80341185
  ],
  "time": 1616466010720
}