{
  "code": 200,
  "result": [
    -0.43045912983146867,
    1.80312123,
    0,
    -0.00015837,
    1.8029628599999998,
    0,
    103419.80670134579,
    "BTC-SWAP",
    0.43,
    -44518,
    0.77541955,
    57399.7,
    -0.00015837,
    -258550,
    155129,
    1.80312122
  ],
  "time": 1616403071320
}