{
  "code": 200,
  "result": [
    -0.43716226135063224,
    1.80345486,
    0,
    0.02209559,
    1.82555045,
    0,
    101834.0418096925,
    "BTC-SWAP",
    0.43,
    -44518,
    0.79767352,
    57399.7,
    0.02209559,
    -254586,
    152751,
    1.80345485
  ],
  "time": 1616444771411
}