{
  "code": 200,
  "result": [
    -0.4299565615652457,
    1.80312123,
    0,
    -0.0013101,
    1.80181113,
    0,
    103540.6921990756,
    "BTC-SWAP",
    0.42,
    -44518,
    0.77426783,
    57399.7,
    -0.0013101,
    -258852,
    155311,
    1.80312122
  ],
  "time": 1616400612100
}