{
  "code": 200,
  "result": [
    -0.47303484958952796,
    1.80319927,
    0,
    0.03800112,
    1.84120039,
    0,
    100641.6335737432,
    "BTC-SWAP",
    0.47,
    -47607,
    0.87092932,
    57156.1,
    0.03800112,
    -251605,
    150962,
    1.80319927
  ],
  "time": 1616472310466
}