{
  "code": 200,
  "result": [
    -0.44233144581387973,
    1.80345486,
    0,
    0.03936705,
    1.84282191,
    0,
    100643.9863620546,
    "BTC-SWAP",
    0.44,
    -44518,
    0.81494499,
    57399.7,
    0.03936705,
    -251610,
    150965,
    1.80345485
  ],
  "time": 1616448189813
}