{
  "code": 200,
  "result": [
    -0.442086428098907,
    1.80345486,
    0,
    0.03979394,
    1.8432488,
    0,
    100699.76631365866,
    "BTC-SWAP",
    0.44,
    -44518,
    0.81537187,
    57399.7,
    0.03979394,
    -251750,
    151049,
    1.80345485
  ],
  "time": 1616448130563
}