{
  "code": 200,
  "result": [
    -0.443567137219869,
    1.80345486,
    0,
    0.04459495,
    1.84804981,
    0,
    100363.6118740085,
    "BTC-SWAP",
    0.44,
    -44518,
    0.82017288,
    57399.7,
    0.04459495,
    -250910,
    150545,
    1.80345485
  ],
  "time": 1616452211474
}