{
  "code": 200,
  "result": [
    -0.4315127535380959,
    1.8035577,
    0,
    0.00489601,
    1.80845371,
    0,
    103167.28679508137,
    "BTC-SWAP",
    0.43,
    -44518,
    0.78047395,
    57399.7,
    0.00489601,
    -257919,
    154750,
    1.80355769
  ],
  "time": 1616437690204
}