{
  "code": 200,
  "result": [
    -0.4279543479914731,
    1.80312123,
    0,
    -0.00861729,
    1.7945039399999998,
    0,
    104025.1143817962,
    "BTC-SWAP",
    0.42,
    -44518,
    0.76696063,
    57399.7,
    -0.00861729,
    -260063,
    156037,
    1.80312122
  ],
  "time": 1616409671316
}