{
  "code": 200,
  "result": [
    -0.43018987792231067,
    1.8035577,
    0,
    -0.00056065,
    1.80299705,
    0,
    103484.53621226217,
    "BTC-SWAP",
    0.42,
    -44518,
    0.77501727,
    57399.7,
    -0.00056065,
    -258712,
    155226,
    1.80355769
  ],
  "time": 1616416150105
}