{
  "code": 200,
  "result": [
    -0.47207355990445105,
    1.80341185,
    0,
    0.03472968,
    1.8381415300000001,
    0,
    100846.57147423335,
    "BTC-SWAP",
    0.47,
    -47607,
    0.86765788,
    57156.1,
    0.03472968,
    -252117,
    151269,
    1.80341185
  ],
  "time": 1616463551164
}