{
  "code": 200,
  "result": [
    -0.4292762833755051,
    1.8035577,
    0,
    -0.00358592,
    1.7999717800000001,
    0,
    103704.77411410667,
    "BTC-SWAP",
    0.42,
    -44518,
    0.771992,
    57399.7,
    -0.00358592,
    -259262,
    155557,
    1.80355769
  ],
  "time": 1616414711405
}