{
  "code": 200,
  "result": [
    -0.474045887049669,
    1.80341185,
    0,
    0.04113681,
    1.84454866,
    0,
    100426.9867128114,
    "BTC-SWAP",
    0.47,
    -47607,
    0.87406501,
    57156.1,
    0.04113681,
    -251068,
    150640,
    1.80341185
  ],
  "time": 1616470571305
}