{
  "code": 200,
  "result": [
    -0.43409689922782124,
    1.8035577,
    0,
    0.01328114,
    1.81683884,
    0,
    102553.13981553279,
    "BTC-SWAP",
    0.43,
    -44518,
    0.78885907,
    57399.7,
    0.01328114,
    -256383,
    153829,
    1.80355769
  ],
  "time": 1616431331455
}