{
  "code": 200,
  "result": [
    -0.4304326484738616,
    1.8035577,
    0,
    0.00022404,
    1.80378174,
    0,
    103426.169362019,
    "BTC-SWAP",
    0.43,
    -44518,
    0.77580197,
    57399.7,
    0.00022404,
    -258566,
    155139,
    1.80355769
  ],
  "time": 1616417891767
}