{
  "code": 200,
  "result": [
    -0.4365331866930326,
    1.8035577,
    0,
    0.02150716,
    1.8250648600000001,
    0,
    101980.79174059401,
    "BTC-SWAP",
    0.43,
    -44518,
    0.7970851,
    57399.7,
    0.02150716,
    -254952,
    152971,
    1.80355769
  ],
  "time": 1616440511000
}