{
  "code": 200,
  "result": [
    -0.436755241909238,
    1.8035577,
    0,
    0.02171558,
    1.82527328,
    0,
    101928.94263934507,
    "BTC-SWAP",
    0.43,
    -44518,
    0.79729352,
    57399.7,
    0.02171558,
    -254823,
    152893,
    1.80355769
  ],
  "time": 1616441170977
}