{
  "code": 200,
  "result": [
    -0.43164247344116735,
    1.8035577,
    0,
    0.00290612,
    1.80646382,
    0,
    103136.28231506226,
    "BTC-SWAP",
    0.43,
    -44518,
    0.77848405,
    57399.7,
    0.00290612,
    -257841,
    154704,
    1.80355769
  ],
  "time": 1616418672437
}