{
  "code": 200,
  "result": [
    -0.4434063079123339,
    1.80345486,
    0,
    0.04329149,
    1.84674635,
    0,
    100400.01507782267,
    "BTC-SWAP",
    0.44,
    -44518,
    0.81886942,
    57399.7,
    0.04329149,
    -251001,
    150600,
    1.80345485
  ],
  "time": 1616452389963
}