{
  "code": 200,
  "result": [
    -0.47532644777439637,
    1.80319927,
    0,
    0.04684028,
    1.85003955,
    0,
    100156.42980294599,
    "BTC-SWAP",
    0.47,
    -47607,
    0.87976848,
    57156.1,
    0.04684028,
    -250392,
    150234,
    1.80319927
  ],
  "time": 1616474231217
}