{
  "code": 200,
  "result": [
    -0.431608978557884,
    1.8035577,
    0,
    0.00538069,
    1.80893839,
    0,
    103144.28617482896,
    "BTC-SWAP",
    0.43,
    -44518,
    0.78095862,
    57399.7,
    0.00538069,
    -257861,
    154716,
    1.80355769
  ],
  "time": 1616421251894
}