{
  "code": 200,
  "result": [
    -0.47478725371812003,
    1.80319927,
    0,
    0.04367491,
    1.84687418,
    0,
    100270.17285570213,
    "BTC-SWAP",
    0.47,
    -47607,
    0.87660311,
    57156.1,
    0.04367491,
    -250676,
    150405,
    1.80319927
  ],
  "time": 1616473572708
}