{
  "code": 200,
  "result": [
    -0.4721622030457517,
    1.80341185,
    0,
    0.03520118,
    1.83861303,
    0,
    100827.63866506901,
    "BTC-SWAP",
    0.47,
    -47607,
    0.86812938,
    57156.1,
    0.03520118,
    -252070,
    151241,
    1.80341185
  ],
  "time": 1616462349904
}