{
  "code": 200,
  "result": [
    -0.430731392346417,
    1.80312123,
    0,
    0.00028623,
    1.8034074599999999,
    0,
    103354.43571337439,
    "BTC-SWAP",
    0.43,
    -44518,
    0.77586417,
    57399.7,
    0.00028623,
    -258387,
    155031,
    1.80312122
  ],
  "time": 1616407031109
}