{
  "code": 200,
  "result": [
    -0.4319350630480454,
    1.8035577,
    0,
    0.00561092,
    1.8091686200000001,
    0,
    103066.41856266282,
    "BTC-SWAP",
    0.43,
    -44518,
    0.78118885,
    57399.7,
    0.00561092,
    -257667,
    154599,
    1.80355769
  ],
  "time": 1616437330447
}