{
  "code": 200,
  "result": [
    -0.47396931748176,
    1.80341185,
    0,
    0.04104374,
    1.8444555900000001,
    0,
    100443.21065536501,
    "BTC-SWAP",
    0.47,
    -47607,
    0.87397194,
    57156.1,
    0.04104374,
    -251109,
    150664,
    1.80341185
  ],
  "time": 1616471289753
}