{
  "code": 200,
  "result": [
    -0.4380811192608336,
    1.80345486,
    0,
    0.02572811,
    1.82918297,
    0,
    101620.44891392357,
    "BTC-SWAP",
    0.43,
    -44518,
    0.80130605,
    57399.7,
    0.02572811,
    -254052,
    152430,
    1.80345485
  ],
  "time": 1616445489864
}