{
  "code": 200,
  "result": [
    -0.4419685228755242,
    1.80345486,
    0,
    0.03791956,
    1.84137442,
    0,
    100726.63028208014,
    "BTC-SWAP",
    0.44,
    -44518,
    0.8134975,
    57399.7,
    0.03791956,
    -251817,
    151089,
    1.80345485
  ],
  "time": 1616454909856
}