{
  "code": 200,
  "result": [
    -0.4424522886835418,
    1.80345486,
    0,
    0.0405114,
    1.84396626,
    0,
    100616.4984081276,
    "BTC-SWAP",
    0.44,
    -44518,
    0.81608934,
    57399.7,
    0.0405114,
    -251542,
    150924,
    1.80345485
  ],
  "time": 1616454071190
}