{
  "code": 200,
  "result": [
    -0.4308151545608059,
    1.8035577,
    0,
    0.00264211,
    1.80619981,
    0,
    103334.34079259314,
    "BTC-SWAP",
    0.43,
    -44518,
    0.77822004,
    57399.7,
    0.00264211,
    -258336,
    155001,
    1.80355769
  ],
  "time": 1616427793198
}