{
  "code": 200,
  "result": [
    -0.430959947296456,
    1.8035577,
    0,
    0.00244354,
    1.80600124,
    0,
    103299.62280549521,
    "BTC-SWAP",
    0.43,
    -44518,
    0.77802147,
    57399.7,
    0.00244354,
    -258250,
    154949,
    1.80355769
  ],
  "time": 1616422750684
}