{
  "code": 200,
  "result": [
    -0.47413586337694447,
    1.80341185,
    0,
    0.04185313,
    1.84526498,
    0,
    100407.92877579013,
    "BTC-SWAP",
    0.47,
    -47607,
    0.87478133,
    57156.1,
    0.04185313,
    -251020,
    150611,
    1.80341185
  ],
  "time": 1616458149231
}