{
  "code": 200,
  "result": [
    -0.430796396974074,
    1.8035577,
    0,
    0.00290884,
    1.80646654,
    0,
    103338.84014048325,
    "BTC-SWAP",
    0.43,
    -44518,
    0.77848677,
    57399.7,
    0.00290884,
    -258348,
    155008,
    1.80355769
  ],
  "time": 1616427732543
}