{
  "code": 200,
  "result": [
    -0.43116555753767394,
    1.8035577,
    0,
    0.00341968,
    1.80697738,
    0,
    103250.36223727159,
    "BTC-SWAP",
    0.43,
    -44518,
    0.77899761,
    57399.7,
    0.00341968,
    -258126,
    154875,
    1.80355769
  ],
  "time": 1616435290612
}