{
  "code": 200,
  "result": [
    -0.4411138863202866,
    1.80345486,
    0,
    0.03608338,
    1.83953824,
    0,
    100921.78319608852,
    "BTC-SWAP",
    0.44,
    -44518,
    0.81166131,
    57399.7,
    0.03608338,
    -252305,
    151382,
    1.80345485
  ],
  "time": 1616454371513
}