{
  "code": 200,
  "result": [
    -0.44259078038170985,
    1.80345486,
    0,
    0.04089457,
    1.84434943,
    0,
    100585.01435932693,
    "BTC-SWAP",
    0.44,
    -44518,
    0.8164725,
    57399.7,
    0.04089457,
    -251463,
    150877,
    1.80345485
  ],
  "time": 1616455150072
}