{
  "code": 200,
  "result": [
    -0.4735139024249449,
    1.80341185,
    0,
    0.03961652,
    1.84302837,
    0,
    100539.8146837854,
    "BTC-SWAP",
    0.47,
    -47607,
    0.87254472,
    57156.1,
    0.03961652,
    -251350,
    150809,
    1.80341185
  ],
  "time": 1616458749677
}