{
  "code": 200,
  "result": [
    -0.44272854304420506,
    1.80345486,
    0,
    0.04172499,
    1.84517985,
    0,
    100553.715588098,
    "BTC-SWAP",
    0.44,
    -44518,
    0.81730292,
    57399.7,
    0.04172499,
    -251385,
    150830,
    1.80345485
  ],
  "time": 1616451250616
}