{
  "code": 200,
  "result": [
    -0.43096482403925596,
    1.8035577,
    0,
    0.00272374,
    1.80628144,
    0,
    103298.4538801824,
    "BTC-SWAP",
    0.43,
    -44518,
    0.77830168,
    57399.7,
    0.00272374,
    -258247,
    154947,
    1.80355769
  ],
  "time": 1616417049932
}