{
  "code": 200,
  "result": [
    -0.4322908807053877,
    1.8035577,
    0,
    0.00748656,
    1.81104426,
    0,
    102981.5848239918,
    "BTC-SWAP",
    0.43,
    -44518,
    0.7830645,
    57399.7,
    0.00748656,
    -257454,
    154472,
    1.80355769
  ],
  "time": 1616433850413
}