{
  "code": 200,
  "result": [
    -0.43199051489550616,
    1.8035577,
    0,
    0.00612943,
    1.8096871300000001,
    0,
    103053.18858856987,
    "BTC-SWAP",
    0.43,
    -44518,
    0.78170736,
    57399.7,
    0.00612943,
    -257633,
    154579,
    1.80355769
  ],
  "time": 1616421551155
}