{
  "code": 200,
  "result": [
    -0.4324175545500608,
    1.8035577,
    0,
    0.00690986,
    1.81046756,
    0,
    102951.41705410613,
    "BTC-SWAP",
    0.43,
    -44518,
    0.78248779,
    57399.7,
    0.00690986,
    -257379,
    154427,
    1.80355769
  ],
  "time": 1616430371591
}