{
  "code": 200,
  "result": [
    -0.4318739367381981,
    1.8035577,
    0,
    0.00578642,
    1.80934412,
    0,
    103081.00631455054,
    "BTC-SWAP",
    0.43,
    -44518,
    0.78136435,
    57399.7,
    0.00578642,
    -257703,
    154621,
    1.80355769
  ],
  "time": 1616436913662
}