{
  "code": 200,
  "result": [
    -0.4304288069902937,
    1.8035577,
    0,
    0.00100491,
    1.80456261,
    0,
    103427.0924181055,
    "BTC-SWAP",
    0.43,
    -44518,
    0.77658284,
    57399.7,
    0.00100491,
    -258568,
    155140,
    1.80355769
  ],
  "time": 1616419571732
}