{
  "code": 200,
  "result": [
    -0.4342491261427253,
    1.8035577,
    0,
    0.01358459,
    1.81714229,
    0,
    102517.1896036659,
    "BTC-SWAP",
    0.43,
    -44518,
    0.78916253,
    57399.7,
    0.01358459,
    -256293,
    153775,
    1.80355769
  ],
  "time": 1616431450614
}