{
  "code": 200,
  "result": [
    -0.43157496177322346,
    1.8035577,
    0,
    0.00396531,
    1.8075230100000002,
    0,
    103152.4160185005,
    "BTC-SWAP",
    0.43,
    -44518,
    0.77954324,
    57399.7,
    0.00396531,
    -257882,
    154728,
    1.80355769
  ],
  "time": 1616417590017
}