{
  "code": 200,
  "result": [
    -0.4261125968818923,
    1.80312123,
    0,
    -0.01387946,
    1.7892417699999998,
    0,
    104474.73349946346,
    "BTC-SWAP",
    0.42,
    -44518,
    0.76169846,
    57399.7,
    -0.01387946,
    -261187,
    156712,
    1.80312122
  ],
  "time": 1616408230768
}