{
  "code": 200,
  "result": [
    -0.4286470544996555,
    1.8035577,
    0,
    -0.00536632,
    1.79819138,
    0,
    103857.0066740906,
    "BTC-SWAP",
    0.42,
    -44518,
    0.77021161,
    57399.7,
    -0.00536632,
    -259643,
    155785,
    1.80355769
  ],
  "time": 1616414415419
}