{
  "code": 200,
  "result": [
    -0.4309821870042807,
    1.8035577,
    0,
    0.00389843,
    1.80745613,
    0,
    103294.2922988087,
    "BTC-SWAP",
    0.43,
    -44518,
    0.77947636,
    57399.7,
    0.00389843,
    -258236,
    154941,
    1.80355769
  ],
  "time": 1616425031216
}