{
  "code": 200,
  "result": [
    -0.43056251959592634,
    1.80312123,
    0,
    0.00063119,
    1.80375242,
    0,
    103394.97279461107,
    "BTC-SWAP",
    0.43,
    -44518,
    0.77620913,
    57399.7,
    0.00063119,
    -258488,
    155092,
    1.80312122
  ],
  "time": 1616405650352
}