{
  "code": 200,
  "result": [
    -0.4720097369776723,
    1.80341185,
    0,
    0.0345368,
    1.83794865,
    0,
    100860.2074712115,
    "BTC-SWAP",
    0.47,
    -47607,
    0.867465,
    57156.1,
    0.0345368,
    -252151,
    151290,
    1.80341185
  ],
  "time": 1616465949938
}