{
  "code": 200,
  "result": [
    -0.44337037285495434,
    1.80345486,
    0,
    0.04341954,
    1.8468744,
    0,
    100408.152473832,
    "BTC-SWAP",
    0.44,
    -44518,
    0.81899747,
    57399.7,
    0.04341954,
    -251021,
    150612,
    1.80345485
  ],
  "time": 1616453349805
}