{
  "code": 200,
  "result": [
    -0.44154219531506306,
    1.80345486,
    0,
    0.03649646,
    1.83995132,
    0,
    100823.8860800928,
    "BTC-SWAP",
    0.44,
    -44518,
    0.8120744,
    57399.7,
    0.03649646,
    -252060,
    151235,
    1.80345485
  ],
  "time": 1616447351267
}