{
  "code": 200,
  "result": [
    -0.4736170673588557,
    1.80341185,
    0,
    0.04014138,
    1.84355323,
    0,
    100517.9147480523,
    "BTC-SWAP",
    0.47,
    -47607,
    0.87306958,
    57156.1,
    0.04014138,
    -251295,
    150776,
    1.80341185
  ],
  "time": 1616470630004
}