{
  "code": 200,
  "result": [
    -0.43313403095806186,
    1.8035577,
    0,
    0.00986288,
    1.81342058,
    0,
    102781.11812532794,
    "BTC-SWAP",
    0.43,
    -44518,
    0.78544081,
    57399.7,
    0.00986288,
    -256953,
    154171,
    1.80355769
  ],
  "time": 1616431990215
}