{
  "code": 200,
  "result": [
    -0.4306574358551603,
    1.8035577,
    0,
    0.00152546,
    1.8050831600000001,
    0,
    103372.18469617321,
    "BTC-SWAP",
    0.43,
    -44518,
    0.77710339,
    57399.7,
    0.00152546,
    -258431,
    155058,
    1.80355769
  ],
  "time": 1616416630655
}