{
  "code": 200,
  "result": [
    -0.4312845543214092,
    1.8035577,
    0,
    0.00310492,
    1.80666262,
    0,
    103221.87417549746,
    "BTC-SWAP",
    0.43,
    -44518,
    0.77868286,
    57399.7,
    0.00310492,
    -258055,
    154832,
    1.80355769
  ],
  "time": 1616420171362
}