{
  "code": 200,
  "result": [
    -0.44295007264234293,
    1.80345486,
    0,
    0.0393954,
    1.84285026,
    0,
    100503.4263442728,
    "BTC-SWAP",
    0.44,
    -44518,
    0.81497333,
    57399.7,
    0.0393954,
    -251259,
    150755,
    1.80345485
  ],
  "time": 1616448490361
}