{
  "code": 200,
  "result": [
    -0.47140792156460953,
    1.80341185,
    0,
    0.0328614,
    1.83627325,
    0,
    100988.969048275,
    "BTC-SWAP",
    0.47,
    -47607,
    0.8657896,
    57156.1,
    0.0328614,
    -252473,
    151483,
    1.80341185
  ],
  "time": 1616465710586
}