{
  "code": 200,
  "result": [
    -0.4311047964338116,
    1.8035577,
    0,
    0.00337742,
    1.8069351200000001,
    0,
    103264.9146292552,
    "BTC-SWAP",
    0.43,
    -44518,
    0.77895536,
    57399.7,
    0.00337742,
    -258163,
    154897,
    1.80355769
  ],
  "time": 1616435950916
}