{
  "code": 200,
  "result": [
    -0.43576495352360445,
    1.8035577,
    0,
    0.01839671,
    1.82195441,
    0,
    102160.57909206908,
    "BTC-SWAP",
    0.43,
    -44518,
    0.79397465,
    57399.7,
    0.01839671,
    -255402,
    153240,
    1.80355769
  ],
  "time": 1616442672220
}