{
  "code": 200,
  "result": [
    -0.43101832134877255,
    1.8035577,
    0,
    0.00296738,
    1.8065250800000001,
    0,
    103285.63264014201,
    "BTC-SWAP",
    0.43,
    -44518,
    0.77854532,
    57399.7,
    0.00296738,
    -258215,
    154928,
    1.80355769
  ],
  "time": 1616419990042
}