{
  "code": 200,
  "result": [
    -0.43052435128576344,
    1.80312123,
    0,
    0.00053917,
    1.8036603999999998,
    0,
    103404.139317664,
    "BTC-SWAP",
    0.43,
    -44518,
    0.77611711,
    57399.7,
    0.00053917,
    -258511,
    155106,
    1.80312122
  ],
  "time": 1616403130558
}