{
  "code": 200,
  "result": [
    -0.47178544799641875,
    1.80341185,
    0,
    0.03386713,
    1.83727898,
    0,
    100908.1568797378,
    "BTC-SWAP",
    0.47,
    -47607,
    0.86679533,
    57156.1,
    0.03386713,
    -252271,
    151362,
    1.80341185
  ],
  "time": 1616463130576
}