{
  "code": 200,
  "result": [
    -0.443143324901036,
    1.80345486,
    0,
    0.04151497,
    1.84496983,
    0,
    100459.59737730876,
    "BTC-SWAP",
    0.44,
    -44518,
    0.81709291,
    57399.7,
    0.04151497,
    -251149,
    150689,
    1.80345485
  ],
  "time": 1616451129945
}