{
  "code": 200,
  "result": [
    -0.42865779439692536,
    1.80312123,
    0,
    -0.00588167,
    1.79723956,
    0,
    103854.4045667756,
    "BTC-SWAP",
    0.42,
    -44518,
    0.76969625,
    57399.7,
    -0.00588167,
    -259637,
    155781,
    1.80312122
  ],
  "time": 1616407751471
}