{
  "code": 200,
  "result": [
    -0.4321594214145289,
    1.8035577,
    0,
    0.00604296,
    1.80960066,
    0,
    103012.9109630082,
    "BTC-SWAP",
    0.43,
    -44518,
    0.7816209,
    57399.7,
    0.00604296,
    -257533,
    154519,
    1.80355769
  ],
  "time": 1616423412894
}