{
  "code": 200,
  "result": [
    -0.44210607962929177,
    1.80345486,
    0,
    0.03916123,
    1.84261609,
    0,
    100695.29022837363,
    "BTC-SWAP",
    0.44,
    -44518,
    0.81473916,
    57399.7,
    0.03916123,
    -251739,
    151042,
    1.80345485
  ],
  "time": 1616448250685
}