{
  "code": 200,
  "result": [
    -0.4734030571029868,
    1.80341185,
    0,
    0.03871071,
    1.84212256,
    0,
    100563.35565581973,
    "BTC-SWAP",
    0.47,
    -47607,
    0.87163891,
    57156.1,
    0.03871071,
    -251409,
    150845,
    1.80341185
  ],
  "time": 1616459890275
}