{
  "code": 200,
  "result": [
    -0.43098015904493014,
    1.8035577,
    0,
    0.00276865,
    1.80632635,
    0,
    103294.77834583784,
    "BTC-SWAP",
    0.43,
    -44518,
    0.77834658,
    57399.7,
    0.00276865,
    -258237,
    154942,
    1.80355769
  ],
  "time": 1616427250983
}