{
  "code": 200,
  "result": [
    -0.4421639578567144,
    1.80345486,
    0,
    0.04031098,
    1.84376584,
    0,
    100682.10945050907,
    "BTC-SWAP",
    0.44,
    -44518,
    0.81588892,
    57399.7,
    0.04031098,
    -251706,
    151023,
    1.80345485
  ],
  "time": 1616446750185
}