{
  "code": 200,
  "result": [
    -0.4411918179053325,
    1.80345486,
    0,
    0.03689069,
    1.8403455499999999,
    0,
    100903.95649529548,
    "BTC-SWAP",
    0.44,
    -44518,
    0.81246863,
    57399.7,
    0.03689069,
    -252260,
    151355,
    1.80345485
  ],
  "time": 1616446389567
}