{
  "code": 200,
  "result": [
    -0.43315207622012797,
    1.8035577,
    0,
    0.00804343,
    1.8116011300000001,
    0,
    102776.83622916757,
    "BTC-SWAP",
    0.43,
    -44518,
    0.78362136,
    57399.7,
    0.00804343,
    -256943,
    154165,
    1.80355769
  ],
  "time": 1616430011820
}