{
  "code": 200,
  "result": [
    -0.4275998310901954,
    1.80312123,
    0,
    -0.00909532,
    1.79402591,
    0,
    104111.3601155975,
    "BTC-SWAP",
    0.42,
    -44518,
    0.76648261,
    57399.7,
    -0.00909532,
    -260279,
    156167,
    1.80312122
  ],
  "time": 1616407990011
}