{
  "code": 200,
  "result": [
    -0.4724937562361433,
    1.80341185,
    0,
    0.03515686,
    1.83856871,
    0,
    100756.88698880274,
    "BTC-SWAP",
    0.47,
    -47607,
    0.86808505,
    57156.1,
    0.03515686,
    -251893,
    151135,
    1.80341185
  ],
  "time": 1616462710145
}