{
  "code": 200,
  "result": [
    -0.47203111160741695,
    1.80341185,
    0,
    0.03502075,
    1.8384326,
    0,
    100855.640294308,
    "BTC-SWAP",
    0.47,
    -47607,
    0.86794895,
    57156.1,
    0.03502075,
    -252140,
    151283,
    1.80341185
  ],
  "time": 1616463431277
}