{
  "code": 200,
  "result": [
    -0.4300183516126748,
    1.8035577,
    0,
    -0.00174481,
    1.8018128900000001,
    0,
    103525.81426594127,
    "BTC-SWAP",
    0.42,
    -44518,
    0.77383311,
    57399.7,
    -0.00174481,
    -258815,
    155288,
    1.80355769
  ],
  "time": 1616415790046
}