{
  "code": 200,
  "result": [
    -0.4310846008380579,
    1.8035577,
    0,
    0.00404859,
    1.80760629,
    0,
    103269.75241856,
    "BTC-SWAP",
    0.43,
    -44518,
    0.77962652,
    57399.7,
    0.00404859,
    -258175,
    154904,
    1.80355769
  ],
  "time": 1616435350312
}