{
  "code": 200,
  "result": [
    -0.42759229445304936,
    1.80312123,
    0,
    -0.0090874,
    1.7940338299999998,
    0,
    104113.19515695384,
    "BTC-SWAP",
    0.42,
    -44518,
    0.76649053,
    57399.7,
    -0.0090874,
    -260283,
    156169,
    1.80312122
  ],
  "time": 1616411350143
}