{
  "code": 200,
  "result": [
    -0.43130924367735035,
    1.8035577,
    0,
    0.00427393,
    1.8078316300000001,
    0,
    103215.96546468315,
    "BTC-SWAP",
    0.43,
    -44518,
    0.77985187,
    57399.7,
    0.00427393,
    -258040,
    154823,
    1.80355769
  ],
  "time": 1616428813916
}