{
  "code": 200,
  "result": [
    -0.4366059142702628,
    1.8035577,
    0,
    0.02101224,
    1.82456994,
    0,
    101963.8043025752,
    "BTC-SWAP",
    0.43,
    -44518,
    0.79659018,
    57399.7,
    0.02101224,
    -254910,
    152945,
    1.80355769
  ],
  "time": 1616442249858
}