{
  "code": 200,
  "result": [
    -0.4314557797950346,
    1.8035577,
    0,
    0.00417012,
    1.80772782,
    0,
    103180.9100370576,
    "BTC-SWAP",
    0.43,
    -44518,
    0.77974805,
    57399.7,
    0.00417012,
    -257953,
    154771,
    1.80355769
  ],
  "time": 1616421731561
}