{
  "code": 200,
  "result": [
    -0.4309136011834629,
    1.8035577,
    0,
    0.00271694,
    1.80627464,
    0,
    103310.73300479628,
    "BTC-SWAP",
    0.43,
    -44518,
    0.77829487,
    57399.7,
    0.00271694,
    -258277,
    154966,
    1.80355769
  ],
  "time": 1616422212108
}