{
  "code": 200,
  "result": [
    -0.4312653794985609,
    1.8035577,
    0,
    0.00347148,
    1.80702918,
    0,
    103226.4636029022,
    "BTC-SWAP",
    0.43,
    -44518,
    0.77904941,
    57399.7,
    0.00347148,
    -258067,
    154839,
    1.80355769
  ],
  "time": 1616418550721
}