{
  "code": 200,
  "result": [
    -0.4431426583770092,
    1.80345486,
    0,
    0.0419276,
    1.84538246,
    0,
    100459.74847703727,
    "BTC-SWAP",
    0.44,
    -44518,
    0.81750554,
    57399.7,
    0.0419276,
    -251150,
    150689,
    1.80345485
  ],
  "time": 1616452330158
}