{
  "code": 200,
  "result": [
    -0.442328554992381,
    1.80345486,
    0,
    0.03937302,
    1.84282788,
    0,
    100644.6441170112,
    "BTC-SWAP",
    0.44,
    -44518,
    0.81495095,
    57399.7,
    0.03937302,
    -251612,
    150966,
    1.80345485
  ],
  "time": 1616455989597
}