{
  "code": 200,
  "result": [
    -0.47270772607717887,
    1.80341185,
    0,
    0.03794058,
    1.8413524300000002,
    0,
    100711.27966338172,
    "BTC-SWAP",
    0.47,
    -47607,
    0.87086878,
    57156.1,
    0.03794058,
    -251779,
    151066,
    1.80341185
  ],
  "time": 1616461871232
}