{
  "code": 200,
  "result": [
    -0.47308535511884536,
    1.80341185,
    0,
    0.03755841,
    1.84097026,
    0,
    100630.88929912126,
    "BTC-SWAP",
    0.47,
    -47607,
    0.87048661,
    57156.1,
    0.03755841,
    -251578,
    150946,
    1.80341185
  ],
  "time": 1616458810237
}