{
  "code": 200,
  "result": [
    -0.43089692640287086,
    1.8035577,
    0,
    0.00300278,
    1.8065604800000001,
    0,
    103314.73090707893,
    "BTC-SWAP",
    0.43,
    -44518,
    0.77858072,
    57399.7,
    0.00300278,
    -258287,
    154972,
    1.80355769
  ],
  "time": 1616428631021
}