{
  "code": 200,
  "result": [
    -0.47329049451228006,
    1.80341185,
    0,
    0.03907952,
    1.84249137,
    0,
    100587.27262008171,
    "BTC-SWAP",
    0.47,
    -47607,
    0.87200772,
    57156.1,
    0.03907952,
    -251469,
    150880,
    1.80341185
  ],
  "time": 1616469790199
}