{
  "code": 200,
  "result": [
    -0.4291902025370573,
    1.80312123,
    0,
    -0.00376794,
    1.79935329,
    0,
    103725.5737359387,
    "BTC-SWAP",
    0.42,
    -44518,
    0.77180998,
    57399.7,
    -0.00376794,
    -259314,
    155588,
    1.80312122
  ],
  "time": 1616400972247
}