{
  "code": 200,
  "result": [
    -0.4299576417707204,
    1.8035577,
    0,
    -0.00137204,
    1.8021856600000001,
    0,
    103540.432068282,
    "BTC-SWAP",
    0.42,
    -44518,
    0.77420589,
    57399.7,
    -0.00137204,
    -258852,
    155310,
    1.80355769
  ],
  "time": 1616415850078
}