{
  "code": 200,
  "result": [
    -0.4309792521292471,
    1.8035577,
    0,
    0.00291429,
    1.8064719900000001,
    0,
    103294.99571048822,
    "BTC-SWAP",
    0.43,
    -44518,
    0.77849222,
    57399.7,
    0.00291429,
    -258238,
    154942,
    1.80355769
  ],
  "time": 1616427673085
}