{
  "code": 200,
  "result": [
    -0.47333684763583356,
    1.80341185,
    0,
    0.03998129,
    1.84339314,
    0,
    100577.4222686904,
    "BTC-SWAP",
    0.47,
    -47607,
    0.87290949,
    57156.1,
    0.03998129,
    -251444,
    150866,
    1.80341185
  ],
  "time": 1616460071198
}