{
  "code": 200,
  "result": [
    -0.4311386703916602,
    1.8035577,
    0,
    0.00318529,
    1.80674299,
    0,
    103256.80125041537,
    "BTC-SWAP",
    0.43,
    -44518,
    0.77876322,
    57399.7,
    0.00318529,
    -258143,
    154885,
    1.80355769
  ],
  "time": 1616416929984
}