{
  "code": 200,
  "result": [
    -0.4404124989008355,
    1.80345486,
    0,
    0.03372694,
    1.8371818,
    0,
    101082.50812841667,
    "BTC-SWAP",
    0.44,
    -44518,
    0.80930487,
    57399.7,
    0.03372694,
    -252707,
    151623,
    1.80345485
  ],
  "time": 1616445911145
}