{
  "code": 200,
  "result": [
    -0.47265724402901604,
    1.80341185,
    0,
    0.03766666,
    1.84107851,
    0,
    100722.03610842669,
    "BTC-SWAP",
    0.47,
    -47607,
    0.87059486,
    57156.1,
    0.03766666,
    -251806,
    151083,
    1.80341185
  ],
  "time": 1616458629792
}