{
  "code": 200,
  "result": [
    -0.44120837298434756,
    1.80345486,
    0,
    0.03578308,
    1.83923794,
    0,
    100900.1703636738,
    "BTC-SWAP",
    0.44,
    -44518,
    0.81136102,
    57399.7,
    0.03578308,
    -252251,
    151350,
    1.80345485
  ],
  "time": 1616454610886
}