{
  "code": 200,
  "result": [
    -0.44539146475502184,
    1.80345486,
    0,
    0.05061956,
    1.85407442,
    0,
    99952.5215968972,
    "BTC-SWAP",
    0.44,
    -44518,
    0.8261975,
    57399.7,
    0.05061956,
    -249882,
    149928,
    1.80345485
  ],
  "time": 1616450710264
}