{
  "code": 200,
  "result": [
    -0.444362048712881,
    1.80345486,
    0,
    0.04613152,
    1.84958638,
    0,
    100184.07316499873,
    "BTC-SWAP",
    0.44,
    -44518,
    0.82170946,
    57399.7,
    0.04613152,
    -250461,
    150276,
    1.80345485
  ],
  "time": 1616457490093
}