{
  "code": 200,
  "result": [
    -0.42785340013371903,
    1.80312123,
    0,
    -0.00790444,
    1.79521679,
    0,
    104049.65809804616,
    "BTC-SWAP",
    0.42,
    -44518,
    0.76767349,
    57399.7,
    -0.00790444,
    -260125,
    156074,
    1.80312122
  ],
  "time": 1616411591085
}