{
  "code": 200,
  "result": [
    -0.4714871578793456,
    1.80341185,
    0,
    0.03403287,
    1.8374447200000001,
    0,
    100971.99723132802,
    "BTC-SWAP",
    0.47,
    -47607,
    0.86696107,
    57156.1,
    0.03403287,
    -252430,
    151457,
    1.80341185
  ],
  "time": 1616466130821
}