{
  "code": 200,
  "result": [
    -0.4321169105163224,
    1.8035577,
    0,
    0.00644663,
    1.81000433,
    0,
    103023.04519118887,
    "BTC-SWAP",
    0.43,
    -44518,
    0.78202457,
    57399.7,
    0.00644663,
    -257558,
    154534,
    1.80355769
  ],
  "time": 1616437871368
}