{
  "code": 200,
  "result": [
    -0.4313666402877261,
    1.8035577,
    0,
    0.00375925,
    1.8073169500000001,
    0,
    103202.23179591734,
    "BTC-SWAP",
    0.43,
    -44518,
    0.77933718,
    57399.7,
    0.00375925,
    -258006,
    154803,
    1.80355769
  ],
  "time": 1616437212915
}