{
  "code": 200,
  "result": [
    -0.43729315887178943,
    1.80345486,
    0,
    0.02328508,
    1.82673994,
    0,
    101803.55922982159,
    "BTC-SWAP",
    0.43,
    -44518,
    0.79886302,
    57399.7,
    0.02328508,
    -254509,
    152705,
    1.80345485
  ],
  "time": 1616443990545
}