{
  "code": 200,
  "result": [
    -0.4432614135725681,
    1.80345486,
    0,
    0.04285641,
    1.84631127,
    0,
    100432.8340723296,
    "BTC-SWAP",
    0.44,
    -44518,
    0.81843435,
    57399.7,
    0.04285641,
    -251083,
    150649,
    1.80345485
  ],
  "time": 1616455629559
}