{
  "code": 200,
  "result": [
    -0.4416150709565434,
    1.80345486,
    0,
    0.03817235,
    1.84162721,
    0,
    100807.24804878939,
    "BTC-SWAP",
    0.44,
    -44518,
    0.81375029,
    57399.7,
    0.03817235,
    -252019,
    151210,
    1.80345485
  ],
  "time": 1616450049632
}