{
  "code": 200,
  "result": [
    -0.4311264611643385,
    1.8035577,
    0,
    0.00201275,
    1.80557045,
    0,
    103259.7254173885,
    "BTC-SWAP",
    0.43,
    -44518,
    0.77759068,
    57399.7,
    0.00201275,
    -258150,
    154889,
    1.80355769
  ],
  "time": 1616418490525
}