{
  "code": 200,
  "result": [
    -0.47204204427284335,
    1.80341185,
    0,
    0.03544029,
    1.83885214,
    0,
    100853.30444099773,
    "BTC-SWAP",
    0.47,
    -47607,
    0.86836849,
    57156.1,
    0.03544029,
    -252134,
    151279,
    1.80341185
  ],
  "time": 1616462949374
}