{
  "code": 200,
  "result": [
    -0.43332320150023185,
    1.8035577,
    0,
    0.00997791,
    1.81353561,
    0,
    102736.248245817,
    "BTC-SWAP",
    0.43,
    -44518,
    0.78555585,
    57399.7,
    0.00997791,
    -256841,
    154104,
    1.80355769
  ],
  "time": 1616432111143
}