{
  "code": 200,
  "result": [
    -0.4321239373929025,
    1.8035577,
    0,
    0.00717264,
    1.81073034,
    0,
    103021.3699074084,
    "BTC-SWAP",
    0.43,
    -44518,
    0.78275058,
    57399.7,
    0.00717264,
    -257554,
    154532,
    1.80355769
  ],
  "time": 1616423171900
}