{
  "code": 200,
  "result": [
    -0.4316674817009154,
    1.8035577,
    0,
    0.0048837,
    1.8084414,
    0,
    103130.30720911399,
    "BTC-SWAP",
    0.43,
    -44518,
    0.78046163,
    57399.7,
    0.0048837,
    -257826,
    154695,
    1.80355769
  ],
  "time": 1616437389897
}