{
  "code": 200,
  "result": [
    -0.42883102175168103,
    1.80312123,
    0,
    -0.00538897,
    1.7977322599999999,
    0,
    103812.45232248753,
    "BTC-SWAP",
    0.42,
    -44518,
    0.77018895,
    57399.7,
    -0.00538897,
    -259532,
    155718,
    1.80312122
  ],
  "time": 1616414110838
}