{
  "code": 200,
  "result": [
    -0.4339696650230439,
    1.8035577,
    0,
    0.01208778,
    1.8156454800000001,
    0,
    102583.20704889842,
    "BTC-SWAP",
    0.43,
    -44518,
    0.78766571,
    57399.7,
    0.01208778,
    -256459,
    153874,
    1.80355769
  ],
  "time": 1616431511658
}