{
  "code": 200,
  "result": [
    -0.4314350612776137,
    1.8035577,
    0,
    0.00416329,
    1.80772099,
    0,
    103185.86502489696,
    "BTC-SWAP",
    0.43,
    -44518,
    0.77974123,
    57399.7,
    0.00416329,
    -257965,
    154778,
    1.80355769
  ],
  "time": 1616434989802
}