{
  "code": 200,
  "result": [
    -0.43162373427615935,
    1.8035577,
    0,
    0.00473595,
    1.80829365,
    0,
    103140.7600294675,
    "BTC-SWAP",
    0.43,
    -44518,
    0.78031389,
    57399.7,
    0.00473595,
    -257852,
    154711,
    1.80355769
  ],
  "time": 1616428991080
}