{
  "code": 200,
  "result": [
    -0.44164845326533425,
    1.80345486,
    0,
    0.0365335,
    1.83998836,
    0,
    100799.62846208454,
    "BTC-SWAP",
    0.44,
    -44518,
    0.81211143,
    57399.7,
    0.0365335,
    -252000,
    151199,
    1.80345485
  ],
  "time": 1616447230663
}