{
  "code": 200,
  "result": [
    -0.4303430412332568,
    1.8035577,
    0,
    0.00074354,
    1.80430124,
    0,
    103447.70505042307,
    "BTC-SWAP",
    0.43,
    -44518,
    0.77632147,
    57399.7,
    0.00074354,
    -258620,
    155171,
    1.80355769
  ],
  "time": 1616419029967
}