{
  "code": 200,
  "result": [
    -0.4384703315050821,
    1.80345486,
    0,
    0.02702831,
    1.83048317,
    0,
    101530.24458277176,
    "BTC-SWAP",
    0.43,
    -44518,
    0.80260624,
    57399.7,
    0.02702831,
    -253826,
    152295,
    1.80345485
  ],
  "time": 1616445671148
}