{
  "code": 200,
  "result": [
    -0.47313897868119725,
    1.80341185,
    0,
    0.0385368,
    1.84194865,
    0,
    100619.4842215225,
    "BTC-SWAP",
    0.47,
    -47607,
    0.87146499,
    57156.1,
    0.0385368,
    -251549,
    150929,
    1.80341185
  ],
  "time": 1616458510639
}