{
  "code": 200,
  "result": [
    -0.4307604710311537,
    1.80312123,
    0,
    0.00100626,
    1.80412749,
    0,
    103347.458724411,
    "BTC-SWAP",
    0.43,
    -44518,
    0.7765842,
    57399.7,
    0.00100626,
    -258369,
    155021,
    1.80312122
  ],
  "time": 1616402711147
}