{
  "code": 200,
  "result": [
    -0.4415271214916166,
    1.80345486,
    0,
    0.03732687,
    1.84078173,
    0,
    100827.3282275487,
    "BTC-SWAP",
    0.44,
    -44518,
    0.8129048,
    57399.7,
    0.03732687,
    -252069,
    151240,
    1.80345485
  ],
  "time": 1616446270858
}