{
  "code": 200,
  "result": [
    -0.47126044790801896,
    1.80341185,
    0,
    0.03254504,
    1.83595689,
    0,
    101020.5719816571,
    "BTC-SWAP",
    0.47,
    -47607,
    0.86547324,
    57156.1,
    0.03254504,
    -252552,
    151530,
    1.80341185
  ],
  "time": 1616467149560
}