{
  "code": 200,
  "result": [
    -0.4323752614214559,
    1.8035577,
    0,
    0.00803101,
    1.81158871,
    0,
    102961.48732849513,
    "BTC-SWAP",
    0.43,
    -44518,
    0.78360895,
    57399.7,
    0.00803101,
    -257404,
    154442,
    1.80355769
  ],
  "time": 1616434090825
}