{
  "code": 200,
  "result": [
    -0.44295366952746396,
    1.80345486,
    0,
    0.04191709,
    1.84537195,
    0,
    100502.610233461,
    "BTC-SWAP",
    0.44,
    -44518,
    0.81749503,
    57399.7,
    0.04191709,
    -251257,
    150753,
    1.80345485
  ],
  "time": 1616453710491
}