{
  "code": 200,
  "result": [
    -0.4728901048161874,
    1.80319927,
    0,
    0.03731177,
    1.84051104,
    0,
    100672.4385119136,
    "BTC-SWAP",
    0.47,
    -47607,
    0.87023997,
    57156.1,
    0.03731177,
    -251682,
    151008,
    1.80319927
  ],
  "time": 1616472012239
}