{
  "code": 200,
  "result": [
    -0.43196702278684873,
    1.8035577,
    0,
    0.00587557,
    1.80943327,
    0,
    103058.79303653953,
    "BTC-SWAP",
    0.43,
    -44518,
    0.78145351,
    57399.7,
    0.00587557,
    -257647,
    154588,
    1.80355769
  ],
  "time": 1616426111889
}