{
  "code": 200,
  "result": [
    -0.43089560348788714,
    1.8035577,
    0,
    0.00300959,
    1.80656729,
    0,
    103315.04809900303,
    "BTC-SWAP",
    0.43,
    -44518,
    0.77858753,
    57399.7,
    0.00300959,
    -258288,
    154972,
    1.80355769
  ],
  "time": 1616427492235
}