{
  "code": 200,
  "result": [
    -0.4316173422615876,
    1.8035577,
    0,
    0.00513554,
    1.80869324,
    0,
    103142.2874871864,
    "BTC-SWAP",
    0.43,
    -44518,
    0.78071347,
    57399.7,
    0.00513554,
    -257856,
    154713,
    1.80355769
  ],
  "time": 1616421190407
}