{
  "code": 200,
  "result": [
    -0.47393597271312493,
    1.80341185,
    0,
    0.04067809,
    1.84408994,
    0,
    100450.27755007886,
    "BTC-SWAP",
    0.47,
    -47607,
    0.87360628,
    57156.1,
    0.04067809,
    -251126,
    150675,
    1.80341185
  ],
  "time": 1616471110204
}