{
  "code": 200,
  "result": [
    -0.42719348442588967,
    1.80312123,
    0,
    -0.0095846,
    1.79353663,
    0,
    104210.39089542357,
    "BTC-SWAP",
    0.42,
    -44518,
    0.76599332,
    57399.7,
    -0.0095846,
    -260526,
    156315,
    1.80312122
  ],
  "time": 1616408950563
}