{
  "code": 200,
  "result": [
    -0.4423108365185797,
    1.80345486,
    0,
    0.03985816,
    1.84331302,
    0,
    100648.67582806775,
    "BTC-SWAP",
    0.44,
    -44518,
    0.8154361,
    57399.7,
    0.03985816,
    -251622,
    150973,
    1.80345485
  ],
  "time": 1616456471441
}