{
  "code": 200,
  "result": [
    -0.42691542844134356,
    1.80312123,
    0,
    -0.01070984,
    1.7924113899999998,
    0,
    104278.26457931958,
    "BTC-SWAP",
    0.42,
    -44518,
    0.76486809,
    57399.7,
    -0.01070984,
    -260696,
    156417,
    1.80312122
  ],
  "time": 1616409130221
}