{
  "code": 200,
  "result": [
    -0.4315458389756748,
    1.8035577,
    0,
    0.00407726,
    1.8076349600000001,
    0,
    103159.37724175201,
    "BTC-SWAP",
    0.43,
    -44518,
    0.77965519,
    57399.7,
    0.00407726,
    -257899,
    154739,
    1.80355769
  ],
  "time": 1616417471163
}