{
  "code": 200,
  "result": [
    -0.42867150472340815,
    1.80312123,
    0,
    -0.00547957,
    1.7976416599999998,
    0,
    103851.08296088951,
    "BTC-SWAP",
    0.42,
    -44518,
    0.77009835,
    57399.7,
    -0.00547957,
    -259628,
    155776,
    1.80312122
  ],
  "time": 1616412971408
}