{
  "code": 200,
  "result": [
    -0.471093820745776,
    1.80341185,
    0,
    0.03141995,
    1.8348318000000001,
    0,
    101056.303231986,
    "BTC-SWAP",
    0.47,
    -47607,
    0.86434815,
    57156.1,
    0.03141995,
    -252641,
    151584,
    1.80341185
  ],
  "time": 1616464990486
}