{
  "code": 200,
  "result": [
    -0.43106707037618386,
    1.8035577,
    0,
    0.00368967,
    1.80724737,
    0,
    103273.9521512279,
    "BTC-SWAP",
    0.43,
    -44518,
    0.7792676,
    57399.7,
    0.00368967,
    -258185,
    154910,
    1.80355769
  ],
  "time": 1616434812600
}