{
  "code": 200,
  "result": [
    -0.42997000347736297,
    1.80312123,
    0,
    -0.00151608,
    1.8016051499999999,
    0,
    103537.45526423398,
    "BTC-SWAP",
    0.42,
    -44518,
    0.77406185,
    57399.7,
    -0.00151608,
    -258844,
    155306,
    1.80312122
  ],
  "time": 1616402051176
}