{
  "code": 200,
  "result": [
    -0.43130016434158175,
    1.8035577,
    0,
    0.00281084,
    1.80636854,
    0,
    103218.1382725896,
    "BTC-SWAP",
    0.43,
    -44518,
    0.77838877,
    57399.7,
    0.00281084,
    -258046,
    154827,
    1.80355769
  ],
  "time": 1616419391650
}