{
  "code": 200,
  "result": [
    -0.4746013265506805,
    1.80319927,
    0,
    0.04311194,
    1.8463112099999999,
    0,
    100309.4541391179,
    "BTC-SWAP",
    0.47,
    -47607,
    0.87604014,
    57156.1,
    0.04311194,
    -250774,
    150464,
    1.80319927
  ],
  "time": 1616474590513
}