{
  "code": 200,
  "result": [
    -0.4416071143362139,
    1.80345486,
    0,
    0.037508,
    1.84096286,
    0,
    100809.0643351968,
    "BTC-SWAP",
    0.44,
    -44518,
    0.81308593,
    57399.7,
    0.037508,
    -252023,
    151213,
    1.80345485
  ],
  "time": 1616454250394
}