{
  "code": 200,
  "result": [
    -0.42883070944033735,
    1.80312123,
    0,
    -0.00508771,
    1.79803352,
    0,
    103812.52792762905,
    "BTC-SWAP",
    0.42,
    -44518,
    0.77049021,
    57399.7,
    -0.00508771,
    -259532,
    155718,
    1.80312122
  ],
  "time": 1616412910770
}