{
  "code": 200,
  "result": [
    -0.4712428118603534,
    1.80341185,
    0,
    0.03272287,
    1.83613472,
    0,
    101024.3526305664,
    "BTC-SWAP",
    0.47,
    -47607,
    0.86565107,
    57156.1,
    0.03272287,
    -252561,
    151536,
    1.80341185
  ],
  "time": 1616465230776
}