{
  "code": 200,
  "result": [
    -0.4289125757938008,
    1.80312123,
    0,
    -0.00497568,
    1.7981455499999999,
    0,
    103792.713276381,
    "BTC-SWAP",
    0.42,
    -44518,
    0.77060224,
    57399.7,
    -0.00497568,
    -259482,
    155689,
    1.80312122
  ],
  "time": 1616413213266
}