{
  "code": 200,
  "result": [
    -0.43097887947800145,
    1.80312123,
    0,
    0.00193262,
    1.80505385,
    0,
    103295.08502579032,
    "BTC-SWAP",
    0.43,
    -44518,
    0.77751056,
    57399.7,
    0.00193262,
    -258238,
    154942,
    1.80312122
  ],
  "time": 1616404812044
}