{
  "code": 200,
  "result": [
    -0.43080792107414173,
    1.8035577,
    0,
    0.00249113,
    1.80604883,
    0,
    103336.07582934503,
    "BTC-SWAP",
    0.43,
    -44518,
    0.77806907,
    57399.7,
    0.00249113,
    -258341,
    155004,
    1.80355769
  ],
  "time": 1616427851811
}