{
  "code": 200,
  "result": [
    -0.47357712923724016,
    1.80341185,
    0,
    0.03731495,
    1.8407268,
    0,
    100526.39171295601,
    "BTC-SWAP",
    0.47,
    -47607,
    0.87024315,
    57156.1,
    0.03731495,
    -251316,
    150789,
    1.80341185
  ],
  "time": 1616458689740
}