{
  "code": 200,
  "result": [
    -0.4277251003200408,
    1.80312123,
    0,
    -0.00902933,
    1.7940919,
    0,
    104080.868685728,
    "BTC-SWAP",
    0.42,
    -44518,
    0.7665486,
    57399.7,
    -0.00902933,
    -260203,
    156121,
    1.80312122
  ],
  "time": 1616411650633
}