{
  "code": 200,
  "result": [
    -0.4309240211039137,
    1.80312123,
    0,
    0.00161093,
    1.80473216,
    0,
    103308.23490868906,
    "BTC-SWAP",
    0.43,
    -44518,
    0.77718886,
    57399.7,
    0.00161093,
    -258271,
    154962,
    1.80312122
  ],
  "time": 1616404991092
}