{
  "code": 200,
  "result": [
    -0.4309452509066515,
    1.8035577,
    0,
    0.00179685,
    1.8053545500000001,
    0,
    103303.145599911,
    "BTC-SWAP",
    0.43,
    -44518,
    0.77737479,
    57399.7,
    0.00179685,
    -258258,
    154954,
    1.80355769
  ],
  "time": 1616418190318
}