{
  "code": 200,
  "result": [
    -0.43044772149199495,
    1.80312123,
    0,
    -0.00018403,
    1.8029372,
    0,
    103422.54768057333,
    "BTC-SWAP",
    0.43,
    -44518,
    0.77539389,
    57399.7,
    -0.00018403,
    -258557,
    155133,
    1.80312122
  ],
  "time": 1616407390907
}