{
  "code": 200,
  "result": [
    -0.4267767786470925,
    1.80312123,
    0,
    -0.01168368,
    1.79143755,
    0,
    104312.1421487005,
    "BTC-SWAP",
    0.42,
    -44518,
    0.76389425,
    57399.7,
    -0.01168368,
    -260781,
    156468,
    1.80312122
  ],
  "time": 1616408411774
}