{
  "code": 200,
  "result": [
    -0.4273732842077648,
    1.80312123,
    0,
    -0.01047059,
    1.79265064,
    0,
    104166.54864733625,
    "BTC-SWAP",
    0.42,
    -44518,
    0.76510733,
    57399.7,
    -0.01047059,
    -260417,
    156249,
    1.80312122
  ],
  "time": 1616410271421
}