{
  "code": 200,
  "result": [
    -0.43151618118485835,
    1.8035577,
    0,
    0.00416602,
    1.80772372,
    0,
    103166.4673101304,
    "BTC-SWAP",
    0.43,
    -44518,
    0.77974396,
    57399.7,
    0.00416602,
    -257917,
    154749,
    1.80355769
  ],
  "time": 1616424789735
}