{
  "code": 200,
  "result": [
    -0.42742083476693166,
    1.80312123,
    0,
    -0.01005616,
    1.79306507,
    0,
    104154.96012091976,
    "BTC-SWAP",
    0.42,
    -44518,
    0.76552177,
    57399.7,
    -0.01005616,
    -260388,
    156232,
    1.80312122
  ],
  "time": 1616408771256
}