{
  "code": 200,
  "result": [
    -0.47404166718534674,
    1.80341185,
    0,
    0.04107102,
    1.84448287,
    0,
    100427.88070228016,
    "BTC-SWAP",
    0.47,
    -47607,
    0.87399922,
    57156.1,
    0.04107102,
    -251070,
    150641,
    1.80341185
  ],
  "time": 1616470509885
}