{
  "code": 200,
  "result": [
    -0.43144114312640086,
    1.8035577,
    0,
    0.00350011,
    1.80705781,
    0,
    103184.4104560918,
    "BTC-SWAP",
    0.43,
    -44518,
    0.77907804,
    57399.7,
    0.00350011,
    -257962,
    154776,
    1.80355769
  ],
  "time": 1616436131668
}