{
  "code": 200,
  "result": [
    -0.42991922293157264,
    1.80312123,
    0,
    -0.00103664,
    1.80208459,
    0,
    103549.68474411676,
    "BTC-SWAP",
    0.42,
    -44518,
    0.77454129,
    57399.7,
    -0.00103664,
    -258875,
    155324,
    1.80312122
  ],
  "time": 1616401691266
}