{
  "code": 200,
  "result": [
    -0.431479304623229,
    1.8035577,
    0,
    0.00484949,
    1.80840719,
    0,
    103175.28447598073,
    "BTC-SWAP",
    0.43,
    -44518,
    0.78042743,
    57399.7,
    0.00484949,
    -257939,
    154762,
    1.80355769
  ],
  "time": 1616435171371
}