{
  "code": 200,
  "result": [
    -0.4289242893981556,
    1.80312123,
    0,
    -0.00497702,
    1.7981442099999998,
    0,
    103789.87877432953,
    "BTC-SWAP",
    0.42,
    -44518,
    0.77060091,
    57399.7,
    -0.00497702,
    -259475,
    155684,
    1.80312122
  ],
  "time": 1616414049954
}