{
  "code": 200,
  "result": [
    -0.4451891046412948,
    1.80345486,
    0,
    0.04920368,
    1.85265854,
    0,
    99997.95488227365,
    "BTC-SWAP",
    0.44,
    -44518,
    0.82478161,
    57399.7,
    0.04920368,
    -249995,
    149996,
    1.80345485
  ],
  "time": 1616457789473
}