{
  "code": 200,
  "result": [
    -0.43334416148991145,
    1.8035577,
    0,
    0.01069105,
    1.81424875,
    0,
    102731.27909913333,
    "BTC-SWAP",
    0.43,
    -44518,
    0.78626899,
    57399.7,
    0.01069105,
    -256829,
    154096,
    1.80355769
  ],
  "time": 1616439070983
}