{
  "code": 200,
  "result": [
    -0.4433419798228044,
    1.80345486,
    0,
    0.04399249,
    1.84744735,
    0,
    100414.5829316525,
    "BTC-SWAP",
    0.44,
    -44518,
    0.81957042,
    57399.7,
    0.04399249,
    -251037,
    150621,
    1.80345485
  ],
  "time": 1616451071917
}