{
  "code": 200,
  "result": [
    -0.4291903838731549,
    1.80312123,
    0,
    -0.00356048,
    1.79956075,
    0,
    103725.52991112,
    "BTC-SWAP",
    0.42,
    -44518,
    0.77201744,
    57399.7,
    -0.00356048,
    -259314,
    155588,
    1.80312122
  ],
  "time": 1616412550034
}