{
  "code": 200,
  "result": [
    -0.4324969134784751,
    1.8035577,
    0,
    0.00746866,
    1.81102636,
    0,
    102932.5264819852,
    "BTC-SWAP",
    0.43,
    -44518,
    0.78304659,
    57399.7,
    0.00746866,
    -257332,
    154398,
    1.80355769
  ],
  "time": 1616430730280
}