{
  "code": 200,
  "result": [
    -0.4313882946156066,
    1.8035577,
    0,
    0.00373742,
    1.80729512,
    0,
    103197.05137031653,
    "BTC-SWAP",
    0.43,
    -44518,
    0.77931535,
    57399.7,
    0.00373742,
    -257993,
    154795,
    1.80355769
  ],
  "time": 1616435051194
}