{
  "code": 200,
  "result": [
    -0.42755319558921084,
    1.80312123,
    0,
    -0.01010091,
    1.79302032,
    0,
    104122.71609536158,
    "BTC-SWAP",
    0.42,
    -44518,
    0.76547701,
    57399.7,
    -0.01010091,
    -260307,
    156184,
    1.80312122
  ],
  "time": 1616410330124
}