{
  "code": 200,
  "result": [
    -0.43549655435550805,
    1.8035577,
    0,
    0.01784908,
    1.82140678,
    0,
    102223.541276652,
    "BTC-SWAP",
    0.43,
    -44518,
    0.79342702,
    57399.7,
    0.01784908,
    -255559,
    153335,
    1.80355769
  ],
  "time": 1616440271386
}