{
  "code": 200,
  "result": [
    -0.47489092627413537,
    1.80319927,
    0,
    0.04514622,
    1.8483454899999998,
    0,
    100248.28306051566,
    "BTC-SWAP",
    0.47,
    -47607,
    0.87807442,
    57156.1,
    0.04514622,
    -250621,
    150372,
    1.80319927
  ],
  "time": 1616473930821
}