{
  "code": 200,
  "result": [
    -0.4374675036157794,
    1.8035577,
    0,
    0.02273212,
    1.82628982,
    0,
    101762.9872665912,
    "BTC-SWAP",
    0.43,
    -44518,
    0.79831006,
    57399.7,
    0.02273212,
    -254408,
    152644,
    1.80355769
  ],
  "time": 1616440990083
}