{
  "code": 200,
  "result": [
    -0.4366858343604183,
    1.8035577,
    0,
    0.02228001,
    1.82583771,
    0,
    101945.1433894169,
    "BTC-SWAP",
    0.43,
    -44518,
    0.79785794,
    57399.7,
    0.02228001,
    -254863,
    152917,
    1.80355769
  ],
  "time": 1616440692864
}