{
  "code": 200,
  "result": [
    -0.4316738241473364,
    1.8035577,
    0,
    0.00574665,
    1.8093043500000001,
    0,
    103128.79194825901,
    "BTC-SWAP",
    0.43,
    -44518,
    0.78132459,
    57399.7,
    0.00574665,
    -257822,
    154693,
    1.80355769
  ],
  "time": 1616437450676
}