{
  "code": 200,
  "result": [
    -0.47194398712280566,
    1.80341185,
    0,
    0.03457158,
    1.83798343,
    0,
    100874.25902009018,
    "BTC-SWAP",
    0.47,
    -47607,
    0.86749978,
    57156.1,
    0.03457158,
    -252186,
    151311,
    1.80341185
  ],
  "time": 1616463070700
}