{
  "code": 200,
  "result": [
    -0.43396741200868144,
    1.8035577,
    0,
    0.01220626,
    1.81576396,
    0,
    102583.73962676586,
    "BTC-SWAP",
    0.43,
    -44518,
    0.78778419,
    57399.7,
    0.01220626,
    -256460,
    153875,
    1.80355769
  ],
  "time": 1616439790508
}