{
  "code": 200,
  "result": [
    -0.4313936483196174,
    1.80312123,
    0,
    0.00317303,
    1.8062942599999998,
    0,
    103195.77066887372,
    "BTC-SWAP",
    0.43,
    -44518,
    0.77875096,
    57399.7,
    0.00317303,
    -257990,
    154793,
    1.80312122
  ],
  "time": 1616403372418
}