{
  "code": 200,
  "result": [
    -0.42619295434643434,
    1.80312123,
    0,
    -0.01315155,
    1.78996968,
    0,
    104455.0350867912,
    "BTC-SWAP",
    0.42,
    -44518,
    0.76242637,
    57399.7,
    -0.01315155,
    -261138,
    156682,
    1.80312122
  ],
  "time": 1616408291095
}