{
  "code": 200,
  "result": [
    -0.47342389315903427,
    1.80319927,
    0,
    0.03832149,
    1.8415207599999999,
    0,
    100558.92972010959,
    "BTC-SWAP",
    0.47,
    -47607,
    0.87124969,
    57156.1,
    0.03832149,
    -251398,
    150838,
    1.80319927
  ],
  "time": 1616473330876
}