{
  "code": 200,
  "result": [
    -0.43127154585219213,
    1.8035577,
    0,
    0.00383565,
    1.8073933500000001,
    0,
    103224.9876630105,
    "BTC-SWAP",
    0.43,
    -44518,
    0.77941359,
    57399.7,
    0.00383565,
    -258063,
    154837,
    1.80355769
  ],
  "time": 1616437030134
}