{
  "code": 200,
  "result": [
    -0.440981835071554,
    1.80345486,
    0,
    0.03514034,
    1.8385952,
    0,
    100952.004049728,
    "BTC-SWAP",
    0.44,
    -44518,
    0.81071827,
    57399.7,
    0.03514034,
    -252381,
    151428,
    1.80345485
  ],
  "time": 1616447170973
}