{
  "code": 200,
  "result": [
    -0.43648942180775113,
    1.80345486,
    0,
    0.01926996,
    1.82272482,
    0,
    101991.0169085556,
    "BTC-SWAP",
    0.43,
    -44518,
    0.79484789,
    57399.7,
    0.01926996,
    -254978,
    152986,
    1.80345485
  ],
  "time": 1616444291272
}