{
  "code": 200,
  "result": [
    -0.4315285135775525,
    1.8035577,
    0,
    0.00419471,
    1.80775241,
    0,
    103163.51897798617,
    "BTC-SWAP",
    0.43,
    -44518,
    0.77977264,
    57399.7,
    0.00419471,
    -257909,
    154745,
    1.80355769
  ],
  "time": 1616434390694
}