{
  "code": 200,
  "result": [
    -0.4309885792206281,
    1.8035577,
    0,
    0.00346194,
    1.80701964,
    0,
    103292.7602872992,
    "BTC-SWAP",
    0.43,
    -44518,
    0.77903987,
    57399.7,
    0.00346194,
    -258232,
    154939,
    1.80355769
  ],
  "time": 1616424550122
}