{
  "code": 200,
  "result": [
    -0.43106300971951167,
    1.80312123,
    0,
    0.00219887,
    1.8053200999999999,
    0,
    103274.92500218799,
    "BTC-SWAP",
    0.43,
    -44518,
    0.7777768,
    57399.7,
    0.00219887,
    -258188,
    154912,
    1.80312122
  ],
  "time": 1616404871188
}