{
  "code": 200,
  "result": [
    -0.42867560272733957,
    1.80312123,
    0,
    -0.00555017,
    1.7975710599999999,
    0,
    103850.09017720052,
    "BTC-SWAP",
    0.42,
    -44518,
    0.77002776,
    57399.7,
    -0.00555017,
    -259626,
    155775,
    1.80312122
  ],
  "time": 1616413511734
}