{
  "code": 200,
  "result": [
    -0.4734002571441832,
    1.80341185,
    0,
    0.03959093,
    1.84300278,
    0,
    100563.9504447932,
    "BTC-SWAP",
    0.47,
    -47607,
    0.87251913,
    57156.1,
    0.03959093,
    -251410,
    150845,
    1.80341185
  ],
  "time": 1616461629315
}