{
  "code": 200,
  "result": [
    -0.4311494039985448,
    1.8035577,
    0,
    0.0028925,
    1.8064502,
    0,
    103254.23063822734,
    "BTC-SWAP",
    0.43,
    -44518,
    0.77847044,
    57399.7,
    0.0028925,
    -258136,
    154881,
    1.80355769
  ],
  "time": 1616420051175
}