{
  "code": 200,
  "result": [
    -0.4310013588341696,
    1.8035577,
    0,
    0.00326159,
    1.80681929,
    0,
    103289.6975555211,
    "BTC-SWAP",
    0.43,
    -44518,
    0.77883952,
    57399.7,
    0.00326159,
    -258225,
    154934,
    1.80355769
  ],
  "time": 1616427190572
}