{
  "code": 200,
  "result": [
    -0.43689810573275456,
    1.80345486,
    0,
    0.02201842,
    1.82547328,
    0,
    101895.61230835626,
    "BTC-SWAP",
    0.43,
    -44518,
    0.79759635,
    57399.7,
    0.02201842,
    -254740,
    152843,
    1.80345485
  ],
  "time": 1616444949813
}