{
  "code": 200,
  "result": [
    -0.4279445789434091,
    1.80312123,
    0,
    -0.00843226,
    1.79468897,
    0,
    104027.48904990104,
    "BTC-SWAP",
    0.42,
    -44518,
    0.76714566,
    57399.7,
    -0.00843226,
    -260069,
    156041,
    1.80312122
  ],
  "time": 1616410931000
}