{
  "code": 200,
  "result": [
    -0.4287245311733004,
    1.80312123,
    0,
    -0.00561676,
    1.7975044699999998,
    0,
    103838.23822295999,
    "BTC-SWAP",
    0.42,
    -44518,
    0.76996117,
    57399.7,
    -0.00561676,
    -259596,
    155757,
    1.80312122
  ],
  "time": 1616407690396
}