{
  "code": 200,
  "result": [
    -0.43226058693043146,
    1.8035577,
    0,
    0.0067696,
    1.8103273,
    0,
    102988.80200050434,
    "BTC-SWAP",
    0.43,
    -44518,
    0.78234753,
    57399.7,
    0.0067696,
    -257473,
    154483,
    1.80355769
  ],
  "time": 1616436730482
}