{
  "code": 200,
  "result": [
    -0.4302024426804731,
    1.8035577,
    0,
    0.00010779,
    1.80366549,
    0,
    103481.51377900271,
    "BTC-SWAP",
    0.43,
    -44518,
    0.77568572,
    57399.7,
    0.00010779,
    -258704,
    155222,
    1.80355769
  ],
  "time": 1616416332222
}