{
  "code": 200,
  "result": [
    -0.4311318243628097,
    1.8035577,
    0,
    0.00377425,
    1.80733195,
    0,
    103258.440885906,
    "BTC-SWAP",
    0.43,
    -44518,
    0.77935219,
    57399.7,
    0.00377425,
    -258147,
    154887,
    1.80355769
  ],
  "time": 1616428213273
}