{
  "code": 200,
  "result": [
    -0.4317856434922522,
    1.8035577,
    0,
    0.00579054,
    1.80934824,
    0,
    103102.0847287592,
    "BTC-SWAP",
    0.43,
    -44518,
    0.78136847,
    57399.7,
    0.00579054,
    -257756,
    154653,
    1.80355769
  ],
  "time": 1616423050408
}