{
  "code": 200,
  "result": [
    -0.44332207869436613,
    1.80345486,
    0,
    0.04389744,
    1.8473523,
    0,
    100419.090632956,
    "BTC-SWAP",
    0.44,
    -44518,
    0.81947537,
    57399.7,
    0.04389744,
    -251048,
    150628,
    1.80345485
  ],
  "time": 1616452450559
}