{
  "code": 200,
  "result": [
    -0.4296970602995519,
    1.80312123,
    0,
    -0.00154434,
    1.80157689,
    0,
    103603.222160667,
    "BTC-SWAP",
    0.42,
    -44518,
    0.77403358,
    57399.7,
    -0.00154434,
    -259009,
    155404,
    1.80312122
  ],
  "time": 1616401812621
}