{
  "code": 200,
  "result": [
    -0.4741964015587748,
    1.80319927,
    0,
    0.0416153,
    1.8448145699999998,
    0,
    100395.11021911308,
    "BTC-SWAP",
    0.47,
    -47607,
    0.8745435,
    57156.1,
    0.0416153,
    -250988,
    150592,
    1.80319927
  ],
  "time": 1616474772991
}