{
  "code": 200,
  "result": [
    -0.42736638665389753,
    1.80312123,
    0,
    -0.00989553,
    1.7932256999999998,
    0,
    104168.229861402,
    "BTC-SWAP",
    0.42,
    -44518,
    0.7656824,
    57399.7,
    -0.00989553,
    -260421,
    156252,
    1.80312122
  ],
  "time": 1616408831301
}