{
  "code": 200,
  "result": [
    -0.4316135831760616,
    1.8035577,
    0,
    0.00497401,
    1.80853171,
    0,
    103143.1857922795,
    "BTC-SWAP",
    0.43,
    -44518,
    0.78055195,
    57399.7,
    0.00497401,
    -257858,
    154714,
    1.80355769
  ],
  "time": 1616436550644
}