{
  "code": 200,
  "result": [
    -0.4310007006991217,
    1.80312123,
    0,
    0.0013261,
    1.80444733,
    0,
    103289.85527816502,
    "BTC-SWAP",
    0.43,
    -44518,
    0.77690404,
    57399.7,
    0.0013261,
    -258225,
    154934,
    1.80312122
  ],
  "time": 1616405291137
}