{
  "code": 200,
  "result": [
    -0.4737230858830645,
    1.80319927,
    0,
    0.04044249,
    1.84364176,
    0,
    100495.41898777439,
    "BTC-SWAP",
    0.47,
    -47607,
    0.87337069,
    57156.1,
    0.04044249,
    -251239,
    150743,
    1.80319927
  ],
  "time": 1616472672102
}