{
  "code": 200,
  "result": [
    -0.4720350658253029,
    1.80341185,
    0,
    0.03533259,
    1.8387444400000001,
    0,
    100854.79543085267,
    "BTC-SWAP",
    0.47,
    -47607,
    0.86826079,
    57156.1,
    0.03533259,
    -252137,
    151282,
    1.80341185
  ],
  "time": 1616463611127
}