{
  "code": 200,
  "result": [
    -0.43306711637893686,
    1.8035577,
    0,
    0.00959828,
    1.8131559800000001,
    0,
    102796.99916316534,
    "BTC-SWAP",
    0.43,
    -44518,
    0.78517622,
    57399.7,
    0.00959828,
    -256993,
    154195,
    1.80355769
  ],
  "time": 1616432951927
}