{
  "code": 200,
  "result": [
    -0.4274637975051833,
    1.80312123,
    0,
    -0.00929717,
    1.79382406,
    0,
    104144.491907435,
    "BTC-SWAP",
    0.42,
    -44518,
    0.76628075,
    57399.7,
    -0.00929717,
    -260362,
    156216,
    1.80312122
  ],
  "time": 1616410150449
}