{
  "code": 200,
  "result": [
    -0.42986582538387014,
    1.80312123,
    0,
    -0.00173405,
    1.8013871799999999,
    0,
    103562.54759318313,
    "BTC-SWAP",
    0.42,
    -44518,
    0.77384387,
    57399.7,
    -0.00173405,
    -258907,
    155343,
    1.80312122
  ],
  "time": 1616400671833
}