{
  "code": 200,
  "result": [
    -0.4308531899110245,
    1.80312123,
    0,
    0.00117699,
    1.80429822,
    0,
    103325.2185255804,
    "BTC-SWAP",
    0.43,
    -44518,
    0.77675493,
    57399.7,
    0.00117699,
    -258314,
    154987,
    1.80312122
  ],
  "time": 1616405350664
}