{
  "code": 200,
  "result": [
    -0.4319302187049212,
    1.8035577,
    0,
    0.00573157,
    1.80928927,
    0,
    103067.5745111806,
    "BTC-SWAP",
    0.43,
    -44518,
    0.7813095,
    57399.7,
    0.00573157,
    -257669,
    154601,
    1.80355769
  ],
  "time": 1616421490890
}