{
  "code": 200,
  "result": [
    -0.43676432777847324,
    1.8035577,
    0,
    0.02169417,
    1.82525187,
    0,
    101926.8222440078,
    "BTC-SWAP",
    0.43,
    -44518,
    0.7972721,
    57399.7,
    0.02169417,
    -254818,
    152890,
    1.80355769
  ],
  "time": 1616441349571
}