{
  "code": 200,
  "result": [
    -0.43164273587974183,
    1.8035577,
    0,
    0.00483992,
    1.80839762,
    0,
    103136.21960825253,
    "BTC-SWAP",
    0.43,
    -44518,
    0.78041785,
    57399.7,
    0.00483992,
    -257841,
    154704,
    1.80355769
  ],
  "time": 1616429471305
}