{
  "code": 200,
  "result": [
    -0.4309833421788785,
    1.8035577,
    0,
    0.00296602,
    1.80652372,
    0,
    103294.01543673333,
    "BTC-SWAP",
    0.43,
    -44518,
    0.77854395,
    57399.7,
    0.00296602,
    -258236,
    154941,
    1.80355769
  ],
  "time": 1616434630163
}