{
  "code": 200,
  "result": [
    -0.44315411844612534,
    1.80345486,
    0,
    0.04233614,
    1.845791,
    0,
    100457.15056445333,
    "BTC-SWAP",
    0.44,
    -44518,
    0.81791407,
    57399.7,
    0.04233614,
    -251143,
    150685,
    1.80345485
  ],
  "time": 1616456349044
}