{
  "code": 200,
  "result": [
    -0.43153566799870147,
    1.8035577,
    0,
    0.0046621,
    1.8082198,
    0,
    103161.80863208267,
    "BTC-SWAP",
    0.43,
    -44518,
    0.78024004,
    57399.7,
    0.0046621,
    -257905,
    154742,
    1.80355769
  ],
  "time": 1616425691853
}