{
  "code": 200,
  "result": [
    -0.44286391124811497,
    1.80345486,
    0,
    0.04072838,
    1.84418324,
    0,
    100522.97978974119,
    "BTC-SWAP",
    0.44,
    -44518,
    0.81630632,
    57399.7,
    0.04072838,
    -251308,
    150784,
    1.80345485
  ],
  "time": 1616456049856
}