{
  "code": 200,
  "result": [
    -0.4295528113885641,
    1.8035577,
    0,
    -0.00265707,
    1.8009006300000001,
    0,
    103638.01334716441,
    "BTC-SWAP",
    0.42,
    -44518,
    0.77292085,
    57399.7,
    -0.00265707,
    -259096,
    155457,
    1.80355769
  ],
  "time": 1616415671458
}