{
  "code": 200,
  "result": [
    -0.47393833177671946,
    1.80341185,
    0,
    0.03991247,
    1.84332432,
    0,
    100449.777551288,
    "BTC-SWAP",
    0.47,
    -47607,
    0.87284067,
    57156.1,
    0.03991247,
    -251125,
    150674,
    1.80341185
  ],
  "time": 1616459350269
}