{
  "code": 200,
  "result": [
    -0.44239831357913,
    1.80345486,
    0,
    0.03985816,
    1.84331302,
    0,
    100628.77419182847,
    "BTC-SWAP",
    0.44,
    -44518,
    0.8154361,
    57399.7,
    0.03985816,
    -251572,
    150943,
    1.80345485
  ],
  "time": 1616448850005
}