{
  "code": 200,
  "result": [
    -0.4301016393233084,
    1.8035577,
    0,
    -0.00049453,
    1.80306317,
    0,
    103505.76684627727,
    "BTC-SWAP",
    0.42,
    -44518,
    0.77508339,
    57399.7,
    -0.00049453,
    -258765,
    155258,
    1.80355769
  ],
  "time": 1616415311261
}