{
  "code": 200,
  "result": [
    -0.4300285373817581,
    1.80312123,
    0,
    -0.00085332,
    1.8022679099999999,
    0,
    103523.36212626539,
    "BTC-SWAP",
    0.42,
    -44518,
    0.7747246,
    57399.7,
    -0.00085332,
    -258809,
    155285,
    1.80312122
  ],
  "time": 1616401750740
}