{
  "code": 200,
  "result": [
    -0.4422928301673134,
    1.80345486,
    0,
    0.03965956,
    1.84311442,
    0,
    100652.7733745072,
    "BTC-SWAP",
    0.44,
    -44518,
    0.81523749,
    57399.7,
    0.03965956,
    -251632,
    150979,
    1.80345485
  ],
  "time": 1616457010809
}