{
  "code": 200,
  "result": [
    -0.47435181147262423,
    1.80341185,
    0,
    0.04138081,
    1.84479266,
    0,
    100362.2181861268,
    "BTC-SWAP",
    0.47,
    -47607,
    0.87430901,
    57156.1,
    0.04138081,
    -250906,
    150543,
    1.80341185
  ],
  "time": 1616459171572
}