{
  "code": 200,
  "result": [
    -0.4286842706270887,
    1.80312123,
    0,
    -0.00541029,
    1.79771094,
    0,
    103847.9903516826,
    "BTC-SWAP",
    0.42,
    -44518,
    0.77016763,
    57399.7,
    -0.00541029,
    -259620,
    155771,
    1.80312122
  ],
  "time": 1616407811750
}