{
  "code": 200,
  "result": [
    -0.435797381098099,
    1.8035577,
    0,
    0.01880758,
    1.82236528,
    0,
    102152.97734884481,
    "BTC-SWAP",
    0.43,
    -44518,
    0.79438551,
    57399.7,
    0.01880758,
    -255383,
    153229,
    1.80355769
  ],
  "time": 1616442549297
}