{
  "code": 200,
  "result": [
    -0.43249577926475524,
    1.8035577,
    0,
    0.00792482,
    1.81148252,
    0,
    102932.79642099814,
    "BTC-SWAP",
    0.43,
    -44518,
    0.78350275,
    57399.7,
    0.00792482,
    -257332,
    154399,
    1.80355769
  ],
  "time": 1616420711775
}