{
  "code": 200,
  "result": [
    -0.4713697502370295,
    1.80341185,
    0,
    0.03243806,
    1.83584991,
    0,
    100997.14709325471,
    "BTC-SWAP",
    0.47,
    -47607,
    0.86536626,
    57156.1,
    0.03243806,
    -252493,
    151495,
    1.80341185
  ],
  "time": 1616467750719
}