{
  "code": 200,
  "result": [
    -0.43095125175189275,
    1.8035577,
    0,
    0.00358874,
    1.8071464400000001,
    0,
    103301.70713979015,
    "BTC-SWAP",
    0.43,
    -44518,
    0.77916668,
    57399.7,
    0.00358874,
    -258255,
    154952,
    1.80355769
  ],
  "time": 1616426771870
}