{
  "code": 200,
  "result": [
    -0.4313018634609351,
    1.8035577,
    0,
    0.00317303,
    1.80673073,
    0,
    103217.7316433788,
    "BTC-SWAP",
    0.43,
    -44518,
    0.77875096,
    57399.7,
    0.00317303,
    -258045,
    154826,
    1.80355769
  ],
  "time": 1616420291009
}