{
  "code": 200,
  "result": [
    -0.4285096444506503,
    1.80312123,
    0,
    -0.00619693,
    1.7969243,
    0,
    103890.310466809,
    "BTC-SWAP",
    0.42,
    -44518,
    0.76938099,
    57399.7,
    -0.00619693,
    -259726,
    155835,
    1.80312122
  ],
  "time": 1616413330475
}