{
  "code": 200,
  "result": [
    -0.4271933841765795,
    1.80312123,
    0,
    -0.01112225,
    1.7919989799999998,
    0,
    104210.41535043665,
    "BTC-SWAP",
    0.42,
    -44518,
    0.76445567,
    57399.7,
    -0.01112225,
    -260527,
    156315,
    1.80312122
  ],
  "time": 1616411230550
}