{
  "code": 200,
  "result": [
    -0.42778303348534885,
    1.80312123,
    0,
    -0.00900953,
    1.7941117,
    0,
    104066.77337642634,
    "BTC-SWAP",
    0.42,
    -44518,
    0.7665684,
    57399.7,
    -0.00900953,
    -260167,
    156100,
    1.80312122
  ],
  "time": 1616409971534
}