{
  "code": 200,
  "result": [
    -0.43094098350275084,
    1.80312123,
    0,
    0.00177921,
    1.80490044,
    0,
    103304.168561902,
    "BTC-SWAP",
    0.43,
    -44518,
    0.77735714,
    57399.7,
    0.00177921,
    -258261,
    154956,
    1.80312122
  ],
  "time": 1616406311709
}