{
  "code": 200,
  "result": [
    -0.47267330902605864,
    1.80341185,
    0,
    0.03755204,
    1.84096389,
    0,
    100718.6128154645,
    "BTC-SWAP",
    0.47,
    -47607,
    0.87048024,
    57156.1,
    0.03755204,
    -251797,
    151077,
    1.80341185
  ],
  "time": 1616460490266
}