{
  "code": 200,
  "result": [
    -0.47281706883270297,
    1.80341185,
    0,
    0.03670293,
    1.84011478,
    0,
    100687.9893687696,
    "BTC-SWAP",
    0.47,
    -47607,
    0.86963113,
    57156.1,
    0.03670293,
    -251720,
    151031,
    1.80341185
  ],
  "time": 1616468110008
}