{
  "code": 200,
  "result": [
    -0.43120111314684817,
    1.8035577,
    0,
    0.00348784,
    1.80704554,
    0,
    103241.84850802814,
    "BTC-SWAP",
    0.43,
    -44518,
    0.77906577,
    57399.7,
    0.00348784,
    -258105,
    154862,
    1.80355769
  ],
  "time": 1616422630553
}