{
  "code": 200,
  "result": [
    -0.4357622091109898,
    1.8035577,
    0,
    0.01898339,
    1.82254109,
    0,
    102161.22249522824,
    "BTC-SWAP",
    0.43,
    -44518,
    0.79456132,
    57399.7,
    0.01898339,
    -255404,
    153241,
    1.80355769
  ],
  "time": 1616442610918
}