{
  "code": 200,
  "result": [
    -0.47318363390148627,
    1.80319927,
    0,
    0.03992528,
    1.84312455,
    0,
    100609.988573509,
    "BTC-SWAP",
    0.47,
    -47607,
    0.87285348,
    57156.1,
    0.03992528,
    -251525,
    150914,
    1.80319927
  ],
  "time": 1616475251568
}