{
  "code": 200,
  "result": [
    -0.43118814099666086,
    1.80312123,
    0,
    0.00200324,
    1.80512447,
    0,
    103244.95450431404,
    "BTC-SWAP",
    0.43,
    -44518,
    0.77758118,
    57399.7,
    0.00200324,
    -258113,
    154867,
    1.80312122
  ],
  "time": 1616404511712
}