{
  "code": 200,
  "result": [
    -0.47029432197271126,
    1.80341185,
    0,
    0.02926285,
    1.8326747,
    0,
    101228.098609199,
    "BTC-SWAP",
    0.47,
    -47607,
    0.86219105,
    57156.1,
    0.02926285,
    -253071,
    151842,
    1.80341185
  ],
  "time": 1616464449885
}