{
  "code": 200,
  "result": [
    -0.4305158362364278,
    1.8035577,
    0,
    0.00059059,
    1.80414829,
    0,
    103406.18451849911,
    "BTC-SWAP",
    0.43,
    -44518,
    0.77616853,
    57399.7,
    0.00059059,
    -258516,
    155109,
    1.80355769
  ],
  "time": 1616419631335
}