{
  "code": 200,
  "result": [
    -0.43110334128771177,
    1.80312123,
    0,
    0.00232254,
    1.80544377,
    0,
    103265.2631896197,
    "BTC-SWAP",
    0.43,
    -44518,
    0.77790048,
    57399.7,
    0.00232254,
    -258164,
    154897,
    1.80312122
  ],
  "time": 1616403612971
}