{
  "code": 200,
  "result": [
    -0.4438144790835176,
    1.80345486,
    0,
    0.04579344,
    1.8492483,
    0,
    100307.678316242,
    "BTC-SWAP",
    0.44,
    -44518,
    0.82137137,
    57399.7,
    0.04579344,
    -250770,
    150461,
    1.80345485
  ],
  "time": 1616451910128
}