{
  "code": 200,
  "result": [
    -0.43212413479883943,
    1.8035577,
    0,
    0.00721393,
    1.81077163,
    0,
    103021.32284447344,
    "BTC-SWAP",
    0.43,
    -44518,
    0.78279187,
    57399.7,
    0.00721393,
    -257554,
    154531,
    1.80355769
  ],
  "time": 1616420830168
}