{
  "code": 200,
  "result": [
    -0.43059010415181226,
    1.8035577,
    0,
    0.00042283,
    1.80398053,
    0,
    103388.34908362033,
    "BTC-SWAP",
    0.43,
    -44518,
    0.77600076,
    57399.7,
    0.00042283,
    -258471,
    155082,
    1.80355769
  ],
  "time": 1616416390857
}