{
  "code": 200,
  "result": [
    -0.43067836066008747,
    1.80312123,
    0,
    0.00116208,
    1.80428331,
    0,
    103367.16228734741,
    "BTC-SWAP",
    0.43,
    -44518,
    0.77674002,
    57399.7,
    0.00116208,
    -258418,
    155050,
    1.80312122
  ],
  "time": 1616406611758
}