{
  "code": 200,
  "result": [
    -0.44215492590226807,
    1.80345486,
    0,
    0.03897936,
    1.84243422,
    0,
    100684.1660966592,
    "BTC-SWAP",
    0.44,
    -44518,
    0.81455729,
    57399.7,
    0.03897936,
    -251711,
    151026,
    1.80345485
  ],
  "time": 1616450230489
}