{
  "code": 200,
  "result": [
    -0.4352426994333924,
    1.8035577,
    0,
    0.01686891,
    1.82042661,
    0,
    102283.16306730571,
    "BTC-SWAP",
    0.43,
    -44518,
    0.79244685,
    57399.7,
    0.01686891,
    -255708,
    153424,
    1.80355769
  ],
  "time": 1616440211226
}