{
  "code": 200,
  "result": [
    -0.43015468431242504,
    1.8035577,
    0,
    -0.00076838,
    1.80278932,
    0,
    103493.00292093575,
    "BTC-SWAP",
    0.42,
    -44518,
    0.77480955,
    57399.7,
    -0.00076838,
    -258733,
    155239,
    1.80355769
  ],
  "time": 1616416271905
}