{
  "code": 200,
  "result": [
    -0.4308252031503711,
    1.8035577,
    0,
    0.00209153,
    1.80564923,
    0,
    103331.93061702535,
    "BTC-SWAP",
    0.43,
    -44518,
    0.77766947,
    57399.7,
    0.00209153,
    -258330,
    154997,
    1.80355769
  ],
  "time": 1616416990221
}