{
  "code": 200,
  "result": [
    -0.47299979013387816,
    1.80341185,
    0,
    0.03890705,
    1.8423189,
    0,
    100649.09328294899,
    "BTC-SWAP",
    0.47,
    -47607,
    0.87183525,
    57156.1,
    0.03890705,
    -251623,
    150973,
    1.80341185
  ],
  "time": 1616468170960
}