{
  "code": 200,
  "result": [
    -0.4304167535576703,
    1.80312123,
    0,
    -0.00029746,
    1.8028237699999998,
    0,
    103429.98880045956,
    "BTC-SWAP",
    0.43,
    -44518,
    0.77528046,
    57399.7,
    -0.00029746,
    -258575,
    155144,
    1.80312122
  ],
  "time": 1616402350828
}