{
  "code": 200,
  "result": [
    -0.43086427073211503,
    1.8035577,
    0,
    0.00257954,
    1.80613724,
    0,
    103322.56124267627,
    "BTC-SWAP",
    0.43,
    -44518,
    0.77815747,
    57399.7,
    0.00257954,
    -258307,
    154983,
    1.80355769
  ],
  "time": 1616422390535
}