{
  "code": 200,
  "result": [
    -0.44319253265486896,
    1.80345486,
    0,
    0.04247892,
    1.84593378,
    0,
    100448.4433285068,
    "BTC-SWAP",
    0.44,
    -44518,
    0.81805686,
    57399.7,
    0.04247892,
    -251122,
    150672,
    1.80345485
  ],
  "time": 1616452749841
}