{
  "code": 200,
  "result": [
    -0.43306965265634706,
    1.8035577,
    0,
    0.00999316,
    1.81355086,
    0,
    102796.3971313554,
    "BTC-SWAP",
    0.43,
    -44518,
    0.78557109,
    57399.7,
    0.00999316,
    -256991,
    154194,
    1.80355769
  ],
  "time": 1616431749899
}