{
  "code": 200,
  "result": [
    -0.4736009926417492,
    1.80319927,
    0,
    0.04003892,
    1.8432381899999999,
    0,
    100521.32647452419,
    "BTC-SWAP",
    0.47,
    -47607,
    0.87296712,
    57156.1,
    0.04003892,
    -251304,
    150781,
    1.80319927
  ],
  "time": 1616472611479
}