{
  "code": 200,
  "result": [
    -0.47370818166260725,
    1.80319927,
    0,
    0.03959413,
    1.8427934,
    0,
    100498.58086239999,
    "BTC-SWAP",
    0.47,
    -47607,
    0.87252233,
    57156.1,
    0.03959413,
    -251247,
    150747,
    1.80319927
  ],
  "time": 1616473390255
}