{
  "code": 200,
  "result": [
    -0.44218956183807856,
    1.80345486,
    0,
    0.03889292,
    1.8423477799999999,
    0,
    100676.27968183847,
    "BTC-SWAP",
    0.44,
    -44518,
    0.81447086,
    57399.7,
    0.03889292,
    -251691,
    151014,
    1.80345485
  ],
  "time": 1616451371039
}