{
  "code": 200,
  "result": [
    -0.432110821698932,
    1.8035577,
    0,
    0.0076009,
    1.8111586,
    0,
    103024.49687552,
    "BTC-SWAP",
    0.43,
    -44518,
    0.78317884,
    57399.7,
    0.0076009,
    -257562,
    154536,
    1.80355769
  ],
  "time": 1616430071211
}