{
  "code": 200,
  "result": [
    -0.4276550351237523,
    1.80312123,
    0,
    -0.00887354,
    1.79424769,
    0,
    104097.92085604147,
    "BTC-SWAP",
    0.42,
    -44518,
    0.76670438,
    57399.7,
    -0.00887354,
    -260245,
    156146,
    1.80312122
  ],
  "time": 1616411830189
}