{
  "code": 200,
  "result": [
    -0.4722170163280993,
    1.80341185,
    0,
    0.03502866,
    1.83844051,
    0,
    100815.93494911747,
    "BTC-SWAP",
    0.47,
    -47607,
    0.86795686,
    57156.1,
    0.03502866,
    -252040,
    151223,
    1.80341185
  ],
  "time": 1616466611506
}