{
  "code": 200,
  "result": [
    -0.43149480326874284,
    1.8035577,
    0,
    0.004591,
    1.8081487,
    0,
    103171.57857466333,
    "BTC-SWAP",
    0.43,
    -44518,
    0.78016893,
    57399.7,
    0.004591,
    -257929,
    154757,
    1.80355769
  ],
  "time": 1616425150216
}