{
  "code": 200,
  "result": [
    -0.4277630022694581,
    1.80312123,
    0,
    -0.00935784,
    1.7937633899999998,
    0,
    104071.64659826529,
    "BTC-SWAP",
    0.42,
    -44518,
    0.76622008,
    57399.7,
    -0.00935784,
    -260180,
    156107,
    1.80312122
  ],
  "time": 1616409911179
}