{
  "code": 200,
  "result": [
    -0.42958947542716913,
    1.8035577,
    0,
    -0.00303531,
    1.80052239,
    0,
    103629.16818605209,
    "BTC-SWAP",
    0.42,
    -44518,
    0.77254261,
    57399.7,
    -0.00303531,
    -259073,
    155443,
    1.80355769
  ],
  "time": 1616414949787
}