{
  "code": 200,
  "result": [
    -0.47156855895794036,
    1.80341185,
    0,
    0.03333087,
    1.83674272,
    0,
    100954.56767771092,
    "BTC-SWAP",
    0.47,
    -47607,
    0.86625907,
    57156.1,
    0.03333087,
    -252387,
    151431,
    1.80341185
  ],
  "time": 1616466730496
}