{
  "code": 200,
  "result": [
    -0.4304486896490593,
    1.80312123,
    0,
    -0.0004176,
    1.80270363,
    0,
    103422.31506453209,
    "BTC-SWAP",
    0.42,
    -44518,
    0.77516032,
    57399.7,
    -0.0004176,
    -258556,
    155133,
    1.80312122
  ],
  "time": 1616407214283
}