{
  "code": 200,
  "result": [
    -0.42762826711258256,
    1.80312123,
    0,
    -0.01010486,
    1.79301637,
    0,
    104104.43701627343,
    "BTC-SWAP",
    0.42,
    -44518,
    0.76547306,
    57399.7,
    -0.01010486,
    -260262,
    156156,
    1.80312122
  ],
  "time": 1616409490414
}