{
  "code": 200,
  "result": [
    -0.4314216596925761,
    1.8035577,
    0,
    0.00420836,
    1.80776606,
    0,
    103189.07036731254,
    "BTC-SWAP",
    0.43,
    -44518,
    0.7797863,
    57399.7,
    0.00420836,
    -257973,
    154783,
    1.80355769
  ],
  "time": 1616436014576
}