{
  "code": 200,
  "result": [
    -0.4439561821288117,
    1.80345486,
    0,
    0.04656097,
    1.85001583,
    0,
    100275.66186043856,
    "BTC-SWAP",
    0.44,
    -44518,
    0.82213891,
    57399.7,
    0.04656097,
    -250690,
    150413,
    1.80345485
  ],
  "time": 1616450530296
}