{
  "code": 200,
  "result": [
    -0.4363488034384459,
    1.8035577,
    0,
    0.0216856,
    1.8252433000000001,
    0,
    102023.88467482067,
    "BTC-SWAP",
    0.43,
    -44518,
    0.79726353,
    57399.7,
    0.0216856,
    -255060,
    153035,
    1.80355769
  ],
  "time": 1616441830305
}