{
  "code": 200,
  "result": [
    -0.43112452718357913,
    1.8035577,
    0,
    0.00335016,
    1.8069078600000001,
    0,
    103260.1886300094,
    "BTC-SWAP",
    0.43,
    -44518,
    0.7789281,
    57399.7,
    0.00335016,
    -258151,
    154890,
    1.80355769
  ],
  "time": 1616422813605
}