{
  "code": 200,
  "result": [
    -0.4432680160623268,
    1.80345486,
    0,
    0.04336228,
    1.84681714,
    0,
    100431.33812239779,
    "BTC-SWAP",
    0.44,
    -44518,
    0.81894022,
    57399.7,
    0.04336228,
    -251079,
    150647,
    1.80345485
  ],
  "time": 1616455689713
}