{
  "code": 200,
  "result": [
    -0.44380312050224807,
    1.80345486,
    0,
    0.04507876,
    1.84853362,
    0,
    100310.24556478867,
    "BTC-SWAP",
    0.44,
    -44518,
    0.8206567,
    57399.7,
    0.04507876,
    -250776,
    150465,
    1.80345485
  ],
  "time": 1616453171818
}