{
  "code": 200,
  "result": [
    -0.4709445102466482,
    1.80341185,
    0,
    0.03151726,
    1.83492911,
    0,
    101088.34260551576,
    "BTC-SWAP",
    0.47,
    -47607,
    0.86444546,
    57156.1,
    0.03151726,
    -252721,
    151632,
    1.80341185
  ],
  "time": 1616467689615
}