{
  "code": 200,
  "result": [
    -0.47315268557502393,
    1.80341185,
    0,
    0.03905716,
    1.84246901,
    0,
    100616.5693472564,
    "BTC-SWAP",
    0.47,
    -47607,
    0.87198536,
    57156.1,
    0.03905716,
    -251542,
    150924,
    1.80341185
  ],
  "time": 1616460729994
}