{
  "code": 200,
  "result": [
    -0.4418193583519732,
    1.80345486,
    0,
    0.0378393,
    1.84129416,
    0,
    100760.63703060959,
    "BTC-SWAP",
    0.44,
    -44518,
    0.81341723,
    57399.7,
    0.0378393,
    -251902,
    151140,
    1.80345485
  ],
  "time": 1616448371392
}