{
  "code": 200,
  "result": [
    -0.433497961378269,
    1.8035577,
    0,
    0.01092581,
    1.81448351,
    0,
    102694.8312708528,
    "BTC-SWAP",
    0.43,
    -44518,
    0.78650375,
    57399.7,
    0.01092581,
    -256738,
    154042,
    1.80355769
  ],
  "time": 1616438949337
}