{
  "code": 200,
  "result": [
    -0.4342056624994629,
    1.8035577,
    0,
    0.01339998,
    1.81695768,
    0,
    102527.4514932312,
    "BTC-SWAP",
    0.43,
    -44518,
    0.78897791,
    57399.7,
    0.01339998,
    -256319,
    153791,
    1.80355769
  ],
  "time": 1616439849871
}