{
  "code": 200,
  "result": [
    -0.4317024105573463,
    1.8035577,
    0,
    0.00508625,
    1.80864395,
    0,
    103121.96298029783,
    "BTC-SWAP",
    0.43,
    -44518,
    0.78066419,
    57399.7,
    0.00508625,
    -257805,
    154682,
    1.80355769
  ],
  "time": 1616421311829
}