{
  "code": 200,
  "result": [
    -0.44438625247286284,
    1.80345486,
    0,
    0.04659742,
    1.8500522799999999,
    0,
    100178.61658022052,
    "BTC-SWAP",
    0.44,
    -44518,
    0.82217535,
    57399.7,
    0.04659742,
    -250447,
    150267,
    1.80345485
  ],
  "time": 1616457729737
}