{
  "code": 200,
  "result": [
    -0.42932177053769927,
    1.80312123,
    0,
    -0.00320822,
    1.7999130099999998,
    0,
    103693.78646753443,
    "BTC-SWAP",
    0.42,
    -44518,
    0.77236971,
    57399.7,
    -0.00320822,
    -259235,
    155540,
    1.80312122
  ],
  "time": 1616400251794
}