{
  "code": 200,
  "result": [
    -0.4311919810408827,
    1.8035577,
    0,
    0.00380154,
    1.80735924,
    0,
    103244.0350410392,
    "BTC-SWAP",
    0.43,
    -44518,
    0.77937947,
    57399.7,
    0.00380154,
    -258111,
    154866,
    1.80355769
  ],
  "time": 1616434871056
}