{
  "code": 200,
  "result": [
    -0.4428848186257338,
    1.80345486,
    0,
    0.03817087,
    1.84162573,
    0,
    100518.2343755625,
    "BTC-SWAP",
    0.44,
    -44518,
    0.8137488,
    57399.7,
    0.03817087,
    -251296,
    150777,
    1.80345485
  ],
  "time": 1616449030287
}