{
  "code": 200,
  "result": [
    -0.4731358952601921,
    1.80341185,
    0,
    0.03775742,
    1.84116927,
    0,
    100620.13995750509,
    "BTC-SWAP",
    0.47,
    -47607,
    0.87068561,
    57156.1,
    0.03775742,
    -251551,
    150930,
    1.80341185
  ],
  "time": 1616460429645
}