{
  "code": 200,
  "result": [
    -0.43707433432151355,
    1.80345486,
    0,
    0.02288246,
    1.82633732,
    0,
    101854.52794684666,
    "BTC-SWAP",
    0.43,
    -44518,
    0.7984604,
    57399.7,
    0.02288246,
    -254637,
    152781,
    1.80345485
  ],
  "time": 1616443810670
}