{
  "code": 200,
  "result": [
    -0.4435940479947553,
    1.80345486,
    0,
    0.04496229,
    1.84841715,
    0,
    100357.5232833745,
    "BTC-SWAP",
    0.44,
    -44518,
    0.82054023,
    57399.7,
    0.04496229,
    -250894,
    150536,
    1.80345485
  ],
  "time": 1616457250356
}