{
  "code": 200,
  "result": [
    -0.4322156514654777,
    1.8035577,
    0,
    0.00654418,
    1.81010188,
    0,
    102999.50927056093,
    "BTC-SWAP",
    0.43,
    -44518,
    0.78212211,
    57399.7,
    0.00654418,
    -257499,
    154499,
    1.80355769
  ],
  "time": 1616421072773
}