{
  "code": 200,
  "result": [
    -0.42987072361099127,
    1.80312123,
    0,
    -0.00240336,
    1.80071787,
    0,
    103561.3675340363,
    "BTC-SWAP",
    0.42,
    -44518,
    0.77317456,
    57399.7,
    -0.00240336,
    -258904,
    155342,
    1.80312122
  ],
  "time": 1616400431045
}