{
  "code": 200,
  "result": [
    -0.4424242990678181,
    1.80345486,
    0,
    0.04056227,
    1.84401713,
    0,
    100622.86382958353,
    "BTC-SWAP",
    0.44,
    -44518,
    0.8161402,
    57399.7,
    0.04056227,
    -251558,
    150934,
    1.80345485
  ],
  "time": 1616456770706
}