{
  "code": 200,
  "result": [
    -0.4309159479283363,
    1.8035577,
    0,
    0.00209833,
    1.80565603,
    0,
    103310.17038014937,
    "BTC-SWAP",
    0.43,
    -44518,
    0.77767626,
    57399.7,
    0.00209833,
    -258276,
    154965,
    1.80355769
  ],
  "time": 1616419930229
}