{
  "code": 200,
  "result": [
    -0.4270891021794663,
    1.80312123,
    0,
    -0.01075189,
    1.7923693399999998,
    0,
    104235.86032240452,
    "BTC-SWAP",
    0.42,
    -44518,
    0.76482604,
    57399.7,
    -0.01075189,
    -260590,
    156353,
    1.80312122
  ],
  "time": 1616409310287
}