{
  "code": 200,
  "result": [
    -0.47306897803201997,
    1.80341185,
    0,
    0.03842195,
    1.8418338,
    0,
    100634.373021132,
    "BTC-SWAP",
    0.47,
    -47607,
    0.87135015,
    57156.1,
    0.03842195,
    -251586,
    150951,
    1.80341185
  ],
  "time": 1616469430053
}