{
  "code": 200,
  "result": [
    -0.44120931222601895,
    1.80345486,
    0,
    0.03624619,
    1.83970105,
    0,
    100899.95556846882,
    "BTC-SWAP",
    0.44,
    -44518,
    0.81182413,
    57399.7,
    0.03624619,
    -252250,
    151349,
    1.80345485
  ],
  "time": 1616449870850
}