{
  "code": 200,
  "result": [
    -0.47280310555882943,
    1.80341185,
    0,
    0.03757114,
    1.84098299,
    0,
    100690.9629828487,
    "BTC-SWAP",
    0.47,
    -47607,
    0.87049934,
    57156.1,
    0.03757114,
    -251728,
    151036,
    1.80341185
  ],
  "time": 1616460671151
}