{
  "code": 200,
  "result": [
    -0.47388515910593176,
    1.80319927,
    0,
    0.03978287,
    1.84298214,
    0,
    100461.048600507,
    "BTC-SWAP",
    0.47,
    -47607,
    0.87271107,
    57156.1,
    0.03978287,
    -251153,
    150691,
    1.80319927
  ],
  "time": 1616475310215
}