{
  "code": 200,
  "result": [
    -0.47387650804604126,
    1.80341185,
    0,
    0.04037841,
    1.84379026,
    0,
    100462.88261112654,
    "BTC-SWAP",
    0.47,
    -47607,
    0.87330661,
    57156.1,
    0.04037841,
    -251158,
    150694,
    1.80341185
  ],
  "time": 1616458389158
}