{
  "code": 200,
  "result": [
    -0.47327413389369416,
    1.80341185,
    0,
    0.0385368,
    1.84194865,
    0,
    100590.7498225825,
    "BTC-SWAP",
    0.47,
    -47607,
    0.87146499,
    57156.1,
    0.0385368,
    -251477,
    150886,
    1.80341185
  ],
  "time": 1616470150330
}