{
  "code": 200,
  "result": [
    -0.4276896255771093,
    1.80312123,
    0,
    -0.00922726,
    1.7938939699999998,
    0,
    104089.50167993666,
    "BTC-SWAP",
    0.42,
    -44518,
    0.76635066,
    57399.7,
    -0.00922726,
    -260224,
    156134,
    1.80312122
  ],
  "time": 1616408111780
}