{
  "code": 200,
  "result": [
    -0.4314358873341691,
    1.8035577,
    0,
    0.00424798,
    1.80780568,
    0,
    103185.66745820692,
    "BTC-SWAP",
    0.43,
    -44518,
    0.77982591,
    57399.7,
    0.00424798,
    -257965,
    154778,
    1.80355769
  ],
  "time": 1616429771305
}