{
  "code": 200,
  "result": [
    -0.4431573110172157,
    1.80345486,
    0,
    0.04233313,
    1.84578799,
    0,
    100456.42685621984,
    "BTC-SWAP",
    0.44,
    -44518,
    0.81791107,
    57399.7,
    0.04233313,
    -251142,
    150684,
    1.80345485
  ],
  "time": 1616452812709
}