{
  "code": 200,
  "result": [
    -0.44563117223821924,
    1.80345486,
    0,
    0.05166354,
    1.8551184,
    0,
    99898.756580256,
    "BTC-SWAP",
    0.44,
    -44518,
    0.82724147,
    57399.7,
    0.05166354,
    -249747,
    149848,
    1.80345485
  ],
  "time": 1616450589593
}