{
  "code": 200,
  "result": [
    -0.42742405755794255,
    1.80312123,
    0,
    -0.01028645,
    1.79283478,
    0,
    104154.17478920227,
    "BTC-SWAP",
    0.42,
    -44518,
    0.76529147,
    57399.7,
    -0.01028645,
    -260386,
    156231,
    1.80312122
  ],
  "time": 1616410211351
}