{
  "code": 200,
  "result": [
    -0.47326114135875613,
    1.80319927,
    0,
    0.03909389,
    1.8422931599999999,
    0,
    100593.5113610172,
    "BTC-SWAP",
    0.47,
    -47607,
    0.87202209,
    57156.1,
    0.03909389,
    -251484,
    150890,
    1.80319927
  ],
  "time": 1616473089923
}