{
  "code": 200,
  "result": [
    -0.44349842343886514,
    1.80345486,
    0,
    0.0414295,
    1.84488436,
    0,
    100379.1617900456,
    "BTC-SWAP",
    0.44,
    -44518,
    0.81700743,
    57399.7,
    0.0414295,
    -250948,
    150568,
    1.80345485
  ],
  "time": 1616451190208
}