{
  "code": 200,
  "result": [
    -0.4721232119194169,
    1.80341185,
    0,
    0.03547989,
    1.83889174,
    0,
    100835.96569305233,
    "BTC-SWAP",
    0.47,
    -47607,
    0.86840809,
    57156.1,
    0.03547989,
    -252090,
    151253,
    1.80341185
  ],
  "time": 1616462771758
}