{
  "code": 200,
  "result": [
    -0.4731331767961576,
    1.80341185,
    0,
    0.03812541,
    1.84153726,
    0,
    100620.71808697273,
    "BTC-SWAP",
    0.47,
    -47607,
    0.87105361,
    57156.1,
    0.03812541,
    -251552,
    150931,
    1.80341185
  ],
  "time": 1616468830667
}