{
  "code": 200,
  "result": [
    -0.43025381413610925,
    1.8035577,
    0,
    -0.00065508,
    1.80290262,
    0,
    103469.1582906384,
    "BTC-SWAP",
    0.42,
    -44518,
    0.77492284,
    57399.7,
    -0.00065508,
    -258673,
    155203,
    1.80355769
  ],
  "time": 1616415190063
}