{
  "code": 200,
  "result": [
    -0.4287763521679943,
    1.80312123,
    0,
    -0.00591095,
    1.7972102799999998,
    0,
    103825.68855513252,
    "BTC-SWAP",
    0.42,
    -44518,
    0.76966698,
    57399.7,
    -0.00591095,
    -259565,
    155738,
    1.80312122
  ],
  "time": 1616413450104
}