{
  "code": 200,
  "result": [
    -0.43109379283760285,
    1.8035577,
    0,
    0.00377289,
    1.80733059,
    0,
    103267.5504487497,
    "BTC-SWAP",
    0.43,
    -44518,
    0.77935082,
    57399.7,
    0.00377289,
    -258169,
    154901,
    1.80355769
  ],
  "time": 1616435710152
}