{
  "code": 200,
  "result": [
    -0.4726358546670522,
    1.80341185,
    0,
    0.03728791,
    1.8406997600000001,
    0,
    100726.59433240988,
    "BTC-SWAP",
    0.47,
    -47607,
    0.87021611,
    57156.1,
    0.03728791,
    -251817,
    151089,
    1.80341185
  ],
  "time": 1616462410972
}