{
  "code": 200,
  "result": [
    -0.43110975509601945,
    1.8035577,
    0,
    0.00385612,
    1.80741382,
    0,
    103263.72686715166,
    "BTC-SWAP",
    0.43,
    -44518,
    0.77943406,
    57399.7,
    0.00385612,
    -258160,
    154895,
    1.80355769
  ],
  "time": 1616428150244
}