{
  "code": 200,
  "result": [
    -0.4343944333491478,
    1.8035577,
    0,
    0.01258004,
    1.81613774,
    0,
    102482.89706838467,
    "BTC-SWAP",
    0.43,
    -44518,
    0.78815797,
    57399.7,
    0.01258004,
    -256208,
    153724,
    1.80355769
  ],
  "time": 1616430913422
}