{
  "code": 200,
  "result": [
    -0.4333452074401653,
    1.8035577,
    0,
    0.01014568,
    1.81370338,
    0,
    102731.03114021834,
    "BTC-SWAP",
    0.43,
    -44518,
    0.78572361,
    57399.7,
    0.01014568,
    -256828,
    154096,
    1.80355769
  ],
  "time": 1616431930615
}