{
  "code": 200,
  "result": [
    -0.4766236769245558,
    1.80341185,
    0,
    0.05044966,
    1.85386151,
    0.02692037,
    99883.833524988,
    "BTC-SWAP",
    0.48,
    -47607,
    0.88337786,
    57156.1,
    0.05044966,
    -249710,
    149825,
    1.77649148
  ],
  "time": 1616457850099
}