{
  "code": 200,
  "result": [
    -0.4289297561533263,
    1.8035577,
    0,
    -0.00413975,
    1.79941795,
    0,
    103788.55596133201,
    "BTC-SWAP",
    0.42,
    -44518,
    0.77143817,
    57399.7,
    -0.00413975,
    -259472,
    155682,
    1.80355769
  ],
  "time": 1616414772426
}