{
  "code": 200,
  "result": [
    -0.4731032720441327,
    1.80319927,
    0,
    0.03854956,
    1.84174883,
    0,
    100627.078300061,
    "BTC-SWAP",
    0.47,
    -47607,
    0.87147776,
    57156.1,
    0.03854956,
    -251568,
    150940,
    1.80319927
  ],
  "time": 1616472429533
}