{
  "code": 200,
  "result": [
    -0.4314907664241626,
    1.8035577,
    0,
    0.00473595,
    1.80829365,
    0,
    103172.543804189,
    "BTC-SWAP",
    0.43,
    -44518,
    0.78031389,
    57399.7,
    0.00473595,
    -257932,
    154758,
    1.80355769
  ],
  "time": 1616426890579
}