{
  "code": 200,
  "result": [
    -0.4270474580142529,
    1.80312123,
    0,
    -0.01076634,
    1.79235489,
    0,
    104246.02503666979,
    "BTC-SWAP",
    0.42,
    -44518,
    0.76481158,
    57399.7,
    -0.01076634,
    -260616,
    156369,
    1.80312122
  ],
  "time": 1616409190580
}