{
  "code": 200,
  "result": [
    -0.4728564487782523,
    1.80341185,
    0,
    0.0385033,
    1.84191515,
    0,
    100679.60397495916,
    "BTC-SWAP",
    0.47,
    -47607,
    0.8714315,
    57156.1,
    0.0385033,
    -251700,
    151019,
    1.80341185
  ],
  "time": 1616460309983
}