{
  "code": 200,
  "result": [
    -0.43094658083152165,
    1.8035577,
    0,
    0.00235653,
    1.80591423,
    0,
    103302.8268007173,
    "BTC-SWAP",
    0.43,
    -44518,
    0.77793446,
    57399.7,
    0.00235653,
    -258258,
    154954,
    1.80355769
  ],
  "time": 1616424430375
}