{
  "code": 200,
  "result": [
    -0.42978353081146764,
    1.80312123,
    0,
    -0.00190754,
    1.80121369,
    0,
    103582.37765869309,
    "BTC-SWAP",
    0.42,
    -44518,
    0.77367038,
    57399.7,
    -0.00190754,
    -258956,
    155373,
    1.80312122
  ],
  "time": 1616402111222
}