{
  "code": 200,
  "result": [
    -0.4436580812251237,
    1.80345486,
    0,
    0.04371194,
    1.8471667999999999,
    0,
    100343.03866857867,
    "BTC-SWAP",
    0.44,
    -44518,
    0.81928988,
    57399.7,
    0.04371194,
    -250858,
    150514,
    1.80345485
  ],
  "time": 1616457371585
}