{
  "code": 200,
  "result": [
    -0.4414828489006244,
    1.80345486,
    0,
    0.03558203,
    1.83903689,
    0,
    100837.43934981443,
    "BTC-SWAP",
    0.44,
    -44518,
    0.81115996,
    57399.7,
    0.03558203,
    -252094,
    151256,
    1.80345485
  ],
  "time": 1616454429377
}