{
  "code": 200,
  "result": [
    -0.4326275766189833,
    1.8035577,
    0,
    0.0086743,
    1.812232,
    0,
    102901.43857197334,
    "BTC-SWAP",
    0.43,
    -44518,
    0.78425224,
    57399.7,
    0.0086743,
    -257254,
    154352,
    1.80355769
  ],
  "time": 1616430549887
}