{
  "code": 200,
  "result": [
    -0.44364482819612755,
    1.80345486,
    0,
    0.04384012,
    1.84729498,
    0,
    100346.03622228946,
    "BTC-SWAP",
    0.44,
    -44518,
    0.81941806,
    57399.7,
    0.04384012,
    -250866,
    150519,
    1.80345485
  ],
  "time": 1616452989720
}