{
  "code": 200,
  "result": [
    -0.43113872966333644,
    1.8035577,
    0,
    0.0032684,
    1.8068261,
    0,
    103256.78705497601,
    "BTC-SWAP",
    0.43,
    -44518,
    0.77884633,
    57399.7,
    0.0032684,
    -258142,
    154885,
    1.80355769
  ],
  "time": 1616434691311
}