{
  "code": 200,
  "result": [
    -0.4425823913228249,
    1.80345486,
    0,
    0.04061315,
    1.84406801,
    0,
    100586.9209277421,
    "BTC-SWAP",
    0.44,
    -44518,
    0.81619108,
    57399.7,
    0.04061315,
    -251468,
    150880,
    1.80345485
  ],
  "time": 1616455870836
}