{
  "code": 200,
  "result": [
    -0.4312297865997987,
    1.8035577,
    0,
    0.00424934,
    1.8078070400000001,
    0,
    103234.9837218336,
    "BTC-SWAP",
    0.43,
    -44518,
    0.77982728,
    57399.7,
    0.00424934,
    -258088,
    154852,
    1.80355769
  ],
  "time": 1616428451120
}