{
  "code": 200,
  "result": [
    -0.43054144377094467,
    1.80312123,
    0,
    2.535e-05,
    1.80314658,
    0,
    103400.03417576759,
    "BTC-SWAP",
    0.43,
    -44518,
    0.77560328,
    57399.7,
    2.535e-05,
    -258501,
    155100,
    1.80312122
  ],
  "time": 1616407090592
}