{
  "code": 200,
  "result": [
    -0.44179325460404445,
    1.80345486,
    0,
    0.03725562,
    1.84071048,
    0,
    100766.5905625904,
    "BTC-SWAP",
    0.44,
    -44518,
    0.81283356,
    57399.7,
    0.03725562,
    -251917,
    151149,
    1.80345485
  ],
  "time": 1616449750775
}