{
  "code": 200,
  "result": [
    -0.4317856175009197,
    1.8035577,
    0,
    0.00524372,
    1.80880142,
    0,
    103102.09093498853,
    "BTC-SWAP",
    0.43,
    -44518,
    0.78082165,
    57399.7,
    0.00524372,
    -257756,
    154653,
    1.80355769
  ],
  "time": 1616436611374
}