{
  "code": 200,
  "result": [
    -0.43153916358544986,
    1.8035577,
    0,
    0.00424661,
    1.80780431,
    0,
    103160.97299286003,
    "BTC-SWAP",
    0.43,
    -44518,
    0.77982454,
    57399.7,
    0.00424661,
    -257903,
    154741,
    1.80355769
  ],
  "time": 1616436250663
}