{
  "code": 200,
  "result": [
    -0.44293892187230843,
    1.80345486,
    0,
    0.04134104,
    1.8447959,
    0,
    100505.95646872,
    "BTC-SWAP",
    0.44,
    -44518,
    0.81691898,
    57399.7,
    0.04134104,
    -251265,
    150758,
    1.80345485
  ],
  "time": 1616452629992
}