{
  "code": 200,
  "result": [
    -0.4314212338952526,
    1.8035577,
    0,
    0.004442,
    1.8079997,
    0,
    103189.17221123334,
    "BTC-SWAP",
    0.43,
    -44518,
    0.78001993,
    57399.7,
    0.004442,
    -257973,
    154783,
    1.80355769
  ],
  "time": 1616422872349
}