{
  "code": 200,
  "result": [
    -0.44128795535652326,
    1.80345486,
    0,
    0.03628765,
    1.83974251,
    0,
    100881.97391209834,
    "BTC-SWAP",
    0.44,
    -44518,
    0.81186558,
    57399.7,
    0.03628765,
    -252205,
    151322,
    1.80345485
  ],
  "time": 1616447410633
}