{
  "code": 200,
  "result": [
    -0.4719683126997619,
    1.80341185,
    0,
    0.03335136,
    1.83676321,
    0,
    100869.05989022346,
    "BTC-SWAP",
    0.47,
    -47607,
    0.86627956,
    57156.1,
    0.03335136,
    -252173,
    151303,
    1.80341185
  ],
  "time": 1616466489796
}