{
  "code": 200,
  "result": [
    -0.43053169162340754,
    1.80312123,
    0,
    -0.00021509,
    1.80290614,
    0,
    103402.37633177666,
    "BTC-SWAP",
    0.43,
    -44518,
    0.77536283,
    57399.7,
    -0.00021509,
    -258506,
    155103,
    1.80312122
  ],
  "time": 1616407330488
}