{
  "code": 200,
  "result": [
    -0.47337584168107155,
    1.80341185,
    0,
    0.03823221,
    1.8416440600000001,
    0,
    100569.13726508747,
    "BTC-SWAP",
    0.47,
    -47607,
    0.87116041,
    57156.1,
    0.03823221,
    -251423,
    150853,
    1.80341185
  ],
  "time": 1616470212717
}