{
  "code": 200,
  "result": [
    -0.4331966156355804,
    1.8035577,
    0,
    0.00996267,
    1.81352037,
    0,
    102766.2691562901,
    "BTC-SWAP",
    0.43,
    -44518,
    0.7855406,
    57399.7,
    0.00996267,
    -256916,
    154149,
    1.80355769
  ],
  "time": 1616432650941
}