{
  "code": 200,
  "result": [
    -0.4315339374012911,
    1.8035577,
    0,
    0.00503423,
    1.80859193,
    0,
    103162.22234591463,
    "BTC-SWAP",
    0.43,
    -44518,
    0.78061217,
    57399.7,
    0.00503423,
    -257906,
    154743,
    1.80355769
  ],
  "time": 1616436491591
}