{
  "code": 200,
  "result": [
    -0.47494932382931526,
    1.80319927,
    0,
    0.04434043,
    1.8475397,
    0,
    100235.956998875,
    "BTC-SWAP",
    0.47,
    -47607,
    0.87726863,
    57156.1,
    0.04434043,
    -250590,
    150353,
    1.80319927
  ],
  "time": 1616474471023
}