{
  "code": 200,
  "result": [
    -0.42939831089475766,
    1.8035577,
    0,
    -0.00277783,
    1.80077987,
    0,
    103675.30302398192,
    "BTC-SWAP",
    0.42,
    -44518,
    0.7728001,
    57399.7,
    -0.00277783,
    -259189,
    155512,
    1.80355769
  ],
  "time": 1616415011866
}