{
  "code": 200,
  "result": [
    -0.42773159782840486,
    1.80312123,
    0,
    -0.00912039,
    1.7940008399999998,
    0,
    104079.28763275399,
    "BTC-SWAP",
    0.42,
    -44518,
    0.76645753,
    57399.7,
    -0.00912039,
    -260199,
    156118,
    1.80312122
  ],
  "time": 1616411890800
}