{
  "code": 200,
  "result": [
    -0.473410407286583,
    1.80341185,
    0,
    0.0384682,
    1.84188005,
    0,
    100561.79430626817,
    "BTC-SWAP",
    0.47,
    -47607,
    0.8713964,
    57156.1,
    0.0384682,
    -251405,
    150842,
    1.80341185
  ],
  "time": 1616469910318
}