{
  "code": 200,
  "result": [
    -0.437642987739218,
    1.80345486,
    0,
    0.02436169,
    1.82781655,
    0,
    101722.18280012134,
    "BTC-SWAP",
    0.43,
    -44518,
    0.79993962,
    57399.7,
    0.02436169,
    -254306,
    152583,
    1.80345485
  ],
  "time": 1616443929768
}