{
  "code": 200,
  "result": [
    -0.4737103091431891,
    1.80341185,
    0,
    0.03829757,
    1.84170942,
    0,
    100498.1295131784,
    "BTC-SWAP",
    0.47,
    -47607,
    0.87122577,
    57156.1,
    0.03829757,
    -251246,
    150747,
    1.80341185
  ],
  "time": 1616459411529
}