{
  "code": 200,
  "result": [
    -0.4316040728714764,
    1.8035577,
    0,
    0.00489738,
    1.80845508,
    0,
    103145.45853059321,
    "BTC-SWAP",
    0.43,
    -44518,
    0.78047531,
    57399.7,
    0.00489738,
    -257864,
    154718,
    1.80355769
  ],
  "time": 1616421371815
}