{
  "code": 200,
  "result": [
    -0.43573174785950924,
    1.8035577,
    0,
    0.01809946,
    1.82165716,
    0,
    102168.36440927346,
    "BTC-SWAP",
    0.43,
    -44518,
    0.79367739,
    57399.7,
    0.01809946,
    -255421,
    153252,
    1.80355769
  ],
  "time": 1616442729520
}