{
  "code": 200,
  "result": [
    -0.4315313791799606,
    1.8035577,
    0,
    0.00516566,
    1.8087233600000001,
    0,
    103162.8339162672,
    "BTC-SWAP",
    0.43,
    -44518,
    0.78074359,
    57399.7,
    0.00516566,
    -257908,
    154744,
    1.80355769
  ],
  "time": 1616422930271
}