{
  "code": 200,
  "result": [
    -0.4328052983758416,
    1.8035577,
    0,
    0.00859003,
    1.81214773,
    0,
    102859.18441169646,
    "BTC-SWAP",
    0.43,
    -44518,
    0.78416797,
    57399.7,
    0.00859003,
    -257148,
    154288,
    1.80355769
  ],
  "time": 1616430790377
}