{
  "code": 200,
  "result": [
    -0.43099692800291023,
    1.8035577,
    0,
    0.00241635,
    1.80597405,
    0,
    103290.75941743,
    "BTC-SWAP",
    0.43,
    -44518,
    0.77799428,
    57399.7,
    0.00241635,
    -258227,
    154936,
    1.80355769
  ],
  "time": 1616417711123
}