{
  "code": 200,
  "result": [
    -0.43311411606503375,
    1.8035577,
    0,
    0.00989059,
    1.81344829,
    0,
    102785.84407374857,
    "BTC-SWAP",
    0.43,
    -44518,
    0.78546853,
    57399.7,
    0.00989059,
    -256965,
    154178,
    1.80355769
  ],
  "time": 1616432172639
}