{
  "code": 200,
  "result": [
    -0.42871224205299285,
    1.80312123,
    0,
    -0.0056061,
    1.7975151299999998,
    0,
    103841.2147663774,
    "BTC-SWAP",
    0.42,
    -44518,
    0.76997182,
    57399.7,
    -0.0056061,
    -259604,
    155761,
    1.80312122
  ],
  "time": 1616413090308
}