{
  "code": 200,
  "result": [
    -0.43360724248319216,
    1.8035577,
    0,
    0.0106244,
    1.8141821,
    0,
    102668.94931240832,
    "BTC-SWAP",
    0.43,
    -44518,
    0.78620234,
    57399.7,
    0.0106244,
    -256673,
    154003,
    1.80355769
  ],
  "time": 1616438349789
}