{
  "code": 200,
  "result": [
    -0.4275080781622532,
    1.80312123,
    0,
    -0.01021672,
    1.7929045099999998,
    0,
    104133.7047743551,
    "BTC-SWAP",
    0.42,
    -44518,
    0.7653612,
    57399.7,
    -0.01021672,
    -260335,
    156200,
    1.80312122
  ],
  "time": 1616410571039
}