{
  "code": 200,
  "result": [
    -0.4729726673271964,
    1.80341185,
    0,
    0.03844428,
    1.84185613,
    0,
    100654.86504543843,
    "BTC-SWAP",
    0.47,
    -47607,
    0.87137248,
    57156.1,
    0.03844428,
    -251638,
    150982,
    1.80341185
  ],
  "time": 1616461989664
}