{
  "code": 200,
  "result": [
    -0.44387397041170024,
    1.80345486,
    0,
    0.04625591,
    1.84971077,
    0,
    100294.23432671404,
    "BTC-SWAP",
    0.44,
    -44518,
    0.82183384,
    57399.7,
    0.04625591,
    -250736,
    150441,
    1.80345485
  ],
  "time": 1616452150467
}