{
  "code": 200,
  "result": [
    -0.4324519677905514,
    1.8035577,
    0,
    0.00781039,
    1.81136809,
    0,
    102943.22448675113,
    "BTC-SWAP",
    0.43,
    -44518,
    0.78338832,
    57399.7,
    0.00781039,
    -257359,
    154414,
    1.80355769
  ],
  "time": 1616433790527
}