{
  "code": 200,
  "result": [
    -0.471516659817608,
    1.80341185,
    0,
    0.03347433,
    1.83688618,
    0,
    100965.6795974406,
    "BTC-SWAP",
    0.47,
    -47607,
    0.86640253,
    57156.1,
    0.03347433,
    -252415,
    151448,
    1.80341185
  ],
  "time": 1616466310598
}