{
  "code": 200,
  "result": [
    -0.44252035639820836,
    1.80345486,
    0,
    0.04233915,
    1.84579401,
    0,
    100601.0217526351,
    "BTC-SWAP",
    0.44,
    -44518,
    0.81791708,
    57399.7,
    0.04233915,
    -251503,
    150901,
    1.80345485
  ],
  "time": 1616451489703
}