{
  "code": 200,
  "result": [
    -0.47215642825945675,
    1.80341185,
    0,
    0.03501917,
    1.83843102,
    0,
    100828.871853968,
    "BTC-SWAP",
    0.47,
    -47607,
    0.86794736,
    57156.1,
    0.03501917,
    -252073,
    151243,
    1.80341185
  ],
  "time": 1616463489881
}