{
  "code": 200,
  "result": [
    -0.43323099741760807,
    1.8035577,
    0,
    0.01040092,
    1.81395862,
    0,
    102758.11348994353,
    "BTC-SWAP",
    0.43,
    -44518,
    0.78597886,
    57399.7,
    0.01040092,
    -256896,
    154137,
    1.80355769
  ],
  "time": 1616438110784
}