{
  "code": 200,
  "result": [
    -0.4720056304785462,
    1.80341185,
    0,
    0.035016,
    1.83842785,
    0,
    100861.08496573083,
    "BTC-SWAP",
    0.47,
    -47607,
    0.8679442,
    57156.1,
    0.035016,
    -252153,
    151291,
    1.80341185
  ],
  "time": 1616462829656
}