{
  "code": 200,
  "result": [
    -0.4738247364971324,
    1.80319927,
    0,
    0.0405787,
    1.8437779699999999,
    0,
    100473.85949485589,
    "BTC-SWAP",
    0.47,
    -47607,
    0.8735069,
    57156.1,
    0.0405787,
    -251185,
    150710,
    1.80319927
  ],
  "time": 1616475130517
}