{
  "code": 200,
  "result": [
    -0.43618335309388434,
    1.80345486,
    0,
    0.0192359,
    1.82269076,
    0,
    102062.58373738972,
    "BTC-SWAP",
    0.43,
    -44518,
    0.79481383,
    57399.7,
    0.0192359,
    -255157,
    153093,
    1.80345485
  ],
  "time": 1616444230674
}