{
  "code": 200,
  "result": [
    -0.47166502160742324,
    1.80341185,
    0,
    0.03318746,
    1.83659931,
    0,
    100933.9209376953,
    "BTC-SWAP",
    0.47,
    -47607,
    0.86611566,
    57156.1,
    0.03318746,
    -252335,
    151400,
    1.80341185
  ],
  "time": 1616466189817
}