{
  "code": 200,
  "result": [
    -0.43127081017631613,
    1.8035577,
    0,
    0.0043887,
    1.8079464,
    0,
    103225.163747576,
    "BTC-SWAP",
    0.43,
    -44518,
    0.77996664,
    57399.7,
    0.0043887,
    -258063,
    154837,
    1.80355769
  ],
  "time": 1616436971323
}