{
  "code": 200,
  "result": [
    -0.43129437721132924,
    1.8035577,
    0,
    0.00419334,
    1.80775104,
    0,
    103219.5232589056,
    "BTC-SWAP",
    0.43,
    -44518,
    0.77977127,
    57399.7,
    0.00419334,
    -258049,
    154829,
    1.80355769
  ],
  "time": 1616436191526
}