{
  "code": 200,
  "result": [
    -0.44463287894596865,
    1.80345486,
    0,
    0.04778502,
    1.85123988,
    0,
    100123.05006668161,
    "BTC-SWAP",
    0.44,
    -44518,
    0.82336295,
    57399.7,
    0.04778502,
    -250308,
    150184,
    1.80345485
  ],
  "time": 1616450651420
}