{
  "code": 200,
  "result": [
    -0.433156575650339,
    1.8035577,
    0,
    0.01027328,
    1.81383098,
    0,
    102775.76863091807,
    "BTC-SWAP",
    0.43,
    -44518,
    0.78585121,
    57399.7,
    0.01027328,
    -256940,
    154163,
    1.80355769
  ],
  "time": 1616420590409
}