{
  "code": 200,
  "result": [
    -0.4285488323742142,
    1.80312123,
    0,
    -0.00625278,
    1.7968684499999998,
    0,
    103880.810392983,
    "BTC-SWAP",
    0.42,
    -44518,
    0.76932515,
    57399.7,
    -0.00625278,
    -259703,
    155821,
    1.80312122
  ],
  "time": 1616413029901
}