{
  "code": 200,
  "result": [
    -0.43121271576387404,
    1.8035577,
    0,
    0.00407453,
    1.80763223,
    0,
    103239.07058524087,
    "BTC-SWAP",
    0.43,
    -44518,
    0.77965246,
    57399.7,
    0.00407453,
    -258098,
    154858,
    1.80355769
  ],
  "time": 1616426650771
}