{
  "code": 200,
  "result": [
    -0.4315282627863143,
    1.80312123,
    0,
    0.00314851,
    1.8062697399999998,
    0,
    103163.5789335184,
    "BTC-SWAP",
    0.43,
    -44518,
    0.77872644,
    57399.7,
    0.00314851,
    -257909,
    154745,
    1.80312122
  ],
  "time": 1616403672318
}