{
  "code": 200,
  "result": [
    -0.43345144222427795,
    1.8035577,
    0,
    0.01098557,
    1.8145432700000002,
    0,
    102705.85275147231,
    "BTC-SWAP",
    0.43,
    -44518,
    0.7865635,
    57399.7,
    0.01098557,
    -256765,
    154058,
    1.80355769
  ],
  "time": 1616439011634
}