{
  "code": 200,
  "result": [
    -0.47276396995383646,
    1.80341185,
    0,
    0.03784978,
    1.84126163,
    0,
    100699.2982241194,
    "BTC-SWAP",
    0.47,
    -47607,
    0.87077798,
    57156.1,
    0.03784978,
    -251749,
    151048,
    1.80341185
  ],
  "time": 1616462111132
}