{
  "code": 200,
  "result": [
    -0.43010293026433905,
    1.8035577,
    0,
    -0.00071308,
    1.8028446200000001,
    0,
    103505.45617682602,
    "BTC-SWAP",
    0.42,
    -44518,
    0.77486484,
    57399.7,
    -0.00071308,
    -258764,
    155258,
    1.80355769
  ],
  "time": 1616419212053
}