{
  "code": 200,
  "result": [
    -0.4329513895678799,
    1.8035577,
    0,
    0.00988366,
    1.8134413600000001,
    0,
    102824.47654096347,
    "BTC-SWAP",
    0.43,
    -44518,
    0.7854616,
    57399.7,
    0.00988366,
    -257062,
    154236,
    1.80355769
  ],
  "time": 1616432712345
}