{
  "code": 200,
  "result": [
    -0.42771412007030923,
    1.80312123,
    0,
    -0.00855783,
    1.7945634,
    0,
    104083.54064318,
    "BTC-SWAP",
    0.42,
    -44518,
    0.76702009,
    57399.7,
    -0.00855783,
    -260209,
    156125,
    1.80312122
  ],
  "time": 1616410690126
}