{
  "code": 200,
  "result": [
    -0.437079112388021,
    1.8035577,
    0,
    0.0224545,
    1.8260122,
    0,
    101853.41449233734,
    "BTC-SWAP",
    0.43,
    -44518,
    0.79803243,
    57399.7,
    0.0224545,
    -254634,
    152780,
    1.80355769
  ],
  "time": 1616441771162
}