{
  "code": 200,
  "result": [
    -0.47065762646271825,
    1.80341185,
    0,
    0.0298191,
    1.8332309500000001,
    0,
    101149.95980793067,
    "BTC-SWAP",
    0.47,
    -47607,
    0.8627473,
    57156.1,
    0.0298191,
    -252875,
    151724,
    1.80341185
  ],
  "time": 1616464749651
}