{
  "code": 200,
  "result": [
    -0.43356354153948895,
    1.8035577,
    0,
    0.01153072,
    1.8150884200000001,
    0,
    102679.29780702121,
    "BTC-SWAP",
    0.43,
    -44518,
    0.78710866,
    57399.7,
    0.01153072,
    -256699,
    154018,
    1.80355769
  ],
  "time": 1616438412547
}