{
  "code": 200,
  "result": [
    -0.4425553170533896,
    1.80345486,
    0,
    0.04129008,
    1.84474494,
    0,
    100593.07454807819,
    "BTC-SWAP",
    0.44,
    -44518,
    0.81686801,
    57399.7,
    0.04129008,
    -251483,
    150889,
    1.80345485
  ],
  "time": 1616446871524
}