{
  "code": 200,
  "result": [
    -0.4306040798698543,
    1.8035577,
    0,
    0.00056218,
    1.80411988,
    0,
    103384.99350367306,
    "BTC-SWAP",
    0.43,
    -44518,
    0.77614011,
    57399.7,
    0.00056218,
    -258463,
    155077,
    1.80355769
  ],
  "time": 1616418971279
}