{
  "code": 200,
  "result": [
    -0.4340417595442278,
    1.8035577,
    0,
    0.01369932,
    1.81725702,
    0,
    102566.167934502,
    "BTC-SWAP",
    0.43,
    -44518,
    0.78927726,
    57399.7,
    0.01369932,
    -256416,
    153849,
    1.80355769
  ],
  "time": 1616431271745
}