{
  "code": 200,
  "result": [
    -0.4336386842255124,
    1.8035577,
    0,
    0.01203204,
    1.81558974,
    0,
    102661.5051180456,
    "BTC-SWAP",
    0.43,
    -44518,
    0.78760997,
    57399.7,
    0.01203204,
    -256654,
    153992,
    1.80355769
  ],
  "time": 1616438829915
}