{
  "code": 200,
  "result": [
    -0.4330646006948001,
    1.8035577,
    0,
    0.00983516,
    1.81339286,
    0,
    102797.59631375139,
    "BTC-SWAP",
    0.43,
    -44518,
    0.7854131,
    57399.7,
    0.00983516,
    -256994,
    154196,
    1.80355769
  ],
  "time": 1616432892027
}