{
  "code": 200,
  "result": [
    -0.43130216789680836,
    1.8035577,
    0,
    0.00425071,
    1.80780841,
    0,
    103217.65878684663,
    "BTC-SWAP",
    0.43,
    -44518,
    0.77982864,
    57399.7,
    0.00425071,
    -258045,
    154826,
    1.80355769
  ],
  "time": 1616426830124
}