{
  "code": 200,
  "result": [
    -0.4737354791335725,
    1.80319927,
    0,
    0.04049697,
    1.8436962399999999,
    0,
    100492.78995753013,
    "BTC-SWAP",
    0.47,
    -47607,
    0.87342517,
    57156.1,
    0.04049697,
    -251232,
    150739,
    1.80319927
  ],
  "time": 1616475190196
}