{
  "code": 200,
  "result": [
    -0.4347658951750164,
    1.8035577,
    0,
    0.01598264,
    1.81954034,
    0,
    102395.33618909813,
    "BTC-SWAP",
    0.43,
    -44518,
    0.79156057,
    57399.7,
    0.01598264,
    -255989,
    153593,
    1.80355769
  ],
  "time": 1616431092071
}