{
  "code": 200,
  "result": [
    -0.4308229852937159,
    1.80312123,
    0,
    0.00125696,
    1.80437819,
    0,
    103332.46256498969,
    "BTC-SWAP",
    0.43,
    -44518,
    0.7768349,
    57399.7,
    0.00125696,
    -258332,
    154998,
    1.80312122
  ],
  "time": 1616402471927
}