{
  "code": 200,
  "result": [
    -0.4308409121310756,
    1.80312123,
    0,
    0.00160007,
    1.8047213,
    0,
    103328.163009868,
    "BTC-SWAP",
    0.43,
    -44518,
    0.77717801,
    57399.7,
    0.00160007,
    -258321,
    154992,
    1.80312122
  ],
  "time": 1616403550758
}