{
  "code": 200,
  "result": [
    -0.4716913740054915,
    1.80341185,
    0,
    0.03377718,
    1.83718903,
    0,
    100928.28197330094,
    "BTC-SWAP",
    0.47,
    -47607,
    0.86670538,
    57156.1,
    0.03377718,
    -252321,
    151392,
    1.80341185
  ],
  "time": 1616463249618
}