{
  "code": 200,
  "result": [
    -0.4717771827661884,
    1.80341185,
    0,
    0.03239874,
    1.8358105900000001,
    0,
    100909.92472519365,
    "BTC-SWAP",
    0.47,
    -47607,
    0.86532694,
    57156.1,
    0.03239874,
    -252275,
    151364,
    1.80341185
  ],
  "time": 1616465350176
}