{
  "code": 200,
  "result": [
    -0.47313250893848324,
    1.80319927,
    0,
    0.03905077,
    1.84225004,
    0,
    100620.8601197384,
    "BTC-SWAP",
    0.47,
    -47607,
    0.87197897,
    57156.1,
    0.03905077,
    -251553,
    150931,
    1.80319927
  ],
  "time": 1616473032010
}