{
  "code": 200,
  "result": [
    -0.47155008842308266,
    1.80341185,
    0,
    0.03306457,
    1.83647642,
    0,
    100958.52205054874,
    "BTC-SWAP",
    0.47,
    -47607,
    0.86599277,
    57156.1,
    0.03306457,
    -252397,
    151437,
    1.80341185
  ],
  "time": 1616466849787
}