{
  "code": 200,
  "result": [
    -0.47130900373176765,
    1.80341185,
    0,
    0.03273231,
    1.8361441600000001,
    0,
    101010.1645057776,
    "BTC-SWAP",
    0.47,
    -47607,
    0.86566051,
    57156.1,
    0.03273231,
    -252526,
    151515,
    1.80341185
  ],
  "time": 1616465530112
}