{
  "code": 200,
  "result": [
    -0.442744455045796,
    1.80345486,
    0,
    0.04099191,
    1.84444677,
    0,
    100550.1017407326,
    "BTC-SWAP",
    0.44,
    -44518,
    0.81656984,
    57399.7,
    0.04099191,
    -251376,
    150825,
    1.80345485
  ],
  "time": 1616455811675
}