{
  "code": 200,
  "result": [
    -0.4729108292032071,
    1.80341185,
    0,
    0.03746929,
    1.84088114,
    0,
    100668.02674028753,
    "BTC-SWAP",
    0.47,
    -47607,
    0.87039749,
    57156.1,
    0.03746929,
    -251671,
    151002,
    1.80341185
  ],
  "time": 1616460609865
}