{
  "code": 200,
  "result": [
    -0.4430019983580035,
    1.80345486,
    0,
    0.04189908,
    1.84535394,
    0,
    100491.64600838581,
    "BTC-SWAP",
    0.44,
    -44518,
    0.81747701,
    57399.7,
    0.04189908,
    -251230,
    150737,
    1.80345485
  ],
  "time": 1616453649773
}