{
  "code": 200,
  "result": [
    -0.43169777474764964,
    1.8035577,
    0,
    0.00563971,
    1.8091974100000001,
    0,
    103123.07036102547,
    "BTC-SWAP",
    0.43,
    -44518,
    0.78121764,
    57399.7,
    0.00563971,
    -257808,
    154684,
    1.80355769
  ],
  "time": 1616429891957
}