{
  "code": 200,
  "result": [
    -0.44345680181994634,
    1.80345486,
    0,
    0.04269545,
    1.84615031,
    0,
    100388.58309828187,
    "BTC-SWAP",
    0.44,
    -44518,
    0.81827338,
    57399.7,
    0.04269545,
    -250972,
    150582,
    1.80345485
  ],
  "time": 1616452690647
}