{
  "code": 200,
  "result": [
    -0.4370184307787924,
    1.8035577,
    0,
    0.02308301,
    1.82664071,
    0,
    101867.55721186935,
    "BTC-SWAP",
    0.43,
    -44518,
    0.79866094,
    57399.7,
    0.02308301,
    -254669,
    152801,
    1.80355769
  ],
  "time": 1616441049961
}