{
  "code": 200,
  "result": [
    -0.47319646285497863,
    1.80341185,
    0,
    0.03866284,
    1.84207469,
    0,
    100607.26090970423,
    "BTC-SWAP",
    0.47,
    -47607,
    0.87159104,
    57156.1,
    0.03866284,
    -251519,
    150910,
    1.80341185
  ],
  "time": 1616461091172
}