{
  "code": 200,
  "result": [
    -0.43723829557004856,
    1.8035577,
    0,
    0.02308587,
    1.82664357,
    0,
    101816.3332238768,
    "BTC-SWAP",
    0.43,
    -44518,
    0.79866381,
    57399.7,
    0.02308587,
    -254541,
    152724,
    1.80355769
  ],
  "time": 1616441230144
}