{
  "code": 200,
  "result": [
    -0.43669067128999883,
    1.80345486,
    0,
    0.01997307,
    1.82342793,
    0,
    101944.0142114608,
    "BTC-SWAP",
    0.43,
    -44518,
    0.795551,
    57399.7,
    0.01997307,
    -254861,
    152916,
    1.80345485
  ],
  "time": 1616444112037
}