{
  "code": 200,
  "result": [
    -0.4270626624690287,
    1.80312123,
    0,
    -0.01109862,
    1.7920226099999998,
    0,
    104242.313628222,
    "BTC-SWAP",
    0.42,
    -44518,
    0.7644793,
    57399.7,
    -0.01109862,
    -260606,
    156363,
    1.80312122
  ],
  "time": 1616408710392
}