{
  "code": 200,
  "result": [
    -0.4290809326314218,
    1.80312123,
    0,
    -0.00493833,
    1.7981828999999998,
    0,
    103751.98852809599,
    "BTC-SWAP",
    0.42,
    -44518,
    0.77063959,
    57399.7,
    -0.00493833,
    -259380,
    155627,
    1.80312122
  ],
  "time": 1616414173477
}