{
  "code": 200,
  "result": [
    -0.4310436368676546,
    1.80312123,
    0,
    0.002294,
    1.80541523,
    0,
    103279.56659680043,
    "BTC-SWAP",
    0.43,
    -44518,
    0.77787193,
    57399.7,
    0.002294,
    -258199,
    154919,
    1.80312122
  ],
  "time": 1616406790521
}