{
  "code": 200,
  "result": [
    -0.4308668738870119,
    1.8035577,
    0,
    0.00174392,
    1.80530162,
    0,
    103321.93700199414,
    "BTC-SWAP",
    0.43,
    -44518,
    0.77732185,
    57399.7,
    0.00174392,
    -258305,
    154982,
    1.80355769
  ],
  "time": 1616419812534
}