{
  "code": 200,
  "result": [
    -0.47355948289488964,
    1.80319927,
    0,
    0.039292,
    1.84249127,
    0,
    100530.1376481289,
    "BTC-SWAP",
    0.47,
    -47607,
    0.8722202,
    57156.1,
    0.039292,
    -251326,
    150795,
    1.80319927
  ],
  "time": 1616472490254
}