{
  "code": 200,
  "result": [
    -0.47297417585847656,
    1.80341185,
    0,
    0.03827844,
    1.84169029,
    0,
    100654.5440109715,
    "BTC-SWAP",
    0.47,
    -47607,
    0.87120664,
    57156.1,
    0.03827844,
    -251637,
    150981,
    1.80341185
  ],
  "time": 1616462471422
}