{
  "code": 200,
  "result": [
    -0.4312096513562221,
    1.8035577,
    0,
    0.00332155,
    1.80687925,
    0,
    103239.80425759,
    "BTC-SWAP",
    0.43,
    -44518,
    0.77889948,
    57399.7,
    0.00332155,
    -258100,
    154859,
    1.80355769
  ],
  "time": 1616424311630
}