{
  "code": 200,
  "result": [
    -0.4359893441415451,
    1.8035577,
    0,
    0.01983092,
    1.82338862,
    0,
    102108.00011100067,
    "BTC-SWAP",
    0.43,
    -44518,
    0.79540886,
    57399.7,
    0.01983092,
    -255271,
    153162,
    1.80355769
  ],
  "time": 1616442490261
}