{
  "code": 200,
  "result": [
    -0.4433927108906711,
    1.80345486,
    0,
    0.04362751,
    1.84708237,
    0,
    100403.09393127791,
    "BTC-SWAP",
    0.44,
    -44518,
    0.81920545,
    57399.7,
    0.04362751,
    -251008,
    150604,
    1.80345485
  ],
  "time": 1616452089785
}