{
  "code": 200,
  "result": [
    -0.4730285187343065,
    1.80341185,
    0,
    0.03762367,
    1.8410355200000001,
    0,
    100642.98052765014,
    "BTC-SWAP",
    0.47,
    -47607,
    0.87055187,
    57156.1,
    0.03762367,
    -251608,
    150964,
    1.80341185
  ],
  "time": 1616461271238
}