{
  "code": 200,
  "result": [
    -0.44538222851269654,
    1.80345486,
    0,
    0.05006641,
    1.8535212699999999,
    0,
    99954.59439112067,
    "BTC-SWAP",
    0.44,
    -44518,
    0.82564434,
    57399.7,
    0.05006641,
    -249887,
    149931,
    1.80345485
  ],
  "time": 1616450771857
}