{
  "code": 200,
  "result": [
    -0.43305949342599614,
    1.8035577,
    0,
    0.00881525,
    1.81237295,
    0,
    102798.808652852,
    "BTC-SWAP",
    0.43,
    -44518,
    0.78439318,
    57399.7,
    0.00881525,
    -256998,
    154198,
    1.80355769
  ],
  "time": 1616420470934
}