{
  "code": 200,
  "result": [
    -0.43076621428378403,
    1.8035577,
    0,
    0.00294015,
    1.80649785,
    0,
    103346.080829524,
    "BTC-SWAP",
    0.43,
    -44518,
    0.77851809,
    57399.7,
    0.00294015,
    -258366,
    155019,
    1.80355769
  ],
  "time": 1616435829800
}