{
  "code": 200,
  "result": [
    -0.4310952138492798,
    1.80312123,
    0,
    0.00218256,
    1.80530379,
    0,
    103267.21004971411,
    "BTC-SWAP",
    0.43,
    -44518,
    0.7777605,
    57399.7,
    0.00218256,
    -258169,
    154900,
    1.80312122
  ],
  "time": 1616404571875
}