{
  "code": 200,
  "result": [
    -0.4715253027470743,
    1.80341185,
    0,
    0.03265834,
    1.83607019,
    0,
    100963.8289242271,
    "BTC-SWAP",
    0.47,
    -47607,
    0.86558653,
    57156.1,
    0.03265834,
    -252410,
    151445,
    1.80341185
  ],
  "time": 1616466371002
}