{
  "code": 200,
  "result": [
    -0.4310013775909495,
    1.8035577,
    0,
    0.0032357,
    1.8067934,
    0,
    103289.69306044934,
    "BTC-SWAP",
    0.43,
    -44518,
    0.77881363,
    57399.7,
    0.0032357,
    -258225,
    154934,
    1.80355769
  ],
  "time": 1616424671537
}