{
  "code": 200,
  "result": [
    -0.4335099528270147,
    1.8035577,
    0,
    0.01105089,
    1.81460859,
    0,
    102691.9905983432,
    "BTC-SWAP",
    0.43,
    -44518,
    0.78662882,
    57399.7,
    0.01105089,
    -256730,
    154037,
    1.80355769
  ],
  "time": 1616439129842
}