{
  "code": 200,
  "result": [
    -0.4307497333979939,
    1.8035577,
    0,
    0.00120003,
    1.80475773,
    0,
    103350.0349467827,
    "BTC-SWAP",
    0.43,
    -44518,
    0.77677797,
    57399.7,
    0.00120003,
    -258376,
    155025,
    1.80355769
  ],
  "time": 1616418130789
}