{
  "code": 200,
  "result": [
    -0.4297441586672241,
    1.80312123,
    0,
    -0.0022395,
    1.80088173,
    0,
    103591.86763134779,
    "BTC-SWAP",
    0.42,
    -44518,
    0.77333842,
    57399.7,
    -0.0022395,
    -258980,
    155387,
    1.80312122
  ],
  "time": 1616400551253
}