{
  "code": 200,
  "result": [
    -0.4317012526017553,
    1.8035577,
    0,
    0.00331337,
    1.8068710700000001,
    0,
    103122.23958513247,
    "BTC-SWAP",
    0.43,
    -44518,
    0.7788913,
    57399.7,
    0.00331337,
    -257806,
    154683,
    1.80355769
  ],
  "time": 1616418611775
}