{
  "code": 200,
  "result": [
    -0.4422750152625494,
    1.80345486,
    0,
    0.03982381,
    1.84327867,
    0,
    100656.82768350052,
    "BTC-SWAP",
    0.44,
    -44518,
    0.81540174,
    57399.7,
    0.03982381,
    -251643,
    150985,
    1.80345485
  ],
  "time": 1616455089779
}