{
  "code": 200,
  "result": [
    -0.4731814857516953,
    1.80341185,
    0,
    0.03748043,
    1.84089228,
    0,
    100610.44532283761,
    "BTC-SWAP",
    0.47,
    -47607,
    0.87040862,
    57156.1,
    0.03748043,
    -251527,
    150915,
    1.80341185
  ],
  "time": 1616459649997
}