{
  "code": 200,
  "result": [
    -0.43700290873220127,
    1.8035577,
    0,
    0.02155997,
    1.82511767,
    0,
    101871.17547833297,
    "BTC-SWAP",
    0.43,
    -44518,
    0.7971379,
    57399.7,
    0.02155997,
    -254678,
    152806,
    1.80355769
  ],
  "time": 1616440629875
}