{
  "code": 200,
  "result": [
    -0.4311953574048088,
    1.8035577,
    0,
    0.00359283,
    1.8071505300000001,
    0,
    103243.22661527692,
    "BTC-SWAP",
    0.43,
    -44518,
    0.77917077,
    57399.7,
    0.00359283,
    -258109,
    154864,
    1.80355769
  ],
  "time": 1616426950645
}