{
  "code": 200,
  "result": [
    -0.4317257748726452,
    1.80312123,
    0,
    0.00380836,
    1.80692959,
    0,
    103116.38218295484,
    "BTC-SWAP",
    0.43,
    -44518,
    0.7793863,
    57399.7,
    0.00380836,
    -257791,
    154674,
    1.80312122
  ],
  "time": 1616404211823
}