{
  "code": 200,
  "result": [
    -0.4416437629275656,
    1.80345486,
    0,
    0.03809947,
    1.84155433,
    0,
    100800.69897262749,
    "BTC-SWAP",
    0.44,
    -44518,
    0.81367741,
    57399.7,
    0.03809947,
    -252002,
    151201,
    1.80345485
  ],
  "time": 1616446330196
}