{
  "code": 200,
  "result": [
    -0.43093267633584353,
    1.80312123,
    0,
    0.0017317,
    1.8048529299999998,
    0,
    103306.15997498712,
    "BTC-SWAP",
    0.43,
    -44518,
    0.77730964,
    57399.7,
    0.0017317,
    -258266,
    154959,
    1.80312122
  ],
  "time": 1616405890736
}