{
  "code": 200,
  "result": [
    -0.44304915885639196,
    1.80345486,
    0,
    0.0420342,
    1.84548906,
    0,
    100480.9491454872,
    "BTC-SWAP",
    0.44,
    -44518,
    0.81761214,
    57399.7,
    0.0420342,
    -251203,
    150721,
    1.80345485
  ],
  "time": 1616456110551
}