{
  "code": 200,
  "result": [
    -0.4366318972034728,
    1.8035577,
    0,
    0.02149717,
    1.82505487,
    0,
    101957.73667734214,
    "BTC-SWAP",
    0.43,
    -44518,
    0.79707511,
    57399.7,
    0.02149717,
    -254895,
    152936,
    1.80355769
  ],
  "time": 1616441111192
}