{
  "code": 200,
  "result": [
    -0.42967006764279575,
    1.80312123,
    0,
    -0.00202853,
    1.8010926999999999,
    0,
    103609.73070390799,
    "BTC-SWAP",
    0.42,
    -44518,
    0.77354939,
    57399.7,
    -0.00202853,
    -259025,
    155414,
    1.80312122
  ],
  "time": 1616401390767
}