{
  "code": 200,
  "result": [
    -0.4700615647704138,
    1.80341185,
    0,
    0.02786136,
    1.83127321,
    0,
    101278.22304138413,
    "BTC-SWAP",
    0.47,
    -47607,
    0.86078956,
    57156.1,
    0.02786136,
    -253196,
    151917,
    1.80341185
  ],
  "time": 1616464211003
}