{
  "code": 200,
  "result": [
    -0.47280299150058436,
    1.80341185,
    0,
    0.03711774,
    1.84052959,
    0,
    100690.98727337718,
    "BTC-SWAP",
    0.47,
    -47607,
    0.87004594,
    57156.1,
    0.03711774,
    -251728,
    151036,
    1.80341185
  ],
  "time": 1616469670967
}