{
  "code": 200,
  "result": [
    -0.43076719727192797,
    1.80312123,
    0,
    0.00085863,
    1.8039798599999999,
    0,
    103345.8449991896,
    "BTC-SWAP",
    0.43,
    -44518,
    0.77643656,
    57399.7,
    0.00085863,
    -258365,
    155018,
    1.80312122
  ],
  "time": 1616405771961
}