{
  "code": 200,
  "result": [
    -0.4735757296029702,
    1.80319927,
    0,
    0.03941667,
    1.84261594,
    0,
    100526.68881471627,
    "BTC-SWAP",
    0.47,
    -47607,
    0.87234487,
    57156.1,
    0.03941667,
    -251317,
    150790,
    1.80319927
  ],
  "time": 1616475011144
}