{
  "code": 200,
  "result": [
    -0.4416455453583031,
    1.80345486,
    0,
    0.03862926,
    1.84208412,
    0,
    100800.2921525744,
    "BTC-SWAP",
    0.44,
    -44518,
    0.8142072,
    57399.7,
    0.03862926,
    -252001,
    151200,
    1.80345485
  ],
  "time": 1616448012188
}