{
  "code": 200,
  "result": [
    -0.4733916866149854,
    1.80341185,
    0,
    0.0380059,
    1.84141775,
    0,
    100565.7711068325,
    "BTC-SWAP",
    0.47,
    -47607,
    0.8709341,
    57156.1,
    0.0380059,
    -251415,
    150848,
    1.80341185
  ],
  "time": 1616469849954
}