{
  "code": 200,
  "result": [
    -0.47161565190828386,
    1.80341185,
    0,
    0.03336713,
    1.83677898,
    0,
    100944.4869087132,
    "BTC-SWAP",
    0.47,
    -47607,
    0.86629533,
    57156.1,
    0.03336713,
    -252362,
    151416,
    1.80341185
  ],
  "time": 1616467449962
}