{
  "code": 200,
  "result": [
    -0.4295606297014022,
    1.8035577,
    0,
    -0.00168832,
    1.80186938,
    0,
    103636.12706067947,
    "BTC-SWAP",
    0.42,
    -44518,
    0.77388961,
    57399.7,
    -0.00168832,
    -259091,
    155454,
    1.80355769
  ],
  "time": 1616415250251
}