{
  "code": 200,
  "result": [
    -0.43684335818840925,
    1.8035577,
    0,
    0.02290251,
    1.82646021,
    0,
    101908.382411069,
    "BTC-SWAP",
    0.43,
    -44518,
    0.79848045,
    57399.7,
    0.02290251,
    -254771,
    152862,
    1.80355769
  ],
  "time": 1616441649274
}