{
  "code": 200,
  "result": [
    -0.47543959608853503,
    1.80341185,
    0,
    0.04700614,
    1.85041799,
    0,
    100132.593901865,
    "BTC-SWAP",
    0.47,
    -47607,
    0.87993434,
    57156.1,
    0.04700614,
    -250332,
    150198,
    1.80341185
  ],
  "time": 1616457909989
}