{
  "code": 200,
  "result": [
    -0.43142813763882826,
    1.8035577,
    0,
    0.00358465,
    1.8071423500000001,
    0,
    103187.52097080051,
    "BTC-SWAP",
    0.43,
    -44518,
    0.77916259,
    57399.7,
    0.00358465,
    -257969,
    154781,
    1.80355769
  ],
  "time": 1616425391201
}