{
  "code": 200,
  "result": [
    -0.44220669291553016,
    1.80345486,
    0,
    0.03984621,
    1.84330107,
    0,
    100672.379485002,
    "BTC-SWAP",
    0.44,
    -44518,
    0.81542415,
    57399.7,
    0.03984621,
    -251681,
    151008,
    1.80345485
  ],
  "time": 1616455929469
}