{
  "code": 200,
  "result": [
    -0.430800657006527,
    1.80312123,
    0,
    0.00106316,
    1.8041843899999999,
    0,
    103337.8182599325,
    "BTC-SWAP",
    0.43,
    -44518,
    0.7766411,
    57399.7,
    0.00106316,
    -258345,
    155006,
    1.80312122
  ],
  "time": 1616404690781
}