{
  "code": 200,
  "result": [
    -0.4313251736342224,
    1.8035577,
    0,
    0.004591,
    1.8081487,
    0,
    103212.15343149133,
    "BTC-SWAP",
    0.43,
    -44518,
    0.78016893,
    57399.7,
    0.004591,
    -258031,
    154818,
    1.80355769
  ],
  "time": 1616417350192
}