{
  "code": 200,
  "result": [
    -0.4706394795286181,
    1.80341185,
    0,
    0.02996765,
    1.8333795,
    0,
    101153.859951745,
    "BTC-SWAP",
    0.47,
    -47607,
    0.86289585,
    57156.1,
    0.02996765,
    -252885,
    151730,
    1.80341185
  ],
  "time": 1616464689935
}