{
  "code": 200,
  "result": [
    -0.43688250724596195,
    1.80345486,
    0,
    0.0217213,
    1.82517616,
    0,
    101899.25039717066,
    "BTC-SWAP",
    0.43,
    -44518,
    0.79729923,
    57399.7,
    0.0217213,
    -254749,
    152848,
    1.80345485
  ],
  "time": 1616444589940
}