{
  "code": 200,
  "result": [
    -0.4422521469184922,
    1.80345486,
    0,
    0.03852355,
    1.84197841,
    0,
    100662.03253096867,
    "BTC-SWAP",
    0.44,
    -44518,
    0.81410148,
    57399.7,
    0.03852355,
    -251656,
    150993,
    1.80345485
  ],
  "time": 1616449212083
}