{
  "code": 200,
  "result": [
    -0.4314033808980345,
    1.8035577,
    0,
    0.00523687,
    1.80879457,
    0,
    103193.44254402627,
    "BTC-SWAP",
    0.43,
    -44518,
    0.7808148,
    57399.7,
    0.00523687,
    -257984,
    154790,
    1.80355769
  ],
  "time": 1616426230456
}