{
  "code": 200,
  "result": [
    -0.4290171365773965,
    1.80312123,
    0,
    -0.00498902,
    1.79813221,
    0,
    103767.41674040045,
    "BTC-SWAP",
    0.42,
    -44518,
    0.7705889,
    57399.7,
    -0.00498902,
    -259419,
    155651,
    1.80312122
  ],
  "time": 1616413270738
}