{
  "code": 200,
  "result": [
    -0.4424234981807369,
    1.80345486,
    0,
    0.0398955,
    1.84335036,
    0,
    100623.0459798356,
    "BTC-SWAP",
    0.44,
    -44518,
    0.81547344,
    57399.7,
    0.0398955,
    -251558,
    150934,
    1.80345485
  ],
  "time": 1616449089664
}