{
  "code": 200,
  "result": [
    -0.43078558377910997,
    1.80312123,
    0,
    0.00136814,
    1.80448937,
    0,
    103341.43405975046,
    "BTC-SWAP",
    0.43,
    -44518,
    0.77694607,
    57399.7,
    0.00136814,
    -258354,
    155012,
    1.80312122
  ],
  "time": 1616406972355
}