{
  "code": 200,
  "result": [
    -0.4311172482233498,
    1.8035577,
    0,
    0.00383156,
    1.80738926,
    0,
    103261.932069432,
    "BTC-SWAP",
    0.43,
    -44518,
    0.77940949,
    57399.7,
    0.00383156,
    -258155,
    154892,
    1.80355769
  ],
  "time": 1616427372867
}