{
  "code": 200,
  "result": [
    -0.4266303475375066,
    1.80312123,
    0,
    -0.0126825,
    1.79043873,
    0,
    104347.9449058327,
    "BTC-SWAP",
    0.42,
    -44518,
    0.76289543,
    57399.7,
    -0.0126825,
    -260870,
    156521,
    1.80312122
  ],
  "time": 1616408172549
}