{
  "code": 200,
  "result": [
    -0.4420182930879658,
    1.80345486,
    0,
    0.04189758,
    1.84535244,
    0,
    100715.2887021816,
    "BTC-SWAP",
    0.44,
    -44518,
    0.81747551,
    57399.7,
    0.04189758,
    -251789,
    151072,
    1.80345485
  ],
  "time": 1616453889565
}