{
  "code": 200,
  "result": [
    -0.4367884950327769,
    1.80345486,
    0,
    0.02148861,
    1.82494347,
    0,
    101921.1826920014,
    "BTC-SWAP",
    0.43,
    -44518,
    0.79706654,
    57399.7,
    0.02148861,
    -254803,
    152881,
    1.80345485
  ],
  "time": 1616443690123
}