{
  "code": 200,
  "result": [
    -0.4274617845441594,
    1.80312123,
    0,
    -0.0101983,
    1.7929229299999998,
    0,
    104144.98233444075,
    "BTC-SWAP",
    0.42,
    -44518,
    0.76537962,
    57399.7,
    -0.0101983,
    -260363,
    156217,
    1.80312122
  ],
  "time": 1616410510888
}