{
  "code": 200,
  "result": [
    -0.433249774925464,
    1.8035577,
    0,
    0.00979082,
    1.8133485200000001,
    0,
    102753.65984358294,
    "BTC-SWAP",
    0.43,
    -44518,
    0.78536876,
    57399.7,
    0.00979082,
    -256885,
    154130,
    1.80355769
  ],
  "time": 1616432230463
}