{
  "code": 200,
  "result": [
    -0.4748858285854107,
    1.80319927,
    0,
    0.04355709,
    1.8467563599999999,
    0,
    100249.35918136718,
    "BTC-SWAP",
    0.47,
    -47607,
    0.87648529,
    57156.1,
    0.04355709,
    -250624,
    150374,
    1.80319927
  ],
  "time": 1616473871084
}