{
  "code": 200,
  "result": [
    -0.4277816042639988,
    1.80312123,
    0,
    -0.0086424,
    1.7944788299999999,
    0,
    104067.12106424848,
    "BTC-SWAP",
    0.42,
    -44518,
    0.76693553,
    57399.7,
    -0.0086424,
    -260168,
    156100,
    1.80312122
  ],
  "time": 1616410990209
}