{
  "code": 200,
  "result": [
    -0.47063214240132395,
    1.80341185,
    0,
    0.03046844,
    1.83388029,
    0,
    101155.43693444529,
    "BTC-SWAP",
    0.47,
    -47607,
    0.86339663,
    57156.1,
    0.03046844,
    -252889,
    151733,
    1.80341185
  ],
  "time": 1616463849655
}