{
  "code": 200,
  "result": [
    -0.44297224660025325,
    1.80345486,
    0,
    0.04320413,
    1.84665899,
    0,
    100498.39542244258,
    "BTC-SWAP",
    0.44,
    -44518,
    0.81878207,
    57399.7,
    0.04320413,
    -251246,
    150747,
    1.80345485
  ],
  "time": 1616455210937
}