{
  "code": 200,
  "result": [
    -0.473535177475589,
    1.80341185,
    0,
    0.04055466,
    1.84396651,
    0,
    100535.29761778716,
    "BTC-SWAP",
    0.47,
    -47607,
    0.87348286,
    57156.1,
    0.04055466,
    -251339,
    150802,
    1.80341185
  ],
  "time": 1616469189780
}