{
  "code": 200,
  "result": [
    -0.4280021158368549,
    1.80312123,
    0,
    -0.00800768,
    1.79511355,
    0,
    104013.50449624716,
    "BTC-SWAP",
    0.42,
    -44518,
    0.76757025,
    57399.7,
    -0.00800768,
    -260034,
    156020,
    1.80312122
  ],
  "time": 1616412250069
}