{
  "code": 200,
  "result": [
    -0.4729477716419879,
    1.80319927,
    0,
    0.03763323,
    1.8408324999999999,
    0,
    100660.163456775,
    "BTC-SWAP",
    0.47,
    -47607,
    0.87056142,
    57156.1,
    0.03763323,
    -251651,
    150990,
    1.80319927
  ],
  "time": 1616473271215
}