{
  "code": 200,
  "result": [
    -0.44303027318381166,
    1.80345486,
    0,
    0.04320714,
    1.846662,
    0,
    100485.23248778,
    "BTC-SWAP",
    0.44,
    -44518,
    0.81878508,
    57399.7,
    0.04320714,
    -251214,
    150727,
    1.80345485
  ],
  "time": 1616452510813
}