{
  "code": 200,
  "result": [
    -0.44216495261708133,
    1.80345486,
    0,
    0.03919553,
    1.84265039,
    0,
    100681.88294098689,
    "BTC-SWAP",
    0.44,
    -44518,
    0.81477346,
    57399.7,
    0.03919553,
    -251705,
    151022,
    1.80345485
  ],
  "time": 1616449149862
}