{
  "code": 200,
  "result": [
    -0.4300337665870848,
    1.80312123,
    0,
    -0.00055525,
    1.80256598,
    0,
    103522.10328345181,
    "BTC-SWAP",
    0.42,
    -44518,
    0.77502267,
    57399.7,
    -0.00055525,
    -258806,
    155283,
    1.80312122
  ],
  "time": 1616401930486
}