{
  "code": 200,
  "result": [
    -0.4314380264542833,
    1.8035577,
    0,
    0.00467578,
    1.80823348,
    0,
    103185.15585161866,
    "BTC-SWAP",
    0.43,
    -44518,
    0.78025371,
    57399.7,
    0.00467578,
    -257963,
    154777,
    1.80355769
  ],
  "time": 1616426290596
}