{
  "code": 200,
  "result": [
    -0.47314347752244024,
    1.80341185,
    0,
    0.03868677,
    1.84209862,
    0,
    100618.52749041034,
    "BTC-SWAP",
    0.47,
    -47607,
    0.87161497,
    57156.1,
    0.03868677,
    -251547,
    150927,
    1.80341185
  ],
  "time": 1616460130044
}