{
  "code": 200,
  "result": [
    -0.43074486390090266,
    1.8035577,
    0,
    0.00164621,
    1.8052039100000001,
    0,
    103351.20330126984,
    "BTC-SWAP",
    0.43,
    -44518,
    0.77722414,
    57399.7,
    0.00164621,
    -258379,
    155026,
    1.80355769
  ],
  "time": 1616416690177
}