{
  "code": 200,
  "result": [
    -0.4272799280940697,
    1.80312123,
    0,
    -0.01115375,
    1.7919674799999998,
    0,
    104189.30792882679,
    "BTC-SWAP",
    0.42,
    -44518,
    0.76442417,
    57399.7,
    -0.01115375,
    -260474,
    156283,
    1.80312122
  ],
  "time": 1616411171330
}