{
  "code": 200,
  "result": [
    -0.4271913534613765,
    1.80312123,
    0,
    -0.01022067,
    1.7929005599999999,
    0,
    104210.910729552,
    "BTC-SWAP",
    0.42,
    -44518,
    0.76535726,
    57399.7,
    -0.01022067,
    -260528,
    156316,
    1.80312122
  ],
  "time": 1616408531655
}