{
  "code": 200,
  "result": [
    -0.4385730714951949,
    1.80345486,
    0,
    0.02591854,
    1.8293734,
    0,
    101506.460139534,
    "BTC-SWAP",
    0.43,
    -44518,
    0.80149648,
    57399.7,
    0.02591854,
    -253767,
    152259,
    1.80345485
  ],
  "time": 1616443213717
}