{
  "code": 200,
  "result": [
    -0.44203194612885555,
    1.80345486,
    0,
    0.03883928,
    1.84229414,
    0,
    100712.1779090208,
    "BTC-SWAP",
    0.44,
    -44518,
    0.81441722,
    57399.7,
    0.03883928,
    -251781,
    151068,
    1.80345485
  ],
  "time": 1616454849656
}