{
  "code": 200,
  "result": [
    -0.4287744268058198,
    1.80312123,
    0,
    -0.00493433,
    1.7981869,
    0,
    103826.15477242766,
    "BTC-SWAP",
    0.42,
    -44518,
    0.77064359,
    57399.7,
    -0.00493433,
    -259566,
    155739,
    1.80312122
  ],
  "time": 1616413930237
}