{
  "code": 200,
  "result": [
    -0.4294242442484627,
    1.80312123,
    0,
    -0.00313585,
    1.7999853799999999,
    0,
    103669.04197016438,
    "BTC-SWAP",
    0.42,
    -44518,
    0.77244208,
    57399.7,
    -0.00313585,
    -259173,
    155503,
    1.80312122
  ],
  "time": 1616399773073
}