{
  "code": 200,
  "result": [
    -0.44222148398489897,
    1.80345486,
    0,
    0.03935064,
    1.8428055,
    0,
    100669.01227603,
    "BTC-SWAP",
    0.44,
    -44518,
    0.81492858,
    57399.7,
    0.03935064,
    -251673,
    151003,
    1.80345485
  ],
  "time": 1616449330674
}