{
  "code": 200,
  "result": [
    -0.4310570113459372,
    1.80312123,
    0,
    0.00189868,
    1.80501991,
    0,
    103276.36212434291,
    "BTC-SWAP",
    0.43,
    -44518,
    0.77747661,
    57399.7,
    0.00189868,
    -258191,
    154914,
    1.80312122
  ],
  "time": 1616406190571
}