{
  "code": 200,
  "result": [
    -0.4375143595530859,
    1.80345486,
    0,
    0.02394649,
    1.82740135,
    0,
    101752.08888109283,
    "BTC-SWAP",
    0.43,
    -44518,
    0.79952443,
    57399.7,
    0.02394649,
    -254381,
    152628,
    1.80345485
  ],
  "time": 1616445371509
}