{
  "code": 200,
  "result": [
    -0.4298531726225948,
    1.80312123,
    0,
    -0.00185241,
    1.80126882,
    0,
    103565.5959647556,
    "BTC-SWAP",
    0.42,
    -44518,
    0.77372552,
    57399.7,
    -0.00185241,
    -258914,
    155348,
    1.80312122
  ],
  "time": 1616402171623
}