{
  "code": 200,
  "result": [
    -0.4303022815313158,
    1.8035577,
    0,
    -0.00034066,
    1.80321704,
    0,
    103457.503970404,
    "BTC-SWAP",
    0.42,
    -44518,
    0.77523726,
    57399.7,
    -0.00034066,
    -258644,
    155186,
    1.80355769
  ],
  "time": 1616419150253
}