{
  "code": 200,
  "result": [
    -0.4703844461204392,
    1.80341185,
    0,
    0.02919727,
    1.83260912,
    0,
    101208.70363092427,
    "BTC-SWAP",
    0.47,
    -47607,
    0.86212547,
    57156.1,
    0.02919727,
    -253022,
    151813,
    1.80341185
  ],
  "time": 1616464629709
}