{
  "code": 200,
  "result": [
    -0.4316352955127973,
    1.80312123,
    0,
    0.00381519,
    1.80693642,
    0,
    103137.9974316306,
    "BTC-SWAP",
    0.43,
    -44518,
    0.77939312,
    57399.7,
    0.00381519,
    -257845,
    154706,
    1.80312122
  ],
  "time": 1616404030437
}