{
  "code": 200,
  "result": [
    -0.47318707882522715,
    1.80319927,
    0,
    0.03878413,
    1.8419834,
    0,
    100609.25610689333,
    "BTC-SWAP",
    0.47,
    -47607,
    0.87171233,
    57156.1,
    0.03878413,
    -251524,
    150913,
    1.80319927
  ],
  "time": 1616473150340
}