{
  "code": 200,
  "result": [
    -0.4427196423244413,
    1.80345486,
    0,
    0.04032145,
    1.84377631,
    0,
    100555.73718451726,
    "BTC-SWAP",
    0.44,
    -44518,
    0.81589938,
    57399.7,
    0.04032145,
    -251390,
    150833,
    1.80345485
  ],
  "time": 1616448790203
}