{
  "code": 200,
  "result": [
    -0.47278207572888453,
    1.80341185,
    0,
    0.03764596,
    1.8410578100000001,
    0,
    100695.44181979541,
    "BTC-SWAP",
    0.47,
    -47607,
    0.87057416,
    57156.1,
    0.03764596,
    -251739,
    151043,
    1.80341185
  ],
  "time": 1616460371728
}