{
  "code": 200,
  "result": [
    -0.42784360059591037,
    1.80312123,
    0,
    -0.00855915,
    1.79456208,
    0,
    104052.0413019952,
    "BTC-SWAP",
    0.42,
    -44518,
    0.76701877,
    57399.7,
    -0.00855915,
    -260131,
    156078,
    1.80312122
  ],
  "time": 1616412129782
}