{
  "code": 200,
  "result": [
    -0.4709170021381283,
    1.80341185,
    0,
    0.03157848,
    1.8349903300000001,
    0,
    101094.24757196603,
    "BTC-SWAP",
    0.47,
    -47607,
    0.86450668,
    57156.1,
    0.03157848,
    -252736,
    151641,
    1.80341185
  ],
  "time": 1616467090585
}