{
  "code": 200,
  "result": [
    -0.4272395248732766,
    1.80312123,
    0,
    -0.01044955,
    1.79267168,
    0,
    104199.16091144533,
    "BTC-SWAP",
    0.42,
    -44518,
    0.76512837,
    57399.7,
    -0.01044955,
    -260498,
    156298,
    1.80312122
  ],
  "time": 1616411111033
}