{
  "code": 200,
  "result": [
    -0.47384682454453386,
    1.80341185,
    0,
    0.0403704,
    1.84378225,
    0,
    100469.17597424085,
    "BTC-SWAP",
    0.47,
    -47607,
    0.8732986,
    57156.1,
    0.0403704,
    -251173,
    150703,
    1.80341185
  ],
  "time": 1616470870465
}