{
  "code": 200,
  "result": [
    -0.44113376385520037,
    1.80345486,
    0,
    0.03670687,
    1.84016173,
    0,
    100917.23564966743,
    "BTC-SWAP",
    0.44,
    -44518,
    0.8122848,
    57399.7,
    0.03670687,
    -252294,
    151375,
    1.80345485
  ],
  "time": 1616454730272
}