{
  "code": 200,
  "result": [
    -0.4400871635142954,
    1.80345486,
    0,
    0.03210446,
    1.83555932,
    0,
    101157.23359096321,
    "BTC-SWAP",
    0.44,
    -44518,
    0.80768239,
    57399.7,
    0.03210446,
    -252894,
    151735,
    1.80345485
  ],
  "time": 1616445849863
}