{
  "code": 200,
  "result": [
    -0.4299859350393185,
    1.80312123,
    0,
    -0.00168293,
    1.8014382999999998,
    0,
    103533.61906111933,
    "BTC-SWAP",
    0.42,
    -44518,
    0.77389499,
    57399.7,
    -0.00168293,
    -258835,
    155300,
    1.80312122
  ],
  "time": 1616401871959
}