{
  "code": 200,
  "result": [
    -0.4339642836951115,
    1.8035577,
    0,
    0.01222717,
    1.81578487,
    0,
    102584.47912104405,
    "BTC-SWAP",
    0.43,
    -44518,
    0.7878051,
    57399.7,
    0.01222717,
    -256462,
    153876,
    1.80355769
  ],
  "time": 1616439731701
}