{
  "code": 200,
  "result": [
    -0.47209950915023,
    1.80341185,
    0,
    0.03545138,
    1.83886323,
    0,
    100841.02837914761,
    "BTC-SWAP",
    0.47,
    -47607,
    0.86837957,
    57156.1,
    0.03545138,
    -252103,
    151261,
    1.80341185
  ],
  "time": 1616462890454
}