{
  "code": 200,
  "result": [
    -0.4331222078250649,
    1.8035577,
    0,
    0.01054527,
    1.81410297,
    0,
    102783.9237880421,
    "BTC-SWAP",
    0.43,
    -44518,
    0.7861232,
    57399.7,
    0.01054527,
    -256960,
    154175,
    1.80355769
  ],
  "time": 1616433490735
}