{
  "code": 200,
  "result": [
    -0.4730778605070328,
    1.80319927,
    0,
    0.03878413,
    1.8419834,
    0,
    100632.48351756734,
    "BTC-SWAP",
    0.47,
    -47607,
    0.87171233,
    57156.1,
    0.03878413,
    -251582,
    150948,
    1.80319927
  ],
  "time": 1616473211298
}