{
  "code": 200,
  "result": [
    -0.42748646701727233,
    1.80312123,
    0,
    -0.01017856,
    1.79294267,
    0,
    104138.9691482357,
    "BTC-SWAP",
    0.42,
    -44518,
    0.76539936,
    57399.7,
    -0.01017856,
    -260348,
    156208,
    1.80312122
  ],
  "time": 1616411289708
}