{
  "code": 200,
  "result": [
    -0.4737944667471292,
    1.80341185,
    0,
    0.03975727,
    1.84316912,
    0,
    100480.27856224106,
    "BTC-SWAP",
    0.47,
    -47607,
    0.87268547,
    57156.1,
    0.03975727,
    -251201,
    150720,
    1.80341185
  ],
  "time": 1616471049628
}