{
  "code": 200,
  "result": [
    -0.4327545665602421,
    1.8035577,
    0,
    0.0085044,
    1.8120621000000001,
    0,
    102871.24259335302,
    "BTC-SWAP",
    0.43,
    -44518,
    0.78408234,
    57399.7,
    0.0085044,
    -257179,
    154306,
    1.80355769
  ],
  "time": 1616433670806
}