{
  "code": 200,
  "result": [
    -0.4313158737385203,
    1.8035577,
    0,
    0.0042111,
    1.8077688,
    0,
    103214.37885912,
    "BTC-SWAP",
    0.43,
    -44518,
    0.77978903,
    57399.7,
    0.0042111,
    -258036,
    154821,
    1.80355769
  ],
  "time": 1616434450385
}