{
  "code": 200,
  "result": [
    -0.4734282841581153,
    1.80341185,
    0,
    0.03910667,
    1.84251852,
    0,
    100557.997046286,
    "BTC-SWAP",
    0.47,
    -47607,
    0.87203487,
    57156.1,
    0.03910667,
    -251395,
    150836,
    1.80341185
  ],
  "time": 1616460190145
}