{
  "code": 200,
  "result": [
    -0.43780846477196367,
    1.80345486,
    0,
    0.02456154,
    1.8280164,
    0,
    101683.735199564,
    "BTC-SWAP",
    0.43,
    -44518,
    0.80013947,
    57399.7,
    0.02456154,
    -254210,
    152525,
    1.80345485
  ],
  "time": 1616445549819
}