{
  "code": 200,
  "result": [
    -0.4338022778415041,
    1.8035577,
    0,
    0.01202089,
    1.81557859,
    0,
    102622.78986065004,
    "BTC-SWAP",
    0.43,
    -44518,
    0.78759883,
    57399.7,
    0.01202089,
    -256557,
    153934,
    1.80355769
  ],
  "time": 1616438530675
}