{
  "code": 200,
  "result": [
    -0.4740753348155754,
    1.80341185,
    0,
    0.04169403,
    1.84510588,
    0,
    100420.74856841067,
    "BTC-SWAP",
    0.47,
    -47607,
    0.87462223,
    57156.1,
    0.04169403,
    -251052,
    150631,
    1.80341185
  ],
  "time": 1616459289730
}