{
  "code": 200,
  "result": [
    -0.4294965860203256,
    1.80312123,
    0,
    -0.00256044,
    1.8005607899999998,
    0,
    103651.58059229188,
    "BTC-SWAP",
    0.42,
    -44518,
    0.77301749,
    57399.7,
    -0.00256044,
    -259129,
    155477,
    1.80312122
  ],
  "time": 1616401450907
}