{
  "code": 200,
  "result": [
    -0.43176293028636625,
    1.8035577,
    0,
    0.00533411,
    1.80889181,
    0,
    103107.50848960907,
    "BTC-SWAP",
    0.43,
    -44518,
    0.78091205,
    57399.7,
    0.00533411,
    -257769,
    154661,
    1.80355769
  ],
  "time": 1616421430658
}