{
  "code": 200,
  "result": [
    -0.43331838025246616,
    1.8035577,
    0,
    0.01103421,
    1.81459191,
    0,
    102737.3913242782,
    "BTC-SWAP",
    0.43,
    -44518,
    0.78661215,
    57399.7,
    0.01103421,
    -256844,
    154106,
    1.80355769
  ],
  "time": 1616431630425
}