{
  "code": 200,
  "result": [
    -0.4700056928125542,
    1.80341185,
    0,
    0.02802949,
    1.83144134,
    0,
    101290.2624968554,
    "BTC-SWAP",
    0.47,
    -47607,
    0.86095769,
    57156.1,
    0.02802949,
    -253226,
    151935,
    1.80341185
  ],
  "time": 1616464150871
}