{
  "code": 200,
  "result": [
    -0.431061756028372,
    1.80312123,
    0,
    0.00157023,
    1.80469146,
    0,
    103275.2253648544,
    "BTC-SWAP",
    0.43,
    -44518,
    0.77714816,
    57399.7,
    0.00157023,
    -258189,
    154912,
    1.80312122
  ],
  "time": 1616403490961
}