{
  "code": 200,
  "result": [
    -0.4419995998944279,
    1.80345486,
    0,
    0.03812922,
    1.84158408,
    0,
    100719.54818654401,
    "BTC-SWAP",
    0.44,
    -44518,
    0.81370715,
    57399.7,
    0.03812922,
    -251799,
    151079,
    1.80345485
  ],
  "time": 1616446450234
}