{
  "code": 200,
  "result": [
    -0.43097549826874476,
    1.8035577,
    0,
    0.00307768,
    1.8066353800000001,
    0,
    103295.8954252192,
    "BTC-SWAP",
    0.43,
    -44518,
    0.77865562,
    57399.7,
    0.00307768,
    -258240,
    154943,
    1.80355769
  ],
  "time": 1616422511671
}