{
  "code": 200,
  "result": [
    -0.44270521379532257,
    1.80345486,
    0,
    0.04220392,
    1.84565878,
    0,
    100559.01447002646,
    "BTC-SWAP",
    0.44,
    -44518,
    0.81778185,
    57399.7,
    0.04220392,
    -251398,
    150838,
    1.80345485
  ],
  "time": 1616452571376
}