{
  "code": 200,
  "result": [
    -0.4733327078273397,
    1.80341185,
    0,
    0.03945823,
    1.84287008,
    0,
    100578.3019274592,
    "BTC-SWAP",
    0.47,
    -47607,
    0.87238643,
    57156.1,
    0.03945823,
    -251446,
    150867,
    1.80341185
  ],
  "time": 1616459772266
}