{
  "code": 200,
  "result": [
    -0.471718971447955,
    1.80341185,
    0,
    0.03393815,
    1.83735,
    0,
    100922.37726600001,
    "BTC-SWAP",
    0.47,
    -47607,
    0.86686635,
    57156.1,
    0.03393815,
    -252306,
    151383,
    1.80341185
  ],
  "time": 1616466789495
}