{
  "code": 200,
  "result": [
    -0.4419267343091899,
    1.80345486,
    0,
    0.03758671,
    1.84104157,
    0,
    100736.15498639057,
    "BTC-SWAP",
    0.44,
    -44518,
    0.81316465,
    57399.7,
    0.03758671,
    -251841,
    151104,
    1.80345485
  ],
  "time": 1616454189565
}