{
  "code": 200,
  "result": [
    -0.4314667448698392,
    1.8035577,
    0,
    0.0037688,
    1.8073265,
    0,
    103178.28785027168,
    "BTC-SWAP",
    0.43,
    -44518,
    0.77934673,
    57399.7,
    0.0037688,
    -257946,
    154767,
    1.80355769
  ],
  "time": 1616437571118
}