{
  "code": 200,
  "result": [
    -0.4304978543173954,
    1.80312123,
    0,
    0.00021998,
    1.80334121,
    0,
    103410.50380050903,
    "BTC-SWAP",
    0.43,
    -44518,
    0.77579792,
    57399.7,
    0.00021998,
    -258527,
    155115,
    1.80312122
  ],
  "time": 1616403192107
}