{
  "code": 200,
  "result": [
    -0.4732559990839352,
    1.80341185,
    0,
    0.03839963,
    1.84181148,
    0,
    100594.6043835708,
    "BTC-SWAP",
    0.47,
    -47607,
    0.87132782,
    57156.1,
    0.03839963,
    -251487,
    150891,
    1.80341185
  ],
  "time": 1616471649936
}