{
  "code": 200,
  "result": [
    -0.44273421437078253,
    1.80345486,
    0,
    0.04085414,
    1.844309,
    0,
    100552.42751742,
    "BTC-SWAP",
    0.44,
    -44518,
    0.81643207,
    57399.7,
    0.04085414,
    -251382,
    150828,
    1.80345485
  ],
  "time": 1616450349627
}