{
  "code": 200,
  "result": [
    -0.429665392493,
    1.80312123,
    0,
    -0.00221263,
    1.8009085999999999,
    0,
    103610.85807190133,
    "BTC-SWAP",
    0.42,
    -44518,
    0.77336529,
    57399.7,
    -0.00221263,
    -259028,
    155416,
    1.80312122
  ],
  "time": 1616400730756
}