{
  "code": 200,
  "result": [
    -0.4363340627528388,
    1.80345486,
    0,
    0.02044961,
    1.82390447,
    0,
    102027.33135051433,
    "BTC-SWAP",
    0.43,
    -44518,
    0.79602755,
    57399.7,
    0.02044961,
    -255069,
    153040,
    1.80345485
  ],
  "time": 1616443630024
}