{
  "code": 200,
  "result": [
    -0.4338351190961118,
    1.8035577,
    0,
    0.01194148,
    1.81549918,
    0,
    102615.02133057488,
    "BTC-SWAP",
    0.43,
    -44518,
    0.78751941,
    57399.7,
    0.01194148,
    -256538,
    153922,
    1.80355769
  ],
  "time": 1616430851227
}