{
  "code": 200,
  "result": [
    -0.432324747858769,
    1.8035577,
    0,
    0.00701853,
    1.8105762300000001,
    0,
    102973.5175247082,
    "BTC-SWAP",
    0.43,
    -44518,
    0.78259646,
    57399.7,
    0.00701853,
    -257434,
    154460,
    1.80355769
  ],
  "time": 1616430251010
}