{
  "code": 200,
  "result": [
    -0.437197323339395,
    1.80345486,
    0,
    0.02317758,
    1.82663244,
    0,
    101825.87500756679,
    "BTC-SWAP",
    0.43,
    -44518,
    0.79875552,
    57399.7,
    0.02317758,
    -254565,
    152738,
    1.80345485
  ],
  "time": 1616444890532
}