{
  "code": 200,
  "result": [
    -0.44187949518564307,
    1.80345486,
    0,
    0.03719775,
    1.84065261,
    0,
    100746.9241841535,
    "BTC-SWAP",
    0.44,
    -44518,
    0.81277568,
    57399.7,
    0.03719775,
    -251868,
    151120,
    1.80345485
  ],
  "time": 1616448910911
}