{
  "code": 200,
  "result": [
    -0.43101816106441315,
    1.80312123,
    0,
    0.00073136,
    1.80385259,
    0,
    103285.67104936222,
    "BTC-SWAP",
    0.43,
    -44518,
    0.77630929,
    57399.7,
    0.00073136,
    -258215,
    154928,
    1.80312122
  ],
  "time": 1616402591072
}