{
  "code": 200,
  "result": [
    -0.43093858482558195,
    1.8035577,
    0,
    0.00319346,
    1.8067511600000001,
    0,
    103304.74357040507,
    "BTC-SWAP",
    0.43,
    -44518,
    0.7787714,
    57399.7,
    0.00319346,
    -258262,
    154957,
    1.80355769
  ],
  "time": 1616427612024
}