{
  "code": 200,
  "result": [
    -0.44120802165910394,
    1.80345486,
    0,
    0.03604195,
    1.83949681,
    0,
    100900.25070848892,
    "BTC-SWAP",
    0.44,
    -44518,
    0.81161988,
    57399.7,
    0.03604195,
    -252251,
    151350,
    1.80345485
  ],
  "time": 1616447771412
}