{
  "code": 200,
  "result": [
    -0.42781695691090665,
    1.80312123,
    0,
    -0.00865165,
    1.79446958,
    0,
    104058.52147948153,
    "BTC-SWAP",
    0.42,
    -44518,
    0.76692628,
    57399.7,
    -0.00865165,
    -260147,
    156087,
    1.80312122
  ],
  "time": 1616408050502
}