{
  "code": 200,
  "result": [
    -0.4736692703066825,
    1.80341185,
    0,
    0.04070213,
    1.84411398,
    0,
    100506.83669889819,
    "BTC-SWAP",
    0.47,
    -47607,
    0.87363033,
    57156.1,
    0.04070213,
    -251268,
    150760,
    1.80341185
  ],
  "time": 1616468349725
}