{
  "code": 200,
  "result": [
    -0.4428064984033111,
    1.80345486,
    0,
    0.04217538,
    1.84563024,
    0,
    100536.0132710896,
    "BTC-SWAP",
    0.44,
    -44518,
    0.81775331,
    57399.7,
    0.04217538,
    -251341,
    150804,
    1.80345485
  ],
  "time": 1616453830547
}