{
  "code": 200,
  "result": [
    -0.4736749620105754,
    1.80319927,
    0,
    0.03990767,
    1.84310694,
    0,
    100505.62900332721,
    "BTC-SWAP",
    0.47,
    -47607,
    0.87283587,
    57156.1,
    0.03990767,
    -251265,
    150758,
    1.80319927
  ],
  "time": 1616472550122
}