{
  "code": 200,
  "result": [
    -0.4737409889044715,
    1.80341185,
    0,
    0.04019902,
    1.84361087,
    0,
    100491.62119176437,
    "BTC-SWAP",
    0.47,
    -47607,
    0.87312722,
    57156.1,
    0.04019902,
    -251230,
    150737,
    1.80341185
  ],
  "time": 1616469071264
}