{
  "code": 200,
  "result": [
    -0.437730526175786,
    1.80345486,
    0,
    0.02442062,
    1.8278754799999999,
    0,
    101701.8401456476,
    "BTC-SWAP",
    0.43,
    -44518,
    0.79999856,
    57399.7,
    0.02442062,
    -254255,
    152552,
    1.80345485
  ],
  "time": 1616445130343
}