{
  "code": 200,
  "result": [
    -0.43231537964581734,
    1.8035577,
    0,
    0.00719329,
    1.81075099,
    0,
    102975.74894622584,
    "BTC-SWAP",
    0.43,
    -44518,
    0.78277122,
    57399.7,
    0.00719329,
    -257440,
    154463,
    1.80355769
  ],
  "time": 1616430191602
}