{
  "code": 200,
  "result": [
    -0.47353598757176296,
    1.80319927,
    0,
    0.03909709,
    1.84229636,
    0,
    100535.125628198,
    "BTC-SWAP",
    0.47,
    -47607,
    0.87202529,
    57156.1,
    0.03909709,
    -251338,
    150802,
    1.80319927
  ],
  "time": 1616472911932
}