{
  "code": 200,
  "result": [
    -0.4369551077434283,
    1.80345486,
    0,
    0.02251315,
    1.82596801,
    0,
    101882.31974196334,
    "BTC-SWAP",
    0.43,
    -44518,
    0.79809109,
    57399.7,
    0.02251315,
    -254706,
    152823,
    1.80345485
  ],
  "time": 1616445309951
}