{
  "code": 200,
  "result": [
    -0.4744998903381111,
    1.80319927,
    0,
    0.04316192,
    1.8463611899999999,
    0,
    100330.897792362,
    "BTC-SWAP",
    0.47,
    -47607,
    0.87609012,
    57156.1,
    0.04316192,
    -250828,
    150496,
    1.80319927
  ],
  "time": 1616474530254
}