{
  "code": 200,
  "result": [
    -0.44195349889589614,
    1.80345486,
    0,
    0.03811435,
    1.84156921,
    0,
    100730.05443155546,
    "BTC-SWAP",
    0.44,
    -44518,
    0.81369228,
    57399.7,
    0.03811435,
    -251826,
    151095,
    1.80345485
  ],
  "time": 1616448310363
}