{
  "code": 200,
  "result": [
    -0.4312403651399442,
    1.8035577,
    0,
    0.00275912,
    1.80631682,
    0,
    103232.451316456,
    "BTC-SWAP",
    0.43,
    -44518,
    0.77833706,
    57399.7,
    0.00275912,
    -258082,
    154848,
    1.80355769
  ],
  "time": 1616418249964
}