{
  "code": 200,
  "result": [
    -0.42884845675850247,
    1.80312123,
    0,
    -0.00555949,
    1.79756174,
    0,
    103808.23178540533,
    "BTC-SWAP",
    0.42,
    -44518,
    0.77001843,
    57399.7,
    -0.00555949,
    -259521,
    155712,
    1.80312122
  ],
  "time": 1616413150923
}