{
  "code": 200,
  "result": [
    -0.4274970410394369,
    1.80312123,
    0,
    -0.00984943,
    1.7932717999999999,
    0,
    104136.39329937065,
    "BTC-SWAP",
    0.42,
    -44518,
    0.76572849,
    57399.7,
    -0.00984943,
    -260341,
    156204,
    1.80312122
  ],
  "time": 1616411470769
}