{
  "code": 200,
  "result": [
    -0.4287127898951443,
    1.80312123,
    0,
    -0.00603468,
    1.79708655,
    0,
    103841.0820700925,
    "BTC-SWAP",
    0.42,
    -44518,
    0.76954324,
    57399.7,
    -0.00603468,
    -259603,
    155761,
    1.80312122
  ],
  "time": 1616412430023
}