{
  "code": 200,
  "result": [
    -0.43326844126394987,
    1.8035577,
    0,
    0.01060358,
    1.81416128,
    0,
    102749.2329469696,
    "BTC-SWAP",
    0.43,
    -44518,
    0.78618151,
    57399.7,
    0.01060358,
    -256874,
    154123,
    1.80355769
  ],
  "time": 1616431572416
}