{
  "code": 200,
  "result": [
    -0.4733447328339213,
    1.80341185,
    0,
    0.03863412,
    1.84204597,
    0,
    100575.7468029194,
    "BTC-SWAP",
    0.47,
    -47607,
    0.87156232,
    57156.1,
    0.03863412,
    -251440,
    150863,
    1.80341185
  ],
  "time": 1616459830716
}