{
  "code": 200,
  "result": [
    -0.4419050574745214,
    1.80345486,
    0,
    0.03723039,
    1.84068525,
    0,
    100741.09641202,
    "BTC-SWAP",
    0.44,
    -44518,
    0.81280833,
    57399.7,
    0.03723039,
    -251853,
    151111,
    1.80345485
  ],
  "time": 1616450110125
}