{
  "code": 200,
  "result": [
    -0.4328814891486878,
    1.8035577,
    0,
    0.00928405,
    1.81284175,
    0,
    102841.0803325175,
    "BTC-SWAP",
    0.43,
    -44518,
    0.78486199,
    57399.7,
    0.00928405,
    -257103,
    154261,
    1.80355769
  ],
  "time": 1616433310992
}