{
  "code": 200,
  "result": [
    -0.4325389860734402,
    1.8035577,
    0,
    0.00791655,
    1.81147425,
    0,
    102922.5143475075,
    "BTC-SWAP",
    0.43,
    -44518,
    0.78349448,
    57399.7,
    0.00791655,
    -257307,
    154383,
    1.80355769
  ],
  "time": 1616430490495
}