{
  "code": 200,
  "result": [
    -0.4313748809299761,
    1.8035577,
    0,
    0.00418788,
    1.80774558,
    0,
    103200.2603026542,
    "BTC-SWAP",
    0.43,
    -44518,
    0.77976581,
    57399.7,
    0.00418788,
    -258001,
    154800,
    1.80355769
  ],
  "time": 1616424250678
}