{
  "code": 200,
  "result": [
    -0.4374307007933473,
    1.80345486,
    0,
    0.02256467,
    1.82601953,
    0,
    101771.54900024123,
    "BTC-SWAP",
    0.43,
    -44518,
    0.7981426,
    57399.7,
    0.02256467,
    -254429,
    152657,
    1.80345485
  ],
  "time": 1616445070561
}