{
  "code": 200,
  "result": [
    -0.4275163435141829,
    1.80312123,
    0,
    -0.01003641,
    1.7930848199999998,
    0,
    104131.69151397159,
    "BTC-SWAP",
    0.42,
    -44518,
    0.76554151,
    57399.7,
    -0.01003641,
    -260330,
    156197,
    1.80312122
  ],
  "time": 1616410450716
}