{
  "code": 200,
  "result": [
    -0.4313235757751955,
    1.8035577,
    0,
    0.0038957,
    1.8074534,
    0,
    103212.53578590066,
    "BTC-SWAP",
    0.43,
    -44518,
    0.77947363,
    57399.7,
    0.0038957,
    -258032,
    154818,
    1.80355769
  ],
  "time": 1616434930422
}