{
  "code": 200,
  "result": [
    -0.4718948954844285,
    1.80341185,
    0,
    0.03432347,
    1.83773532,
    0,
    100884.7530574124,
    "BTC-SWAP",
    0.47,
    -47607,
    0.86725167,
    57156.1,
    0.03432347,
    -252212,
    151327,
    1.80341185
  ],
  "time": 1616465830172
}