{
  "code": 200,
  "result": [
    -0.43061196263866347,
    1.8035577,
    0,
    0.00103742,
    1.80459512,
    0,
    103383.10094129013,
    "BTC-SWAP",
    0.43,
    -44518,
    0.77661536,
    57399.7,
    0.00103742,
    -258458,
    155074,
    1.80355769
  ],
  "time": 1616419273156
}