{
  "code": 200,
  "result": [
    -0.43179917374262616,
    1.8035577,
    0,
    0.00547934,
    1.80903704,
    0,
    103098.85406713387,
    "BTC-SWAP",
    0.43,
    -44518,
    0.78105728,
    57399.7,
    0.00547934,
    -257748,
    154648,
    1.80355769
  ],
  "time": 1616420890074
}