{
  "code": 200,
  "result": [
    -0.4422660917760667,
    1.80345486,
    0,
    0.03881247,
    1.84226733,
    0,
    100658.8586098092,
    "BTC-SWAP",
    0.44,
    -44518,
    0.8143904,
    57399.7,
    0.03881247,
    -251648,
    150988,
    1.80345485
  ],
  "time": 1616449389977
}