{
  "code": 200,
  "result": [
    -0.4314578036724206,
    1.80312123,
    0,
    0.0033856,
    1.80650683,
    0,
    103180.4260372117,
    "BTC-SWAP",
    0.43,
    -44518,
    0.77896353,
    57399.7,
    0.0033856,
    -257952,
    154770,
    1.80312122
  ],
  "time": 1616403913308
}