{
  "code": 200,
  "result": [
    -0.4312517766526944,
    1.80312123,
    0,
    0.00201682,
    1.8051380499999998,
    0,
    103229.71964438366,
    "BTC-SWAP",
    0.43,
    -44518,
    0.77759476,
    57399.7,
    0.00201682,
    -258075,
    154844,
    1.80312122
  ],
  "time": 1616405111332
}