{
  "code": 200,
  "result": [
    -0.4741204982033061,
    1.80341185,
    0,
    0.04219886,
    1.84561071,
    0,
    100411.18276979831,
    "BTC-SWAP",
    0.47,
    -47607,
    0.87512706,
    57156.1,
    0.04219886,
    -251028,
    150616,
    1.80341185
  ],
  "time": 1616459229553
}