{
  "code": 200,
  "result": [
    -0.42931724150373635,
    1.8035577,
    0,
    -0.00273087,
    1.80082683,
    0,
    103694.8803734745,
    "BTC-SWAP",
    0.42,
    -44518,
    0.77284705,
    57399.7,
    -0.00273087,
    -259238,
    155542,
    1.80355769
  ],
  "time": 1616414890290
}