{
  "code": 200,
  "result": [
    -0.43160014032381355,
    1.8035577,
    0,
    0.00334335,
    1.80690105,
    0,
    103146.39834593149,
    "BTC-SWAP",
    0.43,
    -44518,
    0.77892128,
    57399.7,
    0.00334335,
    -257866,
    154719,
    1.80355769
  ],
  "time": 1616420351483
}