{
  "code": 200,
  "result": [
    -0.4310134149737455,
    1.8035577,
    0,
    0.00272646,
    1.8062841600000001,
    0,
    103286.80837628161,
    "BTC-SWAP",
    0.43,
    -44518,
    0.7783044,
    57399.7,
    0.00272646,
    -258218,
    154930,
    1.80355769
  ],
  "time": 1616422450807
}