{
  "code": 200,
  "result": [
    -0.43248702780899745,
    1.8035577,
    0,
    0.00805032,
    1.81160802,
    0,
    102934.8792853524,
    "BTC-SWAP",
    0.43,
    -44518,
    0.78362826,
    57399.7,
    0.00805032,
    -257338,
    154402,
    1.80355769
  ],
  "time": 1616430130617
}