{
  "code": 200,
  "result": [
    -0.4736245625493892,
    1.80341185,
    0,
    0.03989967,
    1.84331152,
    0,
    100516.32403468428,
    "BTC-SWAP",
    0.47,
    -47607,
    0.87282787,
    57156.1,
    0.03989967,
    -251291,
    150774,
    1.80341185
  ],
  "time": 1616471349953
}