{
  "code": 200,
  "result": [
    -0.43340723161419537,
    1.8035577,
    0,
    0.01026079,
    1.81381849,
    0,
    102716.32947654283,
    "BTC-SWAP",
    0.43,
    -44518,
    0.78583873,
    57399.7,
    0.01026079,
    -256791,
    154074,
    1.80355769
  ],
  "time": 1616438173677
}