{
  "code": 200,
  "result": [
    -0.4316533632083922,
    1.80312123,
    0,
    0.00382883,
    1.80695006,
    0,
    103133.68038906659,
    "BTC-SWAP",
    0.43,
    -44518,
    0.77940676,
    57399.7,
    0.00382883,
    -257835,
    154700,
    1.80312122
  ],
  "time": 1616404151024
}