{
  "code": 200,
  "result": [
    -0.42764819339829924,
    1.80312123,
    0,
    -0.00988367,
    1.79323756,
    0,
    104099.58626561346,
    "BTC-SWAP",
    0.42,
    -44518,
    0.76569425,
    57399.7,
    -0.00988367,
    -260249,
    156149,
    1.80312122
  ],
  "time": 1616408891276
}