{
  "code": 200,
  "result": [
    -0.4423727437761253,
    1.80345486,
    0,
    0.04005836,
    1.84351322,
    0,
    100634.59068474965,
    "BTC-SWAP",
    0.44,
    -44518,
    0.81563629,
    57399.7,
    0.04005836,
    -251587,
    150951,
    1.80345485
  ],
  "time": 1616450289786
}