{
  "code": 200,
  "result": [
    -0.4320166707074945,
    1.8035577,
    0,
    0.00751273,
    1.81107043,
    0,
    103046.94938529767,
    "BTC-SWAP",
    0.43,
    -44518,
    0.78309067,
    57399.7,
    0.00751273,
    -257618,
    154570,
    1.80355769
  ],
  "time": 1616421131433
}