{
  "code": 200,
  "result": [
    -0.44116054355609724,
    1.80345486,
    0,
    0.0366965,
    1.84015136,
    0,
    100911.10968617066,
    "BTC-SWAP",
    0.44,
    -44518,
    0.81227443,
    57399.7,
    0.0366965,
    -252278,
    151366,
    1.80345485
  ],
  "time": 1616454670383
}