{
  "code": 200,
  "result": [
    -0.4727240006262399,
    1.80341185,
    0,
    0.03665528,
    1.84006713,
    0,
    100707.8124591363,
    "BTC-SWAP",
    0.47,
    -47607,
    0.86958348,
    57156.1,
    0.03665528,
    -251770,
    151061,
    1.80341185
  ],
  "time": 1616461811007
}