{
  "code": 200,
  "result": [
    -0.42760683257413745,
    1.80312123,
    0,
    -0.00865561,
    1.79446562,
    0,
    104109.6554327896,
    "BTC-SWAP",
    0.42,
    -44518,
    0.76692231,
    57399.7,
    -0.00865561,
    -260275,
    156164,
    1.80312122
  ],
  "time": 1616411950289
}