{
  "code": 200,
  "result": [
    -0.4316312301122061,
    1.8035577,
    0,
    0.00348375,
    1.80704145,
    0,
    103138.9688564175,
    "BTC-SWAP",
    0.43,
    -44518,
    0.77906168,
    57399.7,
    0.00348375,
    -257848,
    154708,
    1.80355769
  ],
  "time": 1616437271612
}