{
  "code": 200,
  "result": [
    -0.4290300354212548,
    1.8035577,
    0,
    -0.00452322,
    1.79903448,
    0,
    103764.2969595096,
    "BTC-SWAP",
    0.42,
    -44518,
    0.7710547,
    57399.7,
    -0.00452322,
    -259411,
    155646,
    1.80355769
  ],
  "time": 1616414530975
}