{
  "code": 200,
  "result": [
    -0.42763287073906087,
    1.80312123,
    0,
    -0.00893692,
    1.79418431,
    0,
    104103.31629339277,
    "BTC-SWAP",
    0.42,
    -44518,
    0.766641,
    57399.7,
    -0.00893692,
    -260259,
    156154,
    1.80312122
  ],
  "time": 1616411050323
}