{
  "code": 200,
  "result": [
    -0.473225433831213,
    1.80319927,
    0,
    0.03823859,
    1.8414378599999999,
    0,
    100601.10170870519,
    "BTC-SWAP",
    0.47,
    -47607,
    0.87116678,
    57156.1,
    0.03823859,
    -251503,
    150901,
    1.80319927
  ],
  "time": 1616472371074
}