{
  "code": 200,
  "result": [
    -0.4370800029763756,
    1.80345486,
    0,
    0.02257468,
    1.82602954,
    0,
    101853.20695718541,
    "BTC-SWAP",
    0.43,
    -44518,
    0.79815262,
    57399.7,
    0.02257468,
    -254634,
    152779,
    1.80345485
  ],
  "time": 1616445189478
}