{
  "code": 200,
  "result": [
    -0.47469498516057,
    1.80319927,
    0,
    0.0435587,
    1.8467579699999999,
    0,
    100289.6628113661,
    "BTC-SWAP",
    0.47,
    -47607,
    0.8764869,
    57156.1,
    0.0435587,
    -250725,
    150434,
    1.80319927
  ],
  "time": 1616475850748
}