{
  "code": 200,
  "result": [
    -0.4731680970546539,
    1.80341185,
    0,
    0.03814454,
    1.84155639,
    0,
    100613.2921816601,
    "BTC-SWAP",
    0.47,
    -47607,
    0.87107274,
    57156.1,
    0.03814454,
    -251534,
    150919,
    1.80341185
  ],
  "time": 1616458989754
}