{
  "code": 200,
  "result": [
    -0.4308187857408307,
    1.80312123,
    0,
    0.00064744,
    1.80376867,
    0,
    103333.4698333718,
    "BTC-SWAP",
    0.43,
    -44518,
    0.77622537,
    57399.7,
    0.00064744,
    -258334,
    155000,
    1.80312122
  ],
  "time": 1616402949921
}