{
  "code": 200,
  "result": [
    -0.44411724828998916,
    1.80345486,
    0,
    0.04586922,
    1.84932408,
    0,
    100239.29530188319,
    "BTC-SWAP",
    0.44,
    -44518,
    0.82144715,
    57399.7,
    0.04586922,
    -250599,
    150358,
    1.80345485
  ],
  "time": 1616452029755
}