{
  "code": 200,
  "result": [
    -0.42738356314712184,
    1.80312123,
    0,
    -0.01044429,
    1.79267694,
    0,
    104164.0433529616,
    "BTC-SWAP",
    0.42,
    -44518,
    0.76513363,
    57399.7,
    -0.01044429,
    -260411,
    156246,
    1.80312122
  ],
  "time": 1616409429914
}