{
  "code": 200,
  "result": [
    -0.44225600254045777,
    1.80345486,
    0,
    0.03797903,
    1.84143389,
    0,
    100661.1549515995,
    "BTC-SWAP",
    0.44,
    -44518,
    0.81355696,
    57399.7,
    0.03797903,
    -251653,
    150991,
    1.80345485
  ],
  "time": 1616448430017
}