{
  "code": 200,
  "result": [
    -0.43405459417512116,
    1.8035577,
    0,
    0.01274473,
    1.8163024300000001,
    0,
    102563.13513880013,
    "BTC-SWAP",
    0.43,
    -44518,
    0.78832266,
    57399.7,
    0.01274473,
    -256408,
    153844,
    1.80355769
  ],
  "time": 1616431211636
}