{
  "code": 200,
  "result": [
    -0.4310270467601041,
    1.80312123,
    0,
    0.00186338,
    1.80498461,
    0,
    103283.54179773154,
    "BTC-SWAP",
    0.43,
    -44518,
    0.77744131,
    57399.7,
    0.00186338,
    -258209,
    154925,
    1.80312122
  ],
  "time": 1616406131114
}