{
  "code": 200,
  "result": [
    -0.4733939457575879,
    1.80341185,
    0,
    0.03893898,
    1.84235083,
    0,
    100565.2911843073,
    "BTC-SWAP",
    0.47,
    -47607,
    0.87186718,
    57156.1,
    0.03893898,
    -251414,
    150847,
    1.80341185
  ],
  "time": 1616468771024
}