{
  "code": 200,
  "result": [
    -0.47039214738941526,
    1.80341185,
    0,
    0.0287853,
    1.83219715,
    0,
    101207.04664014817,
    "BTC-SWAP",
    0.47,
    -47607,
    0.8617135,
    57156.1,
    0.0287853,
    -253018,
    151810,
    1.80341185
  ],
  "time": 1616464330275
}