{
  "code": 200,
  "result": [
    -0.43021886673982024,
    1.80312123,
    0,
    -0.00087085,
    1.8022503799999998,
    0,
    103477.56326298625,
    "BTC-SWAP",
    0.42,
    -44518,
    0.77470707,
    57399.7,
    -0.00087085,
    -258694,
    155216,
    1.80312122
  ],
  "time": 1616402295053
}