{
  "code": 200,
  "result": [
    -0.4727737309889313,
    1.80341185,
    0,
    0.03756637,
    1.84097822,
    0,
    100697.21915474739,
    "BTC-SWAP",
    0.47,
    -47607,
    0.87049457,
    57156.1,
    0.03756637,
    -251744,
    151045,
    1.80341185
  ],
  "time": 1616462229969
}