{
  "code": 200,
  "result": [
    -0.47134425101685845,
    1.80341185,
    0,
    0.03265519,
    1.83606704,
    0,
    101002.61093095894,
    "BTC-SWAP",
    0.47,
    -47607,
    0.86558339,
    57156.1,
    0.03265519,
    -252507,
    151503,
    1.80341185
  ],
  "time": 1616466070993
}