{
  "code": 200,
  "result": [
    -0.43323243965102926,
    1.8035577,
    0,
    0.0095609,
    1.8131186000000001,
    0,
    102757.77140756001,
    "BTC-SWAP",
    0.43,
    -44518,
    0.78513883,
    57399.7,
    0.0095609,
    -256895,
    154136,
    1.80355769
  ],
  "time": 1616433550059
}