{
  "code": 200,
  "result": [
    -0.4293710291226532,
    1.80312123,
    0,
    -0.00274563,
    1.8003756,
    0,
    103681.89044092,
    "BTC-SWAP",
    0.42,
    -44518,
    0.7728323,
    57399.7,
    -0.00274563,
    -259205,
    155522,
    1.80312122
  ],
  "time": 1616401510916
}