{
  "code": 200,
  "result": [
    -0.44393437220071397,
    1.80345486,
    0,
    0.04563434,
    1.8490892,
    0,
    100280.58827549467,
    "BTC-SWAP",
    0.44,
    -44518,
    0.82121228,
    57399.7,
    0.04563434,
    -250702,
    150420,
    1.80345485
  ],
  "time": 1616451013515
}