{
  "code": 200,
  "result": [
    -0.44236260066509675,
    1.80345486,
    0,
    0.03948045,
    1.84293531,
    0,
    100636.8981759912,
    "BTC-SWAP",
    0.44,
    -44518,
    0.81505838,
    57399.7,
    0.03948045,
    -251593,
    150955,
    1.80345485
  ],
  "time": 1616453950199
}