{
  "code": 200,
  "result": [
    -0.43189365539471447,
    1.8035577,
    0,
    0.00591947,
    1.80947717,
    0,
    103076.30001953673,
    "BTC-SWAP",
    0.43,
    -44518,
    0.78149741,
    57399.7,
    0.00591947,
    -257691,
    154614,
    1.80355769
  ],
  "time": 1616425271401
}