{
  "code": 200,
  "result": [
    -0.4718360828125801,
    1.80341185,
    0,
    0.03498119,
    1.8383930400000001,
    0,
    100897.32797928082,
    "BTC-SWAP",
    0.47,
    -47607,
    0.86790939,
    57156.1,
    0.03498119,
    -252244,
    151345,
    1.80341185
  ],
  "time": 1616462651105
}