{
  "code": 200,
  "result": [
    -0.44307211448012435,
    1.80345486,
    0,
    0.041761,
    1.84521586,
    0,
    100475.74321447626,
    "BTC-SWAP",
    0.44,
    -44518,
    0.81733893,
    57399.7,
    0.041761,
    -251190,
    150713,
    1.80345485
  ],
  "time": 1616453770902
}