{
  "code": 200,
  "result": [
    -0.431165453154824,
    1.8035577,
    0,
    0.00451718,
    1.80807488,
    0,
    103250.387233632,
    "BTC-SWAP",
    0.43,
    -44518,
    0.78009511,
    57399.7,
    0.00451718,
    -258126,
    154875,
    1.80355769
  ],
  "time": 1616437630388
}