{
  "code": 200,
  "result": [
    -0.4319331073550285,
    1.8035577,
    0,
    0.00621179,
    1.80976949,
    0,
    103066.88522352217,
    "BTC-SWAP",
    0.43,
    -44518,
    0.78178973,
    57399.7,
    0.00621179,
    -257668,
    154600,
    1.80355769
  ],
  "time": 1616429171813
}