{
  "code": 200,
  "result": [
    -0.4742762234515155,
    1.80341185,
    0,
    0.0427526,
    1.84616445,
    0,
    100378.21346712901,
    "BTC-SWAP",
    0.47,
    -47607,
    0.8756808,
    57156.1,
    0.0427526,
    -250946,
    150567,
    1.80341185
  ],
  "time": 1616458090185
}