{
  "code": 200,
  "result": [
    -0.4287348993574847,
    1.80312123,
    0,
    -0.00557414,
    1.79754709,
    0,
    103835.72708150432,
    "BTC-SWAP",
    0.42,
    -44518,
    0.77000378,
    57399.7,
    -0.00557414,
    -259590,
    155753,
    1.80312122
  ],
  "time": 1616413390123
}