{
  "code": 200,
  "result": [
    -0.43278894898151743,
    1.8035577,
    0,
    0.00911942,
    1.81267712,
    0,
    102863.07010556587,
    "BTC-SWAP",
    0.43,
    -44518,
    0.78469736,
    57399.7,
    0.00911942,
    -257158,
    154294,
    1.80355769
  ],
  "time": 1616433611258
}