{
  "code": 200,
  "result": [
    -0.4366709348124814,
    1.80345486,
    0,
    0.02106356,
    1.82451842,
    0,
    101948.62183606807,
    "BTC-SWAP",
    0.43,
    -44518,
    0.7966415,
    57399.7,
    0.02106356,
    -254872,
    152922,
    1.80345485
  ],
  "time": 1616444650208
}