{
  "code": 200,
  "result": [
    -0.43101576502150557,
    1.8035577,
    0,
    0.00264891,
    1.80620661,
    0,
    103286.24522070271,
    "BTC-SWAP",
    0.43,
    -44518,
    0.77822684,
    57399.7,
    0.00264891,
    -258216,
    154929,
    1.80355769
  ],
  "time": 1616418311724
}