{
  "code": 200,
  "result": [
    -0.4425709251577593,
    1.80345486,
    0,
    0.04122863,
    1.84468349,
    0,
    100589.52694222076,
    "BTC-SWAP",
    0.44,
    -44518,
    0.81680656,
    57399.7,
    0.04122863,
    -251474,
    150884,
    1.80345485
  ],
  "time": 1616455330003
}