{
  "code": 200,
  "result": [
    -0.4309129967440706,
    1.8035577,
    0,
    0.00239867,
    1.80595637,
    0,
    103310.87791821767,
    "BTC-SWAP",
    0.43,
    -44518,
    0.77797661,
    57399.7,
    0.00239867,
    -258278,
    154966,
    1.80355769
  ],
  "time": 1616424490349
}