{
  "code": 200,
  "result": [
    -0.4729243162712479,
    1.80341185,
    0,
    0.03866124,
    1.84207309,
    0,
    100665.15584429113,
    "BTC-SWAP",
    0.47,
    -47607,
    0.87158944,
    57156.1,
    0.03866124,
    -251663,
    150997,
    1.80341185
  ],
  "time": 1616461510478
}