{
  "code": 200,
  "result": [
    -0.47195788591989546,
    1.80341185,
    0,
    0.03472968,
    1.8381415300000001,
    0,
    100871.2883506734,
    "BTC-SWAP",
    0.47,
    -47607,
    0.86765788,
    57156.1,
    0.03472968,
    -252179,
    151306,
    1.80341185
  ],
  "time": 1616463370628
}