{
  "code": 200,
  "result": [
    -0.42993682857056564,
    1.8035577,
    0,
    -0.0005674,
    1.8029903,
    0,
    103545.444450552,
    "BTC-SWAP",
    0.42,
    -44518,
    0.77501053,
    57399.7,
    -0.0005674,
    -258864,
    155318,
    1.80355769
  ],
  "time": 1616416030461
}