{
  "code": 200,
  "result": [
    -0.42713139052510213,
    1.80312123,
    0,
    -0.01101984,
    1.79210139,
    0,
    104225.5404016805,
    "BTC-SWAP",
    0.42,
    -44518,
    0.76455808,
    57399.7,
    -0.01101984,
    -260564,
    156338,
    1.80312122
  ],
  "time": 1616408590679
}