{
  "code": 200,
  "result": [
    -0.4318415705218731,
    1.8035577,
    0,
    0.00508625,
    1.80864395,
    0,
    103088.73216212317,
    "BTC-SWAP",
    0.43,
    -44518,
    0.78066419,
    57399.7,
    0.00508625,
    -257722,
    154633,
    1.80355769
  ],
  "time": 1616426171720
}