{
  "code": 200,
  "result": [
    -0.43149882037839327,
    1.8035577,
    0,
    0.00429989,
    1.80785759,
    0,
    103170.6180817851,
    "BTC-SWAP",
    0.43,
    -44518,
    0.77987782,
    57399.7,
    0.00429989,
    -257927,
    154755,
    1.80355769
  ],
  "time": 1616417290242
}