{
  "code": 200,
  "result": [
    -0.4417415016904894,
    1.80345486,
    0,
    0.03781255,
    1.84126741,
    0,
    100778.39602943166,
    "BTC-SWAP",
    0.44,
    -44518,
    0.81339048,
    57399.7,
    0.03781255,
    -251946,
    151167,
    1.80345485
  ],
  "time": 1616454789461
}