{
  "code": 200,
  "result": [
    -0.43032681580679116,
    1.80312123,
    0,
    0.00068939,
    1.80381062,
    0,
    103451.605535054,
    "BTC-SWAP",
    0.43,
    -44518,
    0.77626733,
    57399.7,
    0.00068939,
    -258630,
    155177,
    1.80312122
  ],
  "time": 1616402771171
}