{
  "code": 200,
  "result": [
    -0.47131754572170304,
    1.80341185,
    0,
    0.03223833,
    1.83565018,
    0,
    101008.33383383167,
    "BTC-SWAP",
    0.47,
    -47607,
    0.86516653,
    57156.1,
    0.03223833,
    -252521,
    151512,
    1.80341185
  ],
  "time": 1616465171514
}