{
  "code": 200,
  "result": [
    -0.4734991126169887,
    1.80341185,
    0,
    0.03959413,
    1.84300598,
    0,
    100542.95505831094,
    "BTC-SWAP",
    0.47,
    -47607,
    0.87252233,
    57156.1,
    0.03959413,
    -251358,
    150814,
    1.80341185
  ],
  "time": 1616470810187
}