{
  "code": 200,
  "result": [
    -0.4423505632005862,
    1.80345486,
    0,
    0.04151048,
    1.84496534,
    0,
    100639.63675753947,
    "BTC-SWAP",
    0.44,
    -44518,
    0.81708841,
    57399.7,
    0.04151048,
    -251600,
    150959,
    1.80345485
  ],
  "time": 1616445970648
}