{
  "code": 200,
  "result": [
    -0.4738334334971324,
    1.80319927,
    0,
    0.04138241,
    1.84458168,
    0,
    100472.0153422608,
    "BTC-SWAP",
    0.47,
    -47607,
    0.87431061,
    57156.1,
    0.04138241,
    -251181,
    150708,
    1.80319927
  ],
  "time": 1616474830413
}