{
  "code": 200,
  "result": [
    -0.43100936017962993,
    1.8035577,
    0,
    0.00358874,
    1.8071464400000001,
    0,
    103287.7800645592,
    "BTC-SWAP",
    0.43,
    -44518,
    0.77916668,
    57399.7,
    0.00358874,
    -258220,
    154931,
    1.80355769
  ],
  "time": 1616434571382
}