{
  "code": 200,
  "result": [
    -0.43332924206746665,
    1.8035577,
    0,
    0.01046754,
    1.81402524,
    0,
    102734.8161125688,
    "BTC-SWAP",
    0.43,
    -44518,
    0.78604547,
    57399.7,
    0.01046754,
    -256838,
    154102,
    1.80355769
  ],
  "time": 1616431691492
}