{
  "code": 200,
  "result": [
    -0.431345657681443,
    1.8035577,
    0,
    0.00391617,
    1.8074738700000001,
    0,
    103207.2520198578,
    "BTC-SWAP",
    0.43,
    -44518,
    0.77949411,
    57399.7,
    0.00391617,
    -258019,
    154810,
    1.80355769
  ],
  "time": 1616428931254
}