{
  "code": 200,
  "result": [
    -0.4284840124580848,
    1.80312123,
    0,
    -0.00639368,
    1.79672755,
    0,
    103896.52520432099,
    "BTC-SWAP",
    0.42,
    -44518,
    0.76918425,
    57399.7,
    -0.00639368,
    -259742,
    155844,
    1.80312122
  ],
  "time": 1616413571291
}