{
  "code": 200,
  "result": [
    -0.430870315733337,
    1.8035577,
    0,
    0.00117157,
    1.80472927,
    0,
    103321.11165335399,
    "BTC-SWAP",
    0.43,
    -44518,
    0.7767495,
    57399.7,
    0.00117157,
    -258303,
    154981,
    1.80355769
  ],
  "time": 1616418850482
}