{
  "code": 200,
  "result": [
    -0.47326455567221526,
    1.80341185,
    0,
    0.03905237,
    1.84246422,
    0,
    100592.78564053882,
    "BTC-SWAP",
    0.47,
    -47607,
    0.87198057,
    57156.1,
    0.03905237,
    -251482,
    150889,
    1.80341185
  ],
  "time": 1616469730147
}