{
  "code": 200,
  "result": [
    -0.47258154466877245,
    1.80319927,
    0,
    0.03707004,
    1.8402693099999998,
    0,
    100738.17003024791,
    "BTC-SWAP",
    0.47,
    -47607,
    0.86999824,
    57156.1,
    0.03707004,
    -251846,
    151107,
    1.80319927
  ],
  "time": 1616472129602
}