{
  "code": 200,
  "result": [
    -0.43577273002190414,
    1.8035577,
    0,
    0.0188813,
    1.8224390000000001,
    0,
    102158.75600513667,
    "BTC-SWAP",
    0.43,
    -44518,
    0.79445923,
    57399.7,
    0.0188813,
    -255397,
    153238,
    1.80355769
  ],
  "time": 1616440329658
}