{
  "code": 200,
  "result": [
    -0.47407075456757747,
    1.80341185,
    0,
    0.04130535,
    1.8447172,
    0,
    100421.718786312,
    "BTC-SWAP",
    0.47,
    -47607,
    0.87423355,
    57156.1,
    0.04130535,
    -251055,
    150632,
    1.80341185
  ],
  "time": 1616469011617
}