{
  "code": 200,
  "result": [
    -0.4309011704176516,
    1.80312123,
    0,
    0.00024161,
    1.80336284,
    0,
    103313.71334371374,
    "BTC-SWAP",
    0.43,
    -44518,
    0.77581955,
    57399.7,
    0.00024161,
    -258285,
    154970,
    1.80312122
  ],
  "time": 1616406671890
}