{
  "code": 200,
  "result": [
    -0.428510871447245,
    1.80312123,
    0,
    -0.00635912,
    1.79676211,
    0,
    103890.01298764184,
    "BTC-SWAP",
    0.42,
    -44518,
    0.7692188,
    57399.7,
    -0.00635912,
    -259726,
    155835,
    1.80312122
  ],
  "time": 1616413630118
}