{
  "code": 200,
  "result": [
    -0.43606112750062753,
    1.8035577,
    0,
    0.01974424,
    1.8233019400000001,
    0,
    102091.19133173808,
    "BTC-SWAP",
    0.43,
    -44518,
    0.79532218,
    57399.7,
    0.01974424,
    -255228,
    153136,
    1.80355769
  ],
  "time": 1616442910991
}