{
  "code": 200,
  "result": [
    -0.44283218020659476,
    1.80345486,
    0,
    0.04107879,
    1.84453365,
    0,
    100530.182741532,
    "BTC-SWAP",
    0.44,
    -44518,
    0.81665673,
    57399.7,
    0.04107879,
    -251326,
    150795,
    1.80345485
  ],
  "time": 1616448611519
}