{
  "code": 200,
  "result": [
    -0.473334483543583,
    1.80341185,
    0,
    0.03874902,
    1.84216087,
    0,
    100577.92460754978,
    "BTC-SWAP",
    0.47,
    -47607,
    0.87167721,
    57156.1,
    0.03874902,
    -251445,
    150866,
    1.80341185
  ],
  "time": 1616471530321
}