{
  "code": 200,
  "result": [
    -0.43082041392546966,
    1.80312123,
    0,
    0.00185523,
    1.80497646,
    0,
    103333.0793087754,
    "BTC-SWAP",
    0.43,
    -44518,
    0.77743316,
    57399.7,
    0.00185523,
    -258333,
    154999,
    1.80312122
  ],
  "time": 1616404930539
}