{
  "code": 200,
  "result": [
    -0.4752845943564982,
    1.80319927,
    0,
    0.04592591,
    1.84912518,
    0,
    100165.2495479188,
    "BTC-SWAP",
    0.47,
    -47607,
    0.87885411,
    57156.1,
    0.04592591,
    -250414,
    150247,
    1.80319927
  ],
  "time": 1616474110536
}