{
  "code": 200,
  "result": [
    -0.4734061999386828,
    1.80341185,
    0,
    0.03912904,
    1.84254089,
    0,
    100562.68803865733,
    "BTC-SWAP",
    0.47,
    -47607,
    0.87205723,
    57156.1,
    0.03912904,
    -251407,
    150844,
    1.80341185
  ],
  "time": 1616459590087
}