{
  "code": 200,
  "result": [
    -0.44417746923496737,
    1.80345486,
    0,
    0.04495624,
    1.8484111,
    0,
    100225.70500182266,
    "BTC-SWAP",
    0.44,
    -44518,
    0.82053418,
    57399.7,
    0.04495624,
    -250565,
    150338,
    1.80345485
  ],
  "time": 1616457671254
}