{
  "code": 200,
  "result": [
    -0.4744891285183692,
    1.80341185,
    0,
    0.04350546,
    1.84691731,
    0,
    100333.1733830377,
    "BTC-SWAP",
    0.47,
    -47607,
    0.87643366,
    57156.1,
    0.04350546,
    -250833,
    150499,
    1.80341185
  ],
  "time": 1616458029451
}