{
  "code": 200,
  "result": [
    -0.43120827732861083,
    1.8035577,
    0,
    0.0035642,
    1.8071219,
    0,
    103240.133227021,
    "BTC-SWAP",
    0.43,
    -44518,
    0.77914213,
    57399.7,
    0.0035642,
    -258101,
    154860,
    1.80355769
  ],
  "time": 1616422690453
}