{
  "code": 200,
  "result": [
    -0.42918934906535083,
    1.80312123,
    0,
    -0.00431751,
    1.79880372,
    0,
    103725.7800011748,
    "BTC-SWAP",
    0.42,
    -44518,
    0.77126042,
    57399.7,
    -0.00431751,
    -259315,
    155588,
    1.80312122
  ],
  "time": 1616407630059
}