{
  "code": 200,
  "result": [
    -0.43226536056527987,
    1.8035577,
    0,
    0.00718365,
    1.81074135,
    0,
    102987.664664555,
    "BTC-SWAP",
    0.43,
    -44518,
    0.78276159,
    57399.7,
    0.00718365,
    -257470,
    154481,
    1.80355769
  ],
  "time": 1616434213516
}