{
  "code": 200,
  "result": [
    -0.4362765612699894,
    1.8035577,
    0,
    0.01955815,
    1.82311585,
    0,
    102040.778607059,
    "BTC-SWAP",
    0.43,
    -44518,
    0.79513609,
    57399.7,
    0.01955815,
    -255102,
    153061,
    1.80355769
  ],
  "time": 1616442013935
}