{
  "code": 200,
  "result": [
    -0.44398931190266705,
    1.80345486,
    0,
    0.04554043,
    1.84899529,
    0,
    100268.17945058866,
    "BTC-SWAP",
    0.44,
    -44518,
    0.82111837,
    57399.7,
    0.04554043,
    -250671,
    150402,
    1.80345485
  ],
  "time": 1616457550119
}