{
  "code": 200,
  "result": [
    -0.4335247677190955,
    1.8035577,
    0,
    0.01097584,
    1.81453354,
    0,
    102688.48129305881,
    "BTC-SWAP",
    0.43,
    -44518,
    0.78655377,
    57399.7,
    0.01097584,
    -256722,
    154032,
    1.80355769
  ],
  "time": 1616439190303
}