{
  "code": 200,
  "result": [
    -0.4311730279667595,
    1.8035577,
    0,
    0.00339923,
    1.8069569300000001,
    0,
    103248.57333940665,
    "BTC-SWAP",
    0.43,
    -44518,
    0.77897717,
    57399.7,
    0.00339923,
    -258122,
    154872,
    1.80355769
  ],
  "time": 1616429591048
}