{
  "code": 200,
  "result": [
    -0.47274982488024486,
    1.80341185,
    0,
    0.03720361,
    1.84061546,
    0,
    100702.31123207633,
    "BTC-SWAP",
    0.47,
    -47607,
    0.87013181,
    57156.1,
    0.03720361,
    -251756,
    151053,
    1.80341185
  ],
  "time": 1616461213414
}