{
  "code": 200,
  "result": [
    -0.42876384351865676,
    1.8035577,
    0,
    -0.00517172,
    1.79838598,
    0,
    103828.7175398522,
    "BTC-SWAP",
    0.42,
    -44518,
    0.77040621,
    57399.7,
    -0.00517172,
    -259572,
    155743,
    1.80355769
  ],
  "time": 1616414471163
}