{
  "code": 200,
  "result": [
    -0.43657019869960195,
    1.80345486,
    0,
    0.02096378,
    1.82441864,
    0,
    101972.14590598346,
    "BTC-SWAP",
    0.43,
    -44518,
    0.79654172,
    57399.7,
    0.02096378,
    -254931,
    152958,
    1.80345485
  ],
  "time": 1616444410588
}