{
  "code": 200,
  "result": [
    -0.43031999281206035,
    1.80312123,
    0,
    -0.00061596,
    1.80250527,
    0,
    103453.2458254687,
    "BTC-SWAP",
    0.42,
    -44518,
    0.77496196,
    57399.7,
    -0.00061596,
    -258634,
    155179,
    1.80312122
  ],
  "time": 1616407151164
}