{
  "code": 200,
  "result": [
    -0.4729539480584335,
    1.80341185,
    0,
    0.03853201,
    1.84194386,
    0,
    100658.84891211046,
    "BTC-SWAP",
    0.47,
    -47607,
    0.87146021,
    57156.1,
    0.03853201,
    -251648,
    150988,
    1.80341185
  ],
  "time": 1616461570982
}