{
  "code": 200,
  "result": [
    -0.43244596460926726,
    1.8035577,
    0,
    0.00722495,
    1.81078265,
    0,
    102944.65353659583,
    "BTC-SWAP",
    0.43,
    -44518,
    0.78280288,
    57399.7,
    0.00722495,
    -257362,
    154416,
    1.80355769
  ],
  "time": 1616433910666
}