{
  "code": 200,
  "result": [
    -0.43118184207255594,
    1.8035577,
    0,
    0.00342786,
    1.80698556,
    0,
    103246.46275922921,
    "BTC-SWAP",
    0.43,
    -44518,
    0.77900579,
    57399.7,
    0.00342786,
    -258117,
    154869,
    1.80355769
  ],
  "time": 1616417650599
}