{
  "code": 200,
  "result": [
    -0.43198590796051434,
    1.8035577,
    0,
    0.00643564,
    1.8099933400000001,
    0,
    103054.2876043752,
    "BTC-SWAP",
    0.43,
    -44518,
    0.78201358,
    57399.7,
    0.00643564,
    -257636,
    154581,
    1.80355769
  ],
  "time": 1616425871941
}