{
  "code": 200,
  "result": [
    -0.47356193670202285,
    1.80341185,
    0,
    0.03973648,
    1.84314833,
    0,
    100529.61674146444,
    "BTC-SWAP",
    0.47,
    -47607,
    0.87266468,
    57156.1,
    0.03973648,
    -251325,
    150794,
    1.80341185
  ],
  "time": 1616471410845
}