{
  "code": 200,
  "result": [
    -0.4443599052981404,
    1.80345486,
    0,
    0.04489878,
    1.84835364,
    0,
    100184.556412962,
    "BTC-SWAP",
    0.44,
    -44518,
    0.82047671,
    57399.7,
    0.04489878,
    -250462,
    150276,
    1.80345485
  ],
  "time": 1616451971596
}