{
  "code": 200,
  "result": [
    -0.4309495485638549,
    1.8035577,
    0,
    0.00322207,
    1.8067797700000001,
    0,
    103302.11540621593,
    "BTC-SWAP",
    0.43,
    -44518,
    0.77880001,
    57399.7,
    0.00322207,
    -258256,
    154953,
    1.80355769
  ],
  "time": 1616428031690
}