{
  "code": 200,
  "result": [
    -0.43106493237752364,
    1.8035577,
    0,
    0.0035792,
    1.8071369,
    0,
    103274.46437004866,
    "BTC-SWAP",
    0.43,
    -44518,
    0.77915713,
    57399.7,
    0.0035792,
    -258187,
    154911,
    1.80355769
  ],
  "time": 1616428572666
}