{
  "code": 200,
  "result": [
    -0.4363208139131403,
    1.80345486,
    0,
    0.01945307,
    1.82290793,
    0,
    102030.42940065273,
    "BTC-SWAP",
    0.43,
    -44518,
    0.79503101,
    57399.7,
    0.01945307,
    -255077,
    153045,
    1.80345485
  ],
  "time": 1616444171395
}