{
  "code": 200,
  "result": [
    -0.436830150697915,
    1.80345486,
    0,
    0.02147862,
    1.8249334799999999,
    0,
    101911.463594888,
    "BTC-SWAP",
    0.43,
    -44518,
    0.79705655,
    57399.7,
    0.02147862,
    -254779,
    152867,
    1.80345485
  ],
  "time": 1616443571463
}