{
  "code": 200,
  "result": [
    -0.44110302038019245,
    1.80345486,
    0,
    0.03601235,
    1.83946721,
    0,
    100924.26925943367,
    "BTC-SWAP",
    0.44,
    -44518,
    0.81159029,
    57399.7,
    0.03601235,
    -252311,
    151386,
    1.80345485
  ],
  "time": 1616454489183
}