{
  "code": 200,
  "result": [
    -0.43125727725637386,
    1.8035577,
    0,
    0.00320981,
    1.80676751,
    0,
    103228.40296915137,
    "BTC-SWAP",
    0.43,
    -44518,
    0.77878775,
    57399.7,
    0.00320981,
    -258072,
    154842,
    1.80355769
  ],
  "time": 1616420111704
}