{
  "code": 200,
  "result": [
    -0.431467962405759,
    1.80312123,
    0,
    0.00282989,
    1.8059511199999998,
    0,
    103177.99669708639,
    "BTC-SWAP",
    0.43,
    -44518,
    0.77840782,
    57399.7,
    0.00282989,
    -257945,
    154766,
    1.80312122
  ],
  "time": 1616403731477
}