{
  "code": 200,
  "result": [
    -0.47297159455502913,
    1.80341185,
    0,
    0.03752499,
    1.8409368400000001,
    0,
    100655.09334612067,
    "BTC-SWAP",
    0.47,
    -47607,
    0.87045319,
    57156.1,
    0.03752499,
    -251638,
    150982,
    1.80341185
  ],
  "time": 1616471889666
}