{
  "code": 200,
  "result": [
    -0.4340508973398289,
    1.8035577,
    0,
    0.01276288,
    1.81632058,
    0,
    102564.0086746458,
    "BTC-SWAP",
    0.43,
    -44518,
    0.78834081,
    57399.7,
    0.01276288,
    -256411,
    153846,
    1.80355769
  ],
  "time": 1616439371140
}