{
  "code": 200,
  "result": [
    -0.4319231850585173,
    1.8035577,
    0,
    0.00522728,
    1.80878498,
    0,
    103069.25291349819,
    "BTC-SWAP",
    0.43,
    -44518,
    0.78080521,
    57399.7,
    0.00522728,
    -257674,
    154603,
    1.80355769
  ],
  "time": 1616429050446
}