{
  "code": 200,
  "result": [
    -0.4751483259285701,
    1.80319927,
    0,
    0.04464121,
    1.84784048,
    0,
    100193.97607465599,
    "BTC-SWAP",
    0.47,
    -47607,
    0.87756941,
    57156.1,
    0.04464121,
    -250485,
    150290,
    1.80319927
  ],
  "time": 1616474350525
}