{
  "code": 200,
  "result": [
    -0.43098866222228605,
    1.8035577,
    0,
    0.00236468,
    1.80592238,
    0,
    103292.74039473332,
    "BTC-SWAP",
    0.43,
    -44518,
    0.77794262,
    57399.7,
    0.00236468,
    -258232,
    154939,
    1.80355769
  ],
  "time": 1616417771376
}