{
  "code": 200,
  "result": [
    -0.4422957613309935,
    1.80345486,
    0,
    0.04006583,
    1.84352069,
    0,
    100652.10633272337,
    "BTC-SWAP",
    0.44,
    -44518,
    0.81564376,
    57399.7,
    0.04006583,
    -251631,
    150978,
    1.80345485
  ],
  "time": 1616446571889
}