{
  "code": 200,
  "result": [
    -0.47335686077100647,
    1.80341185,
    0,
    0.03917536,
    1.84258721,
    0,
    100573.16993875918,
    "BTC-SWAP",
    0.47,
    -47607,
    0.87210356,
    57156.1,
    0.03917536,
    -251433,
    150859,
    1.80341185
  ],
  "time": 1616469249794
}