{
  "code": 200,
  "result": [
    -0.43604837733319485,
    1.8035577,
    0,
    0.01896212,
    1.8225198200000001,
    0,
    102094.17650460088,
    "BTC-SWAP",
    0.43,
    -44518,
    0.79454005,
    57399.7,
    0.01896212,
    -255236,
    153141,
    1.80355769
  ],
  "time": 1616442789575
}