{
  "code": 200,
  "result": [
    -0.44289629313523204,
    1.80345486,
    0,
    0.04073587,
    1.84419073,
    0,
    100515.63015996403,
    "BTC-SWAP",
    0.44,
    -44518,
    0.8163138,
    57399.7,
    0.04073587,
    -251290,
    150773,
    1.80345485
  ],
  "time": 1616456290258
}