{
  "code": 200,
  "result": [
    -0.42672583234658606,
    1.80312123,
    0,
    -0.01180687,
    1.7913143599999999,
    0,
    104324.59585395466,
    "BTC-SWAP",
    0.42,
    -44518,
    0.76377105,
    57399.7,
    -0.01180687,
    -260812,
    156486,
    1.80312122
  ],
  "time": 1616408350512
}