{
  "code": 200,
  "result": [
    -0.4320212721366801,
    1.8035577,
    0,
    0.00633675,
    1.80989445,
    0,
    103045.85183924851,
    "BTC-SWAP",
    0.43,
    -44518,
    0.78191468,
    57399.7,
    0.00633675,
    -257615,
    154568,
    1.80355769
  ],
  "time": 1616425930544
}