{
  "code": 200,
  "result": [
    -0.4746534399066616,
    1.80319927,
    0,
    0.04317159,
    1.84637086,
    0,
    100298.44092009887,
    "BTC-SWAP",
    0.47,
    -47607,
    0.87609979,
    57156.1,
    0.04317159,
    -250747,
    150447,
    1.80319927
  ],
  "time": 1616473691852
}