{
  "code": 200,
  "result": [
    -0.4430012199261728,
    1.80345486,
    0,
    0.04107879,
    1.84453365,
    0,
    100491.82259005749,
    "BTC-SWAP",
    0.44,
    -44518,
    0.81665673,
    57399.7,
    0.04107879,
    -251230,
    150737,
    1.80345485
  ],
  "time": 1616448550329
}