{
  "code": 200,
  "result": [
    -0.42767145503352455,
    1.80312123,
    0,
    -0.00912435,
    1.79399688,
    0,
    104093.9241467736,
    "BTC-SWAP",
    0.42,
    -44518,
    0.76645358,
    57399.7,
    -0.00912435,
    -260235,
    156140,
    1.80312122
  ],
  "time": 1616412072427
}