{
  "code": 200,
  "result": [
    -0.4423962937048647,
    1.80345486,
    0,
    0.03887653,
    1.84233139,
    0,
    100629.23363842473,
    "BTC-SWAP",
    0.44,
    -44518,
    0.81445447,
    57399.7,
    0.03887653,
    -251574,
    150943,
    1.80345485
  ],
  "time": 1616447949807
}