{
  "code": 200,
  "result": [
    -0.43158361327787437,
    1.8035577,
    0,
    0.00513554,
    1.80869324,
    0,
    103150.34823005933,
    "BTC-SWAP",
    0.43,
    -44518,
    0.78071347,
    57399.7,
    0.00513554,
    -257876,
    154725,
    1.80355769
  ],
  "time": 1616426472370
}