{
  "code": 200,
  "result": [
    -0.4734195467742114,
    1.80341185,
    0,
    0.03902522,
    1.8424370700000001,
    0,
    100559.85293464291,
    "BTC-SWAP",
    0.47,
    -47607,
    0.87195341,
    57156.1,
    0.03902522,
    -251400,
    150839,
    1.80341185
  ],
  "time": 1616468412772
}