{
  "code": 200,
  "result": [
    -0.4311185212106312,
    1.8035577,
    0,
    0.00403493,
    1.80759263,
    0,
    103261.62716226677,
    "BTC-SWAP",
    0.43,
    -44518,
    0.77961287,
    57399.7,
    0.00403493,
    -258155,
    154892,
    1.80355769
  ],
  "time": 1616435650525
}