{
  "code": 200,
  "result": [
    -0.47353327160455316,
    1.80341185,
    0,
    0.03955735,
    1.8429692,
    0,
    100535.702251048,
    "BTC-SWAP",
    0.47,
    -47607,
    0.87248555,
    57156.1,
    0.03955735,
    -251340,
    150803,
    1.80341185
  ],
  "time": 1616470929994
}