{
  "code": 200,
  "result": [
    -0.442849343757799,
    1.80345486,
    0,
    0.04161847,
    1.84507333,
    0,
    100526.28648434347,
    "BTC-SWAP",
    0.44,
    -44518,
    0.8171964,
    57399.7,
    0.04161847,
    -251316,
    150789,
    1.80345485
  ],
  "time": 1616455750465
}