{
  "code": 200,
  "result": [
    -0.437357041771192,
    1.80345486,
    0,
    0.02307441,
    1.82652927,
    0,
    101788.6892130802,
    "BTC-SWAP",
    0.43,
    -44518,
    0.79865234,
    57399.7,
    0.02307441,
    -254472,
    152683,
    1.80345485
  ],
  "time": 1616445249453
}