{
  "code": 200,
  "result": [
    -0.44359373688504244,
    1.80345486,
    0,
    0.04280676,
    1.84626162,
    0,
    100357.5936680478,
    "BTC-SWAP",
    0.44,
    -44518,
    0.8183847,
    57399.7,
    0.04280676,
    -250894,
    150536,
    1.80345485
  ],
  "time": 1616451850277
}