{
  "code": 200,
  "result": [
    -0.4307316433200301,
    1.8035577,
    0,
    0.00165842,
    1.80521612,
    0,
    103354.37549203575,
    "BTC-SWAP",
    0.43,
    -44518,
    0.77723635,
    57399.7,
    0.00165842,
    -258386,
    155031,
    1.80355769
  ],
  "time": 1616422091148
}