{
  "code": 200,
  "result": [
    -0.44201793135851647,
    1.80345486,
    0,
    0.03926264,
    1.8427175,
    0,
    100715.37112346667,
    "BTC-SWAP",
    0.44,
    -44518,
    0.81484057,
    57399.7,
    0.03926264,
    -251789,
    151073,
    1.80345485
  ],
  "time": 1616446630004
}