{
  "code": 200,
  "result": [
    -0.43683612903067937,
    1.8035577,
    0,
    0.02245307,
    1.8260107700000001,
    0,
    101910.06888277197,
    "BTC-SWAP",
    0.43,
    -44518,
    0.798031,
    57399.7,
    0.02245307,
    -254776,
    152865,
    1.80355769
  ],
  "time": 1616441529871
}