{
  "code": 200,
  "result": [
    -0.4322319291148503,
    1.8035577,
    0,
    0.00674622,
    1.81030392,
    0,
    102995.6303579112,
    "BTC-SWAP",
    0.43,
    -44518,
    0.78232416,
    57399.7,
    0.00674622,
    -257490,
    154493,
    1.80355769
  ],
  "time": 1616434271461
}