{
  "code": 200,
  "result": [
    -0.4290452757064973,
    1.80312123,
    0,
    -0.00430815,
    1.79881308,
    0,
    103760.6111072856,
    "BTC-SWAP",
    0.42,
    -44518,
    0.77126977,
    57399.7,
    -0.00430815,
    -259402,
    155640,
    1.80312122
  ],
  "time": 1616401091470
}