{
  "code": 200,
  "result": [
    -0.4302397487053075,
    1.8035577,
    0,
    0.00059195,
    1.80414965,
    0,
    103472.54091228233,
    "BTC-SWAP",
    0.43,
    -44518,
    0.77616988,
    57399.7,
    0.00059195,
    -258682,
    155208,
    1.80355769
  ],
  "time": 1616416212696
}