{
  "code": 200,
  "result": [
    -0.43011418123561107,
    1.8035577,
    0,
    -0.00111479,
    1.8024429100000001,
    0,
    103502.74867038993,
    "BTC-SWAP",
    0.42,
    -44518,
    0.77446314,
    57399.7,
    -0.00111479,
    -258757,
    155254,
    1.80355769
  ],
  "time": 1616416090549
}