{
  "code": 200,
  "result": [
    -0.4314108803495559,
    1.8035577,
    0,
    0.00467031,
    1.80822801,
    0,
    103191.6486759183,
    "BTC-SWAP",
    0.43,
    -44518,
    0.78024824,
    57399.7,
    0.00467031,
    -257980,
    154787,
    1.80355769
  ],
  "time": 1616428390076
}