{
  "code": 200,
  "result": [
    -0.43121457951217673,
    1.8035577,
    0,
    0.00331882,
    1.80687652,
    0,
    103238.62437666695,
    "BTC-SWAP",
    0.43,
    -44518,
    0.77889675,
    57399.7,
    0.00331882,
    -258097,
    154857,
    1.80355769
  ],
  "time": 1616428750120
}