{
  "code": 200,
  "result": [
    -0.47308365111281814,
    1.80341185,
    0,
    0.03831033,
    1.84172218,
    0,
    100631.25176280287,
    "BTC-SWAP",
    0.47,
    -47607,
    0.87123853,
    57156.1,
    0.03831033,
    -251579,
    150946,
    1.80341185
  ],
  "time": 1616468589279
}