{
  "code": 200,
  "result": [
    -0.43154155676212,
    1.8035577,
    0,
    0.00412096,
    1.80767866,
    0,
    103160.40089863187,
    "BTC-SWAP",
    0.43,
    -44518,
    0.77969889,
    57399.7,
    0.00412096,
    -257902,
    154740,
    1.80355769
  ],
  "time": 1616424071426
}