{
  "code": 200,
  "result": [
    -0.42901161324380144,
    1.80312123,
    0,
    -0.00566336,
    1.79745787,
    0,
    103768.75269971079,
    "BTC-SWAP",
    0.42,
    -44518,
    0.76991456,
    57399.7,
    -0.00566336,
    -259422,
    155653,
    1.80312122
  ],
  "time": 1616413810725
}