{
  "code": 200,
  "result": [
    -0.43306661954347003,
    1.8035577,
    0,
    0.00953736,
    1.81309506,
    0,
    102797.1170969722,
    "BTC-SWAP",
    0.43,
    -44518,
    0.78511529,
    57399.7,
    0.00953736,
    -256993,
    154195,
    1.80355769
  ],
  "time": 1616420650550
}