{
  "code": 200,
  "result": [
    -0.4310193786613756,
    1.80312123,
    0,
    0.00216082,
    1.80528205,
    0,
    103285.37927519716,
    "BTC-SWAP",
    0.43,
    -44518,
    0.77773876,
    57399.7,
    0.00216082,
    -258214,
    154928,
    1.80312122
  ],
  "time": 1616406550211
}