{
  "code": 200,
  "result": [
    -0.471757259841155,
    1.80341185,
    0,
    0.03322528,
    1.83663713,
    0,
    100914.18628306793,
    "BTC-SWAP",
    0.47,
    -47607,
    0.86615347,
    57156.1,
    0.03322528,
    -252286,
    151371,
    1.80341185
  ],
  "time": 1616467211399
}