{
  "code": 200,
  "result": [
    -0.47240796800434914,
    1.80341185,
    0,
    0.03638375,
    1.8397956,
    0,
    100775.18421442399,
    "BTC-SWAP",
    0.47,
    -47607,
    0.86931195,
    57156.1,
    0.03638375,
    -251938,
    151162,
    1.80341185
  ],
  "time": 1616460549188
}