{
  "code": 200,
  "result": [
    -0.42979252214993946,
    1.80312123,
    0,
    -0.00253762,
    1.80058361,
    0,
    103580.2106963351,
    "BTC-SWAP",
    0.42,
    -44518,
    0.77304031,
    57399.7,
    -0.00253762,
    -258951,
    155370,
    1.80312122
  ],
  "time": 1616400850602
}