{
  "code": 200,
  "result": [
    -0.4275903685510878,
    1.80312123,
    0,
    -0.00929322,
    1.79382801,
    0,
    104113.6640912927,
    "BTC-SWAP",
    0.42,
    -44518,
    0.76628471,
    57399.7,
    -0.00929322,
    -260285,
    156170,
    1.80312122
  ],
  "time": 1616410389839
}