{
  "code": 200,
  "result": [
    -0.4419873356007588,
    1.80345486,
    0,
    0.03750206,
    1.84095692,
    0,
    100722.342959194,
    "BTC-SWAP",
    0.44,
    -44518,
    0.81307999,
    57399.7,
    0.03750206,
    -251806,
    151083,
    1.80345485
  ],
  "time": 1616449571004
}