{
  "code": 200,
  "result": [
    -0.43002379630984006,
    1.80312123,
    0,
    -0.00166141,
    1.8014598199999998,
    0,
    103524.50348567213,
    "BTC-SWAP",
    0.42,
    -44518,
    0.77391652,
    57399.7,
    -0.00166141,
    -258812,
    155286,
    1.80312122
  ],
  "time": 1616407510987
}