{
  "code": 200,
  "result": [
    -0.43321733359431985,
    1.8035577,
    0,
    0.00996267,
    1.81352037,
    0,
    102761.35451608739,
    "BTC-SWAP",
    0.43,
    -44518,
    0.7855406,
    57399.7,
    0.00996267,
    -256904,
    154142,
    1.80355769
  ],
  "time": 1616438290087
}