{
  "code": 200,
  "result": [
    -0.436544966593531,
    1.8035577,
    0,
    0.02084551,
    1.82440321,
    0,
    101978.03985093457,
    "BTC-SWAP",
    0.43,
    -44518,
    0.79642344,
    57399.7,
    0.02084551,
    -254946,
    152967,
    1.80355769
  ],
  "time": 1616442070754
}