{
  "code": 200,
  "result": [
    -0.47223100641989674,
    1.80341185,
    0,
    0.0341971,
    1.8376089500000001,
    0,
    100812.94822404985,
    "BTC-SWAP",
    0.47,
    -47607,
    0.8671253,
    57156.1,
    0.0341971,
    -252033,
    151219,
    1.80341185
  ],
  "time": 1616467929901
}