{
  "code": 200,
  "result": [
    -0.47426276956124513,
    1.80319927,
    0,
    0.04202194,
    1.8452212099999998,
    0,
    100381.06099714022,
    "BTC-SWAP",
    0.47,
    -47607,
    0.87495014,
    57156.1,
    0.04202194,
    -250953,
    150571,
    1.80319927
  ],
  "time": 1616475549925
}