{
  "code": 200,
  "result": [
    -0.44188608951358144,
    1.80345486,
    0,
    0.03819764,
    1.8416525,
    0,
    100745.42072370833,
    "BTC-SWAP",
    0.44,
    -44518,
    0.81377558,
    57399.7,
    0.03819764,
    -251864,
    151118,
    1.80345485
  ],
  "time": 1616446990345
}