{
  "code": 200,
  "result": [
    -0.47425954459018754,
    1.80319927,
    0,
    0.04266402,
    1.8458632899999998,
    0,
    100381.74358965762,
    "BTC-SWAP",
    0.47,
    -47607,
    0.87559222,
    57156.1,
    0.04266402,
    -250955,
    150572,
    1.80319927
  ],
  "time": 1616475673161
}