{
  "code": 200,
  "result": [
    -0.4422684140557129,
    1.80345486,
    0,
    0.03971181,
    1.84316667,
    0,
    100658.33006648319,
    "BTC-SWAP",
    0.44,
    -44518,
    0.81528975,
    57399.7,
    0.03971181,
    -251646,
    150987,
    1.80345485
  ],
  "time": 1616456889702
}