{
  "code": 200,
  "result": [
    -0.4276664101980383,
    1.80312123,
    0,
    -0.00872827,
    1.79439296,
    0,
    104095.15205878613,
    "BTC-SWAP",
    0.42,
    -44518,
    0.76684966,
    57399.7,
    -0.00872827,
    -260238,
    156142,
    1.80312122
  ],
  "time": 1616410870897
}