{
  "code": 200,
  "result": [
    -0.4326434918919322,
    1.8035577,
    0,
    0.00863838,
    1.81219608,
    0,
    102897.6532278912,
    "BTC-SWAP",
    0.43,
    -44518,
    0.78421632,
    57399.7,
    0.00863838,
    -257245,
    154346,
    1.80355769
  ],
  "time": 1616433250579
}