{
  "code": 200,
  "result": [
    -0.47273052034429625,
    1.80341185,
    0,
    0.03729268,
    1.84070453,
    0,
    100706.42353560578,
    "BTC-SWAP",
    0.47,
    -47607,
    0.87022088,
    57156.1,
    0.03729268,
    -251767,
    151059,
    1.80341185
  ],
  "time": 1616469611870
}