{
  "code": 200,
  "result": [
    -0.4421262919730726,
    1.80345486,
    0,
    0.03918062,
    1.84263548,
    0,
    100690.6868201164,
    "BTC-SWAP",
    0.44,
    -44518,
    0.81475855,
    57399.7,
    0.03918062,
    -251727,
    151036,
    1.80345485
  ],
  "time": 1616456529807
}