{
  "code": 200,
  "result": [
    -0.4436705828929587,
    1.80345486,
    0,
    0.04426114,
    1.847716,
    0,
    100340.21122094666,
    "BTC-SWAP",
    0.44,
    -44518,
    0.81983908,
    57399.7,
    0.04426114,
    -250851,
    150510,
    1.80345485
  ],
  "time": 1616457309682
}