{
  "code": 200,
  "result": [
    -0.47163269259960544,
    1.80341185,
    0,
    0.03381347,
    1.83722532,
    0,
    100940.8396555244,
    "BTC-SWAP",
    0.47,
    -47607,
    0.86674167,
    57156.1,
    0.03381347,
    -252353,
    151411,
    1.80341185
  ],
  "time": 1616465411087
}