{
  "code": 200,
  "result": [
    -0.44289779988198774,
    1.80345486,
    0,
    0.04131706,
    1.84477192,
    0,
    100515.28820387466,
    "BTC-SWAP",
    0.44,
    -44518,
    0.81689499,
    57399.7,
    0.04131706,
    -251289,
    150772,
    1.80345485
  ],
  "time": 1616446813180
}