{
  "code": 200,
  "result": [
    -0.4734601483608352,
    1.80341185,
    0,
    0.0396565,
    1.84306835,
    0,
    100551.2294219905,
    "BTC-SWAP",
    0.47,
    -47607,
    0.8725847,
    57156.1,
    0.0396565,
    -251379,
    150826,
    1.80341185
  ],
  "time": 1616460011815
}