{
  "code": 200,
  "result": [
    -0.42756779141338613,
    1.80312123,
    0,
    -0.00940927,
    1.79371196,
    0,
    104119.16167220974,
    "BTC-SWAP",
    0.42,
    -44518,
    0.76616865,
    57399.7,
    -0.00940927,
    -260298,
    156178,
    1.80312122
  ],
  "time": 1616411710155
}