{
  "code": 200,
  "result": [
    -0.4729453284489035,
    1.80341185,
    0,
    0.03757751,
    1.84098936,
    0,
    100660.6834581376,
    "BTC-SWAP",
    0.47,
    -47607,
    0.87050571,
    57156.1,
    0.03757751,
    -251652,
    150991,
    1.80341185
  ],
  "time": 1616468650197
}