{
  "code": 200,
  "result": [
    -0.44469119604619023,
    1.80345486,
    0,
    0.04860358,
    1.85205844,
    0,
    100109.91986307707,
    "BTC-SWAP",
    0.44,
    -44518,
    0.82418152,
    57399.7,
    0.04860358,
    -250275,
    150164,
    1.80345485
  ],
  "time": 1616450828949
}