{
  "code": 200,
  "result": [
    -0.43156512111065765,
    1.80312123,
    0,
    0.00359011,
    1.8067113399999999,
    0,
    103154.76812729993,
    "BTC-SWAP",
    0.43,
    -44518,
    0.77916804,
    57399.7,
    0.00359011,
    -257887,
    154732,
    1.80312122
  ],
  "time": 1616403971874
}