{
  "code": 200,
  "result": [
    -0.4435843151494521,
    1.80345486,
    0,
    0.04248193,
    1.84593679,
    0,
    100359.72526440892,
    "BTC-SWAP",
    0.44,
    -44518,
    0.81805986,
    57399.7,
    0.04248193,
    -250900,
    150539,
    1.80345485
  ],
  "time": 1616455571527
}