{
  "code": 200,
  "result": [
    -0.4288303880014145,
    1.80312123,
    0,
    -0.00484093,
    1.7982802999999998,
    0,
    103812.60574251365,
    "BTC-SWAP",
    0.42,
    -44518,
    0.77073699,
    57399.7,
    -0.00484093,
    -259532,
    155718,
    1.80312122
  ],
  "time": 1616414229799
}