{
  "code": 200,
  "result": [
    -0.4312824998161744,
    1.8035577,
    0,
    0.00412778,
    1.80768548,
    0,
    103222.365894686,
    "BTC-SWAP",
    0.43,
    -44518,
    0.77970572,
    57399.7,
    0.00412778,
    -258056,
    154833,
    1.80355769
  ],
  "time": 1616426590465
}