{
  "code": 200,
  "result": [
    -0.4418728996466655,
    1.80345486,
    0,
    0.03905985,
    1.84251471,
    0,
    100748.4279655935,
    "BTC-SWAP",
    0.44,
    -44518,
    0.81463778,
    57399.7,
    0.03905985,
    -251872,
    151122,
    1.80345485
  ],
  "time": 1616446930060
}