{
  "code": 200,
  "result": [
    -0.4316407023321798,
    1.8035577,
    0,
    0.00507804,
    1.80863574,
    0,
    103136.7055040608,
    "BTC-SWAP",
    0.43,
    -44518,
    0.78065597,
    57399.7,
    0.00507804,
    -257842,
    154705,
    1.80355769
  ],
  "time": 1616423650846
}