{
  "code": 200,
  "result": [
    -0.42828169753581435,
    1.80312123,
    0,
    -0.00778263,
    1.7953386,
    0,
    103945.604624576,
    "BTC-SWAP",
    0.42,
    -44518,
    0.7677953,
    57399.7,
    -0.00778263,
    -259865,
    155918,
    1.80312122
  ],
  "time": 1616412310466
}