{
  "code": 200,
  "result": [
    -0.4330773942476222,
    1.8035577,
    0,
    0.00933941,
    1.81289711,
    0,
    102794.55956674983,
    "BTC-SWAP",
    0.43,
    -44518,
    0.78491734,
    57399.7,
    0.00933941,
    -256987,
    154191,
    1.80355769
  ],
  "time": 1616438050237
}