{
  "code": 200,
  "result": [
    -0.4734621465781098,
    1.80341185,
    0,
    0.03911466,
    1.8425265100000001,
    0,
    100550.80505183744,
    "BTC-SWAP",
    0.47,
    -47607,
    0.87204286,
    57156.1,
    0.03911466,
    -251378,
    150826,
    1.80341185
  ],
  "time": 1616470030343
}