{
  "code": 200,
  "result": [
    -0.427781760651302,
    1.80312123,
    0,
    -0.00841508,
    1.79470615,
    0,
    104067.08301967083,
    "BTC-SWAP",
    0.42,
    -44518,
    0.76716285,
    57399.7,
    -0.00841508,
    -260168,
    156100,
    1.80312122
  ],
  "time": 1616412190352
}