{
  "code": 200,
  "result": [
    -0.4311409021019292,
    1.8035577,
    0,
    0.00370604,
    1.80726374,
    0,
    103256.26676328467,
    "BTC-SWAP",
    0.43,
    -44518,
    0.77928397,
    57399.7,
    0.00370604,
    -258141,
    154884,
    1.80355769
  ],
  "time": 1616428091832
}