{
  "code": 200,
  "result": [
    -0.47340746331099337,
    1.80319927,
    0,
    0.03945183,
    1.8426510999999999,
    0,
    100562.41966917567,
    "BTC-SWAP",
    0.47,
    -47607,
    0.87238003,
    57156.1,
    0.03945183,
    -251407,
    150843,
    1.80319927
  ],
  "time": 1616472972951
}