{
  "code": 200,
  "result": [
    -0.4748284090855611,
    1.80319927,
    0,
    0.04411255,
    1.8473118199999998,
    0,
    100261.4820197532,
    "BTC-SWAP",
    0.47,
    -47607,
    0.87704075,
    57156.1,
    0.04411255,
    -250654,
    150392,
    1.80319927
  ],
  "time": 1616473812267
}