{
  "code": 200,
  "result": [
    -0.43261504635444653,
    1.8035577,
    0,
    0.0079069,
    1.8114646,
    0,
    102904.41900979534,
    "BTC-SWAP",
    0.43,
    -44518,
    0.78348483,
    57399.7,
    0.0079069,
    -257262,
    154356,
    1.80355769
  ],
  "time": 1616421012611
}