{
  "code": 200,
  "result": [
    -0.47298883179893486,
    1.80341185,
    0,
    0.03783226,
    1.84124411,
    0,
    100651.42514873901,
    "BTC-SWAP",
    0.47,
    -47607,
    0.87076046,
    57156.1,
    0.03783226,
    -251629,
    150977,
    1.80341185
  ],
  "time": 1616471710966
}