{
  "code": 200,
  "result": [
    -0.43168273399521073,
    1.8035577,
    0,
    0.00504519,
    1.80860289,
    0,
    103126.6633900023,
    "BTC-SWAP",
    0.43,
    -44518,
    0.78062312,
    57399.7,
    0.00504519,
    -257817,
    154689,
    1.80355769
  ],
  "time": 1616425811619
}