{
  "code": 200,
  "result": [
    -0.43200327471195427,
    1.8035577,
    0,
    0.00514101,
    1.80869871,
    0,
    103050.1447695811,
    "BTC-SWAP",
    0.43,
    -44518,
    0.78071895,
    57399.7,
    0.00514101,
    -257626,
    154575,
    1.80355769
  ],
  "time": 1616429411710
}