{
  "code": 200,
  "result": [
    -0.4310743126126439,
    1.80312123,
    0,
    0.00255777,
    1.8056789999999998,
    0,
    103272.21710379,
    "BTC-SWAP",
    0.43,
    -44518,
    0.77813571,
    57399.7,
    0.00255777,
    -258181,
    154908,
    1.80312122
  ],
  "time": 1616404330655
}