{
  "code": 200,
  "result": [
    -0.4308853854171549,
    1.8035577,
    0,
    0.00289523,
    1.80645293,
    0,
    103317.49812516988,
    "BTC-SWAP",
    0.43,
    -44518,
    0.77847316,
    57399.7,
    0.00289523,
    -258294,
    154976,
    1.80355769
  ],
  "time": 1616428691264
}