{
  "code": 200,
  "result": [
    -0.43695333742808934,
    1.80345486,
    0,
    0.02144723,
    1.82490209,
    0,
    101882.7325179235,
    "BTC-SWAP",
    0.43,
    -44518,
    0.79702516,
    57399.7,
    0.02144723,
    -254707,
    152824,
    1.80345485
  ],
  "time": 1616444530763
}