{
  "code": 200,
  "result": [
    -0.4315087844459728,
    1.8035577,
    0,
    0.0045828,
    1.8081405000000002,
    0,
    103168.23574555501,
    "BTC-SWAP",
    0.43,
    -44518,
    0.78016073,
    57399.7,
    0.0045828,
    -257921,
    154752,
    1.80355769
  ],
  "time": 1616424130920
}