{
  "code": 200,
  "result": [
    -0.431046987732585,
    1.80312123,
    0,
    0.00252785,
    1.80564908,
    0,
    103278.76372405667,
    "BTC-SWAP",
    0.43,
    -44518,
    0.77810579,
    57399.7,
    0.00252785,
    -258197,
    154918,
    1.80312122
  ],
  "time": 1616406490974
}