{
  "code": 200,
  "result": [
    -0.4719529370863798,
    1.80341185,
    0,
    0.03384188,
    1.83725373,
    0,
    100872.34607311421,
    "BTC-SWAP",
    0.47,
    -47607,
    0.86677008,
    57156.1,
    0.03384188,
    -252181,
    151308,
    1.80341185
  ],
  "time": 1616467811223
}