{
  "code": 200,
  "result": [
    -0.4364240021665727,
    1.8035577,
    0,
    0.02062473,
    1.82418243,
    0,
    102006.3052879675,
    "BTC-SWAP",
    0.43,
    -44518,
    0.79620266,
    57399.7,
    0.02062473,
    -255016,
    153009,
    1.80355769
  ],
  "time": 1616441891939
}