{
  "code": 200,
  "result": [
    -0.4707125379318074,
    1.80341185,
    0,
    0.03045278,
    1.83386463,
    0,
    101138.1600523606,
    "BTC-SWAP",
    0.47,
    -47607,
    0.86338098,
    57156.1,
    0.03045278,
    -252846,
    151707,
    1.80341185
  ],
  "time": 1616464930034
}