{
  "code": 200,
  "result": [
    -0.43114959367983957,
    1.8035577,
    0,
    0.00358874,
    1.8071464400000001,
    0,
    103254.1852122396,
    "BTC-SWAP",
    0.43,
    -44518,
    0.77916668,
    57399.7,
    0.00358874,
    -258136,
    154881,
    1.80355769
  ],
  "time": 1616434510781
}