{
  "code": 200,
  "result": [
    -0.43329973828425605,
    1.8035577,
    0,
    0.01011101,
    1.81366871,
    0,
    102741.8114219931,
    "BTC-SWAP",
    0.43,
    -44518,
    0.78568894,
    57399.7,
    0.01011101,
    -256855,
    154112,
    1.80355769
  ],
  "time": 1616432051027
}