{
  "code": 200,
  "result": [
    -0.4308607429443669,
    1.8035577,
    0,
    0.00253329,
    1.80609099,
    0,
    103323.4072238236,
    "BTC-SWAP",
    0.43,
    -44518,
    0.77811123,
    57399.7,
    0.00253329,
    -258309,
    154985,
    1.80355769
  ],
  "time": 1616422150534
}