{
  "code": 200,
  "result": [
    -0.4276012318814375,
    1.80312123,
    0,
    -0.00886694,
    1.7942542899999998,
    0,
    104111.01905418192,
    "BTC-SWAP",
    0.42,
    -44518,
    0.76671098,
    57399.7,
    -0.00886694,
    -260278,
    156166,
    1.80312122
  ],
  "time": 1616412011110
}