{
  "code": 200,
  "result": [
    -0.4734230073889327,
    1.80341185,
    0,
    0.03972688,
    1.84313873,
    0,
    100559.11786494413,
    "BTC-SWAP",
    0.47,
    -47607,
    0.87265508,
    57156.1,
    0.03972688,
    -251398,
    150838,
    1.80341185
  ],
  "time": 1616460971095
}