{
  "code": 200,
  "result": [
    -0.4729852910181375,
    1.80341185,
    0,
    0.03825931,
    1.84167116,
    0,
    100652.17862805467,
    "BTC-SWAP",
    0.47,
    -47607,
    0.87118751,
    57156.1,
    0.03825931,
    -251631,
    150978,
    1.80341185
  ],
  "time": 1616461689399
}