{
  "code": 200,
  "result": [
    -0.470198893391391,
    1.80341185,
    0,
    0.027975,
    1.8313868500000001,
    0,
    101248.64322122552,
    "BTC-SWAP",
    0.47,
    -47607,
    0.8609032,
    57156.1,
    0.027975,
    -253122,
    151872,
    1.80341185
  ],
  "time": 1616464271185
}