{
  "code": 200,
  "result": [
    -0.43085645777025683,
    1.80312123,
    0,
    0.00150375,
    1.8046249799999998,
    0,
    103324.43484864298,
    "BTC-SWAP",
    0.43,
    -44518,
    0.77708169,
    57399.7,
    0.00150375,
    -258312,
    154986,
    1.80312122
  ],
  "time": 1616406430445
}