{
  "code": 200,
  "result": [
    -0.436612601472903,
    1.8035577,
    0,
    0.02075861,
    1.82431631,
    0,
    101962.2426146646,
    "BTC-SWAP",
    0.43,
    -44518,
    0.79633654,
    57399.7,
    0.02075861,
    -254906,
    152943,
    1.80355769
  ],
  "time": 1616442190165
}