{
  "code": 200,
  "result": [
    -0.474481419476463,
    1.80319927,
    0,
    0.04304908,
    1.84624835,
    0,
    100334.80352619283,
    "BTC-SWAP",
    0.47,
    -47607,
    0.87597727,
    57156.1,
    0.04304908,
    -250838,
    150502,
    1.80319927
  ],
  "time": 1616474650052
}