{
  "code": 200,
  "result": [
    -0.4312732212894119,
    1.8035577,
    0,
    0.00333245,
    1.80689015,
    0,
    103224.58664811366,
    "BTC-SWAP",
    0.43,
    -44518,
    0.77891038,
    57399.7,
    0.00333245,
    -258062,
    154836,
    1.80355769
  ],
  "time": 1616416871494
}