{
  "code": 200,
  "result": [
    -0.43608133006173566,
    1.8035577,
    0,
    0.01952975,
    1.82308745,
    0,
    102086.46170130151,
    "BTC-SWAP",
    0.43,
    -44518,
    0.79510768,
    57399.7,
    0.01952975,
    -255217,
    153129,
    1.80355769
  ],
  "time": 1616442849900
}