{
  "code": 200,
  "result": [
    -0.4418862239972368,
    1.80345486,
    0,
    0.03825566,
    1.84171052,
    0,
    100745.39006284653,
    "BTC-SWAP",
    0.44,
    -44518,
    0.81383359,
    57399.7,
    0.03825566,
    -251864,
    151118,
    1.80345485
  ],
  "time": 1616447889963
}