{
  "code": 200,
  "result": [
    -0.43166741790427543,
    1.8035577,
    0,
    0.00517661,
    1.80873431,
    0,
    103130.32245086449,
    "BTC-SWAP",
    0.43,
    -44518,
    0.78075455,
    57399.7,
    0.00517661,
    -257826,
    154695,
    1.80355769
  ],
  "time": 1616423712017
}