{
  "code": 200,
  "result": [
    -0.4317704875013945,
    1.8035577,
    0,
    0.00566027,
    1.80921797,
    0,
    103105.70381412699,
    "BTC-SWAP",
    0.43,
    -44518,
    0.7812382,
    57399.7,
    0.00566027,
    -257765,
    154658,
    1.80355769
  ],
  "time": 1616429111461
}