{
  "code": 200,
  "result": [
    -0.4431494779336304,
    1.80345486,
    0,
    0.04223847,
    1.84569333,
    0,
    100458.2025179941,
    "BTC-SWAP",
    0.44,
    -44518,
    0.81781641,
    57399.7,
    0.04223847,
    -251146,
    150687,
    1.80345485
  ],
  "time": 1616453410430
}