{
  "code": 200,
  "result": [
    -0.47037279238914825,
    1.80341185,
    0,
    0.02863715,
    1.832049,
    0,
    101211.21112935,
    "BTC-SWAP",
    0.47,
    -47607,
    0.86156535,
    57156.1,
    0.02863715,
    -253029,
    151816,
    1.80341185
  ],
  "time": 1616464390210
}