{
  "code": 200,
  "result": [
    -0.43109481841385233,
    1.8035577,
    0,
    0.00365557,
    1.80721327,
    0,
    103267.30477484557,
    "BTC-SWAP",
    0.43,
    -44518,
    0.7792335,
    57399.7,
    0.00365557,
    -258169,
    154900,
    1.80355769
  ],
  "time": 1616427432620
}