{
  "code": 200,
  "result": [
    -0.4274092351019703,
    1.80312123,
    0,
    -0.01075977,
    1.79236146,
    0,
    104157.7868325166,
    "BTC-SWAP",
    0.42,
    -44518,
    0.76481815,
    57399.7,
    -0.01075977,
    -260395,
    156236,
    1.80312122
  ],
  "time": 1616409371981
}