{
  "code": 200,
  "result": [
    -0.4326103206024535,
    1.8035577,
    0,
    0.006459,
    1.8100167,
    0,
    102905.54311789,
    "BTC-SWAP",
    0.43,
    -44518,
    0.78203693,
    57399.7,
    0.006459,
    -257264,
    154358,
    1.80355769
  ],
  "time": 1616429950764
}