{
  "code": 200,
  "result": [
    -0.4314324044258986,
    1.8035577,
    0,
    0.00449804,
    1.8080557400000001,
    0,
    103186.5004652108,
    "BTC-SWAP",
    0.43,
    -44518,
    0.78007597,
    57399.7,
    0.00449804,
    -257967,
    154779,
    1.80355769
  ],
  "time": 1616426350245
}