{
  "code": 200,
  "result": [
    -0.4340647819916477,
    1.8035577,
    0,
    0.01318051,
    1.81673821,
    0,
    102560.72790733023,
    "BTC-SWAP",
    0.43,
    -44518,
    0.78875844,
    57399.7,
    0.01318051,
    -256402,
    153841,
    1.80355769
  ],
  "time": 1616430972213
}