{
  "code": 200,
  "result": [
    -0.43098518111472506,
    1.8035577,
    0,
    0.00250473,
    1.80606243,
    0,
    103293.57469984482,
    "BTC-SWAP",
    0.43,
    -44518,
    0.77808267,
    57399.7,
    0.00250473,
    -258234,
    154940,
    1.80355769
  ],
  "time": 1616418790213
}