{
  "code": 200,
  "result": [
    -0.42853841662994924,
    1.80312123,
    0,
    -0.00574058,
    1.7973806499999998,
    0,
    103883.33524469548,
    "BTC-SWAP",
    0.42,
    -44518,
    0.76983734,
    57399.7,
    -0.00574058,
    -259709,
    155825,
    1.80312122
  ],
  "time": 1616412850435
}