{
  "code": 200,
  "result": [
    -0.47274758513025955,
    1.80341185,
    0,
    0.03740086,
    1.84081271,
    0,
    100702.78833234547,
    "BTC-SWAP",
    0.47,
    -47607,
    0.87032906,
    57156.1,
    0.03740086,
    -251757,
    151054,
    1.80341185
  ],
  "time": 1616462049972
}