{
  "code": 200,
  "result": [
    -0.43655909328362863,
    1.8035577,
    0,
    0.02210131,
    1.82565901,
    0,
    101974.73992616401,
    "BTC-SWAP",
    0.43,
    -44518,
    0.79767924,
    57399.7,
    0.02210131,
    -254937,
    152962,
    1.80355769
  ],
  "time": 1616441411679
}