{
  "code": 200,
  "result": [
    -0.42876864444286134,
    1.80312123,
    0,
    -0.00544227,
    1.7976789599999998,
    0,
    103827.55496929199,
    "BTC-SWAP",
    0.42,
    -44518,
    0.77013566,
    57399.7,
    -0.00544227,
    -259569,
    155741,
    1.80312122
  ],
  "time": 1616414350085
}