{
  "code": 200,
  "result": [
    -0.4315383427728785,
    1.8035577,
    0,
    0.00461698,
    1.80817468,
    0,
    103161.16921139987,
    "BTC-SWAP",
    0.43,
    -44518,
    0.78019491,
    57399.7,
    0.00461698,
    -257903,
    154741,
    1.80355769
  ],
  "time": 1616421791958
}