{
  "code": 200,
  "result": [
    -0.4330452372876254,
    1.8035577,
    0,
    0.00864115,
    1.8121988500000001,
    0,
    102802.19285827517,
    "BTC-SWAP",
    0.43,
    -44518,
    0.78421908,
    57399.7,
    0.00864115,
    -257006,
    154203,
    1.80355769
  ],
  "time": 1616437990206
}