{
  "code": 200,
  "result": [
    -0.4413353622285408,
    1.80345486,
    0,
    0.03523632,
    1.83869118,
    0,
    100871.13748421281,
    "BTC-SWAP",
    0.44,
    -44518,
    0.81081425,
    57399.7,
    0.03523632,
    -252178,
    151306,
    1.80345485
  ],
  "time": 1616449930094
}