{
  "code": 200,
  "result": [
    -0.44222778188869855,
    1.80345486,
    0,
    0.03959835,
    1.8430532099999999,
    0,
    100667.5786172214,
    "BTC-SWAP",
    0.44,
    -44518,
    0.81517629,
    57399.7,
    0.03959835,
    -251669,
    151001,
    1.80345485
  ],
  "time": 1616456829841
}