{
  "code": 200,
  "result": [
    -0.4312652869940262,
    1.8035577,
    0,
    0.00390798,
    1.80746568,
    0,
    103226.4857445312,
    "BTC-SWAP",
    0.43,
    -44518,
    0.77948592,
    57399.7,
    0.00390798,
    -258067,
    154839,
    1.80355769
  ],
  "time": 1616435530891
}