{
  "code": 200,
  "result": [
    -0.436606909662097,
    1.8035577,
    0,
    0.0211819,
    1.8247396,
    0,
    101963.57184189733,
    "BTC-SWAP",
    0.43,
    -44518,
    0.79675984,
    57399.7,
    0.0211819,
    -254909,
    152945,
    1.80355769
  ],
  "time": 1616443090116
}