{
  "code": 200,
  "result": [
    -0.4426833475017851,
    1.80345486,
    0,
    0.04197715,
    1.84543201,
    0,
    100563.98157109463,
    "BTC-SWAP",
    0.44,
    -44518,
    0.81755508,
    57399.7,
    0.04197715,
    -251410,
    150845,
    1.80345485
  ],
  "time": 1616457129696
}