{
  "code": 200,
  "result": [
    -0.42751727442386406,
    1.80312123,
    0,
    -0.00977567,
    1.79334556,
    0,
    104131.46476945026,
    "BTC-SWAP",
    0.42,
    -44518,
    0.76580226,
    57399.7,
    -0.00977567,
    -260329,
    156197,
    1.80312122
  ],
  "time": 1616410090379
}