{
  "code": 200,
  "result": [
    -0.43144194007617265,
    1.8035577,
    0,
    0.00481392,
    1.80837162,
    0,
    103184.2198561878,
    "BTC-SWAP",
    0.43,
    -44518,
    0.78039186,
    57399.7,
    0.00481392,
    -257961,
    154776,
    1.80355769
  ],
  "time": 1616426411582
}