{
  "code": 200,
  "result": [
    -0.4415887340009073,
    1.80345486,
    0,
    0.03782146,
    1.84127632,
    0,
    100813.26033084108,
    "BTC-SWAP",
    0.44,
    -44518,
    0.8133994,
    57399.7,
    0.03782146,
    -252034,
    151219,
    1.80345485
  ],
  "time": 1616454971194
}