{
  "code": 200,
  "result": [
    -0.4312174572894143,
    1.8035577,
    0,
    0.00253737,
    1.80609507,
    0,
    103237.9354023264,
    "BTC-SWAP",
    0.43,
    -44518,
    0.77811531,
    57399.7,
    0.00253737,
    -258095,
    154856,
    1.80355769
  ],
  "time": 1616417171669
}