{
  "code": 200,
  "result": [
    -0.47109937455725975,
    1.80341185,
    0,
    0.03159889,
    1.83501074,
    0,
    101055.11187473167,
    "BTC-SWAP",
    0.47,
    -47607,
    0.86452709,
    57156.1,
    0.03159889,
    -252638,
    151582,
    1.80341185
  ],
  "time": 1616467030196
}