{
  "code": 200,
  "result": [
    -0.42771753472804486,
    1.80312123,
    0,
    -0.00946992,
    1.79365131,
    0,
    104082.7096983663,
    "BTC-SWAP",
    0.42,
    -44518,
    0.766108,
    57399.7,
    -0.00946992,
    -260207,
    156124,
    1.80312122
  ],
  "time": 1616409610758
}