{
  "code": 200,
  "result": [
    -0.43003832447255363,
    1.8035577,
    0,
    -0.00136396,
    1.80219374,
    0,
    103521.00607452086,
    "BTC-SWAP",
    0.42,
    -44518,
    0.77421396,
    57399.7,
    -0.00136396,
    -258803,
    155281,
    1.80355769
  ],
  "time": 1616415911534
}