{
  "code": 200,
  "result": [
    -0.4722358928766378,
    1.80341185,
    0,
    0.03454471,
    1.83795656,
    0,
    100811.90506295627,
    "BTC-SWAP",
    0.47,
    -47607,
    0.8674729,
    57156.1,
    0.03454471,
    -252030,
    151217,
    1.80341185
  ],
  "time": 1616467870504
}