{
  "code": 200,
  "result": [
    -0.4309904272406169,
    1.8035577,
    0,
    0.00317984,
    1.80673754,
    0,
    103292.31738399173,
    "BTC-SWAP",
    0.43,
    -44518,
    0.77875778,
    57399.7,
    0.00317984,
    -258231,
    154938,
    1.80355769
  ],
  "time": 1616434750387
}