{
  "code": 200,
  "result": [
    -0.4324795189099794,
    1.8035577,
    0,
    0.0078159,
    1.8113736,
    0,
    102936.666485856,
    "BTC-SWAP",
    0.43,
    -44518,
    0.78339383,
    57399.7,
    0.0078159,
    -257342,
    154404,
    1.80355769
  ],
  "time": 1616433971883
}