{
  "code": 200,
  "result": [
    -0.4304137883819513,
    1.80312123,
    0,
    -0.00021779,
    1.80290344,
    0,
    103430.70134290053,
    "BTC-SWAP",
    0.43,
    -44518,
    0.77536013,
    57399.7,
    -0.00021779,
    -258577,
    155146,
    1.80312122
  ],
  "time": 1616402412788
}