{
  "code": 200,
  "result": [
    -0.43078942532390424,
    1.8035577,
    0,
    0.00147934,
    1.80503704,
    0,
    103340.51251728747,
    "BTC-SWAP",
    0.43,
    -44518,
    0.77705727,
    57399.7,
    0.00147934,
    -258352,
    155010,
    1.80355769
  ],
  "time": 1616419749813
}