{
  "code": 200,
  "result": [
    -0.47302827306798667,
    1.80341185,
    0,
    0.03788005,
    1.8412919,
    0,
    100643.03279638766,
    "BTC-SWAP",
    0.47,
    -47607,
    0.87080825,
    57156.1,
    0.03788005,
    -251608,
    150964,
    1.80341185
  ],
  "time": 1616468229942
}