{
  "code": 200,
  "result": [
    -0.4730186170190065,
    1.80341185,
    0,
    0.03755523,
    1.84096708,
    0,
    100645.08729069133,
    "BTC-SWAP",
    0.47,
    -47607,
    0.87048343,
    57156.1,
    0.03755523,
    -251613,
    150967,
    1.80341185
  ],
  "time": 1616458449525
}