{
  "code": 200,
  "result": [
    -0.4412936375682653,
    1.80345486,
    0,
    0.03691887,
    1.84037373,
    0,
    100880.6749295436,
    "BTC-SWAP",
    0.44,
    -44518,
    0.8124968,
    57399.7,
    0.03691887,
    -252202,
    151321,
    1.80345485
  ],
  "time": 1616447049923
}