{
  "code": 200,
  "result": [
    -0.43682565804855544,
    1.8035577,
    0,
    0.02275503,
    1.82631273,
    0,
    101912.51173037,
    "BTC-SWAP",
    0.43,
    -44518,
    0.79833296,
    57399.7,
    0.02275503,
    -254782,
    152868,
    1.80355769
  ],
  "time": 1616441290383
}