{
  "code": 200,
  "result": [
    -0.431854647147795,
    1.8035577,
    0,
    0.00548482,
    1.80904252,
    0,
    103085.61061927039,
    "BTC-SWAP",
    0.43,
    -44518,
    0.78106276,
    57399.7,
    0.00548482,
    -257715,
    154628,
    1.80355769
  ],
  "time": 1616421671748
}