{
  "code": 200,
  "result": [
    -0.43287502391038113,
    1.8035577,
    0,
    0.00925776,
    1.81281546,
    0,
    102842.61632340479,
    "BTC-SWAP",
    0.43,
    -44518,
    0.7848357,
    57399.7,
    0.00925776,
    -257107,
    154263,
    1.80355769
  ],
  "time": 1616433730776
}