{
  "code": 200,
  "result": [
    -0.4295203290691929,
    1.80312123,
    0,
    -0.00255373,
    1.8005674999999999,
    0,
    103645.85093439999,
    "BTC-SWAP",
    0.42,
    -44518,
    0.7730242,
    57399.7,
    -0.00255373,
    -259115,
    155468,
    1.80312122
  ],
  "time": 1616400372764
}