{
  "code": 200,
  "result": [
    -0.4338389665591851,
    1.8035577,
    0,
    0.0118969,
    1.8154546,
    0,
    102614.11129819934,
    "BTC-SWAP",
    0.43,
    -44518,
    0.78747483,
    57399.7,
    0.0118969,
    -256536,
    153921,
    1.80355769
  ],
  "time": 1616439549552
}