{
  "code": 200,
  "result": [
    -0.42909122783812864,
    1.80312123,
    0,
    -0.00481691,
    1.79830432,
    0,
    103749.4992015872,
    "BTC-SWAP",
    0.42,
    -44518,
    0.77076101,
    57399.7,
    -0.00481691,
    -259374,
    155624,
    1.80312122
  ],
  "time": 1616413872232
}