{
  "code": 200,
  "result": [
    -0.43391245840641385,
    1.8035577,
    0,
    0.01167966,
    1.81523736,
    0,
    102596.73152390399,
    "BTC-SWAP",
    0.43,
    -44518,
    0.78725759,
    57399.7,
    0.01167966,
    -256492,
    153895,
    1.80355769
  ],
  "time": 1616438471173
}