{
  "code": 200,
  "result": [
    -0.4268335574544928,
    1.80312123,
    0,
    -0.01119838,
    1.79192285,
    0,
    104298.26620355716,
    "BTC-SWAP",
    0.42,
    -44518,
    0.76437954,
    57399.7,
    -0.01119838,
    -260746,
    156447,
    1.80312122
  ],
  "time": 1616408472000
}