{
  "code": 200,
  "result": [
    -0.43013736209872144,
    1.8035577,
    0,
    -0.00050398,
    1.80305372,
    0,
    103497.17072422695,
    "BTC-SWAP",
    0.42,
    -44518,
    0.77507395,
    57399.7,
    -0.00050398,
    -258743,
    155245,
    1.80355769
  ],
  "time": 1616415971816
}