{
  "code": 200,
  "result": [
    -0.4344206268560058,
    1.8035577,
    0,
    0.01407593,
    1.81763363,
    0,
    102476.71783493848,
    "BTC-SWAP",
    0.43,
    -44518,
    0.78965386,
    57399.7,
    0.01407593,
    -256192,
    153715,
    1.80355769
  ],
  "time": 1616431390855
}