{
  "code": 200,
  "result": [
    -0.43146626976378777,
    1.8035577,
    0,
    0.00476741,
    1.80832511,
    0,
    103178.4014643184,
    "BTC-SWAP",
    0.43,
    -44518,
    0.78034535,
    57399.7,
    0.00476741,
    -257947,
    154767,
    1.80355769
  ],
  "time": 1616426530006
}