{
  "code": 200,
  "result": [
    -0.44262977135532094,
    1.80345486,
    0,
    0.04098891,
    1.84444377,
    0,
    100576.1538897102,
    "BTC-SWAP",
    0.44,
    -44518,
    0.81656685,
    57399.7,
    0.04098891,
    -251441,
    150864,
    1.80345485
  ],
  "time": 1616456710492
}