{
  "code": 200,
  "result": [
    -0.43091123102751755,
    1.8035577,
    0,
    0.00323842,
    1.80679612,
    0,
    103311.3012483936,
    "BTC-SWAP",
    0.43,
    -44518,
    0.77881636,
    57399.7,
    0.00323842,
    -258279,
    154966,
    1.80355769
  ],
  "time": 1616436071242
}